risk_id,node_id,delprocess,nod,rubrik,kategori,ursprung,beskrivning,motivering,drabbar,atgarder,kallor,scenario,bow_tie_json
R-B10-010-01,B10-010,B10 – Förstudie och prövningsväg,"Definiera ändamål, omfattning och kapacitet",Prövningsobjektet låses för snävt och tvingar fram nya prövningar,Rättslig osäkerhet,Sökande & ansökan,"Definitionen i denna nod blir i praktiken ram för vad som senare kan sökas, eftersom tillstånd och MKB måste hänga samman med det definierade prövningsobjektet. En snäv kapacitets- eller teknikdefinition innebär att varje senare uppdatering – högre vindkraftverk, större produktionsvolym, annan bränsleblandning – kan utlösa krav på ändringstillstånd, nytt samlat tillstånd eller ny ansökan med tillhörande samråd och miljöbedömning. En alltför vid definition skapar i stället osäkerhet om vad som faktiskt prövats och kan undermineras vid överklagande. Balansfelet upptäcks ofta först när projektet vill anpassa sig, dvs. flera år efter denna nod.",Regeringen beslutade den 4 mars 2010 att tillåta en vindkraftsanläggning i Markbygden med högst 1 101 verk. När en senare utformning skulle anpassas till modernare och effektivare verk krävdes en ny prövning.,B10-060 och B10-070 (klassificering och tillståndsmatris bygger på definitionen) samt nedströms delprocesser B20 (miljöbedömningens omfattning) och B30/B40/B50 (ansökningsinnehåll).,"Definiera prövningsobjektet med genomtänkta intervall och höljen (t.ex. kapacitets- och höjdramar) som täcker rimlig teknikutveckling, och lås först efter avvägning mellan flexibilitetsbehov och MKB:ns förmåga att täcka det sökta utfallsrummet. Involvera juridisk sakkunskap tidigt för att testa definitionen mot MPF:s ändringsregler.",MB | MPF | EXT: Regeringen – fortsatt utbyggnad av vindkraft i Markbygden https://www.regeringen.se/pressmeddelanden/2026/07/regeringen-ger-gront-ljus-for-fortsatt-utbyggnad-av-vindkraft-i-markbygden/,S0_current_2026,"{""causes"":[{""text"":""Teknisk utveckling möjliggör högre effektivitet eller större dimensioner för anläggningens komponenter än vad som var vedertaget vid ansökan."",""basis"":""analysis"",""source_refs"":[]},{""text"":""Marknadsförhållanden ändras så att projektets ekonomiska underlag kräver ökad produktion eller annan driftprofil för att vara lönsamt."",""basis"":""analysis"",""source_refs"":[]},{""text"":""Tillståndets prövningsram knyts till den verksamhet och omfattning som ansökan och beslutet avser."",""basis"":""source"",""source_refs"":[""MB""]},{""text"":""Prövningsmyndigheten kan begära att verksamhetens ändamål, omfattning och tekniska ramar preciseras i ansökan."",""basis"":""source"",""source_refs"":[""MB""]}],""event"":{""rubrik"":""Prövningsobjektet låses för snävt och tvingar fram nya prövningar""},""effects"":[{""text"":""En senare ändring som faller utanför det prövade tillståndet kan kräva en ändringsprövning eller en ny tillståndsansökan."",""basis"":""source"",""source_refs"":[""MB""]},{""text"":""Den befintliga miljökonsekvensbeskrivningen kan behöva uppdateras om den inte täcker den ändrade verksamheten."",""basis"":""analysis"",""source_refs"":[]},{""text"":""Projektets tidplan försenas avsevärt på grund av den administrativa handläggningstiden för det nya tillståndsärendet."",""basis"":""analysis"",""source_refs"":[]},{""text"":""Minskad lönsamhet för projektet till följd av merkostnader för omtagande utredningar och försenade intäkter."",""basis"":""analysis"",""source_refs"":[]}]}"
R-B10-010-02,B10-010,B10 – Förstudie och prövningsväg,"Definiera ändamål, omfattning och kapacitet",Funktionellt sammanhängande åtgärder delas upp och kumulativa effekter faller bort,Rättslig osäkerhet,Sökande & ansökan,"Om funktionellt sammanhängande projektdelar avgränsas och prövas var för sig kan den specifika miljöbedömningen missa relevanta kumulativa effekter. Bevisbörderegeln i 2 kap. 1 § MB innebär att verksamhetsutövaren ska visa att hänsynsreglerna följs, men paragrafen innehåller inte i sig något särskilt krav på kumulativ bedömning. Kraven följer i stället av 6 kap. 35–37 §§ MB och 11, 13 och 18 §§ MBD. En konstlad avgränsning kan därför leda till kompletteringskrav, avvisning eller att ett avgörande upphävs, beroende på felets betydelse.","Risken följer av kraven på underlag och samlad bedömning i 6 kap. 35–37 §§ miljöbalken och miljöbedömningsförordningen. Underlaget ska omfatta verksamhetens direkta, indirekta och kumulativa miljöeffekter.","B10-060, B10-070 och B10-080 (klassificering, matris och samordningsbeslut) samt B20-040 och B20-060 i miljöbedömningsspåret.","Kartlägg funktionella beroenden (infrastruktur, logistik, energi, avfall, vatten) innan ändamålet låses, dokumentera avgränsningsmotiveringen och stäm av den med länsstyrelsen i tidig dialog. Bygg alternativloggen så att den visar att helhetsbedömningen väglett valet av prövningsobjekt.",MB | MBD | NV_EIA,S0_current_2026,"{""causes"":[{""text"":""Projektutredningen avgränsar fysiska delar som funktionellt hänger samman till separata ansökningar för att förenkla den enskilda prövningen."",""basis"":""analysis"",""source_refs"":[]},{""text"":""Prövningsmyndigheten bedömer att avgränsningen inte ger ett tillräckligt underlag för att bedöma de separata delarnas relevanta kumulativa miljöeffekter."",""basis"":""source"",""source_refs"":[""MB"",""MBD""]},{""text"":""Miljökonsekvensbeskrivningen för en del av projektet missar att redovisa kumulativa effekter från andra delar som inte ingick i samma ansökan."",""basis"":""source"",""source_refs"":[""MBD""]},{""text"":""Parterna under samrådet påpekar att den fragmenterade prövningen kan leda till en ofullständig bild av de totala miljöeffekterna."",""basis"":""analysis"",""source_refs"":[]}],""event"":{""rubrik"":""Funktionellt sammanhängande åtgärder delas upp och kumulativa effekter faller bort""},""effects"":[{""text"":""Prövningsmyndigheten kan kräva komplettering eller, om bristen inte kan avhjälpas, avsluta ärendet utan sakprövning."",""basis"":""source"",""source_refs"":[""MB""]},{""text"":""Ett beslut kan upphävas eller återförvisas om den kumulativa miljöbedömningen inte ger ett tillräckligt beslutsunderlag."",""basis"":""source"",""source_refs"":[""MB""]},{""text"":""Projektägaren kan behöva ta fram ett miljöbedömningsunderlag som omfattar det samlade funktionella och geografiska projektet."",""basis"":""source"",""source_refs"":[""MBD""]},{""text"":""Driftstarten kan fördröjas när miljöunderlaget behöver kompletteras och processupplägget eventuellt omprövas."",""basis"":""analysis"",""source_refs"":[]}]}"
R-B10-020-01,B10-020,B10 – Förstudie och prövningsväg,Screening av lokalisering och alternativ,Oförenliga riksintressen upptäcks för sent i lokaliseringen,Intressekonflikt & markåtkomst,Sökande & ansökan,Screeningen ska kartlägga riksintressen enligt 3 och 4 kap. MB. Om ett område är av riksintresse för flera oförenliga ändamål enligt 3 kap. 5–8 §§ ska avvägningen göras enligt 3 kap. 10 §; om området behövs för en totalförsvarsanläggning ska försvarsintresset ges företräde. Bestämmelsen är en materiell avvägningsregel i lokaliserings- och tillåtlighetsprövningen. Kraven på MKB-innehåll i 6 kap. 35–37 §§ reglerar i stället vilket underlag som ska finnas för bedömningen.,"Kallak/Gállok i Jokkmokk berör riksintressen för både rennäring och värdefulla ämnen. Regeringen beviljade bearbetningskoncession 2022. Högsta förvaltningsdomstolen prövade regeringens beslut genom rättsprövning i HFD 2024 not. 36, mål 3893-22, och förklarade den 25 juni 2024 att beslutet skulle stå fast. Processen visar att en olöst riksintressekonflikt kan följa ett projekt under lång tid.","B10-030 (rättslig baslinje måste bygga på vald plats), B10-050 (tidig dialog) och nedströms alla tillståndsspår som bygger på lokaliseringen, särskilt B20:s samråd och B50:s plan- och sektorsspår.","Gör en strukturerad riksintressekartläggning enligt 3 och 4 kap. MB, identifiera om 3 kap. 10 § faktiskt är tillämplig och dokumentera både den materiella avvägningen och underlaget för MKB:n. Beakta särskilt totalförsvarets företräde när lagens förutsättningar är uppfyllda.","MB | EXT: HFD 2024 not. 36, mål 3893-22 https://www.domstol.se/hogsta-forvaltningsdomstolen/avgoranden2/2024/146612/",S0_current_2026,"{""causes"":[{""text"":""En lokaliseringsprocess identifierar ett område som riksintresse för flera olika ändamål utan att en tydlig avvägning har genomförts."",""basis"":""source"",""source_refs"":[""MB""]},{""text"":""Det visar sig att området behövs för en totalförsvarsanläggning i en sådan oförenlig riksintressekonflikt där försvarsintresset ska ges företräde enligt 3 kap. 10 § miljöbalken."",""basis"":""source"",""source_refs"":[""MB""]},{""text"":""En berörd myndighet eller organisation invänder mot lokaliseringsvalet med hänvisning till olösta riksintressekonflikter."",""basis"":""analysis"",""source_refs"":[]},{""text"":""Den inledande lokaliseringen låses innan projektet har klarlagt hur konkurrerande riksintressen ska vägas och om något totalförsvarsintresse har företräde."",""basis"":""analysis"",""source_refs"":[]}],""event"":{""rubrik"":""Oförenliga riksintressen upptäcks för sent i lokaliseringen""},""effects"":[{""text"":""Lokaliseringsvalet ogillas eller kan behöva ändras eftersom det inte kan förenas med ett riksintresse som har företräde."",""basis"":""source"",""source_refs"":[""MB""]},{""text"":""Projektet drabbas av långdragen prövning i regerings- och domstolsled för att lösa riksintressekonflikten."",""basis"":""analysis"",""source_refs"":[]},{""text"":""Det valda lokaliseringsalternativet blir omöjligt att använda, vilket kräver att hela utredningsarbetet för ett nytt alternativ påbörjas."",""basis"":""analysis"",""source_refs"":[]},{""text"":""Förlust av den tid och de resurser som lagts ner i det ursprungliga lokaliseringsförslaget utan att leda till ett tillstånd."",""basis"":""analysis"",""source_refs"":[]}]}"
R-B10-020-02,B10-020,B10 – Förstudie och prövningsväg,Screening av lokalisering och alternativ,Svag alternativutredning fäller tillåtligheten vid platsvalet,Rättslig osäkerhet,Sökande & ansökan,"MB 2 kap. 6 § kräver att plats för verksamhet väljs så att ändamålet kan uppnås med minsta skada och olägenhet, och alternativbedömningen måste kunna granskas i efterhand. Om screeningen i praktiken bara motiverar det alternativ projektägaren redan bestämt sig för blir alternativredovisningen en angreppspunkt i både samråd och domstolsprövning. Prövningsmyndigheten kan kräva kompletteringar, eller finna att alternativplatsen är att föredra, vilket kan fälla hela tillåtlighetsbedömningen trots att teknik och villkor i övrigt är godtagbara.","Risken följer av lokaliseringsprincipen i 2 kap. 6 § miljöbalken och kravet i 6 kap. 35 § att miljökonsekvensbeskrivningen ska redovisa rimliga alternativ. Underlaget måste göra det möjligt att jämföra sökt plats och relevanta alternativ på ett spårbart sätt. Om en väsentlig alternativfråga inte kan bedömas kan prövningsmyndigheten kräva komplettering eller, beroende på bristens betydelse, avslå eller avvisa ansökan.",B10-030 och B10-040 (baslinje och utredningsplan bygger på vald plats) samt nedströms B20-060 (MKB:ns alternativkapitel) och tillåtlighetsprövningen i B30–B50.,"Driv alternativarbetet som ett reellt urval med kvantifierade miljökriterier, dokumentera förkastade alternativ och skälen, och låt oberoende sakkunniga granska alternativloggen innan den låses. Säkerställ att nollalternativet och minst ett reellt alternativ utreds i samma detaljnivå.",MB | MBD | NV_EIA,S0_current_2026,"{""causes"":[{""text"":""Alternativutredningen baseras på osäkra antaganden eller ekonomiska preferenser snarare än objektiva jämförelser av miljöeffekter."",""basis"":""analysis"",""source_refs"":[]},{""text"":""Prövningsmyndigheten bedömer att den sökta platsen inte uppfyller kravet på minsta skada och olägenhet enligt 2 kap. 6 § miljöbalken."",""basis"":""source"",""source_refs"":[""MB""]},{""text"":""Alternativredovisningen anses inte spårbar eller granskbar, vilket gör det omöjligt att verifiera att platsvalet är motiverat."",""basis"":""source"",""source_refs"":[""MBD""]},{""text"":""En väsentlig alternativfråga lämnas utan tillräcklig bedömning i miljökonsekvensbeskrivningen."",""basis"":""source"",""source_refs"":[""MBD""]}],""event"":{""rubrik"":""Svag alternativutredning fäller tillåtligheten vid platsvalet""},""effects"":[{""text"":""Prövningsmyndigheten ställer krav på komplettering av underlaget för att redovisa alternativa lokaliseringar."",""basis"":""source"",""source_refs"":[""MB""]},{""text"":""Ansökan avslås i tillåtlighetsledet eftersom platsvalet inte kan anses förenligt med miljöbalkens lokaliseringsprincip."",""basis"":""source"",""source_refs"":[""MB""]},{""text"":""Tillståndshavaren kan behöva omlokalisera verksamheten till en annan plats som bedöms vara mindre skadlig."",""basis"":""analysis"",""source_refs"":[]},{""text"":""Förlorad byggberedskap och försening av projektet på grund av att lokaliseringsskedet kan behöva startas om."",""basis"":""analysis"",""source_refs"":[]}]}"
R-B10-020-03,B10-020,B10 – Förstudie och prövningsväg,Screening av lokalisering och alternativ,Försvars- och totalförsvarsintressen stoppar lokaliseringen på politisk nivå,Politisk & policyrisk,Extern & omvärld,Vissa tillåtlighets- och sektorsärenden avgörs av regeringen; andra avgörs av myndighet eller domstol. Överprövningsvägen beror på beslutstypen.,"Den 4 november 2024 avslog regeringen ansökningarna för 13 namngivna havsbaserade vindkraftsprojekt i Östersjön med hänvisning till att etableringarna skulle medföra oacceptabla konsekvenser för Sveriges försvar. Beslutet gällde 13 projekt, inte 13 av 14, och Blekinge Offshore ingick inte bland de projekt som avgjordes då.","Hela lokaliseringsgrenen i B10 (B10-030, B10-040, B10-050) och därmed samtliga nedströms delprocesser som förutsätter platsen.","Sök tidig kontakt med Försvarsmakten och berörda civila säkerhetsaktörer redan i screeningen, inhämta deras skrivningar om berörda områden och låt försvarshänsyn ingå som ett eget gallringskriterium i alternativloggen – inte som en efterkontroll.",MB | EXT: Regeringen – avslag på 13 havsbaserade vindkraftparker i Östersjön https://www.regeringen.se/pressmeddelanden/2024/11/avslag-pa-13-havsbaserade-vindkraftparker-i-ostersjon/,S0_current_2026,"{""causes"":[{""text"":""Försvarsmakten bedömer att den valda lokaliseringen medför oacceptabla konsekvenser för Sveriges försvar och motsätter sig därför etableringen."",""basis"":""source"",""source_refs"":[""EXT: Regeringen – avslag på 13 havsbaserade vindkraftparker i Östersjön https://www.regeringen.se/pressmeddelanden/2024/11/avslag-pa-13-havsbaserade-vindkraftparker-i-ostersjon/""]},{""text"":""Försvarsmaktens eller annan statlig säkerhetsaktör identifierar att lokaliseringen strider mot militära övningsområden, skyddszoner för underrättelseverksamhet eller andra nationella säkerhetsintressen."",""basis"":""analysis"",""source_refs"":[]},{""text"":""Projektet placeras i ett område som omfattas av särskilda riksintressen för försvarsmakten enligt plan- och bygglagen eller miljöbalkens bestämmelser om sektorsövergripande intressen."",""basis"":""analysis"",""source_refs"":[]},{""text"":""Det politiska läget eller den nationella säkerhetspolitiska bedömningen förändras så att tidigare godkända eller neutrala områden nu klassas som känsliga för totalförsvaret."",""basis"":""analysis"",""source_refs"":[]}],""event"":{""rubrik"":""Försvars- och totalförsvarsintressen stoppar lokaliseringen på politisk nivå""},""effects"":[{""text"":""Projektet får avslag för den valda lokaliseringen, vilket hindrar etablering där."",""basis"":""source"",""source_refs"":[""EXT: Regeringen – avslag på 13 havsbaserade vindkraftparker i Östersjön https://www.regeringen.se/pressmeddelanden/2024/11/avslag-pa-13-havsbaserade-vindkraftparker-i-ostersjon/""]},{""text"":""Det utrednings- och samrådsarbete som redan genomförts för den aktuella platsen blir värdelöst och kan behöva läggas ner."",""basis"":""analysis"",""source_refs"":[]},{""text"":""Projektägaren kan behöva återgå till alternativloggen för att identifiera och utreda nya lokaliseringar från grunden."",""basis"":""analysis"",""source_refs"":[]},{""text"":""Tidsplanen för hela projektet försenas avsevärt på grund av behovet av ny lokalisering och omstart av prövningsprocessen."",""basis"":""analysis"",""source_refs"":[]}]}"
R-B10-030-01,B10-030,B10 – Förstudie och prövningsväg,Inventera befintliga beslut och rättigheter,Äldre domar och tillstånd med föråldrade villkor förbises i baslinjen,Rättslig osäkerhet,Sökande & ansökan,"Den rättsliga baslinjen ska konsolidera allt som begränsar projektet, men äldre beslut – särskilt vattendomar och tillstånd från före miljöbalken – ligger ofta i kommunala och länsvisa arkiv i pappersform eller under andra fastighetsbeteckningar. Om ett gällande äldre beslut upptäcks först i prövningen kan det visa sig att marken redan är belastad av rättigheter, att en befintlig verksamhet omfattas av omprövningsplikt, eller att nya villkor måste samordnas med gamla. Vid ändrings- och omprövningsärenden är detta särskilt kritiskt, eftersom prövningsramen direkt avgörs av vad som prövats tidigare.","Äldre vattenrättsliga domar och tillstånd måste identifieras och läsas tillsammans med senare beslut. MÖD 2015:51 gällde en ansökan om återkallelse av tillstånd till vattenverksamhet enligt 24 kap. 3 § miljöbalken, bland annat vilken faktisk situation som skulle vara utgångspunkt och betydelsen av Sveriges EU-åtaganden.","B10-040 (utredningsplanen bygger på baslinjen), B10-060 (klassificeringen förutsätter kännedom om befintliga tillstånd) samt B30-010/B30-060 (tillståndshistorik och prövningsram).","Gör en djuparkivering hos länsstyrelse, kommun, domstol och fastighetsregister; använd fastighetsrättslig kartläggning parallellt med den miljörättsliga; och dokumentera spårbarheten mellan varje äldre beslut och de villkor som ska gälla efter ny prövning.",MB | FVV | LVV | EXT: MÖD 2015:51 https://www.domstol.se/mark--och-miljooverdomstolen/mark--och-miljooverdomstolens-avgoranden/2015/72668/ | EXT: Havs- och vattenmyndigheten – omprövning och återkallelse av tillstånd https://www.havochvatten.se/arbete-i-vatten-utslapp-till-vatten-och-energiproduktion/vattenverksamhet-och-utslapp-till-vatten/omprovning-och-aterkallelse-av-tillstand.html,S0_current_2026,"{""causes"":[{""text"":""Inventeringen missar äldre vattendomar eller tillstånd som ligger i kommunala eller länsvisa arkiv och inte är digitalt sökbart på samma sätt som moderna beslut."",""basis"":""analysis"",""source_refs"":[]},{""text"":""Ett gällande äldre beslut, såsom ett vattentillstånd från före miljöbalkens ikraftträdande, upptäcks först under prövningen och visar på begränsningar som inte framgick i baslinjen."",""basis"":""analysis"",""source_refs"":[]},{""text"":""Prövningsramen för ett ändrings- eller omprövningsärende missbedöms eftersom det tidigare beslutets innehåll och rättsverkningar inte har beaktats korrekt."",""basis"":""analysis"",""source_refs"":[]},{""text"":""Det finns en faktisk situation eller ett faktiskt tillstånd som ska vara utgångspunkt för bedömningen enligt gällande rättspraxis, men detta har inte identifierats i inventeringen."",""basis"":""source"",""source_refs"":[""EXT: MÖD 2015:51 https://www.domstol.se/mark--och-miljooverdomstolen/mark--och-miljooverdomstolens-avgoranden/2015/72668/""]}],""event"":{""rubrik"":""Äldre domar och tillstånd med föråldrade villkor förbises i baslinjen""},""effects"":[{""text"":""Den rättsliga prövningsramen för projektet blir felaktig och kan behöva korrigeras under handläggningstiden."",""basis"":""analysis"",""source_refs"":[]},{""text"":""Myndigheten eller domstolen ställer krav på komplettering av underlaget när det nya beslutet upptäcks."",""basis"":""analysis"",""source_refs"":[]},{""text"":""Det finns en risk att befintliga tillstånd omprövas eller återkallas i samband med den nya prövningen."",""basis"":""source"",""source_refs"":[""EXT: Havs- och vattenmyndigheten – omprövning och återkallelse av tillstånd https://www.havochvatten.se/arbete-i-vatten-utslapp-till-vatten-och-energiproduktion/vattenverksamhet-och-utslapp-till-vatten/omprovning-och-aterkallelse-av-tillstand.html""]},{""text"":""Rättsprocesser kan uppstå mellan parterna gällande villkorens innehåll och hur de nya och gamla rättigheterna ska samordnas."",""basis"":""analysis"",""source_refs"":[]}]}"
R-B10-030-02,B10-030,B10 – Förstudie och prövningsväg,Inventera befintliga beslut och rättigheter,Sakägar- och rådighetskrav upptäcks först i domstolsledet,Intressekonflikt & markåtkomst,Sökande & ansökan,"Inventeringen ska samla fastighetsrättigheter, men rådighetsfrågor – vem som äger eller avtalsvis förfogar över berörd mark och vatten – är en egen behörighetsfråga, särskilt för vattenverksamheter där lagen (1998:812) med särskilda bestämmelser om vattenverksamhet ställer uttryckliga krav. Om projektägaren saknar rådighet kan ansökan inte bifallas oavsett miljöunderlagets kvalitet, och sent tillkomna avtal kan vara svåra att förhandla fram när motparten inser sitt strategiska värde. Sakägarlistor som är ofullständiga skapar dessutom delgivnings- och kungörelsefel längre fram.",Rådighet är en processförutsättning för att ansöka om tillstånd till vattenverksamhet enligt 2 kap. lagen (1998:812) med särskilda bestämmelser om vattenverksamhet. Rådighetsgrunden bör därför klarläggas före ansökan.,"B10-050 (dialog med sakägare), B10-070 (rättigheter i tillståndsmatrisen) samt ansökningsnoder i B30 och B40 där rådighet prövas.","Upprätta en komplett sakägar- och rättighetsbeteckning tidigt, säkra rådighet genom avtal eller exploateringssamverkan innan ansökan, och kvalitetssäkra delgivningslistan mot fastighetsregistret inför varje kungörelsesteg.",MB | LVV,S0_current_2026,"{""causes"":[{""text"":""Projektägaren saknar rådighet över vattnet inom det område där vattenverksamheten ska bedrivas."",""basis"":""source"",""source_refs"":[""LVV""]},{""text"":""Fastighetsrättigheter, servitut eller samfällighetsförhållanden som begränsar nyttjanderätten har inte kartlagts fullständigt i baslinjen."",""basis"":""analysis"",""source_refs"":[]},{""text"":""Kravet på rådighet över vattenområden enligt 2 kap. lagen (1998:812) med särskilda bestämmelser om vattenverksamhet uppfylls inte vid ansökningsdagen."",""basis"":""source"",""source_refs"":[""LVV""]},{""text"":""Sakägarlistor som används för delgivning och kungörelse är ofullständiga, vilket kan medföra processuella fel i handläggningen."",""basis"":""analysis"",""source_refs"":[]}],""event"":{""rubrik"":""Sakägar- och rådighetskrav upptäcks först i domstolsledet""},""effects"":[{""text"":""En ansökan om tillstånd till vattenverksamhet kan avvisas om sökanden inte visar den rådighet över vattnet som krävs för att få bedriva verksamheten."",""basis"":""source"",""source_refs"":[""LVV""]},{""text"":""Projektägaren kan behöva komplettera ansökan med avtal om rådighet under pågående mål, vilket försenar handläggningen."",""basis"":""analysis"",""source_refs"":[]},{""text"":""Projektägarens förhandlingsposition mot mark- och vattenägare försämras när motparten inser sitt strategiska värde sent i processen."",""basis"":""analysis"",""source_refs"":[]},{""text"":""Det uppstår osäkerhet kring om tillståndet kan beviljas eftersom behörighetsfrågan är avgörande för prövningen."",""basis"":""analysis"",""source_refs"":[]}]}"
R-B10-040-01,B10-040,B10 – Förstudie och prövningsväg,Planera basutredningar och datainsamling,Säsongsberoende inventeringar missar sitt fältfönster,Underlagsbrist & data,Sökande & ansökan,"Vilken metod, årstid och repetitionsnivå som krävs beror på artgrupp, frågeställning och plats. Om ett relevant fältfönster missas kan nästa tillförlitliga undersökningstillfälle ligga senare, vilket kan påverka underlagskedjan.",Vilka inventeringar som behövs bestäms av den verksamhet och de miljöeffekter som ska bedömas enligt 6 kap. miljöbalken. För arter och naturvärden som bara kan undersökas tillförlitligt under vissa biologiska perioder kan ett missat fältfönster innebära att underlaget måste kompletteras vid ett senare lämpligt tillfälle. Inventeringsplanen ska därför anpassas till projektets konkreta värden och biologiska fältperioder.,B10-050 (dialogen om dataförväntningar) och nedströms B20-040 (avgränsningssamråd) och B20-060 (MKB-slutförande) samt ansökningsnoderna B30-100 och B40-motsvarigheter.,Backtidsplanera från planerat ansökningsdatum och identifiera varje inventerings säsongs- och repetitionskrav. Bygg in lämpliga reservfönster och stäm av utredningsplanens omfattning med länsstyrelsen före fältarbetet så att ett omstritt metodval inte undergräver insamlat underlag.,MB | MBD | ARTSKYDD,S0_current_2026,"{""causes"":[{""text"":""Utredningsplanen startar för sent eller ignorerar att vissa inventeringar endast kan utföras under specifika biologiska perioder."",""basis"":""analysis"",""source_refs"":[]},{""text"":""Artgrupper som kräver särskilda årstider för pålitlig inventering, såsom fåglar, fladdermöss eller vattenlevande organismer, missas i det aktuella fältfönstret."",""basis"":""analysis"",""source_refs"":[]},{""text"":""Utredningsplanen ger inte utrymme att samla in den säsongsberoende information som behövs för att identifiera och bedöma verksamhetens relevanta miljöeffekter."",""basis"":""source"",""source_refs"":[""MB""]},{""text"":""Inventeringsplanen är inte anpassad till projektets konkreta värden och de biologiska fältperioderna som gäller för platsen."",""basis"":""analysis"",""source_refs"":[]}],""event"":{""rubrik"":""Säsongsberoende inventeringar missar sitt fältfönster""},""effects"":[{""text"":""Det uppstår en fördröjning till nästa lämpliga undersökningstillfälle för de missade inventeringarna."",""basis"":""analysis"",""source_refs"":[]},{""text"":""Myndigheten ställer krav på komplettering av underlaget när det framgår att inventeringar saknas eller är ofullständiga."",""basis"":""source"",""source_refs"":[""MB""]},{""text"":""Ansökningstidplanen för projektet behöver flyttas fram på grund av den förlängda utredningstiden."",""basis"":""analysis"",""source_refs"":[]},{""text"":""Underlaget blir ofullständigt för bedömningen av miljöeffekter enligt 6 kap. miljöbalken om inventeringarna inte kan genomföras i tid."",""basis"":""source"",""source_refs"":[""MB""]}]}"
R-B10-040-02,B10-040,B10 – Förstudie och prövningsväg,Planera basutredningar och datainsamling,Extremväder och klimatförändringar korrumperar fältdata och tidplaner,Klimat & naturhändelse,Extern & omvärld,"Efter extrema väder- eller vattenförhållanden behöver insamlade datas representativitet bedömas mot projektets frågeställningar, platsförhållanden och tillgängliga referensserier. Behovet av kompletterande mätning, modellering eller nya fälttillfällen är projektspecifikt.","Det hydrogeologiska underlaget behöver beskriva de grund- och ytvattenförhållanden som är relevanta för verksamhetens miljöeffekter och för berörda Natura 2000-värden. Data, normalperioder och eventuella klimatscenarier måste vara representativa för den plats, tidsperiod och klimatvariabel som bedömningen avser.","Noden själv och nedströms B20-060 (MKB-kvalitet), B30-100 och vattenverksamhetsspåret B40 där hydrologiska serier är beslutskritiskt underlag.","Dimensionera tidsserier och referensstationer för extremår, använd historiska serier och modellering som komplement till fältår, och gör en känslighetsanalys av vilka beslutsparametrar som är mest beroende av årsvariation.",MB | MBD | NATURA,S0_current_2026,"{""causes"":[{""text"":""Extrema nederbördshändelser som kan leda till erosion eller sedimentation i provtagningsområdena under pågående fältarbete."",""basis"":""analysis"",""source_refs"":[]},{""text"":""Långvariga avvikande temperaturförhållanden som påverkar biologisk aktivitet och därmed representativiteten för inventerade arter."",""basis"":""analysis"",""source_refs"":[]},{""text"":""Planerade provtagningar sammanfaller med ovanliga vattenstånd eller väderförhållanden, så att underlaget inte ger den representativa beskrivning av miljöförhållandena som miljöbedömningen behöver."",""basis"":""source"",""source_refs"":[""MB""]},{""text"":""Förändrade hydrologiska flöden under torkperioder som minskar vattenföringen i ytvattenprovtagningstillfällen."",""basis"":""analysis"",""source_refs"":[]}],""event"":{""rubrik"":""Extremväder och klimatförändringar korrumperar fältdata och tidplaner""},""effects"":[{""text"":""Miljöprövningsdelegationen eller domstol ifrågasätter underlagets tillräcklighet för att bedöma väsentliga miljöeffekter."",""basis"":""source"",""source_refs"":[""MBD""]},{""text"":""Tillståndet meddelas med villkor som kräver kompletterande övervakning eller justerade utredningskrav efter ikraftträdande."",""basis"":""source"",""source_refs"":[""MB""]},{""text"":""Prövningsmyndigheten kan begära komplettering och, om en väsentlig brist inte avhjälps, avvisa ansökan."",""basis"":""source"",""source_refs"":[""MB""]},{""text"":""Senare mätningar kan visa att underlaget inte var representativt, vilket kan aktualisera en ny tillsynsbedömning eller, om en lagstadgad omprövningsgrund är uppfylld, omprövning."",""basis"":""analysis"",""source_refs"":[]}]}"
R-B10-050-01,B10-050,B10 – Förstudie och prövningsväg,Tidig dialog med myndigheter och kommun,Muntliga myndighetsråd i tidig dialog tas för bindande besked,Myndighetskapacitet & handläggning,Sökande & ansökan,Informell rådgivning är normalt inte bindande. Formella beslut och bedömningar får den verkan som följer av respektive regel; exempelvis är bedömningen enligt 6 kap. 32 a § MB inte bindande.,Myndighetsrådgivning har normalt inte samma bindande verkan som ett beslut eller en föreskrift. Om projektet dimensionerar underlaget enbart efter tidiga informella besked finns därför en risk att den formella prövningen kräver en annan avgränsning eller komplettering.,"B10-060 (klassificeringen bygger på dialogens instansavstämning), B10-070 (instanskartan) och B10-080 (samordningsbeslutet) samt B20-G010 (vägval för miljöbedömning).","Dokumentera alla dialoger skriftligt, be myndigheten bekräfta centrala ståndpunkter skriftligt, och behandla informella besked som hypoteser som ska verifieras i formella beslutspunkter (BMP, avgränsning) snarare än som löften.",NV_PERMIT | MB | MPD,S0_current_2026,"{""causes"":[{""text"":""Projektledningen dokumenterar muntliga besked från handläggare som riktlinjer för utredningsomfattningen utan att begära skriftlig bekräftelse."",""basis"":""analysis"",""source_refs"":[]},{""text"":""Myndigheten lämnar informella synpunkter under samrådet som tolkas som godkända avgränsningar för den formella prövningen."",""basis"":""analysis"",""source_refs"":[]},{""text"":""Projektägaren behandlar en preliminär myndighetsbedömning som om den vore ett bindande tillståndsbeslut."",""basis"":""analysis"",""source_refs"":[]},{""text"":""Länsstyrelsens skriftliga bedömning enligt 6 kap. 32 a § miljöbalken, som uttryckligen inte är bindande, behandlas i projektet som om den vore ett bindande besked."",""basis"":""source"",""source_refs"":[""MB""]}],""event"":{""rubrik"":""Muntliga myndighetsråd i tidig dialog tas för bindande besked""},""effects"":[{""text"":""Den formella handläggningen kräver en avvikande utredningsomfattning som strider mot de tidigare informella överenskommelserna."",""basis"":""analysis"",""source_refs"":[]},{""text"":""Ansökan anses innehålla brister i underlaget och kan behöva kompletteras, vilket förlänger handläggningstiden avsevärt."",""basis"":""source"",""source_refs"":[""MPD""]},{""text"":""Projektägaren ådrager sig kostnader för omgörning av utredningar som utförts baserat på felaktiga antaganden om myndighetskrav."",""basis"":""analysis"",""source_refs"":[]},{""text"":""Försening i ansökningsprocessen kan leda till att projektet missar tidsbundna ekonomiska incitament eller marknadsmöjligheter."",""basis"":""analysis"",""source_refs"":[]}]}"
R-B10-050-02,B10-050,B10 – Förstudie och prövningsväg,Tidig dialog med myndigheter och kommun,Kommunalt veto eller negativ kommunal signal låser projektet i startgroparna,Politisk & policyrisk,Extern & omvärld,"För större vindkraftsverk krävs kommunalt tillstyrkande (det så kallade kommunala vetot), och även där inget formellt veto finns styr kommunen planläget genom detaljplan och översiktsplan. Ett nej eller en lång avvaktan från kommunen i detta skede kan inte kompenseras av något miljöunderlag – det är ett politiskt stopp. Samtidigt är vetoreglerna föremål för pågående politisk omdaning, vilket gör att projekt som dimensionerar sin strategi efter dagens regler kan möta ändrade spelregler mitt i processen. Lokal opinion som mobiliserar i detta skede följer dessutom projektet genom alla senare samråd och överklaganden.","Enligt 16 kap. 4 § miljöbalken får tillstånd till en vindkraftsanläggning som huvudregel lämnas endast om kommunen har tillstyrkt den. Green Power Sweden redovisar, med hänvisning till en kartläggning av Westander, att kommuner 2025 stoppade 43 av 46 kartlagda projekt, cirka 93 procent. Siffrorna avser denna branschfinansierade kartläggning och ska inte behandlas som heltäckande officiell myndighetsstatistik.","Hela B10-kedjan nedströms samt B20:s samrådsfaser och alla grenar (B10-END20–END50) som förutsätter kommunalt medverkande, särskilt PBL-spåret i B50.","Inled kommundialogen före platslåsning, kartlägg kommunfullmäktiges och nämnders ståndpunkter, följ pågående reformer av vetoreglerna (bl.a. för havsbaserad vindkraft) och bygg alternativa lokaliseringsalternativ för kommuner med annan inställning.",MB | EXT: Green Power Sweden – kommunala vetot för landbaserad vindkraft 2021–2025 https://greenpowersweden.se/statistik/kommunala-vetot-landbaserad-vindkraft-2021-2025/,S0_current_2026,"{""causes"":[{""text"":""Kommunfullmäktige eller kommunstyrelse antar ett formellt ställningstagande mot etableringen i den tidiga dialogfasen."",""basis"":""analysis"",""source_refs"":[]},{""text"":""Detaljplaneprocessen blockerar etableringen genom att området klassificeras som olämpligt för verksamheten."",""basis"":""analysis"",""source_refs"":[]},{""text"":""Översiktsplanen innehåller riktlinjer som utesluter den aktuella typen av miljöfarlig verksamhet i det berörda området."",""basis"":""analysis"",""source_refs"":[]},{""text"":""Lokal opposition mobiliseras politiskt och utövar press på kommunala beslutsfattare att neka tillstyrkan enligt 16 kap. 4 § MB."",""basis"":""source"",""source_refs"":[""MB""]}],""event"":{""rubrik"":""Kommunalt veto eller negativ kommunal signal låser projektet i startgroparna""},""effects"":[{""text"":""Tillstånd till en vindkraftsanläggning får som huvudregel inte meddelas utan kommunal tillstyrkan enligt 16 kap. 4 § första stycket miljöbalken; regeringens undantagsmöjlighet enligt andra stycket måste bedömas separat."",""basis"":""source"",""source_refs"":[""MB""]},{""text"":""Ett osäkert eller uppskjutet kommunalt ställningstagande kan göra att projektägaren avvaktar med fortsatt projektering och andra platsbundna investeringar."",""basis"":""analysis"",""source_refs"":[]},{""text"":""För verksamheter som omfattas av kommunal tillstyrkan kan prövningsmyndigheten vara förhindrad att lämna tillstånd när kommunen avstyrker."",""basis"":""source"",""source_refs"":[""MB""]},{""text"":""Förlorade investeringar i förstudier och planeringsarbete som inte kan återvinnas genom projektets stopp."",""basis"":""analysis"",""source_refs"":[]}]}"
R-B10-060-01,B10-060,B10 – Förstudie och prövningsväg,Klassificera huvudverksamheter och åtgärder,Felklassificering av verksamhetskod skickar ansökan till fel instans,Rättslig osäkerhet,Sökande & ansökan,"Klassificeringen styr om ärendet är tillstånds- eller anmälningspliktigt och vilken första instans som är behörig – mark- och miljödomstol för A-verksamheter och miljöprövningsdelegation för B-verksamheter. Varje potentiellt tillämplig verksamhetskod och dess uttryckliga beräkningsregel måste tillämpas på den faktiska verksamheten. Miljöprövningsförordningen innehåller inte en generell regel om att flera anläggningar alltid ska räknas samman. Om en felaktig kod, beräkningsgrund eller kapacitetsgräns upptäcks efter att samråd, MKB och avgifter har anpassats till ett annat spår kan underlaget och handläggningen behöva göras om eller justeras.","MPF 1 kap. 3, 6 och 10 §§ anger definitioner och prövningsnivåerna A, B och C, medan sektorskapitlen anger de verksamhetsbeskrivningar, trösklar och beräkningsregler som ska tillämpas. Ingen av 1 kap. 6 eller 10 §§ är en generell sammanslagningsregel. En felklassificering kan medföra behörighetsprövning, överlämnande eller att ansökan behöver ges in på nytt enligt de processregler som gäller.","B10-070 (tillståndsmatrisen), B10-080 (samordningsbeslutet) och direkt B30-G110 (val av första instans) samt handläggningstiderna i MPD/MMD.","Låt juridisk sakkunskap göra en dokumenterad kodmatris mot MPF:s samtliga sektorskapitel, verifiera gränsfall med länsstyrelsen i tidig dialog och dimensionera klassificeringen så att marginaler mot klassgränser hanteras uttryckligen.",MB | MPF | MPD | COURT_MFV,S0_current_2026,"{""causes"":[{""text"":""Verksamheten klassificeras felaktigt som anmälningspliktig C-verksamhet trots att den uppfyller en bestämmelse om tillståndsplikt A eller B."",""basis"":""source"",""source_refs"":[""MPF""]},{""text"":""Sammanlagd kapacitet eller utsläppsmängd överskrider gränsen mellan klass B och klass A under projektets drift."",""basis"":""analysis"",""source_refs"":[]},{""text"":""Den sektorsspecifika beräkningsregeln för den aktuella verksamhetskoden tillämpas fel, exempelvis genom att relevanta anläggningsdelar räknas var för sig trots att just den bestämmelsen kräver en annan beräkningsgrund."",""basis"":""source"",""source_refs"":[""MPF""]},{""text"":""Tolkningen av sektorskapitelns specifika klassgränser kan leda till en felaktig placering i klass U eller C."",""basis"":""analysis"",""source_refs"":[]}],""event"":{""rubrik"":""Felklassificering av verksamhetskod skickar ansökan till fel instans""},""effects"":[{""text"":""Ansökan kan behöva överlämnas till behörig instans eller ges in på nytt om den har lämnats till fel prövningsmyndighet."",""basis"":""source"",""source_refs"":[""MPF""]},{""text"":""Handläggningen kan fördröjas medan behörigheten klarläggs och ärendet vid behov avvisas, överlämnas eller ges in till rätt instans."",""basis"":""analysis"",""source_refs"":[]},{""text"":""Nya ansökningsavgifter kan behöva betalas till den korrekta prövningsinstansen för att ärendet ska handläggas."",""basis"":""analysis"",""source_refs"":[]},{""text"":""Underlaget som tagits fram för fel klassificering kan behöva omgöras eller kompletteras enligt de striktare kraven för den korrekta klassen."",""basis"":""analysis"",""source_refs"":[]}]}"
R-B10-060-02,B10-060,B10 – Förstudie och prövningsväg,Klassificera huvudverksamheter och åtgärder,Ändring feltolkas som anmälningspliktig – eller tvärtom,Rättslig osäkerhet,Sökande & ansökan,"MPF 1 kap. 4 och 11 §§ ställer krav på att ändringar ska bedömas utifrån både sin egen påverkan och sin kumulativa relation till tidigare ändringar och tillstånd. Verksamhetsutövare som successivt byggt om en anläggning kan tro att varje steg är anmälningspliktigt eller pliktfritt, medan myndigheten vid samlad granskning finner att stegen tillsammans utlöst tillståndsplikt. Felet kan då klassas som olaga förfarande eller otillåten miljöfarlig verksamhet med viten och tillsynsingripanden, och projektets investeringar riskerar att behöva rullas tillbaka eller stanna av i väntan på efterhandsprövning.",MPF:s ändringsregler och 9 kap. 6 a § MB innebär att en tillsynsmyndighet i de situationer som bestämmelsen omfattar kan förelägga verksamhetsutövaren att söka tillstånd. Successiva ändringar kan därför utlösa en ny tillståndsprövning med tillhörande tids- och tvistrisk.,B10-070 (matrisen) och nedströms B30-G040/B30-G050 (ändringsavgränsning och prövningsram) samt tillsynsspår som kan förelägga tillståndsplikt.,"Upprätta en ändringslogg över samtliga tidigare ändringar med kumulativ bedömning, låt tillsynsmyndigheten granska tolkningen i tidig dialog och dokumentera motiveringen för vald pliktnivå så att den håller vid en senare myndighetsprövning.",MPF | MB | FMH,S0_current_2026,"{""causes"":[{""text"":""Verksamhetsutövaren bedömer att en fysisk förändring varken omfattas av tillståndsplikt för ändring eller av anmälningsplikt enligt miljöprövningsförordningen."",""basis"":""source"",""source_refs"":[""MPF""]},{""text"":""Myndigheten vid tillsyn bedömer att flera tidigare, enskilt godkända eller anmälda åtgärder tillsammans med den aktuella förändringen uppfyller trösklarna för tillståndspliktig ändring."",""basis"":""source"",""source_refs"":[""MPF""]},{""text"":""Verksamhetsutövaren missbedömer den kumulativa effekten av nya utsläpp eller störningar i relation till befintlig tillståndssituation."",""basis"":""analysis"",""source_refs"":[]},{""text"":""Det finns oklarhet kring om åtgärden ska hanteras som en ny ansökan eller som en ändring av ett befintligt tillstånd enligt miljöbalkens regler."",""basis"":""analysis"",""source_refs"":[]}],""event"":{""rubrik"":""Ändring feltolkas som anmälningspliktig – eller tvärtom""},""effects"":[{""text"":""Myndigheten förelägger verksamhetsutövaren att söka tillstånd efter det att arbetet påbörjats enligt miljöbalkens bestämmelser."",""basis"":""source"",""source_refs"":[""MB""]},{""text"":""Otillåten drift kan leda till tillsynsingripanden och, om rekvisiten i straffbestämmelserna är uppfyllda, ansvar för otillåten miljöverksamhet."",""basis"":""source"",""source_refs"":[""MB""]},{""text"":""Projektets ekonomiska planering störs av kostnader för efterhandsprövning, driftbegränsningar och försenat genomförande."",""basis"":""analysis"",""source_refs"":[]},{""text"":""Tillståndsgivningen försenas eftersom myndigheten kan behöva göra en samlad bedömning av hela anläggningens påverkan."",""basis"":""analysis"",""source_refs"":[]}]}"
R-B10-060-03,B10-060,B10 – Förstudie och prövningsväg,Klassificera huvudverksamheter och åtgärder,Sektorsspelregler identifieras inte i klassificeringen,Sektorssamordning,Sökande & ansökan,"Många projekt är hybridobjekt: en industri med Seveso-klassad kemikaliehantering, en gruva med både minerallags- och miljöbalksprocess, en vindpark med egen kraftledning som kräver nätmyndighetskoncession. Om sektorsdelarna inte klassificeras i denna nod saknas de i tillståndsmatrisen och upptäcks först när en sektormyndighet eller domstol påtalar att ytterligare tillstånd eller dispens krävs. Varje sent upptäckt sektorskrav lägger sig som en ny kritisk linje i tidplanen, ofta med egna samråds- och överklagandesystem.","ROCC-ärendet vid Preemraff illustrerar ett särskilt regeringsspår: regeringen förbehöll sig tillåtlighetsprövningen enligt 17 kap. miljöbalken, och Mark- och miljööverdomstolen lämnade den 15 juni 2020 ett yttrande till regeringen. Särskilda besluts- och sektorsspår behöver därför identifieras redan i klassificeringen.","B10-070 (tillståndsmatrisen blir ofullständig), B10-080 (samordningsbeslutet missar sektorsspår) och nedströms samtliga parallella processer (B30, B40, B50).","Använd en tvärsektoriell checklista vid klassificeringen (Seveso, IED/BAT, ellag, minerallag, väg-/järnvägslag, KML, strandskydd, artskydd) och låt varje påträffad sektorsregel få en egen rad med ansvarig, instans och beroenden i klassmatrisen.",MPF | SEVESO | ELLAG | MINERALLAG | VAGLAG | JARNVAGSLAG | KML | EXT: Sveriges Domstolar – yttrandet om Preemraff den 15 juni 2020 https://www.domstol.se/nyheter/2020/06/domstolen-anser-att-verksamheten-vid-preemraff-i-lysekil-kan-tillatas/,S0_current_2026,"{""causes"":[{""text"":""Projektet omfattar hantering av farliga ämnen som utlöser Sevesoförordningens tillämpningsområde men detta identifieras inte i klassificeringen."",""basis"":""source"",""source_refs"":[""SEVESO""]},{""text"":""Projektet omfattar en elektrisk ledning vars byggande eller användning kräver nätkoncession enligt ellagen, men detta identifieras inte i den initiala kartläggningen."",""basis"":""source"",""source_refs"":[""ELLAG""]},{""text"":""Projektet omfattar undersökning eller bearbetning av ett koncessionsmineral och det tillstånd eller den koncession som krävs enligt minerallagen har inte identifierats."",""basis"":""source"",""source_refs"":[""MINERALLAG""]},{""text"":""Byggåtgärder innebär ingrepp i en fornlämning eller berör ett annat objekt som omfattas av ett särskilt tillståndskrav enligt kulturmiljölagen, men kravet har inte identifierats."",""basis"":""source"",""source_refs"":[""KML""]}],""event"":{""rubrik"":""Sektorsspelregler identifieras inte i klassificeringen""},""effects"":[{""text"":""En sektormyndighet kräver kompletterande tillstånd eller dispens vilket stoppar projektet tills kravet är uppfyllt."",""basis"":""analysis"",""source_refs"":[]},{""text"":""Ett sent identifierat sektorskrav behöver hanteras enligt det tillämpliga specialregelverket innan den berörda åtgärden kan genomföras lagligt."",""basis"":""source"",""source_refs"":[""SEVESO"",""ELLAG"",""MINERALLAG"",""KML""]},{""text"":""Projektets utformning kan behöva ändras om ett sent identifierat sektorskrav inte kan förenas med den planerade lösningen."",""basis"":""analysis"",""source_refs"":[]},{""text"":""Domstol eller myndighet påpekar att fel instans har fattat beslut vilket kan medföra att beslutet upphävs eller ändras."",""basis"":""analysis"",""source_refs"":[]}]}"
R-B10-070-01,B10-070,B10 – Förstudie och prövningsväg,Upprätta samlad prövnings- och instanskarta,Ett tillstånd saknas i matrisen och upptäcks först i byggskedet,Underlagsbrist & data,Sökande & ansökan,"Tillståndsmatrisen samlar projektets tillstånd, anmälningar och dispenser. Krav som ligger utanför kärnprövningen kan förbises, exempelvis för en kabel, schakt eller mindre vattenåtgärd. Om ett sådant krav upptäcks sent kan dess handläggning och eventuella överprövning påverka byggplaneringen.","Matrisen omfattar frågor enligt bland annat MB 7, 9, 11, 17, 19 och 21 kap. samt PBL och KML. Om strandskydd eller fornlämningar identifieras först efter att projekteringen låsts kan separata dispenser eller tillstånd krävas och en byggetapp behöva stoppas eller planeras om.","B10-080 (samordningen kan inte täcka okända krav) och nedströms alla delprocesser, i synnerhet byggberedskaps- och startbeskedsspår i B50–B70.","Låt matrisen granskas av kompetenser utanför kärnteamet (fastighetsjurist, kulturmiljöexpert, vattenjurist), spåra varje fysisk åtgärd i projektet mot ett krav i matrisen, och versionshantera matrisen så att projektändringar automatiskt utlöser omprövning av kravlistan.",MB | PBL | KML | STRAND | FVV | HAV_WV,S0_current_2026,"{""causes"":[{""text"":""Verksamheten innebär vattenverksamhet enligt miljöbalken som kräver tillstånd eller anmälan men detta krav saknas i matrisen."",""basis"":""source"",""source_refs"":[""MB""]},{""text"":""En planerad åtgärd inom strandskyddat område träffas av strandskyddsförbuden och kräver dispens, men detta har inte identifierats som ett separat krav."",""basis"":""source"",""source_refs"":[""STRAND""]},{""text"":""Byggåtgärder innebär ingrepp i en fornlämning eller berör ett annat objekt som omfattas av ett särskilt tillståndskrav enligt kulturmiljölagen."",""basis"":""source"",""source_refs"":[""KML""]},{""text"":""Krav på bygglov, marklov eller anmälan enligt plan- och bygglagen har inte kopplats korrekt till miljöprövningen i tillståndsmatrisen."",""basis"":""source"",""source_refs"":[""PBL""]}],""event"":{""rubrik"":""Ett tillstånd saknas i matrisen och upptäcks först i byggskedet""},""effects"":[{""text"":""Byggstopp inträffar eftersom arbetet påbörjats utan nödvändigt tillstånd eller dispens."",""basis"":""analysis"",""source_refs"":[]},{""text"":""Tillsynsmyndigheten kan meddela ett föreläggande eller förbud och förena beslutet med vite om förutsättningarna i miljöbalken är uppfyllda."",""basis"":""source"",""source_refs"":[""MB""]},{""text"":""Bygg- eller driftstart fördröjs medan det saknade tillståndet eller dispensen söks och eventuella startkrav uppfylls."",""basis"":""analysis"",""source_refs"":[]},{""text"":""Ekonomiska förluster uppstår genom att projektet kan behöva planeras om för att uppfylla det eftersökta kravet."",""basis"":""analysis"",""source_refs"":[]}]}"
R-B10-070-02,B10-070,B10 – Förstudie och prövningsväg,Upprätta samlad prövnings- och instanskarta,Överklagandevägar och talerätt felmappas i instanskartan,Överklagande & rättsprocess,Sökande & ansökan,"Överklagandevägen beror på beslutstyp och beslutsinstans. Kommunala miljöbalksbeslut överklagas normalt till länsstyrelsen och därefter till MMD, medan beslut av en statlig förvaltningsmyndighet enligt miljöbalken normalt överklagas direkt till MMD. Ett kommunalt beslut att anta, ändra eller upphäva en detaljplan överklagas direkt till MMD enligt 13 kap. 2 a § PBL, medan bland annat lov, förhandsbesked, startbesked och slutbesked normalt överklagas till länsstyrelsen enligt 13 kap. 3 § PBL. MMD:s avgöranden överklagas till MÖD och kräver normalt prövningstillstånd. Vissa regeringsbeslut kan rättsprövas av HFD i stället för att överklagas i vanlig ordning.","Instanskedjan bestäms av beslutstypen och följer bland annat 19 kap. miljöbalken, 13 kap. PBL, lagen om mark- och miljödomstolar och lagen (2006:304) om rättsprövning av vissa regeringsbeslut. För varje beslut behöver första instans och rätt överklagandeordning identifieras enligt dagens domstolsorganisation.","B10-080 (samordningsbeslutet) och nedströms B30-END60, B60- och B70-spår (domstolsprövning, överklagande och laga kraft).","Knyt varje post i instanskartan till den konkreta beslutstypen, första beslutsinstansen, tillämplig överklagandebestämmelse, tidsfrist, krav på prövningstillstånd och möjlig inhibition. Kontrollera även talerätt och om beslutet i stället omfattas av rättsprövning.",MB | MMDL | PBL | FL | RATTSPROVNING | COURT_APPEAL,S0_current_2026,"{""causes"":[{""text"":""Ett kommunalt beslut enligt plan- och bygglagen ges fel överklagandeväg, exempelvis genom att länsstyrelsens roll som första överinstans för lovbeslut utelämnas."",""basis"":""source"",""source_refs"":[""PBL""]},{""text"":""Instanskartan generaliserar överklagandevägen för statliga myndighetsbeslut utan att kontrollera den särskilda regel som gäller för beslutstypen."",""basis"":""analysis"",""source_refs"":[]},{""text"":""En organisation eller sakägare med talerätt missas i kartläggningen vilket gör att de kan överklaga beslutet senare."",""basis"":""analysis"",""source_refs"":[]},{""text"":""Prövningsordningen mellan olika instanser felaktigt beskriven vilket kan medföra att ärendet hamnar i fel instans vid överklagande."",""basis"":""source"",""source_refs"":[""MMDL""]}],""event"":{""rubrik"":""Överklagandevägar och talerätt felmappas i instanskartan""},""effects"":[{""text"":""Överklagandet måste hanteras enligt förvaltningslagens regler om ingivande, rättidsprövning och överlämnande innan saken når behörig överinstans."",""basis"":""source"",""source_refs"":[""FL""]},{""text"":""Beslutet blir inte laga kraft i beräknad tid på grund av felaktig hantering av överklaganderätten."",""basis"":""analysis"",""source_refs"":[]},{""text"":""Ekonomiska kostnader ökar för projektet på grund av förlängda rättsprocesser och osäkerhet kring tillståndet."",""basis"":""analysis"",""source_refs"":[]},{""text"":""Projektets genomförande fördröjs när ett nödvändigt beslut inte vinner laga kraft vid den tidpunkt som projektplanen förutsätter."",""basis"":""analysis"",""source_refs"":[]}]}"
R-B10-070-03,B10-070,B10 – Förstudie och prövningsväg,Upprätta samlad prövnings- och instanskarta,Instanskartan föråldras av myndighetsreformen mitt i projektlöpet,Politisk & policyrisk,Myndighet & prövning,"Matrisen ska ange rätt första instans och rätt överklagandeväg, men dessa förändras genom den redan beslutade reformen med följdändringar i miljöbalken. Ett projekt som påbörjar förberedelser i S0 kan mycket väl lämna in sin ansökan i S1, där mottagande myndighet, diarieföringsrutiner, avgifter och handläggningsorganisation är andra. Om matrisen inte är versionshanterad mot reformen riskerar ansökan att riktas fel, eller att projektet planerar för en instans som avvecklas. Övergångsperioder skapar dessutom handläggningsosäkerhet när ärenden flyttas mellan organisationer.","Reformen är inte hypotetisk: riksdagen har beslutat om en ny myndighet för miljöprövning (betänkande 2025/26:MJU24) och följdändringarna i miljöbalken är antagna (SFS 2026:1442–1444), med ikraftträdande 2027-07-01. Nodlistans s1_delta för B30-G110 bekräftar att MPD:s B-ärenden övertas av Miljöprövningsmyndigheten i S1.",B10-080 (samordningsbeslutet) och nedströms B30-G110 (första instans) samt alla MPD-beroende spår i B30.,"Versionshantera matrisen med datumstämpling mot reformbeslut, följ övergångsbestämmelserna i SFS 2026:1442–1444, och bygg ansökningsstrategin så att den tål att mottagaren byts utan att själva underlaget behöver göras om.",NEW_AUTH | SFS2026_1442 | SFS2026_1443 | SFS2026_1444 | MPD,S0_current_2026,"{""causes"":[{""text"":""Reformens ikraftträdande den 1 juli 2027 inträffar medan projektet fortfarande befinner sig i det administrativa förberedelseskedet innan ansökan har lämnats in."",""basis"":""source"",""source_refs"":[""SFS2026_1442""]},{""text"":""Projektets interna planering för ansökningsinlämning är fastställd till en tidpunkt efter den 1 juli 2027 utan att ha justerats mot den nya myndighetsstrukturen."",""basis"":""source"",""source_refs"":[""SFS2026_1442"",""SFS2026_1443""]},{""text"":""Miljöprövningsdelegationernas B-ärenden ska från den 1 juli 2027 handläggas av Miljöprövningsmyndigheten enligt den beslutade reformen och dess övergångsbestämmelser."",""basis"":""source"",""source_refs"":[""SFS2026_1442"",""SFS2026_1443""]},{""text"":""Projektet har inte implementerat en versionshanteringsrutin för sin prövningsmatris som kopplar ihop projektets livscykelstadium med gällande instansfördelning."",""basis"":""analysis"",""source_refs"":[]}],""event"":{""rubrik"":""Instanskartan föråldras av myndighetsreformen mitt i projektlöpet""},""effects"":[{""text"":""Länsstyrelserna ska överlämna handlingarna i pågående MPD-ärenden till Miljöprövningsmyndigheten, som därefter ska handlägga ärendena."",""basis"":""source"",""source_refs"":[""SFS2026_1442""]},{""text"":""Projektet planerar resurser och processer för en instans som inte längre existerar eller har rätt beslutsbehörighet, vilket skapar strategisk osäkerhet."",""basis"":""analysis"",""source_refs"":[]},{""text"":""Handläggningstiderna blir oförutsägbara under övergångsperioden på grund av flytt av ärendemängd mellan organisationer."",""basis"":""analysis"",""source_refs"":[]},{""text"":""Ansökningshandlingarna kan behöva revideras för att möta den nya myndighetens specifika kravprofil och diarieföringsrutiner."",""basis"":""analysis"",""source_refs"":[]}]}"
R-B10-080-01,B10-080,B10 – Förstudie och prövningsväg,Kan prövningarna samordnas eller sambandsprövas?,Samordningsmöjligheten missas och prövningarna körs isolerat med motstridiga utfall,Sektorssamordning,Sökande & ansökan,"När prövningar som hör ihop sakligt hanteras i skilda ärenden riskerar villkoren att sättas utifrån olika antaganden om samma anläggning – ett tillstånd kan förutsätta en driftsituation som ett annat förbjuder. Separata prövningar ger dessutom varje spår sin egen överklagandedynamik, så att helheten inte kan gå vidare förrän det långsammaste spåret vunnit laga kraft. Dessutom tappar projektet den samlade MKB-logiken: samma effekter utreds flera gånger med olika metodik, vilket skapar inkonsekvenser som motparter kan angripa.","Om samma projekt kräver prövning enligt flera regelverk måste gränssnitt, beroenden och beslutsordning dokumenteras. Annars kan underlag behöva tas fram flera gånger eller beslut bygga på olika förutsättningar.",B10-090 och alla slutgrenar (B10-END20–END50) samt nedströms B30 och B40 där tillstånd måste hänga ihop villkorstekniskt.,"Pröva alltid uttryckligen sambandsprövning enligt MB 21 kap. 3 § i denna nod, dokumentera skälen vid avstående, och upprätta en gemensam effekt- och antagandebas (baseline) som alla separata prövningar måste utgå ifrån om samordning inte görs.",MB | FVV | NATURA | COURT_WV,S0_current_2026,"{""causes"":[{""text"":""Beslutsfattaren väljer att hantera miljöfarlig verksamhet och vattenverksamhet i separata ärenden trots att sambandsprövning enligt 21 kap. 3 § miljöbalken varit möjlig."",""basis"":""source"",""source_refs"":[""MB""]},{""text"":""De olika prövningsinstanserna utgår från skilda antaganden om anläggningens driftsituation när de fastställer villkoren."",""basis"":""analysis"",""source_refs"":[]},{""text"":""Varje delspår genererar en egen överklagandedynamik som kan behöva hanteras individuellt innan helheten kan gå vidare."",""basis"":""analysis"",""source_refs"":[]},{""text"":""Den samlade miljökonsekvensbedömningen (MKB) bryts ner i delutredningar med olika metodik för samma effekter."",""basis"":""analysis"",""source_refs"":[]}],""event"":{""rubrik"":""Samordningsmöjligheten missas och prövningarna körs isolerat med motstridiga utfall""},""effects"":[{""text"":""Tillstånden innehåller motstridiga villkor där ett tillstånd förutsätter en driftsituation som ett annat tillstånd förbjuder."",""basis"":""analysis"",""source_refs"":[]},{""text"":""Den totala tiden till laga kraft förlängs påtagligt eftersom projektet kan behöva vänta på att det långsammaste spåret vinner laga kraft."",""basis"":""analysis"",""source_refs"":[]},{""text"":""Merkostnader uppstår genom dubbel utredning av samma effekter i olika delspår."",""basis"":""analysis"",""source_refs"":[]},{""text"":""De separata tillståndsbesluten behåller sina respektive överklagandevägar, så projektet kan behöva hantera flera parallella överklagandeprocesser."",""basis"":""source"",""source_refs"":[""MB""]}]}"
R-B10-080-02,B10-080,B10 – Förstudie och prövningsväg,Kan prövningarna samordnas eller sambandsprövas?,Sambandsprövning kopplar ihop spåren till en gemensam kritisk linje,Teknisk komplexitet,Myndighet & prövning,"Sambandsprövning kan skapa beroenden mellan delspårens underlag och handläggningsmoment. En försening eller komplettering i ett delspår kan därför påverka den gemensamma tidplanen, i den utsträckning momenten behöver samordnas.",Enligt 21 kap. 3 § miljöbalken får mål eller ärenden handläggas i en och samma rättegång om de har samma sökande och avser samma verksamhet eller verksamheter som har samband med varandra. Ett kompletteringsbehov i en del kan därför påverka tid och kostnad för den gemensamma handläggningen.,"Nedströms alla grenar som valt samband (B10-END20–END50) samt ansöknings- och MKB-noderna i B20, B30 och B40 som måste leverera synkat.","Gör en realistisk kritisk-linje-analys per delspår innan sambandsbeslutet, överväg parallella men separata ärenden med gemensam baseline där tidsskillnaderna är stora, och sätt upp en samordningsledare med mandat att eskalera spår som halkar efter.",MB | COURT_MFV | COURT_WV,S0_current_2026,"{""causes"":[{""text"":""Ett beslut om gemensam handläggning enligt 21 kap. 3 § miljöbalken skapar formella beroenden mellan underlaget för olika delspår."",""basis"":""source"",""source_refs"":[""MB""]},{""text"":""Ett av delspåren kräver kompletteringar som påverkar den gemensamma tidplanen för handläggningen."",""basis"":""analysis"",""source_refs"":[]},{""text"":""Momenten i de olika spåren kan behöva samordnas operativt för att möjliggöra en samlad bedömning."",""basis"":""analysis"",""source_refs"":[]}],""event"":{""rubrik"":""Sambandsprövning kopplar ihop spåren till en gemensam kritisk linje""},""effects"":[{""text"":""Det sammansatta ärendet fördröjs eftersom beroenden mellan delspåren hindrar framdrift i andra delar."",""basis"":""analysis"",""source_refs"":[]},{""text"":""Möjligheten att gå vidare med färdiga komponenter begränsas av de gemensamma beroendena."",""basis"":""analysis"",""source_refs"":[]},{""text"":""En brist i ett av de gemensamt handlagda delunderlagen kan behöva kompletteras innan den samlade prövningen kan föras vidare."",""basis"":""source"",""source_refs"":[""MB""]}]}"
R-B10-080-03,B10-080,B10 – Förstudie och prövningsväg,Kan prövningarna samordnas eller sambandsprövas?,Prövningsinstanserna kan inte enas om samordning och handoff,Myndighetskapacitet & handläggning,Myndighet & prövning,"Samordningsbeslutet förutsätter att de berörda organisationernas processer och tidplaner kan förenas; ingen instans har ett generellt ledningsmandat över de andra. Om ansvar för kungörelse, yttranden, förhandling och beslut inte förankras operativt kan samordningen förlora effekt. Under övergången till Miljöprövningsmyndigheten kan gränssnitt och ansvar dessutom behöva klarläggas för det enskilda ärendet.","Betänkande 2025/26:MJU24 och SFS 2026:1442–1444 innebär att MPD:s B-ärenden flyttas till en ny myndighet från den 1 juli 2027. Under en sådan organisationsövergång kan samordningen mellan domstol, länsstyrelse, kommun och den nya myndigheten behöva klarläggas i det enskilda projektet.","B10-090 (typfallsprofilen) och alla nedströms grenar samt praktiskt handläggning i B30, B40 och B50 där instanserna ska mötas.","Upprätta en skriftlig samordningsöverenskommelse med namngivna kontaktpersoner, gemensam milstolpsplan och eskaleringsväg; bekräfta varje instans kapacitetsläge vid beslutet; och återbesök samordningsbeslutet vid varje reform- eller organisationsbesked som påverkar någon av instanserna.",MB | MPD | NEW_AUTH | NV_PERMIT,S0_current_2026,"{""causes"":[{""text"":""Berörda instanser har olika handläggningskapacitet och prioriteringar som hindrar enighet om vem som ska driva den gemensamma processen."",""basis"":""analysis"",""source_refs"":[]},{""text"":""Ingen instans har ett generellt ledningsmandat över de andra vilket skapar ansvarsglidning vid samordning."",""basis"":""analysis"",""source_refs"":[]},{""text"":""Ansvar för kungörelse, yttranden och beslut inte förankras operativt mellan de berörda organisationerna."",""basis"":""analysis"",""source_refs"":[]},{""text"":""Övergången till Miljöprövningsmyndigheten skapar behov av att klarlägga gränssnitt och ansvar under organisationsförändringen."",""basis"":""source"",""source_refs"":[""NEW_AUTH""]}],""event"":{""rubrik"":""Prövningsinstanserna kan inte enas om samordning och handoff""},""effects"":[{""text"":""Ett formellt beslut om samordning undanröjer inte varje instans eget ansvar för de frågor som den ska pröva, vilket kan lämna operativa gränssnitt olösta."",""basis"":""source"",""source_refs"":[""MB""]},{""text"":""Tidplanerna glider isär mellan instanserna vilket kan medföra upprepade avstämningar."",""basis"":""analysis"",""source_refs"":[]},{""text"":""Fördröjningen blir densamma som vid utebliven samordning trots att samordning formellt beslutats."",""basis"":""analysis"",""source_refs"":[]}]}"
R-B10-090-01,B10-090,B10 – Förstudie och prövningsväg,Lås representativt typfall och variantmetadata,Typfallsprofilen blir missvisande för grenens verkliga rättsläge,Underlagsbrist & data,Sökande & ansökan,"Noden ska låsa ett representativt typfall – kapacitet, geografi, aktörer och tillståndskombination – utan företagsspecifik processdata. Om valideringen är bristfällig riskerar profilen att bygga på ett förenklat rättsläge: fel instans antagen, en tillståndskombination som inte är möjlig i kombination med vald geografi, eller aktörsroller som ändrats genom pågående reformer. Eftersom typfallet styr metadata för hela grenen (END20–END50) planteras felet in i allt nedströms arbete som bygger på profilen, och det upptäcks ofta först när någon försöker applicera kartan på ett verkligt projekt.","En processkarta behöver versionshanteras mot aktuella rättskällor för att typexempel, aktörer och instanskedjor ska förbli tillförlitliga. Den beslutade reformen om Miljöprövningsmyndigheten genom SFS 2026:1442–1444 innebär att sådana uppgifter behöver uppdateras när reformen får genomslag.","Samtliga slutgrenar B10-END20, B10-END30, B10-END40 och B10-END50 samt allt nedströms artefaktarbete (B20–B70) som bygger på typfallets metadata.","Låt oberoende sakkunniga granska typfallet mot gällande rätt per låsningsdatum, dokumentera antaganden och kända osäkerheter i profilen, och koppla profilen till en versionsregel som tvingar fram omvalidering vid relevanta lagändringar.",MB | MPF | SFS2026_1442,S0_current_2026,"{""causes"":[{""text"":""Reformen flyttar B-prövningen från miljöprövningsdelegationerna till Miljöprövningsmyndigheten, medan typfallet fortfarande anger den äldre aktörs- och instansbilden."",""basis"":""source"",""source_refs"":[""SFS2026_1442""]},{""text"":""Länsstyrelsen eller Havs- och vattenmyndigheten publicerar ny vägledning som tolkar tillståndskombinationer för en specifik geografi annorlunda än vad som tidigare antagits."",""basis"":""analysis"",""source_refs"":[]},{""text"":""Det visar sig att den valda tillståndskombinationen i typfallet är juridiskt omöjlig att kombinera med den angivna geografiska placeringen enligt gällande plan- och miljölagstiftning."",""basis"":""analysis"",""source_refs"":[]},{""text"":""En pågående administrativ reform inom domstolsväsendet eller myndighetsorganisationen ändrar instansordningen för prövning av den aktuella typen av verksamhet."",""basis"":""analysis"",""source_refs"":[]}],""event"":{""rubrik"":""Typfallsprofilen blir missvisande för grenens verkliga rättsläge""},""effects"":[{""text"":""En ansökan som planeras efter den gamla profilen kan riktas till fel mottagare efter att Miljöprövningsmyndigheten har övertagit B-prövningen."",""basis"":""source"",""source_refs"":[""SFS2026_1442""]},{""text"":""Förtroendet för processkartans tillämpbarhet försämras hos användarna eftersom den inte speglar det verkliga rättsläget."",""basis"":""analysis"",""source_refs"":[]},{""text"":""Metadata för hela grenen (END20–END50) planteras in med felaktiga antaganden om aktörer och krav, vilket sprider felet vidare i systemet."",""basis"":""analysis"",""source_refs"":[]},{""text"":""Krav uppstår att uppdatera typfallet och alla beroende artefakter i efterhand för att återställa korrektheten."",""basis"":""analysis"",""source_refs"":[]}]}"
R-B10-090-02,B10-090,B10 – Förstudie och prövningsväg,Lås representativt typfall och variantmetadata,Företagsspecifik data smyger in i det generiska typfallet,Rättslig osäkerhet,Sökande & ansökan,"Typfallet ska vara generiskt men samtidigt tillräckligt konkret för att stödja klassificering och processval. Om projektspecifika namn, koordinater, kapaciteter eller andra identifierande uppgifter följer med från valideringsmaterialet kan typfallet peka ut sitt källprojekt eller ge en missvisande bild när det återanvänds. Om uppgifterna utgör personuppgifter, företagshemligheter eller annars omfattas av särskilda hanteringskrav måste bedömas utifrån uppgifternas innehåll och den konkreta användnings- och publiceringssituationen; det följer inte enbart av miljöbalken eller den allmänna tillståndsvägledningen.","Miljöbalkens underlagskrav förutsätter projektspecifika uppgifter om den verksamhet som ska bedömas. Innan sådant material återanvänds i ett generiskt typfall behöver identifierande uppgifter därför inventeras, klassificeras och vid behov generaliseras. Risken beskrivs här som en informationsstyrnings- och kvalitetsrisk; om ett röjande dessutom skulle vara rättsstridigt kräver en separat bedömning mot den regel som faktiskt är tillämplig.",B10-090 själv och nedströms artefaktanvändning i samtliga grenar (B10-END20–END50) samt extern spridning av processkartan.,Upprätta en sanerings- och granskningsrutin med två steg: teknisk sanering av identifierande uppgifter och sakgranskning av att profilen fortfarande är tillämpbar; dokumentera vilka generaliseringar som gjorts så att nedströms användare kan bedöma osäkerheten.,MB,S0_current_2026,"{""causes"":[{""text"":""Samråds- och ansökningsunderlag enligt miljöbalken innehåller projektspecifika uppgifter om bland annat verksamhetens lokalisering, utformning och omfattning."",""basis"":""source"",""source_refs"":[""MB""]},{""text"":""Ett projektspecifikt underlag återanvänds som mall utan en systematisk kontroll av namn, kapaciteter, koordinater och andra identifierande uppgifter."",""basis"":""analysis"",""source_refs"":[]},{""text"":""Underlaget innehåller kommersiellt känsliga uppgifter eller personuppgifter vars hantering inte har klassificerats före återanvändningen."",""basis"":""analysis"",""source_refs"":[]},{""text"":""Detaljerad lokaliseringsinformation gör det möjligt att identifiera vilket verkligt projekt som har använts som förebild."",""basis"":""analysis"",""source_refs"":[]}],""event"":{""rubrik"":""Företagsspecifik data smyger in i det generiska typfallet""},""effects"":[{""text"":""Om typfallet återanvänds som samråds- eller ansökningsunderlag måste uppgifterna om lokalisering, utformning och omfattning anpassas till den verksamhet som faktiskt ska bedömas enligt miljöbalken."",""basis"":""source"",""source_refs"":[""MB""]},{""text"":""Artefakten kan behöva återkallas eller omarbetas för att avlägsna den känsliga informationen."",""basis"":""analysis"",""source_refs"":[]},{""text"":""Mottagare kan identifiera det verkliga projekt som använts som förebild och därigenom härleda uppgifter som var avsedda att vara generiska."",""basis"":""analysis"",""source_refs"":[]},{""text"":""Artefaktens funktion som processunderlag försvagas på grund av balansfelet mellan konkretion och anonymisering."",""basis"":""analysis"",""source_refs"":[]}]}"
R-B10-START-01,B10-START,B10 – Förstudie och prövningsväg,Konkret projekt/förändring initierad,Projektet initieras utan tillräcklig konkretion eller för sent,Underlagsbrist & data,Sökande & ansökan,"Noden kräver att initiativet är tillräckligt konkret för tillståndsförberedelse, men det finns ingen formell kontrollstation som avgör detta. Om projektet startar för tidigt byggs förstudien på föränderliga antaganden, och basutredningar, samråd och MKB-arbete måste göras om när designen ändras. Om projektet i stället initieras för sent har markoptioner, leverantörsavtal eller finansieringsvillkor redan låst en utformning som kan visa sig svår att få tillstånd för. Båda felen försvagar projektets förhandlingsläge mot myndigheter och sakägare i efterföljande noder.","Projektets ändamål, lokalisering, omfattning och huvudsakliga teknik behöver vara tillräckligt konkreta för att styra klassificering, samråd och utredning, men samtidigt lämna ett redovisat utrymme för rimliga alternativ.","Noden själv och alla nedströms noder i B10 (B10-010, B10-020, B10-030, B10-040, B10-050, B10-060, B10-070, B10-080, B10-090) samt indirekt samtliga delprocesser B20–B70.","Upprätta en formell initieringspunkt med checklista: fastställt investeringsbehov, preliminär teknik- och kapacitetsram, ägarbeslut om tillståndsarbetets omfattning och budget. Dokumentera antaganden och beslutslogg så att senare förändringar kan spåras och hanteras som styrda revideringar i stället för omstarter.",NV_PERMIT | COURT_MFV,S0_current_2026,"{""causes"":[{""text"":""Tillståndsarbetet påbörjas innan investeringsbeslut, teknikval och kapacitetsmål är tillräckligt stabila för att styra klassificering och utredning."",""basis"":""source"",""source_refs"":[""NV_PERMIT""]},{""text"":""Tillståndsarbetet initieras så sent att markoptioner, leverantörsavtal eller finansieringsvillkor redan har låst en utformning som är svår att få tillstånd för."",""basis"":""analysis"",""source_refs"":[]},{""text"":""Projektets ändamål, lokalisering eller huvudsakliga teknik är inte tillräckligt konkreta för att säkerställa en korrekt bedömning av samråd och utredningsbehov."",""basis"":""analysis"",""source_refs"":[]},{""text"":""Det saknas en formell kontrollstation som verifierar att initiativet är tillräckligt konkret för tillståndsförberedelse innan arbetet startar."",""basis"":""analysis"",""source_refs"":[]}],""event"":{""rubrik"":""Projektet initieras utan tillräcklig konkretion eller för sent""},""effects"":[{""text"":""Förstudien byggs på föränderliga antaganden, vilket kräver omarbetning av basutredningar, samråd och MKB-arbete när designen ändras."",""basis"":""analysis"",""source_refs"":[]},{""text"":""Utredningskostnader förbrukas utan att generera processvärde eftersom underlaget kan behöva göras om."",""basis"":""analysis"",""source_refs"":[]},{""text"":""Ansökan försenas, vilket kan medföra behov av att starta om förstudien på nytt beslutsunderlag."",""basis"":""source"",""source_refs"":[""NV_PERMIT""]},{""text"":""Projektets förhandlingsläge mot myndigheter och sakägare försämras i efterföljande noder på grund av den tidiga eller sena initieringen."",""basis"":""analysis"",""source_refs"":[]}]}"
R-B20-010-01,B20-010,B20 – Samråd och miljöbedömning,Ta fram undersökningsunderlag,Undersökningsunderlaget räcker inte för BMP-bedömningen,Underlagsbrist & data,Sökande & ansökan,"Undersökningsunderlaget enligt 6 kap. 23–25 §§ MB och 8–13 §§ MBD är det första dokumenterade greppet om projektet och ska räcka för att berörda ska kunna lämna meningsfulla synpunkter och för länsstyrelsens BMP-bedömning. Ett underlag som beskriver teknik och kapacitet vagt, eller som utelämnar uppenbara effektbärare (buller, vattenavledning, spridningsvägar, känsliga mottagare), leder till att samrådet förs på felaktiga premisser. Synpunkter som kommer in blir då riktade mot ett annat projekt än det som slutligen ansöks, och länsstyrelsens efterföljande beslut bygger på ofullständig bild. Bristen upptäcks ofta först när ansökan senare ska prövas och då är kalendertiden redan förbrukad.","I NJA 2009 s. 321, mål T 3126-07, avvisades en ansökan därför att miljökonsekvensbeskrivningen saknade en tillräcklig redovisning av alternativa utformningar av en skyddsdamm. Högsta domstolen uttalade att väsentliga initiala brister mera sällan kan läkas under fortsatt handläggning. Avgörandet belyser kravet på ett tillräckligt tidigt underlag; frågan om betydande miljöpåverkan bedöms enligt de särskilda regler som gäller för den frågan.","Noden själv, B20-020 (samrådets kvalitet), B20-030 (BMP-beslutets underlag) och vidare B20-060 samt ansökningsprocesserna i B30/B40.","Använd MBD:s innehållskrav som checklista, låt oberoende sakkunnig granska underlaget före utskick, och stäm av underlagets detaljnivå med länsstyrelsen i förhand innan samrådet kungörs.","MB | MBD | NV_EIA | EXT: HD – NJA 2009 s. 321, mål T 3126-07 https://www.domstol.se/hogsta-domstolen/avgoranden2/2009/38669/",S0_current_2026,"{""causes"":[{""text"":""Undersökningsunderlaget beskriver teknik och kapacitet för vagt eller utelämnar uppenbara effektbärare som buller, vattenavledning eller spridningsvägar."",""basis"":""analysis"",""source_refs"":[]},{""text"":""Miljökonsekvensbeskrivningen saknar en tillräcklig redovisning av alternativa utformningar, vilket bryter mot kravet på ett tillräckligt tidigt underlag enligt praxis."",""basis"":""source"",""source_refs"":[""EXT: HD – NJA 2009 s. 321, mål T 3126-07 https://www.domstol.se/hogsta-domstolen/avgoranden2/2009/38669/""]},{""text"":""Beskrivningen av projektet är felriktad eller för grov för att länsstyrelsen ska kunna ta ställning till om betydande miljöpåverkan kan antas enligt 6 kap. 23–25 §§ MB."",""basis"":""source"",""source_refs"":[""MB""]},{""text"":""Underlaget utelämnar känsliga mottagare eller naturvärden som är relevanta för bedömningen av betydande miljöpåverkan enligt miljöbedömningsförordningens kriterier."",""basis"":""source"",""source_refs"":[""MBD""]}],""event"":{""rubrik"":""Undersökningsunderlaget räcker inte för BMP-bedömningen""},""effects"":[{""text"":""Samrådet förs på felaktiga premisser, vilket kan medföra att synpunkter från berörda blir riktade mot ett annat projekt än det som slutligen ansöks."",""basis"":""analysis"",""source_refs"":[]},{""text"":""Länsstyrelsens efterföljande beslut bygger på en ofullständig bild av miljöpåverkan, vilket riskerar att bli felaktigt."",""basis"":""analysis"",""source_refs"":[]},{""text"":""Krav ställs på kompletterande samråd, förnyad BMP-bedömning eller omarbetat underlag, vilket orsakar fördröjning i ett tidigt led."",""basis"":""source"",""source_refs"":[""MBD"",""MB""]},{""text"":""Kalendertiden förbrukas innan felet upptäcks vid den senare prövningen av ansökan, vilket skjuter upp hela miljöbedömningsspåret."",""basis"":""analysis"",""source_refs"":[]}]}"
R-B20-010-02,B20-010,B20 – Samråd och miljöbedömning,Ta fram undersökningsunderlag,Säsongsberoende basdata hinner inte samlas in,Klimat & naturhändelse,Extern & omvärld,"Undersökningsunderlaget ska beskriva möjliga miljöeffekter, vilket ofta kräver fältdata om arter och naturvärden som bara kan samlas in under vissa perioder av året. Om projektets tidsplan inte rymmer en full inventeringssäsong tvingas verksamhetsutövaren välja mellan att skjuta upp processen ett år eller att gå vidare med sekundärdata och antaganden. Extremväder – sen snösmältning, torka, stormar – kan dessutom förstöra planerade fältkampanjer. Ett underlag byggt på svaga basdata blir sårbart när berörda myndigheter och organisationer senare granskar det, och kan tvinga fram kompletterande inventeringar i ett betydligt obekvämare läge.",Vissa art- och naturvärdesunderlag kan bara tas fram under biologiskt relevanta fältperioder. Om ett sådant underlag behövs för bedömningen enligt 6 kap. miljöbalken men datainsamlingen påbörjas efter den relevanta perioden kan projektet behöva invänta nästa lämpliga inventeringstillfälle.,"Noden själv, B20-020, B20-030 och särskilt B20-060 (MKB:ns empiriska bas) samt artskydds- och Natura-frågor i nedströms prövningar.","Upprätta en säsongsplan med marginaler redan i B10-040, beställ fleråriga eller upprepade inventeringar där osäkerheten är stor, och dokumentera antagandens osäkerhet öppet i underlaget.",MB | MBD | ART | NV_EIA,S0_current_2026,"{""causes"":[{""text"":""Art- och naturinventeringar som kräver specifika säsonger för häckning, övervintring eller vårflöde kan inte genomföras inom projektets tidplan."",""basis"":""analysis"",""source_refs"":[]},{""text"":""Extrema väderförhållanden som sen snösmältning, torka eller stormar förstör planerade fältkampanjer för datainsamling."",""basis"":""analysis"",""source_refs"":[]},{""text"":""Datainsamlingen påbörjas efter den biologiskt relevanta perioden, så att underlaget saknar uppgifter som behövs för att identifiera och bedöma verksamhetens miljöeffekter."",""basis"":""source"",""source_refs"":[""MB""]},{""text"":""Projektets tidsplan rymmer inte en full inventeringssäsong, vilket tvingar fram ett val mellan att skjuta upp processen eller använda sekundärdata."",""basis"":""analysis"",""source_refs"":[]}],""event"":{""rubrik"":""Säsongsberoende basdata hinner inte samlas in""},""effects"":[{""text"":""Miljöbedömningsspåret förskjuts till nästa lämpliga inventeringstillfälle."",""basis"":""analysis"",""source_refs"":[]},{""text"":""Underlagskvaliteten försämras genom användning av svaga basdata, antaganden eller sekundärdata som är sårbara vid myndighetsgranskning."",""basis"":""analysis"",""source_refs"":[]},{""text"":""Kompletteringskrav och utredningsföreskrifter genereras senare i processen när bristen upptäcks, vilket sker i ett obekvämare läge."",""basis"":""analysis"",""source_refs"":[]},{""text"":""Berörda myndigheters, organisationers och enskildas möjlighet att lämna välgrundade synpunkter begränsas när underlaget saknar relevant fältdata om arter och naturvärden."",""basis"":""source"",""source_refs"":[""MB""]}]}"
R-B20-020-01,B20-020,B20 – Samråd och miljöbedömning,Genomför undersökningssamråd,Särskilt berörda missas i samrådskretsen,Samråd & motstånd,Sökande & ansökan,"Även när avvisning inte är motiverad kan bristen, beroende på betydelse och möjlighet till rättelse, kräva komplettering eller fortsatt handläggning.",I beslut den 22 december 2023 i mål ÖM 12531-22 bedömde MÖD att en tillståndshavare som ännu inte hade tagit sitt tillstånd i bruk på ett angränsande havsområde kunde antas bli särskilt berörd och borde ha omfattats av avgränsningssamrådet. Med hänsyn till de särskilda omständigheterna var bristen ändå inte så allvarlig att ansökan skulle avvisas. MÖD undanröjde avvisningsbeslutet och återförvisade målet.,"Noden själv, B20-040 (avgränsningssamrådets krets), och nedströms hela ansökningskedjan i B30/B40 där bristen kan aktualiseras som avvisningsgrund.","Kartlägg systematiskt angränsande tillståndshavare, koncessionsinnehavare, fastighetsägare och nyttjanderättshavare via fastighetsregister och tillståndsregister. Dokumentera bedömningen av särskild beröring per part och rådfråga länsstyrelsen om kretsen innan inbjudan skickas.","MB | NV_EIA | EXT: MÖD – ÖM 12531-22, beslut 22 december 2023 https://www.domstol.se/mark--och-miljooverdomstolen/mark--och-miljooverdomstolens-avgoranden/2023/138757/",S0_current_2026,"{""causes"":[{""text"":""Verksamhetsutövaren gör en felaktig avgränsning av vilka enskilda som kan antas bli särskilt berörda och genomför inte riktade samrådsinsatser mot dem."",""basis"":""analysis"",""source_refs"":[]},{""text"":""En tillståndshavare på ett angränsande havsområde som ännu inte tagit sitt tillstånd i bruk missas i avgränsningssamrådet, trots att denne kan antas bli särskilt berörd."",""basis"":""source"",""source_refs"":[""EXT: MÖD – ÖM 12531-22, beslut 22 december 2023 https://www.domstol.se/mark--och-miljooverdomstolen/mark--och-miljooverdomstolens-avgoranden/2023/138757/""]},{""text"":""Samrådskretsen utelämnar enskilda som kan antas bli särskilt berörda eller andra aktörer som ska omfattas enligt 6 kap. 30 § miljöbalken."",""basis"":""source"",""source_refs"":[""MB""]},{""text"":""Projektets bedömda påverkansområde är för snävt, så att fastigheter, rättigheter eller verksamheter utanför den ritade zonen inte tas med i samrådskretsen."",""basis"":""analysis"",""source_refs"":[]}],""event"":{""rubrik"":""Särskilt berörda missas i samrådskretsen""},""effects"":[{""text"":""Det uppstår en risk för att ansökan avvisas eller återförvisas på grund av brister i samrådsprocessen."",""basis"":""source"",""source_refs"":[""MB"",""NV_EIA""]},{""text"":""Förnyat samråd kan behöva genomföras med de missade parterna, vilket kan medföra fördröjning i processen."",""basis"":""analysis"",""source_refs"":[]},{""text"":""Trovärdigheten hos berörda aktörer försämras eftersom de upptäcker att de lämnats utanför samrådet."",""basis"":""analysis"",""source_refs"":[]},{""text"":""Handläggningen kräver komplettering eller fortsatt handläggning beroende på allvaret i bristen och möjligheten till rättelse."",""basis"":""analysis"",""source_refs"":[]}]}"
R-B20-020-02,B20-020,B20 – Samråd och miljöbedömning,Genomför undersökningssamråd,Lokal opinion mobiliserar och hårdnar under samrådet,Samråd & motstånd,Extern & omvärld,Samrådet gör projektets planerade omfattning och miljöeffekter tillgängliga för berörda och kan ge upphov till organiserade synpunkter. Relevanta invändningar behöver hanteras i samrådsredogörelsen och det fortsatta underlaget. För vindkraft har kommunens ställning en särskild rättslig betydelse genom tillstyrkanderegeln i 16 kap. 4 § miljöbalken; bestämmelsen gäller inte generellt för andra verksamhetstyper.,Enligt 16 kap. 4 § miljöbalken kräver ett tillstånd till en vindkraftsanläggning som huvudregel kommunens tillstyrkan. Lokal opinion kan därför påverka den kommunala processen och senare överklaganden.,"Noden själv, B20-040 (avgränsningssamrådets tonläge), kommunala beslutsled i B50, och överklaganderisken i B70.","Bedriv genuin dialog före formella samrådet, lyssna in lokala kunskaper tidigt, var transparent om osäkerheter och möt kritik med verifierbar data i stället för kommunikationskampanjer. Etablera en beredskapsplan för opinionshantering som inte trappar upp konflikten.",MB | NV_EIA | NV_PERMIT,S0_current_2026,"{""causes"":[{""text"":""Samrådshandlingarna innehåller detaljerad information om projektets fysiska omfattning och potentiella miljöeffekter som gör dessa kända för allmänheten."",""basis"":""source"",""source_refs"":[""MB""]},{""text"":""Lokal befolkning eller intressegrupper reagerar på den offentligt tillgängliga informationen genom att organisera sig och uttrycka starka invändningar."",""basis"":""analysis"",""source_refs"":[]},{""text"":""Medier rapporterar om projektet och dess effekter, vilket förstärker den lokala mobiliseringen och sprider informationen vidare."",""basis"":""analysis"",""source_refs"":[]},{""text"":""Politiska aktörer på lokal nivå engagerar sig i frågan och påverkar den kommunala processen genom att ta ställning mot eller för projektet."",""basis"":""analysis"",""source_refs"":[]}],""event"":{""rubrik"":""Lokal opinion mobiliserar och hårdnar under samrådet""},""effects"":[{""text"":""Prövningsmyndigheten får ökat utredningstryck för att hantera de organiserade synpunkterna och säkerställa att alla relevanta invändningar beaktas."",""basis"":""analysis"",""source_refs"":[]},{""text"":""Kommunen lämnar ett avstyrkande besked enligt 16 kap. 4 § miljöbalken, vilket kan medföra att tillstånd inte beviljas för vindkraftsprojekt."",""basis"":""source"",""source_refs"":[""MB""]},{""text"":""Samråds- och remissbehandlingen förlängs eftersom myndigheten behöver mer tid att analysera och svara på de många och komplexa synpunkterna."",""basis"":""analysis"",""source_refs"":[]},{""text"":""Antalet överklaganden ökar i slutet av processen, där motståndare lämnar välunderbyggda invändningar som kräver noggrann prövning."",""basis"":""analysis"",""source_refs"":[]}]}"
R-B20-030-01,B20-030,B20 – Samråd och miljöbedömning,Länsstyrelsens beslut om betydande miljöpåverkan,Länsstyrelsens kapacitet försenar BMP-beslutet,Myndighetskapacitet & handläggning,Myndighet & prövning,"När samrådsunderlaget är fullständigt och undersökningssamrådet har genomförts ska länsstyrelsen enligt 14 § MBD avgöra BMP-frågan så snart som möjligt och senast 60 dagar efter att samrådsredogörelsen tagits emot. Fristen får förlängas endast när det är nödvändigt på grund av verksamhetens eller åtgärdens art, komplexitet, lokalisering eller omfattning. Länsstyrelsen ska då före fristens utgång ange skälen och när beslut senast ska meddelas. Beslutet får enligt 6 kap. 27 § MB inte överklagas särskilt.","Den tillämpliga tidsregeln finns i 14 § MBD. Den är en 60-dagarsfrist med uttömmande angivna förlängningsgrunder och informationskrav, inte endast ett allmänt skyndsamhetskrav.","Noden själv, B20-G020 (vägvalet vidare), och via fördröjningen hela B20-spåret samt tidsplanen för B30/B40-ansökningar.","Dokumentera när ett fullständigt underlag, genomfört undersökningssamråd och samrådsredogörelsen kom in. Bevaka 60-dagarsfristen och begär skriftlig information om skäl och nytt slutdatum om länsstyrelsen förlänger tiden.",MB | MBD,S0_current_2026,"{""causes"":[{""text"":""Länsstyrelsen saknar tillräckligt med handläggare eller samordningsresurser för att hantera ärendet effektivt."",""basis"":""analysis"",""source_refs"":[]},{""text"":""Länsstyrelsen bedömer att handläggningstiden behöver förlängas på grund av verksamhetens eller åtgärdens art, komplexitet, lokalisering eller omfattning och hanterar förlängningen enligt 14 § miljöbedömningsförordningen."",""basis"":""source"",""source_refs"":[""MBD""]},{""text"":""En hög samtidig ärendemängd gör att länsstyrelsens tillgängliga handläggningsresurser inte räcker för planerad beslutstakt."",""basis"":""analysis"",""source_refs"":[]},{""text"":""Personalbyte, frånvaro eller behov av intern specialistkompetens gör att ärendet inte kan beredas i den takt projektplanen förutsätter."",""basis"":""analysis"",""source_refs"":[]}],""event"":{""rubrik"":""Länsstyrelsens kapacitet försenar BMP-beslutet""},""effects"":[{""text"":""BMP-beslutet kan dröja påtagligt längre än projektets planering förutsätter."",""basis"":""source"",""source_refs"":[""MBD"",""MB""]},{""text"":""Planeringshorisonten för utredningsarbetet blir osäker, vilket kan påverka resursallokeringen för projektet."",""basis"":""analysis"",""source_refs"":[]},{""text"":""Projektet riskerar att halka efter i parallella processer som planläggning, markåtkomst och finansiering på grund av den försenade BMP-avgörandet."",""basis"":""analysis"",""source_refs"":[]},{""text"":""Den totala prövningstiden för miljötillstånd ökar, vilket kan påverka projektets ekonomiska lönsamhet och genomförbarhet."",""basis"":""analysis"",""source_refs"":[]}]}"
R-B20-030-02,B20-030,B20 – Samråd och miljöbedömning,Länsstyrelsens beslut om betydande miljöpåverkan,BMP-beslutet visar sig ligga fel när verkligheten växer fram,Rättslig osäkerhet,Sökande & ansökan,"Ett negativt BMP-beslut leder projektet in på spåret med förenklat miljöunderlag enligt 6 kap. 47 § MB. Men beslutet vilar på det underlag som fanns vid samrådstillfället. Om projektet senare utvecklas – större kapacitet, ny teknik, utökad anläggningsyta – eller om fältinventeringar avslöjar skyddsvärden som inte var kända, kan grunden för beslutet falla. Prövningsmyndigheten i det slutliga ärendet gör sin egen bedömning av MKB-kraven och är inte bunden av länsstyrelsens tidigare ställningstagande i sak. Projektet riskerar då att ha satsat utredningsresurser på ett förenklat spår som inte håller.","NJA 2009 s. 321, mål T 3126-07, visar att en väsentlig initial brist i en miljökonsekvensbeskrivning kan utgöra processhinder och leda till avvisning.","Noden själv, B20-G020, B20-070 (förenklat spår) och nedströms B20-090 samt ansökningsprövningen i B30/B40/B50.","Bevaka projektets utveckling mot BMP-beslutets premisser; vid väsentliga ändringar, ta initiativ till förnyad bedömning själv i stället för att låta prövningsmyndigheten upptäcka avvikelsen. Dokumentera löpande varför beslutet fortfarande håller.","MB | MBD | NV_EIA | EXT: HD – NJA 2009 s. 321, mål T 3126-07 https://www.domstol.se/hogsta-domstolen/avgoranden2/2009/38669/",S0_current_2026,"{""causes"":[{""text"":""Ny kunskap om miljöeffekter eller utökad projektomfattning gör att det tidigare antagandet om ingen betydande miljöpåverkan blir ohållbart."",""basis"":""analysis"",""source_refs"":[]},{""text"":""Projektet utvecklas med större kapacitet, ny teknik eller utökad anläggningsyta jämfört med vad som fanns vid samrådstillfället."",""basis"":""analysis"",""source_refs"":[]},{""text"":""Fältinventeringar avslöjar skyddsvärden eller miljöeffekter som inte var kända när BMP-beslutet fattades."",""basis"":""analysis"",""source_refs"":[]},{""text"":""Prövningsmyndigheten i det slutliga ärendet gör en egen bedömning av MKB-kraven som skiljer sig från Länsstyrelsens tidigare ställningstagande."",""basis"":""source"",""source_refs"":[""MB""]}],""event"":{""rubrik"":""BMP-beslutet visar sig ligga fel när verkligheten växer fram""},""effects"":[{""text"":""Projektet kan behöva genomgå en full specifik miljöbedömning med avgränsningssamråd och komplett MKB sent i processen."",""basis"":""analysis"",""source_refs"":[]},{""text"":""De utredningsresurser som satsats på ett förenklat spår blir värdelösa eftersom underlaget inte håller för den slutliga prövningen."",""basis"":""analysis"",""source_refs"":[]},{""text"":""En väsentlig brist i miljökonsekvensbeskrivningen kan utgöra ett processhinder och leda till avvisning enligt rättspraxis."",""basis"":""source"",""source_refs"":[""EXT: HD – NJA 2009 s. 321, mål T 3126-07 https://www.domstol.se/hogsta-domstolen/avgoranden2/2009/38669/""]},{""text"":""Processen startar om med en omstart av miljöbedömningsspåret, vilket förlänger tiden och ökar kostnaderna avsevärt."",""basis"":""analysis"",""source_refs"":[]}]}"
R-B20-040-01,B20-040,B20 – Samråd och miljöbedömning,Genomför avgränsningssamråd,Avgränsningen blir för snäv – effekter dyker upp sent,Underlagsbrist & data,Sökande & ansökan,Vid avgränsningssamrådet diskuteras MKB:ns omfattning och detaljeringsgrad. Relevanta kumulativa effekter ska ingå; bedömningen beror på den aktuella verksamheten och de effekter som kan antas.,"NJA 2013 s. 613, mål T 3158-12, kräver att en Natura 2000-prövning ger en samlad, fullständig, exakt och slutlig bedömning av de relevanta effekterna. I HFD 2024 not. 60 framförde klagandena invändningar om bland annat kumulativa effekter och Natura 2000-underlag, men HFD fann att regeringens beslut skulle stå fast.","Noden själv, B20-050 (länsstyrelsens avgränsningsbedömning), B20-060 (MKB:ns omfattning) och nedströms prövning i B30/B40/B50 samt överklagandeprocesser i B70.","Låt avgränsningen utgå från effekterna, inte från önskad ambitionsnivå. Inkludera en strukturerad kumulativ analys och nollalternativ från början. Dokumentera motiveringen för varje bortavgränsad fråga så att den kan försvaras i rättslig prövning.","MB | NV_EIA | NATURA | EXT: HD – NJA 2013 s. 613, mål T 3158-12 https://www.domstol.se/hogsta-domstolen/avgoranden2/2013/37066/ | EXT: HFD 2024 not. 60, mål 4941-23 https://www.domstol.se/hogsta-forvaltningsdomstolen/avgoranden2/2024/153769/",S0_current_2026,"{""causes"":[{""text"":""Avgränsningssamrådet kan leda till att vissa effekter, såsom indirekta eller kumulativa effekter, avgränsas bort från MKB:n."",""basis"":""analysis"",""source_refs"":[]},{""text"":""Indirekta eller kumulativa effekter underskattas i samrådsskedet eftersom deras geografiska eller tidsmässiga räckvidd inte har modellerats tillräckligt."",""basis"":""analysis"",""source_refs"":[]},{""text"":""En Natura 2000-prövning kräver en samlad, fullständig, exakt och slutlig bedömning av relevanta effekter enligt rättspraxis."",""basis"":""source"",""source_refs"":[""EXT: HD – NJA 2013 s. 613, mål T 3158-12 https://www.domstol.se/hogsta-domstolen/avgoranden2/2013/37066/""]},{""text"":""Kumulativa effekter tillsammans med andra verksamheter eller relevanta Natura 2000-effekter utreds inte i avgränsningssamrådet trots att de har betydelse för den samlade bedömningen."",""basis"":""source"",""source_refs"":[""EXT: HFD 2024 not. 60, mål 4941-23 https://www.domstol.se/hogsta-forvaltningsdomstolen/avgoranden2/2024/153769/""]}],""event"":{""rubrik"":""Avgränsningen blir för snäv – effekter dyker upp sent""},""effects"":[{""text"":""Prövningsmyndigheten ställer kompletteringskrav på underlaget för att täcka de tidigare avgränsade effekterna."",""basis"":""analysis"",""source_refs"":[]},{""text"":""Ärendet återförvisas för förnyad utredning, vilket förlänger handläggningstiden och ökar kostnaderna."",""basis"":""analysis"",""source_refs"":[]},{""text"":""Domstolsprocesser dras ut på grund av tvister om MKB:ns omfattning och kvalitet."",""basis"":""analysis"",""source_refs"":[]},{""text"":""Tillstånd kan avslås eller ansökan avvisas på grund av otillräckligt underlag för den slutliga prövningen."",""basis"":""source"",""source_refs"":[""MB""]}]}"
R-B20-040-02,B20-040,B20 – Samråd och miljöbedömning,Genomför avgränsningssamråd,Bred samrådskrets genererar oförenliga krav på MKB:n,Samråd & motstånd,Extern & omvärld,"Avgränsningssamrådet ska omfatta en bred krets, och med bredden följer att synpunkterna drar åt olika håll: en myndighet vill ha djupare utredning om grundvatten, en annan prioriterar landskapsbild, sakägare kräver bulleråtgärder, och organisationer driver kumulativa frågor. Samrådsredogörelsen ska hantera allt detta, men resurser och tid är begränsade. Varje synpunkt som inte tillgodoses blir en potentiell klagogrund i den kommande ansökningsprocessen. Att prioritera bland motstridiga krav utan tydlig metodik skapar en godtycklighetsrisk som motståndare kan utnyttja.","Ett brett avgränsningssamråd kan ge motstående önskemål om lokalisering, skyddsåtgärder och vilka effekter miljökonsekvensbeskrivningen ska behandla. Projektet behöver därför dokumentera avgränsningsbesluten och hantera motstående synpunkter med hänsyn till samrådets funktion enligt 6 kap. miljöbalken.","Noden själv, B20-050, B20-060 och nedströms ansöknings- och överklagandefaser (B30/B40/B50, B70).",Upprätta en synpunktshanteringsmatris som spårar varje framförd synpunkt till åtgärd eller motiverat avskriv. Avmystifiera prioriteringen i samrådsredogörelsen. Erbjud fördjupad dialog med de mest kritiska parterna utanför det formella samrådet.,MB | NV_EIA,S0_current_2026,"{""causes"":[{""text"":""Myndigheter, kommuner, organisationer och enskilda framför motstridiga synpunkter om lokalisering, utformning och miljöeffekter."",""basis"":""source"",""source_refs"":[""MB""]},{""text"":""En myndighet kräver djupare utredning om grundvatten medan en annan prioriterar landskapsbild eller bulleråtgärder."",""basis"":""analysis"",""source_refs"":[]},{""text"":""Organisationer driver kumulativa frågor som kräver omfattande utredning och analys i MKB:n."",""basis"":""analysis"",""source_refs"":[]},{""text"":""Samrådsredogörelsen kan behöva hantera alla synpunkter, men resurser och tid är begränsade för att tillgodose alla motstridiga krav."",""basis"":""analysis"",""source_refs"":[]}],""event"":{""rubrik"":""Bred samrådskrets genererar oförenliga krav på MKB:n""},""effects"":[{""text"":""Utredningsarbetet fördyras och förlängs på grund av behovet av att analysera och integrera motstridiga krav."",""basis"":""analysis"",""source_refs"":[]},{""text"":""MKB:ns omfattning ökar för att ta hänsyn till de många olika synpunkterna och kraven från olika aktörer."",""basis"":""analysis"",""source_refs"":[]},{""text"":""Sannolikheten för välunderbyggda överklaganden ökar eftersom varje synpunkt som inte tillgodoses blir en potentiell klagogrund."",""basis"":""analysis"",""source_refs"":[]},{""text"":""Relevanta motstridiga synpunkter behöver redovisas och hanteras spårbart i samrådsredogörelsen och miljöbedömningen, även när alla önskemål inte kan tillgodoses."",""basis"":""source"",""source_refs"":[""MB"",""NV_EIA""]}]}"
R-B20-040-03,B20-040,B20 – Samråd och miljöbedömning,Genomför avgränsningssamråd,Felbedömd samrådskrets utsätter ansökan för avvisningsrisk,Överklagande & rättsprocess,Sökande & ansökan,Om en angränsande tillståndshavares eller annan aktörs rättigheter konkret kan påverkas kan aktören vara särskilt berörd. Bedömningen ska göras utifrån omständigheterna i varje ärende.,"I beslut den 22 december 2023 i mål ÖM 12531-22 bedömde MÖD att en tillståndshavare som ännu inte hade tagit sitt tillstånd i bruk på ett angränsande havsområde kunde antas bli särskilt berörd och borde ha omfattats av avgränsningssamrådet. Bristen var, under de särskilda omständigheterna, inte så allvarlig att ansökan skulle avvisas. MÖD undanröjde avvisningen och återförvisade målet.","Noden själv och indirekt hela nedströms kedjan: B20-060, B20-090 samt ansökningsprövningen i B30/B40/B50 där avvisningsfrågan aktualiseras.","Tillämpa en expansiv tolkning av särskild beröring: sök i tillstånds- och koncessionsregister, kontakta angränsande verksamhetsutövare skriftligt även vid osäkerhet, och dokumentera uteblivet svar. Låt jurist granska kretsen före inbjudan.","MB | NV_EIA | EXT: MÖD – ÖM 12531-22, beslut 22 december 2023 https://www.domstol.se/mark--och-miljooverdomstolen/mark--och-miljooverdomstolens-avgoranden/2023/138757/",S0_current_2026,"{""causes"":[{""text"":""Verksamhetsutövaren bedömer att vissa aktörer inte är särskilt berörda och utesluter dem från inbjudan till avgränsningssamrådet."",""basis"":""analysis"",""source_refs"":[]},{""text"":""En angränsande tillståndshavares eller annan aktörs rättigheter kan påverkas konkret av verksamheten, vilket kan göra aktören särskilt berörd."",""basis"":""source"",""source_refs"":[""MB""]},{""text"":""Mark- och miljööverdomstolen bedömer att en tillståndshavare på ett angränsande havsområde borde ha omfattats av samrådet."",""basis"":""source"",""source_refs"":[""EXT: MÖD – ÖM 12531-22, beslut 22 december 2023 https://www.domstol.se/mark--och-miljooverdomstolen/mark--och-miljooverdomstolens-avgoranden/2023/138757/""]},{""text"":""Bristen i inbjudan bedöms inte vara så allvarlig att den automatiskt kan leda till avvisning, men den utgör ett fel i handläggningen."",""basis"":""source"",""source_refs"":[""EXT: MÖD – ÖM 12531-22, beslut 22 december 2023 https://www.domstol.se/mark--och-miljooverdomstolen/mark--och-miljooverdomstolens-avgoranden/2023/138757/""]}],""event"":{""rubrik"":""Felbedömd samrådskrets utsätter ansökan för avvisningsrisk""},""effects"":[{""text"":""Ansökan riskerar att avvisas på grund av bristande samråd med särskilt berörda aktörer."",""basis"":""analysis"",""source_refs"":[]},{""text"":""Ett felaktigt avvisningsbeslut kan undanröjas och målet återförvisas för fortsatt handläggning, såsom skedde i mål ÖM 12531-22."",""basis"":""source"",""source_refs"":[""EXT: MÖD – ÖM 12531-22, beslut 22 december 2023 https://www.domstol.se/mark--och-miljooverdomstolen/mark--och-miljooverdomstolens-avgoranden/2023/138757/""]},{""text"":""Processen dras ut på grund av behovet av att hantera de missade aktörernas synpunkter i efterhand."",""basis"":""analysis"",""source_refs"":[]},{""text"":""Projektets tidplan och budget påverkas negativt av de extra åtgärder som krävs för att rätta till samrådsbristen."",""basis"":""analysis"",""source_refs"":[]}]}"
R-B20-050-01,B20-050,B20 – Samråd och miljöbedömning,Länsstyrelsens skriftliga avgränsningsbedömning,Avgränsningsbedömningen uteblir eller dröjer,Myndighetskapacitet & handläggning,Myndighet & prövning,"Bedömningen ska redovisas skriftligen under avgränsningssamrådet, lämnas till verksamhetsutövaren och är inte bindande.",Bestämmelsen i 6 kap. 32 a § miljöbalken finns publicerad i SFS 2026:400 och träder i kraft enligt författningens ikraftträdandebestämmelser. Eftersom bestämmelsen inför ett nytt processmoment för länsstyrelserna bör projekt planera för en införandefas där rutiner och kapacitet kan behöva byggas upp.,Noden själv och B20-060 (utredningsarbetets styrning); via fördröjning hela B20-spåret och nedströms ansökningar.,"Begär den skriftliga bedömningen aktivt och tidsatt redan vid samrådets inledande, dokumentera muntliga ställningstaganden skriftligt mot länsstyrelsen, och ha en fallback där utredningen fortsätter efter egen bedömning med spårbar motivering.",MB | MBD | SFS2026_400 | NEW_AUTH,S0_current_2026,"{""causes"":[{""text"":""Länsstyrelsens skriftliga bedömning av vad MKB:n ska innehålla lämnas inte under avgränsningssamrådet på det sätt som 6 kap. 32 a § miljöbalken föreskriver."",""basis"":""source"",""source_refs"":[""SFS2026_400""]},{""text"":""De interna rutiner för skriftlig redovisning av bedömningen under avgränsningssamrådet har inte etablerats i tid."",""basis"":""analysis"",""source_refs"":[]},{""text"":""Tidsramen för samrådets upplägg är konstruerad så att den inte medger rimlig handläggningstid för myndigheten."",""basis"":""analysis"",""source_refs"":[]}],""event"":{""rubrik"":""Avgränsningsbedömningen uteblir eller dröjer""},""effects"":[{""text"":""Utredningsarbetet står stilla eftersom verksamhetsutövaren saknar den styrning som bedömningen avser att ge."",""basis"":""analysis"",""source_refs"":[]},{""text"":""Eftersom bedömningen enligt 6 kap. 32 a § miljöbalken inte är bindande kvarstår verksamhetsutövarens ansvar att ta fram ett tillräckligt MKB-underlag även när bedömningen dröjer."",""basis"":""source"",""source_refs"":[""MB""]},{""text"":""Projektet drabbas av fördröjningar i handläggningstiden på grund av omarbetning av underlaget."",""basis"":""analysis"",""source_refs"":[]}]}"
R-B20-050-02,B20-050,B20 – Samråd och miljöbedömning,Länsstyrelsens skriftliga avgränsningsbedömning,Avgränsningsbeslutet för förnybar energi får fel omfattning,Politisk & policyrisk,Myndighet & prövning,"För en verksamhet eller åtgärd för förnybar energi ska länsstyrelsen enligt 6 kap. 32 b § MB besluta vilken omfattning MKB:n behöver ha. Beslutet får inte överklagas. Länsstyrelsens separata bedömning av vilken detaljeringsgrad MKB:n bör ha är däremot inte bindande. Om MKB:ns omfattning följer beslutet begränsar 22 kap. 2 b § MB möjligheten att avvisa ansökan på grund av brister i omfattningen, men endast så länge uppgifterna i tillståndsärendet stämmer med beslutsunderlaget och EU-rätten inte kräver annat. Reglerna innebär därför inte att hela MKB:n eller dess detaljer är bindande fastställda.","Regleringen finns i 6 kap. 32 b § och 22 kap. 2 b § MB, införda genom SFS 2026:400 och gällande sedan den 1 juli 2026. Omfattningsbeslutet, den icke bindande detaljeringsbedömningen och det begränsade avvisningsskyddet måste hållas isär.","Noden själv, B20-060 (MKB-arbetets ram) och nedströms prövningar av förnybarprojekt i B30/B40 samt överklaganden i B70 där bindandets räckvidd kan testas.","Lämna ett kvalitetssäkrat och versionslåst underlag inför beslutet. Dokumentera vilka projektuppgifter länsstyrelsen lagt till grund för omfattningen, följ upp ändringar som kan bryta överensstämmelsen och behandla bedömningen av detaljeringsgrad som vägledande, inte bindande.",MB | SFS2026_400 | RENEWABLE,S0_current_2026,"{""causes"":[{""text"":""Länsstyrelsen fattar ett bindande beslut om MKB:ns omfattning som visar sig vara för snävt i efterhand."",""basis"":""source"",""source_refs"":[""MB""]},{""text"":""Länsstyrelsen fattar ett bindande beslut om MKB:ns omfattning som visar sig vara för brett i efterhand."",""basis"":""source"",""source_refs"":[""MB""]},{""text"":""Det verksamma området är en verksamhet för förnybar energi enligt lag (2026:399)."",""basis"":""source"",""source_refs"":[""RENEWABLE""]}],""event"":{""rubrik"":""Avgränsningsbeslutet för förnybar energi får fel omfattning""},""effects"":[{""text"":""MKB:ns omfattning låses till ett mått som inte matchar de verkliga miljöeffekterna."",""basis"":""source"",""source_refs"":[""MB""]},{""text"":""Det uppstår tvister om huruvida detaljeringsgraden i bedömningen är bindande eller ej."",""basis"":""analysis"",""source_refs"":[]},{""text"":""Risken för underutredning eller överutredning kan leda till efterföljande processkomplikationer."",""basis"":""analysis"",""source_refs"":[]}]}"
R-B20-050-03,B20-050,B20 – Samråd och miljöbedömning,Länsstyrelsens skriftliga avgränsningsbedömning,Mallstyrda avgränsningsbesked spär ut MKB:n,Underlagsbrist & data,Myndighet & prövning,"Den skriftliga avgränsningsbedömningen ska vara ett instrument för att fokusera MKB:n på det väsentliga. I praktiken finns en risk att länsstyrelser, av försiktighet eller tidsbrist, ställer generella krav på utredning av i princip alla tänkbara effektkategorier. Följden blir en MKB som växer i omfång utan att bli bättre: dyra utredningar av marginella frågor, långa ledtider hos specialiserade konsulter, och ett slutdokument vars omfång i sig blir en granskbarhetsrisk. Det urholkar avgränsningsinstitutets syfte och fördyrar projektet utan motsvarande miljönytta.","NJA 2009 s. 321, mål T 3126-07, anger att MKB:ns omfattning ska bestämmas efter vad det enskilda fallet kräver och att väsentliga initiala brister kan utgöra processhinder.",Noden själv och B20-060 (utrednings- och MKB-arbetets kostnad och tidsåtgång).,För en aktiv dialog med länsstyrelsen om vad som är verkligt beslutsrelevant. Åberopa proportionalitetsprincipen i 6 kap. MB och hänvisa till avgränsningsbeslutets styrande funktion. Eskalera mallkrav som saknar projektförankring via formell återkoppling.,"MB | MBD | SFS2026_400 | NV_EIA | EXT: HD – NJA 2009 s. 321, mål T 3126-07 https://www.domstol.se/hogsta-domstolen/avgoranden2/2009/38669/",S0_current_2026,"{""causes"":[{""text"":""Länsstyrelsens skriftliga avgränsningsbedömning identifierar inte tillräckligt projektspecifikt vad MKB:n behöver innehålla för den fortsatta miljöbedömningen."",""basis"":""source"",""source_refs"":[""MB""]},{""text"":""Länsstyrelsen ställer generella krav på utredning av i princip alla tänkbara effektkategorier av försiktighetsskäl."",""basis"":""analysis"",""source_refs"":[]},{""text"":""Bedömningen drivs framåt utan koppling till de verkliga effekterna för det specifika fallet."",""basis"":""analysis"",""source_refs"":[]}],""event"":{""rubrik"":""Mallstyrda avgränsningsbesked spär ut MKB:n""},""effects"":[{""text"":""MKB:n växer i omfång utan att kvaliteten på utredningen ökar proportionerligt."",""basis"":""analysis"",""source_refs"":[]},{""text"":""Det uppstår dyra utredningar av marginella frågor som förlänger ledtiderna hos konsulter."",""basis"":""analysis"",""source_refs"":[]},{""text"":""Om väsentlig information blir svår att urskilja i ett dåligt avgränsat underlag kan prövningsmyndigheten behöva begära en tydligare eller kompletterad MKB."",""basis"":""source"",""source_refs"":[""MB""]}]}"
R-B20-060-01,B20-060,B20 – Samråd och miljöbedömning,Slutför utredningar och MKB,"MKB:n brister i kumulativa effekter, nollalternativ eller sammanfattning",Underlagsbrist & data,Sökande & ansökan,"MKB:n enligt 6 kap. 35–38 §§ MB och 15–19 §§ MBD ska redovisa de uppgifter som är relevanta för den aktuella miljöbedömningen. Exempel på materiella brister är otillräcklig redovisning av kumulativa effekter, nollalternativ, Natura 2000-frågor eller den icke-tekniska sammanfattningen. Följden beror på bristens betydelse och möjlighet till komplettering.","NJA 2009 s. 321, mål T 3126-07, visar att väsentliga brister i en miljökonsekvensbeskrivning, däribland en otillräcklig alternativredovisning, kan utgöra processhinder. I HFD 2024 not. 60, mål 4941-23, åberopade de sökande bland annat brister avseende kumulativa effekter, Natura 2000-underlag, icke-teknisk sammanfattning och alternativ. HFD fann att regeringens beslut skulle stå fast.","Noden själv, B20-090 (kvalitetssäkringen) och nedströms samtliga ansöknings- och prövningsprocesser (B30, B40, B50) samt överklaganden i B70.","Strukturera MKB-arbetet efter MBD:s innehållskrav med särskilt ansvariga för de integrerande avsnitten (kumulativt, nollalternativ, Natura 2000, sammanfattning). Låt extern kvalitetsgranskare testa dokumentet mot rättspraxis innan det lämnas in.","MB | MBD | NV_EIA | NATURA | EXT: HD – NJA 2009 s. 321, mål T 3126-07 https://www.domstol.se/hogsta-domstolen/avgoranden2/2009/38669/ | EXT: HFD 2024 not. 60, mål 4941-23 https://www.domstol.se/hogsta-forvaltningsdomstolen/avgoranden2/2024/153769/",S0_current_2026,"{""causes"":[{""text"":""MKB:n missar redovisning av indirekta och kumulativa effekter enligt 6 kap. 35–38 §§ MB."",""basis"":""source"",""source_refs"":[""MB""]},{""text"":""MKB:n innehåller otillräcklig redovisning av nollalternativets relevans enligt 6 kap. 35–38 §§ MB."",""basis"":""source"",""source_refs"":[""MB""]},{""text"":""MKB:n saknar eller har bristfällig redovisning av det underlag som behövs för en Natura 2000-prövning enligt 6 kap. 36 § miljöbalken."",""basis"":""source"",""source_refs"":[""MB"",""NATURA""]},{""text"":""Den icke-tekniska sammanfattningen är bristfällig enligt kraven i miljöbalken och dess förordningar."",""basis"":""source"",""source_refs"":[""MBD""]}],""event"":{""rubrik"":""MKB:n brister i kumulativa effekter, nollalternativ eller sammanfattning""},""effects"":[{""text"":""Väsentliga initiala brister utgör processhinder enligt praxis från NJA 2009 s. 321."",""basis"":""source"",""source_refs"":[""EXT: HD – NJA 2009 s. 321, mål T 3126-07 https://www.domstol.se/hogsta-domstolen/avgoranden2/2009/38669/""]},{""text"":""Handläggningen förlängs genom kompletteringskrav eller återförvisning av ärendet."",""basis"":""analysis"",""source_refs"":[]},{""text"":""Ansökan kan avvisas om en väsentlig brist i MKB:n kvarstår efter att sökanden har fått möjlighet att avhjälpa den."",""basis"":""source"",""source_refs"":[""EXT: HD – NJA 2009 s. 321, mål T 3126-07 https://www.domstol.se/hogsta-domstolen/avgoranden2/2009/38669/""]}]}"
R-B20-060-02,B20-060,B20 – Samråd och miljöbedömning,Slutför utredningar och MKB,Säsongs- och väderstörningar slår ut fältinventeringar,Klimat & naturhändelse,Extern & omvärld,Fältundersökningar kan vara bundna till biologiskt eller hydrologiskt relevanta perioder. Om väder eller årstidsförhållanden hindrar ett planerat tillfälle kan ytterligare fältarbete behövas när förhållandena åter är lämpliga. Omfattningen och tidseffekten beror på metodkraven i det enskilda projektet.,"Fältinventeringar kan vara beroende av artens aktivitet, väder och biologisk säsong. Om ett nödvändigt fälttillfälle inte kan genomföras kan underlaget behöva kompletteras vid ett senare lämpligt tillfälle.","Noden själv, B20-090 och nedströms artskydds-, Natura 2000- och tillståndsprövningar i B30/B40/B50.","Planera redundans i inventeringsprogrammet: fler säsonger än minimikravet, alternativa metoder (DNA-provtagning, automatiska logger, satellitdata) som komplement, och start av fältarbete så tidigt som möjligt i B20-spåret.",MB | MBD | ART | ARTSKYDD | NV_EIA,S0_current_2026,"{""causes"":[{""text"":""Nödvändig säsongsbunden inventering kan inte genomföras, så att MKB:n saknar uppgifter som behövs för att bedöma verksamhetens miljöeffekter."",""basis"":""source"",""source_refs"":[""MB""]},{""text"":""Sen årstidsväxling hindrar fältarbete under biologiskt relevanta perioder för artaktivitet."",""basis"":""analysis"",""source_refs"":[]},{""text"":""Naturförhållandena gör att ett nödvändigt fälttillfälle inte kan genomföras enligt säsongsplanen."",""basis"":""analysis"",""source_refs"":[]}],""event"":{""rubrik"":""Säsongs- och väderstörningar slår ut fältinventeringar""},""effects"":[{""text"":""MKB-arbetet senareläggs tills förhållandena åter är lämpliga för fältarbete."",""basis"":""analysis"",""source_refs"":[]},{""text"":""Underlaget blir svagare om det inte kan kompletteras vid ett senare tillfälle."",""basis"":""analysis"",""source_refs"":[]},{""text"":""Prövningen kan leda till kompletteringskrav på grund av bristande underlag för den aktuella säsongen."",""basis"":""source"",""source_refs"":[""MB""]}]}"
R-B20-060-03,B20-060,B20 – Samråd och miljöbedömning,Slutför utredningar och MKB,Komplex effektmodellering ifrågasätts i prövningen,Teknisk komplexitet,Sökande & ansökan,"MKB:ns effektbedömningar bygger på tekniska modeller vars osäkerheter är inneboende: spridningsmodeller för luft och vatten, bullerberäkningar, landskapsanalyser, metodval för kumulativ påverkan. När motparter anlitar egna experter blir modellval, indata och känslighetsanalyser föremål för teknisk tvist som domstolen måste ta ställning till. En verksamhetsutövare som inte kan försvara sina metodval med transparent dokumentation och känslighetsanalys förlorar trovärdighet för hela underlaget, även där det är starkt. Detta gäller särskilt projekt med många samverkande effekter – industrietableringar, gruvor, stora vindkraftsparker.","När en tillåtlighetsbedömning beror på en teknisk modell måste underlaget vara tillräckligt för prövningen enligt 2 kap. och 6 kap. miljöbalken. NJA 2009 s. 321, mål T 3126-07, visar den processuella följden av ett väsentligt otillräckligt MKB-underlag.","Noden själv, B20-090 samt prövning och överklagande i B30/B40/B50 och B70.","Använd etablerade och granskade metoder, dokumentera osäkerheter med känslighets- och scenarieanalyser, låt oberoende experter granska modellerna före inlämning, och presentera resultaten så att icke-specialister kan följa resonemangen.","MB | MBD | NV_EIA | EXT: HD – NJA 2009 s. 321, mål T 3126-07 https://www.domstol.se/hogsta-domstolen/avgoranden2/2009/38669/",S0_current_2026,"{""causes"":[{""text"":""Motparter anlitar egna experter som ifrågasätter metodvalet för effektbedömningen."",""basis"":""analysis"",""source_refs"":[]},{""text"":""Modellunderlaget redovisar inte indata, antaganden och känslighetsanalyser så tydligt att prövningsinstansen kan bedöma de väsentliga miljöeffekterna."",""basis"":""source"",""source_refs"":[""MB""]},{""text"":""Verksamhetsutövaren inte kan försvara sina metodval med transparent dokumentation."",""basis"":""analysis"",""source_refs"":[]}],""event"":{""rubrik"":""Komplex effektmodellering ifrågasätts i prövningen""},""effects"":[{""text"":""Domstolsprocesser förlängs på grund av tekniska experttvister om modellernas tillförlitlighet."",""basis"":""analysis"",""source_refs"":[]},{""text"":""Krav ställs på nya beräkningar och kompletterande utredningar för att säkerställa underlagets kvalitet."",""basis"":""analysis"",""source_refs"":[]},{""text"":""Om modellbristerna är väsentliga och inte kan avhjälpas under handläggningen kan MKB-bristen utgöra ett processhinder."",""basis"":""source"",""source_refs"":[""EXT: HD – NJA 2009 s. 321, mål T 3126-07 https://www.domstol.se/hogsta-domstolen/avgoranden2/2009/38669/""]}]}"
R-B20-070-01,B20-070,B20 – Samråd och miljöbedömning,Ta fram förenklat miljöunderlag,Det förenklade underlaget underkänns vid ansökan,Rättslig osäkerhet,Sökande & ansökan,"Det förenklade underlaget enligt 6 kap. 47 § MB är avsett för verksamheter där betydande miljöpåverkan inte kan antas. Men den slutliga bedömningen av underlagets tillräcklighet ligger hos den myndighet eller domstol som prövar ansökan, inte hos den som tog fram det. Om underlaget är för magert – t.ex. saknar redovisning av samrådet eller av effekter som visar sig ha större räckvidd än antaget – kan prövningsmyndigheten kräva en fullständig MKB. Projektet måste då i efterhand genomföra avgränsningssamråd och komplett miljöbedömning, fast i ett läge där ansökan redan lämnats och parter engagerats.","NJA 2009 s. 321, mål T 3126-07, visar att prövningsinstansen själv måste bedöma om miljöunderlaget uppfyller kraven och att en väsentlig initial brist kan leda till avvisning. Avgörandet gällde en MKB för en tillståndspliktig vattenverksamhet; tillämpningen på ett förenklat underlag måste därför göras med hänsyn till de krav som gäller den aktuella beslutstypen.","Noden själv, B20-G080, B20-090 och ansökningsprövningen i B30/B40 (inklusive C-/anmälningsspåret där underlaget används).","Ta inte genvägar i det förenklade spåret: redovisa samrådet fullständigt, beskriv effekterna med samma strukturella rigor som i en MKB fast i mindre skala, och säkra att länsstyrelsens BMP-beslut dokumenterat matchar det underlag som produceras.","MB | NV_EIA | EXT: HD – NJA 2009 s. 321, mål T 3126-07 https://www.domstol.se/hogsta-domstolen/avgoranden2/2009/38669/",S0_current_2026,"{""causes"":[{""text"":""Prövningsmyndigheten bedömer att underlaget saknar tillräcklig redovisning av de resultat som framkommit under samrådsprocessen."",""basis"":""source"",""source_refs"":[""NV_EIA""]},{""text"":""Prövningsmyndigheten fastslår att de identifierade miljöpåverkansområdena har en större geografisk räckvidd än vad som ursprungligen antogs vid avgränsningen."",""basis"":""analysis"",""source_refs"":[]},{""text"":""Prövningsmyndigheten finner att den tekniska beskrivningen av verksamheten är för vag för att möjliggöra en korrekt bedömning av de väsentliga miljöeffekterna."",""basis"":""analysis"",""source_refs"":[]},{""text"":""Prövningsmyndigheten konstaterar att underlaget inte uppfyller de formella kraven för ett förenklat miljöunderlag enligt 6 kap. 47 § MB."",""basis"":""source"",""source_refs"":[""MB""]}],""event"":{""rubrik"":""Det förenklade underlaget underkänns vid ansökan""},""effects"":[{""text"":""Projektet kan behöva genomföra en fullständig specifik miljöbedömning i efterhand."",""basis"":""analysis"",""source_refs"":[]},{""text"":""Ansökan kan avvisas om en väsentlig initial brist i miljöunderlaget inte kan avhjälpas under handläggningen."",""basis"":""source"",""source_refs"":[""EXT: HD – NJA 2009 s. 321, mål T 3126-07 https://www.domstol.se/hogsta-domstolen/avgoranden2/2009/38669/""]},{""text"":""Projektet kan behöva genomföra avgränsningssamråd och ny utredningsfas efter att ansökan redan lämnats in."",""basis"":""analysis"",""source_refs"":[]},{""text"":""Tidsplanen för projektet försenas kraftigt på grund av omstart av bedömningsprocessen."",""basis"":""analysis"",""source_refs"":[]}]}"
R-B20-080-01,B20-080,B20 – Samråd och miljöbedömning,Genomför gränsöverskridande samråd,Översättnings- och remissleder i Esbo-förfarandet drar ut tiden,Myndighetskapacitet & handläggning,Myndighet & prövning,"Om en verksamhet kan antas medföra betydande miljöpåverkan i ett annat land, eller om ett land som kan påverkas betydligt begär det, ska den ansvariga myndigheten informera landet och ge skälig tid att ange om det vill delta. Naturvårdsverket är ansvarig myndighet enligt 21 § MBD, om regeringen inte beslutar annat i det enskilda ärendet. Om landet deltar ska samrådet organiseras så att berörda myndigheter och allmänheten där får minst 30 dagar att lämna synpunkter enligt 23 § MBD. Utrikesdepartementet är inte ett obligatoriskt led i varje ärende.","Ansvarsfördelningen och minimitiden följer av 6 kap. 33 § MB samt 21–24 §§ MBD. Översättning, former och tidsplan bestäms inom det gränsöverskridande samrådet, men får inte beskrivas som en lagstadgad kedja genom Utrikesdepartementet i alla fall.","Noden själv, B20-090 och hela den nedströms ansökningsprocessen (B30/B40/B50) vars slutbeslut inte bör föregå det internationella samrådets slutförande.","Kontakta Naturvårdsverket tidigt, identifiera översättningsbehov och planera minst 30 dagars synpunktstid när ett annat land deltar. Dokumentera också den tid som landet fått för att ta ställning till deltagande.",MB | MBD | EXT: Naturvårdsverket Esbo-rapport Polen/Baltyk https://www.naturvardsverket.se/49f10c/globalassets/media/dokument/esbokonventionen/polen-baltyk-i/esborapport.pdf,S0_current_2026,"{""causes"":[{""text"":""Det gränsöverskridande samrådet kan kräva att de delar av underlaget som behövs för deltagandet översätts."",""basis"":""source"",""source_refs"":[""MBD""]},{""text"":""Den berörda staten begär att delta i samrådsprocessen enligt Esbo-konventionen."",""basis"":""source"",""source_refs"":[""MBD""]},{""text"":""Den berörda statens myndigheter eller allmänhet lämnar synpunkter inom den konventionsenliga tidsramen."",""basis"":""source"",""source_refs"":[""MBD""]},{""text"":""Det kan behövas praktisk samordning mellan Naturvårdsverket, verksamhetsutövaren och andra berörda aktörer; Utrikesdepartementet är inte ett obligatoriskt led i varje Esbo-ärende."",""basis"":""analysis"",""source_refs"":[]}],""event"":{""rubrik"":""Översättnings- och remissleder i Esbo-förfarandet drar ut tiden""},""effects"":[{""text"":""Synpunkter från en berörd stat behöver behandlas innan miljöbedömningen och tillståndsprövningen kan slutföras."",""basis"":""analysis"",""source_refs"":[]},{""text"":""Merkostnader uppstår för översättning och internationell processledning."",""basis"":""analysis"",""source_refs"":[]},{""text"":""Osäkerhet skapas gällande tidsplanen gentemot projektets finansiärer."",""basis"":""analysis"",""source_refs"":[]},{""text"":""Naturvårdsverket kan behöva hantera remissvar från den berörda staten innan beslut kan fattas."",""basis"":""source"",""source_refs"":[""MBD""]}]}"
R-B20-080-02,B20-080,B20 – Samråd och miljöbedömning,Genomför gränsöverskridande samråd,Berörd stats synpunkter tvingar fram projektändringar,Samråd & motstånd,Extern & omvärld,"Esbo-förfarandet är inte bara en informationsskyldighet: den berördes synpunkter ska beaktas i beslutet, och resultatet av överläggningarna ska återkopplas i MKB och beslut. Om en grannstat – av egna miljöskäl eller efter inrikespolitiskt tryck – framför substantiella invändningar om t.ex. gränsvatten, marina livsmiljöer eller sträckande fåglar, måste projektet antingen anpassas eller underbygga sin analys betydligt bättre. Sådana invändningar kommer ofta med krav på fördjupade gemensamma utredningar eller förändrade skyddsåtgärder som påverkar projektets ekonomi och tidsplan. Invändningarna lever vidare som dokumenterat material i den nationella prövningen och eventuella överklaganden.",Esbokonventionens överläggningsmekanism är utformad för att ge berörd stat reellt inflytande över beslutsunderlaget; svensk erfarenhet av gränsöverskridande marina projekt (Naturvårdsverkets Esbo-dokumentation för Östersjön) visar att grannstaters synpunkter kan kräva omarbetade effektanalyser och åtgärdsprogram innan det nationella beslutet kan fattas.,"Noden själv, B20-060 (omarbetad MKB), B20-090 och nedströms prövning samt villkorsutformning i B30/B40/B50.","Behandla grannstaten som en strategisk part redan före formell underrättelse: informell förhandskontakt, gemensamma expertmöten om delade effektvägar, och tidig analys av vilka projektanpassningar som är rimliga om synpunkter kommer.",MB | EXT: Naturvårdsverket Esbo-rapport Polen/Baltyk https://www.naturvardsverket.se/49f10c/globalassets/media/dokument/esbokonventionen/polen-baltyk-i/esborapport.pdf,S0_current_2026,"{""causes"":[{""text"":""Den berörda staten framför substantiella invändningar gällande gränsvatten eller marina livsmiljöer."",""basis"":""analysis"",""source_refs"":[]},{""text"":""Den berörda statens allmänhet utövar inrikespolitiskt tryck som kan leda till formella synpunkter."",""basis"":""analysis"",""source_refs"":[]},{""text"":""De framförda synpunkterna kräver fördjupade gemensamma utredningar för att besvaras."",""basis"":""analysis"",""source_refs"":[]},{""text"":""De gränsöverskridande effekterna är inte tillräckligt utredda innan samrådet med den berörda staten, vilket leder till frågor som det svenska underlaget inte kan besvara."",""basis"":""source"",""source_refs"":[""MB""]}],""event"":{""rubrik"":""Berörd stats synpunkter tvingar fram projektändringar""},""effects"":[{""text"":""Projektets lokalisering, utformning eller skyddsåtgärder kan behöva ändras för att tillgodose synpunkterna."",""basis"":""analysis"",""source_refs"":[]},{""text"":""En reviderad miljökonsekvensbeskrivning (MKB) kan behöva upprättas."",""basis"":""source"",""source_refs"":[""MB""]},{""text"":""Förhandlingsfasen med den berörda staten förlängs påtagligt."",""basis"":""analysis"",""source_refs"":[]},{""text"":""Projektets förhandlingsposition gentemot finansiärer och kunder försvagas."",""basis"":""analysis"",""source_refs"":[]}]}"
R-B20-090-01,B20-090,B20 – Samråd och miljöbedömning,Kvalitetssäkra miljöunderlaget mot ansökningsramen,Glapp mellan MKB och teknisk ansökan upptäcks i prövningen,Underlagsbrist & data,Sökande & ansökan,"Kvalitetssäkringen ska säkerställa att det finns en obruten kedja från samrådssynpunkter och avgränsningsbeslut via MKB:ns effektbedömningar till de konkreta villkorsförslag och skyddsåtgärder som ansökan yrkar på. I praktiken tas MKB och teknisk ansökan ofta fram av olika team – miljökonsulter respektive projekteringsledning – och glapp uppstår: åtgärder som MKB:n förutsätter saknas i villkorsförslagen, eller kapacitet och driftfall skiljer sig åt mellan dokumenten. Prövningsmyndigheter och klagande granskar just dessa inkonsekvenser, och ett upptäckt glapp kan diskreditera hela underlaget även där det i övrigt håller.","Ansökan och MKB:n måste tillsammans ge ett tillräckligt och spårbart underlag för den verksamhet som faktiskt söks. NJA 2009 s. 321, mål T 3126-07, visar att en väsentlig initial MKB-brist kan leda till avvisning.","Noden själv och nedströms B20-END med handoff till B30-START/B40/B50, där glappet aktualiseras som kompletteringskrav eller grund för återförvisning och överklagande.",Inför en spårbarhetsmatris som länkar varje samrådssynpunkt → avgränsningsställningstagande → MKB-avsnitt → villkorsförslag. Genomför en gemensam slutgranskning av MKB och teknisk ansökan med samma granskningslag före inlämning.,"MB | MBD | NV_PERMIT | NV_EIA | EXT: HD – NJA 2009 s. 321, mål T 3126-07 https://www.domstol.se/hogsta-domstolen/avgoranden2/2009/38669/",S0_current_2026,"{""causes"":[{""text"":""Villkorsförslag i ansökan motsvarar inte de åtgärder som MKB:n har identifierat som nödvändiga."",""basis"":""analysis"",""source_refs"":[]},{""text"":""Den tekniska beskrivningen av kapacitet eller driftfall skiljer sig från vad som framkommit under samråd och avgränsning."",""basis"":""analysis"",""source_refs"":[]},{""text"":""Spårbarhetskedjan mellan samrådssynpunkter och ansökan bryts eftersom olika team har tagit fram dokumenten."",""basis"":""analysis"",""source_refs"":[]},{""text"":""MKB:n och den tekniska ansökan beskriver olika versioner av projektets omfattning, driftfall eller skyddsåtgärder."",""basis"":""source"",""source_refs"":[""MB"",""MBD""]}],""event"":{""rubrik"":""Glapp mellan MKB och teknisk ansökan upptäcks i prövningen""},""effects"":[{""text"":""Prövningsmyndigheten ställer kompletteringskrav på underlaget."",""basis"":""analysis"",""source_refs"":[]},{""text"":""Frågan om kompletterat eller förnyat samråd aktualiseras om avvikelsen är så väsentlig att det tidigare samrådet inte längre motsvarar den sökta verksamheten."",""basis"":""analysis"",""source_refs"":[]},{""text"":""Beslutet försenas på grund av behovet av att åtgärda bristerna."",""basis"":""analysis"",""source_refs"":[]},{""text"":""Ansökan riskerar att avvisas eller återförvisas för ny handläggning i allvarliga fall."",""basis"":""source"",""source_refs"":[""EXT: HD – NJA 2009 s. 321, mål T 3126-07 https://www.domstol.se/hogsta-domstolen/avgoranden2/2009/38669/""]}]}"
R-B20-090-02,B20-090,B20 – Samråd och miljöbedömning,Kvalitetssäkra miljöunderlaget mot ansökningsramen,Projektet har förändrats utan att samrådet förnyats,Överklagande & rättsprocess,Sökande & ansökan,"Projektets omfattning, teknik eller lokalisering kan ändras under utrednings- och MKB-arbetet. Om ändringen är så väsentlig att det genomförda samrådet inte längre motsvarar den sökta verksamheten kan samrådet eller underlaget behöva kompletteras. Tidsutdräkt i sig medför däremot inte något generellt krav på förnyat samråd enligt HFD 2024 not. 60. Bedöm därför ändringens betydelse, vilka som berörs och om miljöeffekterna fortfarande omfattas av samrådet innan ansökan lämnas in.","I HFD 2024 not. 60, mål 4941-23, invände de sökande att ett nytt samråd krävdes när ärendet återupptogs efter återförvisning. HFD fann att utredningen var tillräcklig och att tidsutdräkten i sig inte medförde något generellt krav på förnyat samråd. I ÖM 12531-22 hade en särskilt berörd tillståndshavare inte omfattats av avgränsningssamrådet, men MÖD fann under de särskilda omständigheterna att bristen inte var så allvarlig att ansökan skulle avvisas.","Noden själv, hela B20-spåret retroaktivt (B20-040, B20-060) och nedströms ansökningsprocesser i B30/B40/B50 samt överklaganden i B70.","Inför en ändringslogg över projektparametrar med tröskelbedömning: varje väsentlig ändring utlöser en formell prövning av behovet av förnyat samråd, dokumenterad och avstämd med länsstyrelsen. Låt kvalitetssäkringen verifiera att ansökan och samrådsunderlag beskriver samma projekt.","MB | NV_EIA | EXT: HFD 2024 not. 60, mål 4941-23 https://www.domstol.se/hogsta-forvaltningsdomstolen/avgoranden2/2024/153769/ | EXT: MÖD – ÖM 12531-22, beslut 22 december 2023 https://www.domstol.se/mark--och-miljooverdomstolen/mark--och-miljooverdomstolens-avgoranden/2023/138757/",S0_current_2026,"{""causes"":[{""text"":""Projektets omfattning, teknik eller lokalisering har ändrats i det tysta mellan samråd och ansökan."",""basis"":""analysis"",""source_refs"":[]},{""text"":""Ändringen är så väsentlig att det genomförda samrådet inte längre motsvarar den sökta verksamheten."",""basis"":""analysis"",""source_refs"":[]},{""text"":""Kvalitetssäkringen upptäcker att miljöeffekterna från den nya versionen inte omfattas av det ursprungliga samrådet."",""basis"":""analysis"",""source_refs"":[]},{""text"":""Tidsutdräkten i sig medför inget generellt krav på förnyat samråd enligt HFD 2024 not. 60, men väsentliga ändringar gör det."",""basis"":""source"",""source_refs"":[""EXT: HFD 2024 not. 60, mål 4941-23 https://www.domstol.se/hogsta-forvaltningsdomstolen/avgoranden2/2024/153769/""]}],""event"":{""rubrik"":""Projektet har förändrats utan att samrådet förnyats""},""effects"":[{""text"":""Ett kompletterat eller förnyat samråd kan behöva genomföras."",""basis"":""analysis"",""source_refs"":[]},{""text"":""En omarbetad miljökonsekvensbeskrivning (MKB) krävs."",""basis"":""analysis"",""source_refs"":[]},{""text"":""Risken för avvisning eller återförvisning ökar om en väsentlig brist kvarstår vid prövningen."",""basis"":""source"",""source_refs"":[""EXT: MÖD – ÖM 12531-22, beslut 22 december 2023 https://www.domstol.se/mark--och-miljooverdomstolen/mark--och-miljooverdomstolens-avgoranden/2023/138757/""]},{""text"":""Projektet står inför osäkerhet kring om ansökan prövas på underlaget som lämnats in."",""basis"":""analysis"",""source_refs"":[]}]}"
R-B20-G010-01,B20-G010,B20 – Samråd och miljöbedömning,Hur initieras miljöbedömningen?,Fel vald miljöbedömningsväg ger dubbelarbete och omstart,Rättslig osäkerhet,Sökande & ansökan,"I denna vägvalsnod avgörs om miljöbedömningen ska inledas med ett undersökningssamråd och BMP-prövning, om man kan gå direkt på avgränsningssamråd och specifik miljöbedömning, eller om projektet kräver ett särskilt Natura 2000-spår. Väljer man undersökningsspåret för en verksamhet där betydande miljöpåverkan i praktiken är given tillförs ett onödigt led med eget samråd och separat beslut. Väljer man direktspåret för en verksamhet där obligatoriska undersökningskrav enligt miljöbedömningsförordningen gäller kan hela förfarandet ifrågasättas formellt. Missas att projektet ligger inom eller nära ett Natura 2000-område upptäcks tillståndsplikten enligt 7 kap. 28 a § MB först i ett senare skede.","NJA 2013 s. 613, mål T 3158-12, kräver att en Natura 2000-prövning i något skede ger en samlad, fullständig, exakt och slutlig bedömning av de relevanta effekterna. HFD 2024 not. 60 behandlade avgränsningen av berörda Natura 2000-områden och lät regeringens beslut stå fast. Ett sent identifierat Natura 2000-behov kan därför kräva att miljöbedömningsupplägget kompletteras; exakt processföljd beror på ärendet.","Noden själv och grenvalen B20-010/B20-040; vid fel val även B20-030, B20-060 och nedströms hela ansökningsprocessen (B30/B40/B50) där underlaget ska användas.",Gör en tidig screening av MBD:s obligatoriska kategorier och av Natura 2000-beröring (geografisk skärning mot förtecknade områden och bevarandeplaner) innan vägval. Beslutsunderlaget ska dokumentera varför valt spår är rätt. Ta in länsstyrelsens samrådssamordnare i själva vägvalet.,"MB | MBD | NATURA | NV_EIA | EXT: HD – NJA 2013 s. 613, mål T 3158-12 https://www.domstol.se/hogsta-domstolen/avgoranden2/2013/37066/ | EXT: HFD 2024 not. 60, mål 4941-23 https://www.domstol.se/hogsta-forvaltningsdomstolen/avgoranden2/2024/153769/",S0_current_2026,"{""causes"":[{""text"":""Verksamhetsutövaren och länsstyrelsen väljer undersökningssamråd för en verksamhet där betydande miljöpåverkan är given."",""basis"":""analysis"",""source_refs"":[]},{""text"":""Projektet planerar att lämna ett förenklat underlag utan att först ha genomfört den undersökning och fått det BMP-beslut som krävs för den valda vägen."",""basis"":""source"",""source_refs"":[""MB"",""MBD""]},{""text"":""Projektet ligger inom eller nära ett Natura 2000-område som missas vid initial kartläggning."",""basis"":""analysis"",""source_refs"":[]},{""text"":""Projektet kan påverka ett Natura 2000-område men behovet av tillstånd och ett samlat Natura 2000-underlag har inte integrerats i miljöbedömningsvägen."",""basis"":""source"",""source_refs"":[""EXT: HD – NJA 2013 s. 613, mål T 3158-12 https://www.domstol.se/hogsta-domstolen/avgoranden2/2013/37066/""]}],""event"":{""rubrik"":""Fel vald miljöbedömningsväg ger dubbelarbete och omstart""},""effects"":[{""text"":""Förfarandet kan behöva omläggas med nya samråd och nya beslut."",""basis"":""analysis"",""source_refs"":[]},{""text"":""Kalendertid motsvarande ett helt processled förloras."",""basis"":""analysis"",""source_refs"":[]},{""text"":""Risken för formella fel som aktualiseras först vid domstolsprövning ökar."",""basis"":""analysis"",""source_refs"":[]},{""text"":""Miljöbedömningsupplägget kan behöva kompletteras om ett Natura 2000-behov identifieras sent."",""basis"":""source"",""source_refs"":[""EXT: HFD 2024 not. 60, mål 4941-23 https://www.domstol.se/hogsta-forvaltningsdomstolen/avgoranden2/2024/153769/""]}]}"
R-B20-G010-02,B20-G010,B20 – Samråd och miljöbedömning,Hur initieras miljöbedömningen?,Sektorsspår och Natura-kollisioner fångas inte i vägvalet,Sektorssamordning,Sökande & ansökan,"Miljöbedömningens omfattning påverkas av vilka parallella tillstånds- och dispensprocesser projektet drar med sig. Ett vägval som bara utgår från miljöbalkens 6 kapitel missar att sektorsprocesserna har egna samråds- och MKB-krav som måste samordnas för att undvika dubbelarbete eller motstridiga underlag. Ett havsbaserat eller strandnära projekt kan t.ex. kräva strandskyddsdispens, Natura 2000-tillstånd och artskyddsdispens parallellt – alla med egna underlagskrav som bör prägla miljöbedömningen redan vid initieringen. Om gränssnitten inte identifieras här blir miljöbedömningen färdig utan att täcka det underlag sektorsinstanserna behöver.","I beslut den 22 december 2023 i mål ÖM 12531-22 bedömde MÖD att en tillståndshavare som ännu inte hade tagit sitt tillstånd i bruk på ett angränsande havsområde kunde antas bli särskilt berörd och borde ha omfattats av avgränsningssamrådet. Avgörandet visar att beroenden till angränsande tillstånd behöver kartläggas tidigt. MÖD fann samtidigt att bristen, under de särskilda omständigheterna, inte motiverade avvisning.","Noden själv, B20-040 (avgränsningens bredd), B20-060 (MKB:ns innehåll) samt parallella spår i B50 (sektorstillstånd) och B60.",Koppla vägvalet till B10-processens tillståndsmatris så att alla identifierade tillstånd och dispenser speglas i miljöbedömningens planering. Ta fram en gränssnittslista över sektorslagstiftning och låt länsstyrelsen bekräfta samordningsbehovet.,"MB | MBD | NATURA | PBL | STRAND | ARTSKYDD | ELLAG | MINERALLAG | EXT: MÖD – ÖM 12531-22, beslut 22 december 2023 https://www.domstol.se/mark--och-miljooverdomstolen/mark--och-miljooverdomstolens-avgoranden/2023/138757/",S0_current_2026,"{""causes"":[{""text"":""En planerad åtgärd träffas av strandskyddsförbuden och kan därför kräva dispens, men detta parallella behov identifieras inte vid initieringen."",""basis"":""source"",""source_refs"":[""STRAND""]},{""text"":""Projektet omfattar en ledning eller mineralverksamhet för vilken nätkoncession eller ett tillstånd enligt minerallagen krävs, men den separata prövningen vägs inte in i miljöbedömningens upplägg."",""basis"":""source"",""source_refs"":[""ELLAG"",""MINERALLAG""]},{""text"":""Verksamheten utgör en åtgärd som kräver dispens enligt artskyddsbestämmelserna utan att detta gränssnitt beaktas i valet av miljöbedömningsväg."",""basis"":""source"",""source_refs"":[""ARTSKYDD""]},{""text"":""En angränsande tillståndshavare vars rättigheter konkret kan påverkas identifieras inte som särskilt berörd och tas därför inte med i samrådet."",""basis"":""source"",""source_refs"":[""EXT: MÖD – ÖM 12531-22, beslut 22 december 2023 https://www.domstol.se/mark--och-miljooverdomstolen/mark--och-miljooverdomstolens-avgoranden/2023/138757/""]},{""text"":""Miljöbedömningen utformas enbart utifrån miljöbalkens 6 kapitel utan att integrera parallella tillståndsprocessers specifika underlagskrav."",""basis"":""analysis"",""source_refs"":[]}],""event"":{""rubrik"":""Sektorsspår och Natura-kollisioner fångas inte i vägvalet""},""effects"":[{""text"":""Ett sent identifierat sektorskrav kan kräva en separat ansökan eller dispensprövning innan den berörda åtgärden får genomföras."",""basis"":""source"",""source_refs"":[""STRAND"",""ARTSKYDD"",""ELLAG"",""MINERALLAG""]},{""text"":""Det uppstår behov av kompletterande utredningar och förnyade samråd när de missade sektorskraven upptäcks senare i processen."",""basis"":""analysis"",""source_refs"":[]},{""text"":""Det finns en risk för motstridiga bedömningar mellan olika instanser som kan behöva harmoniseras i efterhand, vilket ökar osäkerheten."",""basis"":""analysis"",""source_refs"":[]},{""text"":""Processen fördröjs påtagligt på grund av att gränssnitten mellan miljöbedömning och sektorsprocesser inte var hanterade från start."",""basis"":""analysis"",""source_refs"":[]}]}"
R-B20-G010-03,B20-G010,B20 – Samråd och miljöbedömning,Hur initieras miljöbedömningen?,Pågående reformer gör vägvalet rättsligt rörligt,Politisk & policyrisk,Extern & omvärld,"Noden bygger på 6 kap. 20–23 §§ MB i den lydelse som gäller 2026, men regelverket har just förändrats genom SFS 2026:400 som infört bl.a. nya skriftliga avgränsningsbedömningar och särskilda regler kopplade till lagen (2026:399) om förnybar energi. Projekt som initierar miljöbedömningen nära ikraftträdandet måste avgöra vilken lydelse som ska tillämpas och hur övergångsbestämmelser slår. En verksamhetsutövare som planerar efter gamla rutiner kan välja ett upplägg som inte längre matchar de nya kraven – t.ex. missa att vissa förnybarprojekt nu får bindande avgränsningsbeslut. Osäkerheten om den kommande Miljöprövningsmyndigheten (S1) tillkommer som strukturell förändring av aktörslandskapet.","SFS 2026:400 och lag (2026:399) är författningar publicerade i Svensk författningssamling april 2026; 6 kap. 32 a–32 b §§ MB i ny lydelse inför skriftliga och för förnybar energi delvis bindande avgränsningsbesked, vilket direkt förändrar vad vägvalet ska ta höjd för.","Noden själv och nedströms B20-040, B20-050 (avgränsningsbeslutets karaktär) samt tidsplanen för B20-060.","Gör en uttrycklig lagvalsanalys per projektstartdatum, följ Naturvårdsverkets och länsstyrelsernas tillämpningsvägledningar för de nya bestämmelserna och dokumentera vilket regelverk som tillämpas i varje led.",MB | MBD | SFS2026_400 | RENEWABLE | NEW_AUTH,S0_current_2026,"{""causes"":[{""text"":""Ikraftträdandet av SFS 2026:400 inför nya skriftliga avgränsningsbedömningar som ändrar förutsättningarna för vägvalet under pågående projekt."",""basis"":""source"",""source_refs"":[""SFS2026_400""]},{""text"":""För en verksamhet eller åtgärd för förnybar energi enligt lag (2026:399) gäller det särskilda bindande omfattningsbeslutet i 6 kap. 32 b § miljöbalken."",""basis"":""source"",""source_refs"":[""RENEWABLE"",""MB""]},{""text"":""Verksamhetsutövaren planerar och initierar miljöbedömningen efter gamla rutiner utan att beakta de nya kraven i 6 kap. 32 a–32 b §§ MB."",""basis"":""source"",""source_refs"":[""MBD"",""MB""]},{""text"":""Det uppstår osäkerhet kring vilken lydelse av miljöbalken som ska tillämpas vid övergången mellan gammalt och nytt regelverk."",""basis"":""analysis"",""source_refs"":[]},{""text"":""Den strukturella förändringen med tillkomsten av Miljöprövningsmyndigheten (S1) påverkar aktörslandskapet och handläggningen."",""basis"":""analysis"",""source_refs"":[]}],""event"":{""rubrik"":""Pågående reformer gör vägvalet rättsligt rörligt""},""effects"":[{""text"":""Processupplägget kan behöva omläggas för att matcha de nya rättskraven som gäller vid ikraftträdandet."",""basis"":""source"",""source_refs"":[""MB""]},{""text"":""Det uppstår osäkerhet om vilka avgränsningsbedömningar som blir bindande för den specifika verksamheten."",""basis"":""analysis"",""source_refs"":[]},{""text"":""Det framtagna underlaget riskerar att inte motsvara de krav som gäller när ansökan lämnas in."",""basis"":""analysis"",""source_refs"":[]}]}"
R-B20-G020-01,B20-G020,B20 – Samråd och miljöbedömning,Betydande miljöpåverkan?,Gränsdragningen mellan full MKB och förenklat underlag missbedöms,Rättslig osäkerhet,Sökande & ansökan,"Vägvalsnoden styr om projektet ska producera en fullständig MKB med avgränsningssamråd eller räcker med det förenklade underlaget enligt 6 kap. 47 § MB. Gränsen för 'betydande miljöpåverkan' är en rättslig bedömningsfråga där praxis utvecklats genom prövning i konkreta fall, och olika instanser kan dra den olika. En verksamhetsutövare som går förenklat spår i gränslandet tar en kalkylerad risk: prövningsmyndigheten kan vid ansökan kräva fullständig miljöbedömning, vilket omintetgör det arbete som lagts. Å andra sidan kostar ett onödigt fullspår tid och pengar för projekt som inte behöver det.","NJA 2009 s. 321, mål T 3126-07, anger att MKB:n ska ha den omfattning som behövs i det enskilda fallet och visar följden av en väsentlig initial brist. I HFD 2024 not. 60 prövades flera invändningar mot MKB:n, men HFD fann att regeringens beslut skulle stå fast. Avgörandena visar att underlagets tillräcklighet prövas konkret; de fastställer inte en allmän presumtion för full eller förenklad MKB.",Noden själv och grenvalen B20-040/B20-070; vid missbedömning även B20-060 och hela ansökningsprocessen nedströms.,I gränsfall: välj det säkrare spåret eller avstäm uttryckligen med länsstyrelsen och dokumentera ställningstagandet. Rådfråga extern miljörättslig expertis vid oklarhet och låt beslutet vara reviderbart vid ändrade förutsättningar.,"MB | NV_EIA | EXT: HD – NJA 2009 s. 321, mål T 3126-07 https://www.domstol.se/hogsta-domstolen/avgoranden2/2009/38669/ | EXT: HFD 2024 not. 60, mål 4941-23 https://www.domstol.se/hogsta-forvaltningsdomstolen/avgoranden2/2024/153769/",S0_current_2026,"{""causes"":[{""text"":""Länsstyrelsen beslutar efter undersökningen att betydande miljöpåverkan inte kan antas, och ansökan förbereds därför med ett förenklat underlag enligt 6 kap. 47 § miljöbalken."",""basis"":""source"",""source_refs"":[""MB""]},{""text"":""Länsstyrelsens initiala bedömning eller beslut om vilken miljöbedömning som krävs avviker från prövningsmyndighetens senare ställningstagande."",""basis"":""source"",""source_refs"":[""MB"",""NV_EIA""]},{""text"":""Praxis utvecklas genom konkreta fall där gränsdragningen för 'betydande miljöpåverkan' tolkas olika mellan instanser, vilket skapar osäkerhet."",""basis"":""analysis"",""source_refs"":[]},{""text"":""Verksamhetsutövaren går på det förenklade spåret i ett gränsfall där risken för att myndigheten kräver full MKB är hög."",""basis"":""analysis"",""source_refs"":[]}],""event"":{""rubrik"":""Gränsdragningen mellan full MKB och förenklat underlag missbedöms""},""effects"":[{""text"":""Prövningsmyndigheten kan vid ansökan kräva fullständig miljöbedömning, vilket omintetgör det arbete som lagts ner på det förenklade underlaget."",""basis"":""source"",""source_refs"":[""MB"",""NV_EIA""]},{""text"":""Det uppstår en omläggning mellan spår med förlorade månader av tid för projektet."",""basis"":""analysis"",""source_refs"":[]},{""text"":""Det finns risk för överinvestering i utredningsarbete om ett fullspår väljs onödigt, eller tvärtom bristande underlag vid felaktig förenkling."",""basis"":""analysis"",""source_refs"":[]},{""text"":""I värsta fall kan kompletteringskrav eller avvisning av ansökan ske vid ansökan på grund av bristande underlag."",""basis"":""analysis"",""source_refs"":[]}]}"
R-B20-G080-01,B20-G080,B20 – Samråd och miljöbedömning,Gränsöverskridande påverkan?,Gränsöverskridande påverkan upptäcks för sent,Rättslig osäkerhet,Sökande & ansökan,"Vägvalsnoden ska bedöma om projektet kan antas medföra betydande miljöpåverkan i en annan stat och om Esboförfarandet ska inledas. Om gränsöverskridande påverkan identifieras sent kan översättning, internationellt samråd och anpassning av MKB:n behövas under den pågående processen.","Esbokonventionens krav genomförs i svensk rätt genom 6 kap. miljöbalken, och Naturvårdsverket är svensk kontaktpunkt för gränsöverskridande miljöbedömningar. Om underrättelseskyldigheten bedöms fel kan samråd eller annat processmaterial behöva kompletteras. Polen/Baltyk-rapporten ger ett konkret exempel på hur förfarandet kan genomföras.","Noden själv, B20-080 (Esbo-spåret), B20-090 och nedströms ansökningsprocesser där ett sent aktiverat Esbo-förfarande bryter tidsplanen.","Gör en dokumenterad screening av gränsöverskridande effektvägar (vatten, luft, arter, hav) redan i avgränsningsfasen och rådfråga Naturvårdsverket som kontaktpunkt vid minsta osäkerhet. Lägg Esbo-frågan som standardpunkt i avgränsningssamrådet med länsstyrelsen.",MB | NATURA | EXT: Naturvårdsverket Esbo-rapport Polen/Baltyk https://www.naturvardsverket.se/49f10c/globalassets/media/dokument/esbokonventionen/polen-baltyk-i/esborapport.pdf,S0_current_2026,"{""causes"":[{""text"":""Projektets påverkan på annan stat via vattendrag eller luftburna utsläpp bedöms felaktigt som obefintlig utan ordentlig analys."",""basis"":""analysis"",""source_refs"":[]},{""text"":""Påverkan på fågel- och fiskmigrationsvägar eller havsområden som korsar gränser identifieras inte tidigt nog i processen."",""basis"":""analysis"",""source_refs"":[]},{""text"":""Underrättelseskyldigheten enligt Esboförfarandet bedöms felaktigt och kan leda till att samråd inte inleds i tid."",""basis"":""source"",""source_refs"":[""MB""]},{""text"":""Naturvårdsverket som kontaktpunkt missas eller informeras för sent om den potentiella gränsöverskridande påverkan."",""basis"":""analysis"",""source_refs"":[]}],""event"":{""rubrik"":""Gränsöverskridande påverkan upptäcks för sent""},""effects"":[{""text"":""Ett sent aktiverat internationellt förfarande medför ytterligare översättnings- och remissled i processen."",""basis"":""analysis"",""source_refs"":[]},{""text"":""MKB:n kan behöva revideras för att ta hänsyn till de gränsöverskridande effekterna som identifierats sent."",""basis"":""source"",""source_refs"":[""MB""]},{""text"":""Det kan uppstå rättslig eller diplomatisk friktion med den berörda staten på grund av sen underrättelse."",""basis"":""analysis"",""source_refs"":[]}]}"
R-B20-START-01,B20-START,B20 – Samråd och miljöbedömning,Miljöbedömningsväg initierad,Samrådet initieras för sent – alternativen är redan låsta,Samråd & motstånd,Sökande & ansökan,"Samråd och miljöbedömning ska enligt miljöbalkens 6 kapitel ske medan det fortfarande finns reella alternativ kvar att välja mellan. Om verksamhetsutövaren inväntar interna investeringsbeslut, färdig projektering eller genomförda markköp innan samrådet startas blir samrådet i praktiken en informationsövning snarare än ett reellt inflytande. Sakägare och myndigheter som möter färdigkokta förslag tenderar att formalisera sitt motstånd tidigt, och alternativredovisningen i den kommande MKB:n blir retroaktiv motivering i stället för genuin jämförelse. Det underminerar både samrådets rättssäkerhet och projektets förhandlingsutrymme mot kommun och länsstyrelse. Risken förstärks av att nollalternativ och alternativa lokaliseringar då inte kan redovisas trovärdigt.",Avgränsningssamrådet ska enligt 6 kap. miljöbalken genomföras innan MKB:n färdigställs och ge samrådsparterna möjlighet att påverka vilka miljöeffekter och alternativ som ska utredas. Om projektets lokalisering och utformning redan är praktiskt låsta minskar handlingsutrymmet att bearbeta inkomna alternativ.,"Noden själv samt B20-G010, B20-010, B20-020, B20-040 och indirekt B20-060 (alternativredovisningen i MKB:n) och nedströms ansökningsprocesser i B30–B50.",Starta miljöbedömningsprocessen parallellt med förstudien (B10) innan lokalisering och teknikval låses. Dokumentera i ett alternativbeslut vilka alternativ som är öppna vid samrådets början. Sätt en intern spärr: inget investerings- eller markförvärvsbeslut före inlett samråd. Använd tidig dialog med länsstyrelse för att kalibrera tidpunkten.,MB | NV_EIA,S0_current_2026,"{""causes"":[{""text"":""Miljöbedömningen påbörjas först när lokalisering, teknikval och utformning i praktiken är beslutade inom projektorganisationen."",""basis"":""analysis"",""source_refs"":[]},{""text"":""Samrådet enligt 6 kap. miljöbalken inleds först efter att interna investeringsbeslut eller färdig projektering i praktiken har låst centrala alternativ."",""basis"":""source"",""source_refs"":[""MB"",""NV_EIA""]},{""text"":""Genomförda markköp eller andra bindande åtgärder har skett innan samrådets möjlighet att påverka alternativ har utnyttjats."",""basis"":""analysis"",""source_refs"":[]},{""text"":""Alternativredovisningen i den kommande MKB:n blir en retroaktiv motivering snarare än en genuin jämförelse av reella alternativ."",""basis"":""analysis"",""source_refs"":[]}],""event"":{""rubrik"":""Samrådet initieras för sent – alternativen är redan låsta""},""effects"":[{""text"":""Samrådet blir i praktiken en informationsövning snarare än ett reellt inflytande för samrådsparterna."",""basis"":""analysis"",""source_refs"":[]},{""text"":""Det krävs förnyat eller kompletterande samråd eftersom de ursprungliga alternativen inte längre är reella eller trovärdiga."",""basis"":""analysis"",""source_refs"":[]},{""text"":""Alternativredovisningen kan behöva omarbetas för att spegla de faktiska val som gjorts, vilket tar tid och resurser."",""basis"":""analysis"",""source_refs"":[]},{""text"":""Alternativredovisningen i MKB:n kan behöva kompletteras om den inte visar vilka rimliga alternativ som har studerats och skälen för det val som gjorts."",""basis"":""source"",""source_refs"":[""MB""]}]}"
R-B30-010-01,B30-010,B30 – Miljöfarlig verksamhet,Inventera tillstånds- och ändringshistorik,Oöverblickbar villkorshistorik,Underlagsbrist & data,Myndighet & prövning,"Vid ändring och omprövning måste verksamhetsutövaren enligt 22 kap. 1 d § miljöbalken redovisa villkor som meddelats i tidigare tillstånd och ange deras samband med den aktuella ansökan. En äldre anläggning kan omfattas av flera beslut från olika rättsregimer, där vissa villkor har upphävts, andra skjutits upp under prövotid och ytterligare andra aldrig har aktualiserats. Utan en konsoliderad historik blir det svårt för sökanden och prövningsinstansen att fastställa vilka villkor som gäller och att avgränsa den aktuella prövningen korrekt.",Regeringen framhåller i proposition 2023/24:152 att upprepad användning av ändringstillstånd gör det 'svårt att överblicka vilka villkor som gäller för verksamheten' – ett erkänt strukturellt problem som motiverat reformen med ändringsprövning som huvudregel. Naturvårdsverkets vägledning om tillståndsprövning poängterar att fullständig villkorsredovisning är en förutsättning för effektiv handläggning.,"Noden B30-010 samt nedströms B30-G020, B30-G030, B30-G050 och B30-O120, där historiken styr klassificering, spårval, avgränsning och omprövningsram.","Bygg en konsoliderad tillstånds- och villkorsmatris med diarienummer, rättskraftsdatum och sambandsmarkering per villkor; stäm av mot tillsynsmyndighetens register och ansökningsarkiv innan ansökan formuleras.",MB | NV_PERMIT | EXT: Regeringens proposition 2023/24:152 https://www.riksdagen.se/sv/dokument-och-lagar/dokument/proposition/steg-pa-vagen-mot-en-mer-effektiv-miljoprovning_hb03152/,S0_current_2026,"{""causes"":[{""text"":""Verksamheten har ett grundtillstånd från äldre lagstiftning såsom miljöskyddslagen eller naturvårdslagen."",""basis"":""source"",""source_refs"":[""MB""]},{""text"":""Det finns en lång följd av ändringstillstånd, anmälningar och tillsynsbeslut som aldrig har konsoliderats i ett enda beslut."",""basis"":""analysis"",""source_refs"":[]},{""text"":""Verksamhetsutövaren redovisar inte villkor från tidigare tillstånd eller anger deras samband med den aktuella ansökan enligt 22 kap. 1 d § MB."",""basis"":""source"",""source_refs"":[""MB""]},{""text"":""Vissa villkor har upphävts, skjutits upp under prövetid eller aldrig aktualiserats, vilket gör historiken komplex och svåröverskådlig."",""basis"":""analysis"",""source_refs"":[]}],""event"":{""rubrik"":""Oöverblickbar villkorshistorik""},""effects"":[{""text"":""Prövningsinstansen kan förelägga sökanden att redovisa villkorshistoriken tydligare och korrigera sambandet mellan äldre beslut och den aktuella ansökan."",""basis"":""source"",""source_refs"":[""MB""]},{""text"":""Det finns risk för felaktig prövningsram om man missar att gamla villkor fortfarande gäller eller att nya regler ska tillämpas."",""basis"":""analysis"",""source_refs"":[]},{""text"":""Äldre villkor kan oavsiktligt leva kvar eller felaktigt behandlas som upphävda när villkorshistoriken inte går att följa."",""basis"":""analysis"",""source_refs"":[]},{""text"":""Processen fördröjs i domstolsledet på grund av tvister om vilka villkor som är tillämpliga."",""basis"":""analysis"",""source_refs"":[]}]}"
R-B30-010-02,B30-010,B30 – Miljöfarlig verksamhet,Inventera tillstånds- och ändringshistorik,Äldre beslut saknas i arkiv,Underlagsbrist & data,Myndighet & prövning,"Inventeringen förutsätter att alla relevanta handlingar faktiskt går att hitta. För verksamheter med lång historik – särskilt sådana som bytt ägare eller bolagiserats – saknas ofta originalbeslut, bilagor med tekniska beskrivningar och bevis om delgivning. När handlingarna inte kan återfinnas blir det oklart vilken 'funktionell verksamhet' som prövats, vilket försvårar såväl klassificeringen i B30-G020 som behörighetsbedömningen vid omprövning i B30-GO130, där rätt instans kan bero på vilket tillståndsslag som ursprungligen meddelades.","Behörigheten i en omprövning eller ändringsprövning kan bero på det äldre beslutets klassificering, innehåll och beslutsmyndighet. SOU 2022:33 beskriver hur den efterföljande prövningen knyts till det ursprungliga tillståndet. Om beslutet inte kan identifieras korrekt kan behörighets- och avgränsningsfrågor därför försena ärendet.","Noden B30-010 samt nedströms B30-G020, B30-GO130 och B30-O120.","Rekvirera tidigt handlingar från länsstyrelsens, domstolens och kommunens arkiv, kartlägg ägarkedjan för verksamheten, och låt dokumentera vilka beslut som inte kunnat återfinnas med en juridisk bedömning av konsekvenserna.",MB | EXT: SOU 2022:33 Om prövning och omprövning https://www.riksdagen.se/sv/dokument-och-lagar/dokument/statens-offentliga-utredningar/om-provning-och-omprovning_hab333/,S0_current_2026,"{""causes"":[{""text"":""Ett äldre tillstånds klassificering och beslutsmyndighet behövs för den senare behörighetsbedömningen, men originalbeslutet eller dess bilagor saknas i den inventering som görs."",""basis"":""source"",""source_refs"":[""EXT: SOU 2022:33 Om prövning och omprövning https://www.riksdagen.se/sv/dokument-och-lagar/dokument/statens-offentliga-utredningar/om-provning-och-omprovning_hab333/""]},{""text"":""Bolagsöverlåtelser har lett till att fysiska arkiv med tekniska bilagor och bevis om delgivning inte överförts eller går att lokalisera hos den nuvarande verksamhetsutövaren."",""basis"":""analysis"",""source_refs"":[]},{""text"":""Det saknas tydliga kopplingar i myndighetsregister mellan äldre tillståndsbeslut och dagens organisationsnummer, vilket försvårar identifieringen av rätt beslutsmyndighet."",""basis"":""analysis"",""source_refs"":[]},{""text"":""Verksamhetens historik innefattar flera bolagsbildningar där de ursprungliga tillståndshavarna inte längre existerar som juridiska personer i det aktuella registret."",""basis"":""analysis"",""source_refs"":[]}],""event"":{""rubrik"":""Äldre beslut saknas i arkiv""},""effects"":[{""text"":""Det kan bli oklart vilken instans som är behörig för en senare omprövning när det ursprungliga tillståndsslaget och beslutsmyndigheten inte kan verifieras."",""basis"":""source"",""source_refs"":[""EXT: SOU 2022:33 Om prövning och omprövning https://www.riksdagen.se/sv/dokument-och-lagar/dokument/statens-offentliga-utredningar/om-provning-och-omprovning_hab333/""]},{""text"":""Prövningsinstansen kan behöva initiera omfattande arkivrekvisitioner hos historiska myndighetsarkiv eller privata aktörer för att återfinna förlorade handlingar."",""basis"":""analysis"",""source_refs"":[]},{""text"":""Behörighetstvister uppstår mellan olika domstolsnivåer eller myndigheter gällande vem som ska handlägga ärendet, vilket kan medföra processuella förseningar."",""basis"":""analysis"",""source_refs"":[]},{""text"":""Ansökan riskerar att avvisas om saken inte kan redas ut och den funktionella verksamheten som prövats inte går att fastställa med tillräcklig säkerhet."",""basis"":""analysis"",""source_refs"":[]}]}"
R-B30-060-01,B30-060,B30 – Miljöfarlig verksamhet,Lås prövningsram och gränssnitt,Parallella tillståndsspår missas i gränssnittsmatrisen,Sektorssamordning,Sökande & ansökan,"Noden ska producera en gränssnittsmatris som länkar 9 kap.-prövningen till vatten, Natura 2000, PBL, Seveso, IED och sektorsspår. Missas en koppling – till exempel att utbyggnaden kräver anläggande i vatten, eller att en kemikaliehantering höjer verksamheten över Seveso-tröskeln – kan miljödomstolen antingen inte sammanjämka målen eller tvingas skjuta upp handläggningen i väntan på parallella ansökningar. Sektorstillstånd som upptäcks sent kan också påverka lokaliserings- och utformningsfrågor som miljöprövningen redan tagit ställning till.","Miljöfarlig verksamhet, vattenverksamhet, Natura 2000, Seveso, planfrågor och andra sektorsspår kan ha olika behöriga instanser, underlag och överklagandevägar. Gränssnittsmatrisen måste därför ange vilket beslut som krävs, i vilken ordning och vilka beslut som är beroende av varandra.","Noden B30-060 samt nedströms B30-070, B30-100 och B30-G110, och parallella delprocesser B40 och B50 som kan behöva initieras sent.","Upprätta en obligatorisk gränssnittsmatris tidigt med checklista över samtliga tillståndsregimer (FVV/LVV, NATURA, STRAND, SEVESO, PBL, KML, ELLAG), och samordna ansökningarna så att kombinerade mål kan prövas gemensamt i mark- och miljödomstol.",MB | FVV | NATURA | SEVESO | PBL,S0_current_2026,"{""causes"":[{""text"":""Verksamheten kräver anläggande i vatten vilket utlöser krav på vattenverksamhetsprövning enligt 11 kap. miljöbalken, men detta identifieras inte vid låsningen av prövningsramen."",""basis"":""source"",""source_refs"":[""MB""]},{""text"":""Verksamheten kan påverka ett Natura 2000-område eller omfattas av ett strandskyddsdispenskrav som kräver separat prövning eller särskild bedömning utöver den allmänna miljöprövningen."",""basis"":""source"",""source_refs"":[""MB"",""NATURA""]},{""text"":""Mängden farliga ämnen gör att verksamheten omfattas av Sevesoregler, men den anmälan, säkerhetsrapport eller samordning som gäller för den aktuella kravnivån har inte tagits med i gränssnittsmatrisen."",""basis"":""source"",""source_refs"":[""SEVESO""]},{""text"":""Planfrågor enligt PBL kräver att kommunen eller länsstyrelsen tas in i processen, men dessa gränssnitt missas i den initiala matrisen för sektorsspår."",""basis"":""source"",""source_refs"":[""PBL""]}],""event"":{""rubrik"":""Parallella tillståndsspår missas i gränssnittsmatrisen""},""effects"":[{""text"":""Separata prövningsspår kan behöva samordnas eller tidsättas om när de upptäcks sent, och frågor som inte ligger inom samma instans behörighet kan inte avgöras i ett enda beslut."",""basis"":""analysis"",""source_refs"":[]},{""text"":""Det uppstår behov av kompletterande ansökningar inom andra sektorer som upptäcks sent i processen, vilket försenar hela tillståndsprocessen."",""basis"":""analysis"",""source_refs"":[]},{""text"":""Den berörda åtgärden kan behöva avvakta ett separat Natura 2000-tillstånd, en strandskyddsdispens eller ett beslut enligt annat tillämpligt sektorsregelverk."",""basis"":""source"",""source_refs"":[""NATURA"",""PBL"",""SEVESO""]},{""text"":""Underlaget eller processupplägget kan behöva kompletteras eller göras om om ett sent identifierat parallellspår påverkar prövningsramen eller ett redan meddelat avgörande."",""basis"":""analysis"",""source_refs"":[]}]}"
R-B30-060-02,B30-060,B30 – Miljöfarlig verksamhet,Lås prövningsram och gränssnitt,Prövningsramen låses för snävt,Underlagsbrist & data,Sökande & ansökan,"Prövningsramen dokumenterar vilka delar av verksamheten och vilka äldre villkor som omfattas av prövningen. En alltför snäv ram minskar visserligen underlagsarbetet men skapar sårbarhet: sakägare, länsstyrelsen eller domstolen kan hävda att effekter eller villkor utanför ramen måste in, varvid kompletteringsförelägganden, utökad kungörelse eller återförvisning följer. I kombinerade mål kan en snäv ram dessutom bryta sammanhållningen mellan den miljöfarliga verksamheten och tillhörande vattenverksamhet.",Enligt 22 kap. 1 d § miljöbalken ska en ansökan om omprövning eller om tillstånd att ändra en verksamhet redovisa alla tillståndsbestämmelser och villkor som gäller för verksamheten enligt tidigare tillstånd. Om den sökta ändringen har ett sådant samband med andra anläggningsdelar eller utsläpp att en samlad bedömning behövs kan prövningsramen behöva vidgas under handläggningen.,Noden B30-060 samt nedströms B30-070 (underlagsverifiering) och B30-100 (ansökningens innehåll).,"Låt prövningsramen granskas av både jurist och teknikkonsult mot recipient- och störningsanalys, markera explicit vilka villkor som lämnas utanför och varför, och ha en förberedd plan för att bredda ramen utan att ansökan behöver göras om från grunden.",MB | NV_PERMIT,S0_current_2026,"{""causes"":[{""text"":""Den sökta ändringen påverkar andra delar av verksamheten så att en begränsad prövning kan vara olämplig enligt 16 kap. 2 a § miljöbalken, men prövningsramen dokumenteras ändå som snäv."",""basis"":""source"",""source_refs"":[""MB""]},{""text"":""Ansökan redovisar inte alla tillståndsbestämmelser och villkor som gäller för verksamheten enligt tidigare tillstånd, vilket strider mot kravet på fullständig redovisning."",""basis"":""source"",""source_refs"":[""MB""]},{""text"":""Sakägare eller länsstyrelsen identifierar miljöeffekter som ligger utanför den dokumenterade prövningsramen men som är direkt kopplade till den sökta verksamheten."",""basis"":""analysis"",""source_refs"":[]},{""text"":""I kombinerade mål bryts sammanhållningen mellan den miljöfarliga verksamheten och tillhörande vattenverksamhet på grund av den snäva avgränsningen."",""basis"":""analysis"",""source_refs"":[]}],""event"":{""rubrik"":""Prövningsramen låses för snävt""},""effects"":[{""text"":""Prövningsinstansen utfärdar kompletteringsförelägganden för att få in effekter och villkor som ursprungligen uteslöts från ramen."",""basis"":""source"",""source_refs"":[""MB""]},{""text"":""En utökad kungörelse i domstol krävs för att informera om den vidgade prövningsramen, vilket förlänger processen."",""basis"":""analysis"",""source_refs"":[]},{""text"":""Samråds- och utredningsfasen återöppnas eftersom nya underlag kan behöva tas fram för de effekter som nu omfattas av prövningen."",""basis"":""analysis"",""source_refs"":[]},{""text"":""Den totala handläggningstiden förlängs påtagligt på grund av de extra administrativa momenten och underlagsinsamlingen."",""basis"":""analysis"",""source_refs"":[]}]}"
R-B30-070-01,B30-070,B30 – Miljöfarlig verksamhet,Verifiera miljöbedömning och samråd,MKB:n täcker inte den prövning som faktiskt krävs,Underlagsbrist & data,Sökande & ansökan,"Noden ska säkerställa att B20 genomförts i rätt omfattning för det valda spåret. Brister i exempelvis grundvatten-, recipient-, kumulations- eller alternativunderlag kan medföra att ansökan inte är tillräcklig som beslutsunderlag. Säsongsberoende brister kan behöva rättas vid ett senare lämpligt fälttillfälle.","Miljöbalkens krav på ansökans innehåll och miljökonsekvensbeskrivning innebär att prövningsinstansen måste kunna bedöma den sökta verksamheten och dess miljöeffekter på det ingivna underlaget. Väsentliga brister kan leda till kompletteringsföreläggande eller, om de inte avhjälps, avvisning.",Noden B30-070 samt nedströms B30-100 (ansökan bygger på underlaget) och B30-G110/END60 (domstolsprövningen).,"Gör en formell gap-analys av MKB:n mot det valda spårets krav innan ansökan, säkra att säsongsberoende inventeringar schemalagts med god marginal, och låt en oberoende granskare pröva underlaget mot domstolarnas tillräcklighetskrav.",MB | NV_EIA,S0_current_2026,"{""causes"":[{""text"":""Miljöbedömningen från B20 är framtagen för ett annat prövningsobjekt eller en annan omfattning än den som spårvalet i B30 kräver."",""basis"":""analysis"",""source_refs"":[]},{""text"":""Den sökta verksamheten kan antas medföra betydande miljöpåverkan och kräver därför en specifik miljöbedömning, men projektet har endast tagit fram ett förenklat underlag."",""basis"":""source"",""source_refs"":[""MB""]},{""text"":""Underlaget saknar nödvändiga delar för grundvatten-, recipient- eller kumulationsbedömningar som krävs för att bedöma den sökta verksamheten."",""basis"":""analysis"",""source_refs"":[]},{""text"":""Alternativunderlaget är ofullständigt eller felaktigt jämfört med de krav som ställs på ansökan för det valda spåret."",""basis"":""analysis"",""source_refs"":[]}],""event"":{""rubrik"":""MKB:n täcker inte den prövning som faktiskt krävs""},""effects"":[{""text"":""Ansökan bedöms inte vara tillräcklig som beslutsunderlag eftersom prövningsinstansen inte kan bedöma miljöeffekterna på det ingivna underlaget."",""basis"":""source"",""source_refs"":[""MB""]},{""text"":""Prövningsinstansen utfärdar kompletteringsförelägganden för att få in saknade underlag som grundvatten- eller recipientdata."",""basis"":""analysis"",""source_refs"":[]},{""text"":""Ansökan riskerar att avvisas om de väsentliga bristerna i miljöbedömningen inte kan avhjälpas."",""basis"":""source"",""source_refs"":[""MB""]},{""text"":""Ansökan riskerar att avslås på sakgrund om underlaget inte kan kompletteras till en nivå som möjliggör en positiv bedömning."",""basis"":""analysis"",""source_refs"":[]}]}"
R-B30-070-02,B30-070,B30 – Miljöfarlig verksamhet,Verifiera miljöbedömning och samråd,Förenklat underlag ifrågasätts vid ändring,Rättslig osäkerhet,Sökande & ansökan,"Frågan kan aktualiseras under fullständighetsgranskningen, den fortsatta handläggningen eller vid avgörandet, beroende på processformen.",Naturvårdsverkets vägledning om specifik miljöbedömning anger att bedömningens omfattning ska anpassas till verksamheten och att prövningsmyndigheten bedömer om underlaget är tillräckligt. En för snäv avgränsning kan därför bli en invändning vid prövning eller överklagande.,"Noden B30-070 samt nedströms B30-100 och B30-END60, och uppströms B20 där underlaget producerats.","Dokumentera motiveringen för förenklat underlag med utsläpps- och effektjämförelse mot gällande tillstånd, stäm av omfattningen med prövningsinstansen före inlämning, och förbered data så att underlaget snabbt kan kompletteras om kravet höjs.",MB | NV_EIA | NV_PERMIT,S0_current_2026,"{""causes"":[{""text"":""Prövningsmyndigheten bedömer att underlaget inte är tillräckligt för en förenklad prövning och att fullständig miljöbedömning enligt 6 kap. miljöbalken krävs."",""basis"":""source"",""source_refs"":[""NV_EIA""]},{""text"":""Motparter eller prövningsinstans ifrågasätter den för snäva avgränsningen i det förenklade miljöunderlaget under fullständighetsgranskningen."",""basis"":""analysis"",""source_refs"":[]},{""text"":""Frågan om omfattningen aktualiseras först vid avgörandet eller överklagande, där det framkommer att bedömningens omfattning inte anpassats till verksamheten."",""basis"":""analysis"",""source_refs"":[]},{""text"":""Projektet tillämpar Naturvårdsverkets vägledning utan att anpassa det förenklade underlaget till den aktuella verksamhetens konkreta miljöeffekter."",""basis"":""analysis"",""source_refs"":[]}],""event"":{""rubrik"":""Förenklat underlag ifrågasätts vid ändring""},""effects"":[{""text"":""Det krävs kompletteringar till MKB-nivå mitt i handläggningen, vilket bryter mot den ursprungliga tidsplanen."",""basis"":""analysis"",""source_refs"":[]},{""text"":""Författnings- och kungörelsemoment försenas eftersom nya underlag kan behöva tas fram och publiceras."",""basis"":""analysis"",""source_refs"":[]},{""text"":""Prövningsmyndigheten kan förelägga om komplettering och, om en väsentlig brist inte avhjälps, avvisa ansökan."",""basis"":""source"",""source_refs"":[""MB""]},{""text"":""Processen blir mer resurskrävande och kostsam för både sökande och myndighet på grund av den efterhandsjusteringen av underlaget."",""basis"":""analysis"",""source_refs"":[]}]}"
R-B30-100-01,B30-100,B30 – Miljöfarlig verksamhet,Sammanställ 9 kap.-ansökan,Oprecisa yrkanden stjälper handläggningen,Myndighetskapacitet & handläggning,Sökande & ansökan,"Ansökan enligt 22 kap. 1–1 g §§ MB ska innehålla ett sammanhängande och preciserat underlag för prövningen. Otydliga eller motsägelsefulla uppgifter kan leda till en eller flera kompletteringsrundor och, om väsentliga brister kvarstår, avvisning.","Enligt 22 kap. 2 § miljöbalken får prövningsinstansen förelägga sökanden att avhjälpa brister och avvisa ansökan om föreläggandet inte följs. Naturvårdsverkets statistik för 2024 redovisar för tillståndsmål om miljöfarlig verksamhet i mark- och miljödomstol en median på 474 dagar från ansökan till första avgörande, varav 166 dagar från ansökan till kungörelse och 308 dagar därefter. Uppgifterna avser dessa tidsintervall och innehåller ingen fördelning av ledtiden mellan olika orsaker.",Noden B30-100 samt nedströms B30-G110 och B30-END60 (domstolens/delegationens handläggning).,"Låt en dedikerad redaktör granska ansökan för inre konsistens, verifiera att varje yrkande är mätbart och villkorsbart, och använd domstolens och delegationens checklistor för ansökningshandlingar före inlämning.",MB | COURT_MFV | EXT: Naturvårdsverket – samlad statistik om miljöprövning för år 2024 https://www.naturvardsverket.se/49e4ea/globalassets/vagledning/miljobalken/miljoprovning/samlad-statistik-om-miljoprovning-for-ar-2024.pdf,S0_current_2026,"{""causes"":[{""text"":""Ansökan sammanställs utan preciserade yrkanden om verksamhetens omfattning, utsläppsnivåer och villkor enligt 22 kap. 1–1 g §§ miljöbalken."",""basis"":""source"",""source_refs"":[""MB""]},{""text"":""Det finns inbördes motsägelser mellan den tekniska beskrivningen, miljöbedömningen och villkorsförslaget i ansökan."",""basis"":""analysis"",""source_refs"":[]},{""text"":""Yrkanden och bilagor har tagits fram av olika delteam utan en gemensam kontroll av att de beskriver samma sökta verksamhet."",""basis"":""analysis"",""source_refs"":[]},{""text"":""Yrkandena hänvisar till framtida detaljprojektering eller senare överenskommelser i stället för att ange den ram som ska prövas."",""basis"":""analysis"",""source_refs"":[]}],""event"":{""rubrik"":""Oprecisa yrkanden stjälper handläggningen""},""effects"":[{""text"":""Prövningsinstansen förelägger sökanden att avhjälpa bristerna enligt 22 kap. 2 § miljöbalken."",""basis"":""source"",""source_refs"":[""MB""]},{""text"":""Ansökan riskerar att avvisas om föreläggandet att avhjälpa brister inte följs."",""basis"":""source"",""source_refs"":[""MB""]},{""text"":""Handläggningsmomenten skjuts upp på grund av de nödvändiga kompletteringsrundorna."",""basis"":""analysis"",""source_refs"":[]},{""text"":""Motparter och remissinstanser kan behöva yttra sig på nytt när yrkandena preciseras så sent att prövningsramen förändras."",""basis"":""analysis"",""source_refs"":[]}]}"
R-B30-100-02,B30-100,B30 – Miljöfarlig verksamhet,Sammanställ 9 kap.-ansökan,Villkorsförslagen krockar med tillståndshistoriken,Underlagsbrist & data,Sökande & ansökan,"Vid ändrings- och samlad prövning måste ansökan redovisa förhållandet till tidigare meddelade villkor. Om villkorsförslagen inte tydligt anger vilka gamla villkor som ersätts kan domstolen meddela villkor som overlappar eller motsäger tidigare beslut, eller lämna gamla villkor kvar i kraft som ingen längre vet gäller. Det skapar en osäker och ofta mer betungande villkorsbild än avsett, och kan leda till tillsynskonflikter långt efter det att domen vunnit laga kraft.",Prop. 2023/24:152 beskriver att staplade ändringstillstånd kan göra det svårt att överblicka vilka villkor som gäller. Om villkorshistoriken inte konsolideras och redovisas i ansökningsledet kan samma oöverskådlighet försvåra både prövning och senare tillsyn.,Noden B30-100 samt uppströms B30-010 (tillståndshistoriken) och nedströms hela tillsyns- och uppföljningsfasen efter B30-END60.,"Bifoga en villkorsmatris till ansökan som villkor för villkor anger nytt villkor, ersatt villkor och motiv, och låt tillsynsmyndigheten granska matrisen innan inlämning.",MB | EXT: Regeringens proposition 2023/24:152 https://www.riksdagen.se/sv/dokument-och-lagar/dokument/proposition/steg-pa-vagen-mot-en-mer-effektiv-miljoprovning_hb03152/,S0_current_2026,"{""causes"":[{""text"":""Ansökan innehåller formuleringar av nya villkor som inte explicit refererar till eller upphäver motsvarande äldre villkor i den gällande tillståndshistoriken."",""basis"":""source"",""source_refs"":[""EXT: Regeringens proposition 2023/24:152 https://www.riksdagen.se/sv/dokument-och-lagar/dokument/proposition/steg-pa-vagen-mot-en-mer-effektiv-miljoprovning_hb03152/""]},{""text"":""Prövningen avser en ändring eller sammanställning där det saknas en tydlig redovisning i ansökan om hur de föreslagna villkoren förhåller sig till tidigare meddelade beslut."",""basis"":""source"",""source_refs"":[""MB""]},{""text"":""Det finns en komplex historik av staplade ändringstillstånd som gör det svårt att överblicka vilka villkor som fortfarande gäller utan explicit konsolidering."",""basis"":""analysis"",""source_refs"":[]},{""text"":""Ansökningsunderlaget lämnas in med bristande tydlighet kring vilka gamla villkor som ska ersättas, vilket skapar oklarhet om räckvidden av de nya förslagen."",""basis"":""analysis"",""source_refs"":[]}],""event"":{""rubrik"":""Villkorsförslagen krockar med tillståndshistoriken""},""effects"":[{""text"":""Domstolen meddelar villkor som överlappar eller motsäger tidigare beslut, vilket skapar en osäker och betungande villkorsbild."",""basis"":""source"",""source_refs"":[""EXT: Regeringens proposition 2023/24:152 https://www.riksdagen.se/sv/dokument-och-lagar/dokument/proposition/steg-pa-vagen-mot-en-mer-effektiv-miljoprovning_hb03152/""]},{""text"":""Gamla villkor lämnas kvar i kraft utan att någon längre vet om de gäller, vilket kan medföra dubbla eller motstridiga villkor i kraft samtidigt."",""basis"":""analysis"",""source_refs"":[]},{""text"":""Det uppstår tvister vid tillsyn om vad som gäller, vilket kan medföra behov av nya ansökningar eller omprövningar för att reda ut villkorsbilden."",""basis"":""analysis"",""source_refs"":[]},{""text"":""Tillsynskonflikter uppstår långt efter det att domen vunnit laga kraft på grund av den oklara villkorsbilden."",""basis"":""analysis"",""source_refs"":[]}]}"
R-B30-C100-01,B30-C100,B30 – Miljöfarlig verksamhet,Ta fram C-/ändringsanmälan,Anmälan håller inte för BMP-prövningen,Underlagsbrist & data,Sökande & ansökan,För de verksamheter och åtgärder som räknas upp i 26 a § FMH ska underlaget möjliggöra en BMP-bedömning. Brister kan leda till komplettering; BMP-frågan ska avgöras mot kriterierna i 10–13 §§ MBD.,Naturvårdsverkets vägledning om anmälningsärenden beskriver att tillsynsmyndigheten ska förelägga om tillståndsansökan när verksamheten kan antas medföra betydande miljöpåverkan. Bedömningen måste kunna göras på anmälningsunderlaget; om nödvändiga uppgifter saknas kan myndigheten begära komplettering.,"Noden B30-C100 samt nedströms B30-C110, B30-C120 och B30-GC140 (BMP-bedömningen); vid fel kan B30-060-spåret aktiveras.","Använd tillsynsmyndighetens checklistor för anmälningsinnehåll, bifoga kvantifierade utsläpps- och störningsdata även när lagen inte uttryckligen kräver det, och låt en miljötekniker granska underlaget mot BMP-kriterierna innan inlämning.","FMH | MPF | EXT: Naturvårdsverket, Anmälningsärenden https://www.naturvardsverket.se/vagledning-och-stod/miljobalken/tillsyn-enligt-miljobalken/genomfora-tillsyn/anmalningsarenden/",S0_current_2026,"{""causes"":[{""text"":""Anmälan utformas med bristfälliga uppgifter om teknik, utsläpp eller omgivningspåverkan som hindrar bedömning av betydande miljöpåverkan."",""basis"":""source"",""source_refs"":[""EXT: Naturvårdsverket, Anmälningsärenden https://www.naturvardsverket.se/vagledning-och-stod/miljobalken/tillsyn-enligt-miljobalken/genomfora-tillsyn/anmalningsarenden/""]},{""text"":""Underlaget möjliggör inte en BMP-bedömning enligt 26 a § FMH eftersom nödvändiga uppgifter saknas för att bedöma kriterierna i 10–13 §§ MBD."",""basis"":""source"",""source_refs"":[""FMH""]},{""text"":""Tillsynsmyndigheten kan inte på basis av anmälningsunderlaget fastställa om verksamheten eller ändringen kan antas medföra betydande miljöpåverkan."",""basis"":""analysis"",""source_refs"":[]},{""text"":""Anmälan saknar den detaljnivå som krävs för att myndigheten ska kunna göra en fullständig bedömning utan ytterligare underlag."",""basis"":""analysis"",""source_refs"":[]}],""event"":{""rubrik"":""Anmälan håller inte för BMP-prövningen""},""effects"":[{""text"":""Myndigheten ska förelägga verksamhetsutövaren att ansöka om tillstånd om verksamheten kan antas medföra betydande miljöpåverkan."",""basis"":""source"",""source_refs"":[""FMH""]},{""text"":""Myndigheten begär komplettering av de uppgifter som behövs för BMP-bedömningen, vilket förskjuter den tidigaste möjliga starten."",""basis"":""analysis"",""source_refs"":[]},{""text"":""Ett föreläggande att ansöka om tillstånd ger en väsentligt annan tid- och kostnadsbild än den planerade anmälningsprocessen."",""basis"":""analysis"",""source_refs"":[]},{""text"":""Processen försenas eftersom anmälan kräver komplettering eller övergår till en tillståndsprövning."",""basis"":""analysis"",""source_refs"":[]}]}"
R-B30-C110-01,B30-C110,B30 – Miljöfarlig verksamhet,Lämna anmälan till tillsynsmyndigheten,Anmälan registreras hos fel tillsynsmyndighet,Rättslig osäkerhet,Myndighet & prövning,En anmälan till fel myndighet kan behöva vidarebefordras eller ges in till behörig myndighet. När startkraven börjar löpa måste bedömas enligt den regel som gäller för det aktuella ärendet.,FMH 26–28 §§ och kommunala delegationsordningar kan fördela uppgifter mellan flera organ. Eftersom en anmälan saknar tillståndets rättskraft ger registrering hos fel instans inte skydd mot att rätt instans kräver ny handläggning. Ett överlämnande mellan kommun och länsstyrelse kan därför försena processen.,"Noden B30-C110 samt nedströms B30-C120, B30-GC130 och B30-C170 (startkraven).","Verifiera tillsynsmyndigheten mot FMH:s fördelningsregler och kommunens delegationsordning före inlämning, begär skriftlig bekräftelse på registrering hos behörig instans, och dokumentera vem som mottagit vad.",FMH | MPF | EXT: Regeringens proposition 2023/24:152 https://www.riksdagen.se/sv/dokument-och-lagar/dokument/proposition/steg-pa-vagen-mot-en-mer-effektiv-miljoprovning_hb03152/,S0_current_2026,"{""causes"":[{""text"":""Anmälan lämnas till ett annat organ än den tillsynsmyndighet som enligt den aktuella ansvarsfördelningen ska handlägga verksamheten."",""basis"":""source"",""source_refs"":[""FMH""]},{""text"":""Tillsynsansvaret har överlåtits mellan länsstyrelse och kommun, men projektet använder en äldre mottagaruppgift."",""basis"":""analysis"",""source_refs"":[]},{""text"":""Anmälan registreras hos fel myndighet på grund av oklarhet kring vilken instans som har handläggningsansvaret för den aktuella verksamhetstypen."",""basis"":""analysis"",""source_refs"":[]},{""text"":""Det sker en felaktig hantering av anmälan eftersom startkraven och behörighetsfrågor inte beaktas vid inlämning."",""basis"":""analysis"",""source_refs"":[]}],""event"":{""rubrik"":""Anmälan registreras hos fel tillsynsmyndighet""},""effects"":[{""text"":""Handläggningen enligt FMH behöver ske hos den behöriga tillsynsmyndigheten innan de beslutsknutna startkraven kan anses hanterade."",""basis"":""source"",""source_refs"":[""FMH""]},{""text"":""Det uppstår osäkerhet om när verksamheten får påbörjas; när en tillämplig frist eller ett startkrav aktualiseras måste bedömas enligt regeln för det konkreta ärendet och hanteringen av den feladresserade anmälan."",""basis"":""analysis"",""source_refs"":[]},{""text"":""Det finns en risk att drift startar utan att behörig myndighet prövat ärendet, vilket kan medföra tillsynsåtgärder."",""basis"":""analysis"",""source_refs"":[]},{""text"":""Ett överlämnande mellan kommun och länsstyrelse försenar processen ytterligare genom administrativ hantering av felregistrering."",""basis"":""analysis"",""source_refs"":[]}]}"
R-B30-C120-01,B30-C120,B30 – Miljöfarlig verksamhet,"Utred, komplettera och kommunicera anmälan",Anmälningsärendet saknar slutdatum utanför BMP-fristen,Myndighetskapacitet & handläggning,Myndighet & prövning,"För anmälningar som omfattas av BMP-prövning enligt 26 a § FMH ska beslutet fattas så snart som möjligt och senast sex veckor från anmälan. Fristen får förlängas på grund av verksamhetens art, komplexitet, lokalisering eller omfattning, med information om skälen och nytt slutdatum. För andra anmälningsärenden enligt 27 § FMH finns ingen motsvarande bestämd sexveckorsfrist; de omfattas i stället av förvaltningslagens krav på snabb och effektiv handläggning. Anmälan ger inte samma rättskraft som ett tillstånd.",Skillnaden följer av 26 a–d och 27 §§ FMH. För ett ärende som en enskild har inlett och som inte avgjorts i första instans inom sex månader kan en skriftlig dröjsmålstalan enligt 12 § FL vara tillgänglig; förutsättningarna måste bedömas i det enskilda fallet.,"Noden B30-C120 samt nedströms B30-GC130, B30-GC160 och B30-C170.",Klassificera först om anmälan omfattas av 26 a § FMH. Bevaka då sexveckorsfristen och eventuell formell förlängning. För andra ärenden ska handläggningsläget följas skriftligt och möjligheten till en begäran enligt 12 § FL bedömas när sex månader har gått.,"FMH | FL | SFS2024_963 | EXT: Naturvårdsverket, Anmälningsärenden https://www.naturvardsverket.se/vagledning-och-stod/miljobalken/tillsyn-enligt-miljobalken/genomfora-tillsyn/anmalningsarenden/",S0_current_2026,"{""causes"":[{""text"":""Tillsynsmyndigheten saknar tid eller kompetens att slutföra utredningen av anmälningsärendet."",""basis"":""analysis"",""source_refs"":[]},{""text"":""Anmälan omfattas inte av BMP-prövningen enligt 26 a § FMH och därmed inte av den bestämda sexveckorsfrist för BMP-beslutet som anges i 26 c § FMH."",""basis"":""source"",""source_refs"":[""FMH""]},{""text"":""Ärendet dröjer sig kvar eftersom det inte finns samma strikta tidsgränser för anmälningsärenden som för tillståndsprövning."",""basis"":""analysis"",""source_refs"":[]},{""text"":""Ärendet kräver remiss, komplettering eller teknisk bedömning som fortsätter efter att en eventuell BMP-bedömning har avslutats."",""basis"":""analysis"",""source_refs"":[]}],""event"":{""rubrik"":""Anmälningsärendet saknar slutdatum utanför BMP-fristen""},""effects"":[{""text"":""Projektet kan inte säkert sätta startdatum eftersom ärendet ligger utan avgörande."",""basis"":""analysis"",""source_refs"":[]},{""text"":""Investerings- och entreprenadavtal fördröjs på grund av den osäkra handläggningstiden."",""basis"":""analysis"",""source_refs"":[]},{""text"":""En anmälan ger inte ett tillstånds rättskraft; senare tillsynskrav kan därför aktualiseras om det finns rättslig grund."",""basis"":""source"",""source_refs"":[""EXT: Naturvårdsverket, Anmälningsärenden https://www.naturvardsverket.se/vagledning-och-stod/miljobalken/tillsyn-enligt-miljobalken/genomfora-tillsyn/anmalningsarenden/""]},{""text"":""Om ett ärende som en enskild har inlett inte har avgjorts i första instans inom sex månader kan den enskilde, om förutsättningarna i 12 § förvaltningslagen är uppfyllda, skriftligen begära att myndigheten avgör ärendet."",""basis"":""source"",""source_refs"":[""FL""]}]}"
R-B30-C120-02,B30-C120,B30 – Miljöfarlig verksamhet,"Utred, komplettera och kommunicera anmälan",Yttranden från berörda eskalerar ärendet,Samråd & motstånd,Extern & omvärld,"När tillsynsmyndigheten ger berörda möjlighet att yttra sig över anmälan kan även ett i övrigt okomplicerat C-ärende bli föremål för organiserat motstånd. Invändningar om störningar tvingar myndigheten att fördjupa utredningen, inhämta expertkunskap eller överväga försiktighetsmått, och kan i förlängningen leda till BMP-bedömning eller tillståndsföreläggande. Lokal opinion påverkar inte myndighetens rättsliga bedömning direkt men ökar utredningskraven och den politiska temperaturen kring ärendet.",Berörda ska ges möjlighet att yttra sig i den utsträckning som följer av reglerna för anmälningsärendet. Invändningar från sakägare eller miljöorganisationer kan medföra att underlaget behöver bemötas eller kompletteras och därmed förlänga handläggningen.,"Noden B30-C120 samt nedströms B30-GC130, B30-GC140 och B30-GC160; vid eskalation även tillståndsspåret från B30-060.","Informera berörda grannar proaktivt innan anmälan lämnas, adressera uppenbara störningskällor (buller, lukt, trafik) med konkreta åtgärder redan i underlaget, och svara sakligt och fullständigt på inkomna yttranden.",FMH,S0_current_2026,"{""causes"":[{""text"":""Grannar, miljöorganisationer eller andra sakägare framför invändningar om buller, lukt, trafik eller hälsofaror när de bereds tillfälle att yttra sig."",""basis"":""source"",""source_refs"":[""FMH""]},{""text"":""Anmälningsunderlaget behandlar inte lokala buller-, lukt-, trafik- eller hälsoskyddsfrågor som de berörda känner till från platsen."",""basis"":""analysis"",""source_refs"":[]},{""text"":""Tidigare störningar eller en långvarig förtroendekonflikt gör att berörda lämnar många detaljerade invändningar mot anmälan."",""basis"":""analysis"",""source_refs"":[]},{""text"":""Ett i övrigt okomplicerat C-ärende blir föremål för organiserat motstånd som kräver extra utredningsinsatser."",""basis"":""analysis"",""source_refs"":[]}],""event"":{""rubrik"":""Yttranden från berörda eskalerar ärendet""},""effects"":[{""text"":""Myndigheten beslutar om fördjupad utredning eller försiktighetsmått i stället för en enkel underrättelse."",""basis"":""analysis"",""source_refs"":[]},{""text"":""Tillsynsmyndigheten kan förelägga verksamhetsutövaren att ansöka om tillstånd om förutsättningarna för ett sådant föreläggande är uppfyllda."",""basis"":""source"",""source_refs"":[""FMH""]},{""text"":""Handläggningen förlängs påtagligt på grund av behovet av att bemöta invändningarna och komplettera underlaget."",""basis"":""analysis"",""source_refs"":[]},{""text"":""Grannsämjsklimatet försämras inför kommande tillståndsprocesser på grund av det organiserade motståndet."",""basis"":""analysis"",""source_refs"":[]}]}"
R-B30-C170-01,B30-C170,B30 – Miljöfarlig verksamhet,Uppfyll anmälningsspårets startkrav,Verksamheten startar utan att startkraven uppfyllts,Rättslig osäkerhet,Sökande & ansökan,"En verksamhet eller åtgärd som omfattas av BMP-prövning enligt 26 a § FMH får enligt 26 e § inte påbörjas innan tillsynsmyndigheten beslutat att betydande miljöpåverkan inte kan antas. För viss avfallsbehandling enligt 25 d § krävs dessutom ett föreläggande om försiktighetsmått enligt 27 a §. Tillsynsmyndigheten får enligt 26 f § bestämma en senare starttid. En överträdelse kan föranleda tillsynsåtgärder och, beroende på den konkreta överträdelsen och tillämplig sanktionsbestämmelse, straffansvar eller miljösanktionsavgift. Båda påföljderna får inte förutsättas automatiskt.",Startspärrarna följer av 26 e–f §§ FMH. Straffansvar enligt 29 kap. MB och miljösanktionsavgift enligt 30 kap. MB är skilda system vars rekvisit och regler om dubbelbestraffning måste prövas separat.,Noden B30-C170 samt B30-END70 (anmälningsspårets slut) och indirekt kommande tillstånds- och tillsynsärenden för samma verksamhet.,"Dokumentera det negativa BMP-beslutet, eventuella försiktighetsmått och myndighetens särskilda startdatum innan någon åtgärd påbörjas. Gör en separat sanktionsrättslig bedömning vid avvikelse i stället för att anta en viss påföljd.",FMH | MB,S0_current_2026,"{""causes"":[{""text"":""Verksamhetsutövaren påbörjar driften innan tillsynsmyndigheten beslutat att betydande miljöpåverkan inte kan antas enligt 26 e § FMH."",""basis"":""source"",""source_refs"":[""FMH""]},{""text"":""Projektplanen behandlar registrerad anmälan eller utgången av sex veckor som ett automatiskt startklartecken, trots att 26 e § FMH kräver ett uttryckligt negativt BMP-beslut för verksamheter som omfattas av 26 a §."",""basis"":""source"",""source_refs"":[""FMH""]},{""text"":""För viss avfallsbehandling krävs ett föreläggande om försiktighetsmått enligt 27 a § som ännu inte meddelats."",""basis"":""source"",""source_refs"":[""FMH""]},{""text"":""Tillsynsmyndigheten har bestämt en senare starttid enligt 26 f § FMH som inte respekteras av utövaren."",""basis"":""source"",""source_refs"":[""FMH""]}],""event"":{""rubrik"":""Verksamheten startar utan att startkraven uppfyllts""},""effects"":[{""text"":""Tillsynsmyndigheten kan ingripa mot verksamhetsutövaren om driften har påbörjats i strid med en tillämplig startspärr."",""basis"":""source"",""source_refs"":[""MB""]},{""text"":""Straffansvar enligt 29 kap. MB eller miljösanktionsavgift enligt 30 kap. MB kan föreligga beroende på den konkreta överträdelsen."",""basis"":""source"",""source_refs"":[""MB""]},{""text"":""Tillsynsmyndigheten kan förbjuda fortsatt drift eller förelägga om rättelse om verksamheten har startat i strid med tillämpliga startkrav."",""basis"":""analysis"",""source_refs"":[]},{""text"":""Verksamhetsutövarens trovärdighet försämras, vilket försvårar kommande tillståndsprövningar."",""basis"":""analysis"",""source_refs"":[]}]}"
R-B30-C170-02,B30-C170,B30 – Miljöfarlig verksamhet,Uppfyll anmälningsspårets startkrav,Parallella beslut osynkade med anmälningsspåret,Sektorssamordning,Sökande & ansökan,"Noden kräver att parallella beslut följer med innan start. Ett C-anmälningsärende kan vara fullständigt utrett samtidigt som bygglovet överklagats, strandskyddsdispens saknas för kajen som anmälan gäller, eller Seveso-klassificeringen ändrats av den nya lagringen. Startar verksamheten på miljöanmälan men utan de övriga besluten blir etableringen olaglig trots att 9 kap.-spåret är rent – en klassisk samordningsfälla där varje regelverk har egen aktör och egen tid.","PBL, strandskyddsreglerna och Sevesoreglerna har egna besluts- och överklagandespår som inte automatiskt samordnas med en miljöanmälan. Om ett sådant beslut inte är klart när anmälningsspåret avslutas kan projektets genomförande behöva avvakta.","Noden B30-C170 samt B30-END70 och parallella spår i B50 (PBL, strandskydd, Seveso).","Upprätta en sammanställd beslutsmatris över samtliga regelverk som måste vara i hamn före start, med ansvarig per beslut och statusuppföljning, och synka ansökningstidpunkterna så att besluten förfaller i samma fönster.",FMH | PBL | STRAND | SEVESO,S0_current_2026,"{""causes"":[{""text"":""Bygglovsbeslutet överklagas till behörig överprövningsinstans innan miljöanmälan har registrerats som fullständig, vilket skapar en rättslig osäkerhet kring projektets fysiska grund."",""basis"":""analysis"",""source_refs"":[]},{""text"":""Nödvändig strandskyddsdispens för den planerade åtgärden saknas, har löpt ut eller har nekats, så att åtgärden inte får utföras inom strandskyddsområdet."",""basis"":""source"",""source_refs"":[""STRAND""]},{""text"":""Den nya lagringen medför att verksamheten omfattas av Sevesoregler som inte har hanterats i tid i det parallella säkerhets- och myndighetsspåret."",""basis"":""source"",""source_refs"":[""SEVESO""]},{""text"":""Ett annat nödvändigt sektorsbeslut eller en registrering dröjer, trots att miljöanmälan är färdigbehandlad."",""basis"":""analysis"",""source_refs"":[]},{""text"":""Parallella ansökningar handläggs enligt olika tidplaner, så att ett eller flera nödvändiga beslut ännu inte har vunnit laga kraft när miljöanmälan är färdigbehandlad."",""basis"":""analysis"",""source_refs"":[]}],""event"":{""rubrik"":""Parallella beslut osynkade med anmälningsspåret""},""effects"":[{""text"":""Byggstart eller drift kan mötas av tillsynsingripanden eller krav på rättelse om ett nödvändigt parallellt beslut saknas."",""basis"":""analysis"",""source_refs"":[]},{""text"":""Projektet kan behöva avvakta tills tillämpliga startkrav i de parallella besluten är uppfyllda."",""basis"":""source"",""source_refs"":[""FMH""]},{""text"":""Entreprenörer eller kunder väcker avtalsrättsliga anspråk på skadestånd för dröjsmål eller utebliven leverans."",""basis"":""analysis"",""source_refs"":[]},{""text"":""Anmälningsspåret ger inte i sig rätt att uppföra eller driva en anläggning i strid med andra tillämpliga beslut."",""basis"":""analysis"",""source_refs"":[]}]}"
R-B30-G020-01,B30-G020,B30 – Miljöfarlig verksamhet,"Klassificera A-, B-, C- eller U-verksamhet",Felaktig verksamhetskod väljs,Rättslig osäkerhet,Myndighet & prövning,"Klassificeringen sker genom att identifiera samtliga tillämpliga verksamhetskoder och den högsta relevanta prövningsnivån. Sektorskapitlen i miljöprövningsförordningen är tekniskt detaljerade med kapacitets- och mängdtrösklar, och moderna anläggningar – till exempel energianläggningar med flera bränslen, logistikverksamhet eller kemisk industri med delprocesser – kan träffas av flera koder samtidigt. Väljs fel kod eller fel prövningsnivå kan hela ansökan komma att handläggas i fel spår eller av fel instans, och felet kan aktualiseras först när motparter eller domstolen granskar ansökan.",Miljöprövningsförordningens sektorskapitel ändras över tid och tröskelvärdena måste tillämpas på anläggningens faktiska utformning. Prop. 2023/24:152 behandlar behovet av tydligare gränsdragning. En felklassificering kan innebära att ansökan behöver göras om eller att instansvalet i B30-G110 blir fel.,"Noden B30-G020 samt nedströms B30-G030 (spårval), B30-G110 (instansval) och B30-C100 (anmälningsspår).","Låt både teknisk och juridisk sakkunskap gemensamt gå igenom samtliga potentiella koder, dokumentera tröskelberäkningar (kapacitet, mängder, bränslen), och verifiera klassificeringen med länsstyrelsen eller kommunen vid gränsfall innan spår låses.",MPF | EXT: Regeringens proposition 2023/24:152 https://www.riksdagen.se/sv/dokument-och-lagar/dokument/proposition/steg-pa-vagen-mot-en-mer-effektiv-miljoprovning_hb03152/,S0_current_2026,"{""causes"":[{""text"":""Anläggningen omfattas av flera verksamhetskoder i miljöprövningsförordningen samtidigt, vilket skapar tveksamhet kring vilken kod som ska vara avgörande."",""basis"":""analysis"",""source_refs"":[]},{""text"":""Den faktiska mängden eller kapaciteten för verksamheten ligger nära en tröskelgräns i miljöprövningsförordningen som skiljer tillståndsplikt från anmälningsplikt."",""basis"":""source"",""source_refs"":[""MPF""]},{""text"":""Tolkningen av moderna energianläggningar med flera bränslen kan leda till att sektorskapitlens krav på enskilda delprocesser missbedöms."",""basis"":""analysis"",""source_refs"":[]},{""text"":""Klassificeringen återanvänder en äldre version av miljöprövningsförordningens verksamhetskoder eller tröskelvärden efter att regleringen har ändrats."",""basis"":""source"",""source_refs"":[""MPF""]},{""text"":""Ansökan lämnas in med en verksamhetskod som inte speglar den faktiska utformningen av anläggningen, vilket upptäcks först vid handläggning."",""basis"":""analysis"",""source_refs"":[]}],""event"":{""rubrik"":""Felaktig verksamhetskod väljs""},""effects"":[{""text"":""Den faktiska verksamheten kan omfattas av en annan tillstånds- eller anmälningsnivå och därmed av en annan första instans än den som ansökan bygger på."",""basis"":""source"",""source_refs"":[""MPF""]},{""text"":""Tiden i handläggningskön förloras eftersom en ny ansökan med korrekt klassificering kan behöva lämnas in från grunden."",""basis"":""analysis"",""source_refs"":[]},{""text"":""Underlaget för ansökan kan behöva omarbetas omfattande för att motsvara den korrekta prövningsnivån, vilket ökar kostnaderna."",""basis"":""analysis"",""source_refs"":[]},{""text"":""Rättsosäkerhet uppstår kring om ansökan överhuvudtaget kan handläggas som inlämnad eller om den kan behöva läggas ned."",""basis"":""analysis"",""source_refs"":[]}]}"
R-B30-G020-02,B30-G020,B30 – Miljöfarlig verksamhet,"Klassificera A-, B-, C- eller U-verksamhet",Kombinationsverksamhet höjer prövningsnivån oväntat,Rättslig osäkerhet,Myndighet & prövning,Varje potentiellt tillämplig verksamhetskod och dess uttryckliga beräkningsregel måste tillämpas på den faktiska anläggningen. Om en kod kräver att kapacitet eller delprocesser bedöms på ett annat sätt än projektet antagit kan verksamheten falla under A-nivå med mark- och miljödomstol som första instans. Det innebär ett annat processpår och kan kräva ett omarbetat ansökningsunderlag.,MPF-klassificeringen bestämmer om en miljöfarlig verksamhet prövas som A-verksamhet i mark- och miljödomstol eller som B-verksamhet hos miljöprövningsdelegation. Naturvårdsverkets statistik för avgöranden 2024 anger medianen 474 dagar för tillståndsmål om miljöfarlig verksamhet i mark- och miljödomstol och 322 dagar för motsvarande tillståndsärenden hos miljöprövningsdelegation. Medianerna avser skilda populationer av avgjorda mål och är inte ett kausalt mått på tidskonsekvensen av en omklassificering i ett enskilt projekt.,Noden B30-G020 samt nedströms B30-G110 (instansval) och B30-100 (ansökningsunderlagets omfattning).,"Analysera det funktionella sambandet med intilliggande anläggningar redan vid klassificeringen, simulera alternativa kodtillämpningar, och begär in myndighetens preliminära syn på prövningsnivå vid osäkerhet.",MPF | MMDL | EXT: Naturvårdsverket – Samlad statistik om miljöprövning för år 2024 https://www.naturvardsverket.se/49e4ea/globalassets/vagledning/miljobalken/miljoprovning/samlad-statistik-om-miljoprovning-for-ar-2024.pdf,S0_current_2026,"{""causes"":[{""text"":""Kapaciteten för en delprocess beräknas först separat, men den tillämpliga sektorsbestämmelsen ska tillämpas på hela den anläggning som beskrivs och utfallet når då en A-nivå."",""basis"":""source"",""source_refs"":[""MPF""]},{""text"":""Produktionsvolymen för den planerade verksamheten överskrider trösklarna för B-verksamhet när den ses i samband med andra delar av företaget."",""basis"":""analysis"",""source_refs"":[]},{""text"":""En ny tolkning av den tillämpliga sektorsbestämmelsens beräkningsgrund kan leda till att tidigare separat beräknade verksamhetsdelar måste klassificeras på ett annat sätt."",""basis"":""analysis"",""source_refs"":[]},{""text"":""Projektet har budgeterat för en B-prövning, men den behöriga prövningsmyndigheten gör en annan bedömning av den faktiska verksamhetens omfattning."",""basis"":""analysis"",""source_refs"":[]}],""event"":{""rubrik"":""Kombinationsverksamhet höjer prövningsnivån oväntat""},""effects"":[{""text"":""Första instans byts från miljöprövningsdelegation till mark- och miljödomstol, vilket ändrar hela processens karaktär."",""basis"":""source"",""source_refs"":[""MMDL""]},{""text"":""Byte av instans kan ändra handläggningstiden, men någon projektspecifik tidsökning kan inte härledas enbart från medianer för olika populationer av avgjorda mål och ärenden."",""basis"":""analysis"",""source_refs"":[]},{""text"":""Kravet på miljöbedömningsunderlag kan bli mer omfattande, och en fullständig specifik miljöbedömning krävs om verksamheten kan antas medföra betydande miljöpåverkan."",""basis"":""analysis"",""source_refs"":[]},{""text"":""Projektets tidplan och budget kan behöva omprövas eftersom kostnaderna för A-prövning är betydligt högre än för B-prövning."",""basis"":""analysis"",""source_refs"":[]}]}"
R-B30-G030-01,B30-G030,B30 – Miljöfarlig verksamhet,Fastställ 9 kap.-spår,"Fel spår väljs mellan nytt, frivilligt och förelagt tillstånd",Rättslig osäkerhet,Sökande & ansökan,"Spårvalet styr hela den fortsatta processen: nytt tillstånd, frivillig ansökan för att få rättsskydd för en anmälningspliktig verksamhet, förelagt tillstånd från tillsynsmyndigheten, ändringstillstånd, anmälan eller omprövning. Väljs fel spår – till exempel en anmälan där tillstånd krävs, eller en frivillig ansökan där en obligatorisk prövning snart blir aktuell – kan projektet hamna i dubbla processer eller få ett rättsskydd som snabbt urholkas av omprövningsgrunder. Spårvalet är dessutom svårt att backa ur utan att handläggningen börjar om.","Reglerna om obligatoriskt, förelagt och frivilligt tillstånd finns i 9 kap. 6–6 b §§ miljöbalken. Ändringarna enligt prop. 2023/24:152 genomfördes genom SFS 2024:963 och trädde i kraft den 1 januari 2025, med övergångsregler för äldre mål och ärenden.","Noden B30-G030 samt samtliga fyra nedströms spår: B30-060 (tillståndsspår), B30-G040 (ändringsavgränsning), B30-C100 (anmälningsspår) och B30-O100 (omprövning).","Gör ett dokumenterat spårvalsresonemang med juridisk sakkunskap som prövar alla alternativ mot 9 kap. 6–6 b §§, väg in tillsynsmyndighetens inställning och kommande omprövningsgrunder, och säkra att spårvalet är förenligt med projektets övriga tillståndsbehov.","MB | MPF | NV_PERMIT | SFS2024_963 | EXT: Regeringens proposition 2023/24:152 https://www.riksdagen.se/sv/dokument-och-lagar/dokument/proposition/steg-pa-vagen-mot-en-mer-effektiv-miljoprovning_hb03152/ | EXT: Naturvårdsverket, Anmälningsärenden https://www.naturvardsverket.se/vagledning-och-stod/miljobalken/tillsyn-enligt-miljobalken/genomfora-tillsyn/anmalningsarenden/",S0_current_2026,"{""causes"":[{""text"":""Verksamhetsutövaren missförstår skillnaden mellan obligatorisk tillståndsplikt enligt 9 kap. 6 § miljöbalken och frivillig ansökan enligt 9 kap. 6 b §."",""basis"":""source"",""source_refs"":[""MB""]},{""text"":""Proposition 2023/24:152 och SFS 2024:963 har ändrat reglerna för förelagd tillståndsplikt, vilket skapar osäkerhet kring vilka övergångsregler som gäller."",""basis"":""source"",""source_refs"":[""SFS2024_963"",""EXT: Regeringens proposition 2023/24:152 https://www.riksdagen.se/sv/dokument-och-lagar/dokument/proposition/steg-pa-vagen-mot-en-mer-effektiv-miljoprovning_hb03152/""]},{""text"":""Ansökan rubriceras som frivillig trots att verksamhetens faktiska omfattning eller ändring redan träffas av en bestämmelse om obligatorisk tillståndsplikt."",""basis"":""analysis"",""source_refs"":[]},{""text"":""Verksamhetsutövaren väljer strategiskt ett spår som inte håller vid prövning eftersom kraven för anmälan inte uppfylls i verkligheten."",""basis"":""analysis"",""source_refs"":[]},{""text"":""Tillsynsmyndigheten bedömer att ett föreläggande enligt 9 kap. 6 a § är nödvändigt, vilket tvingar fram en ansökan istället för en anmälan."",""basis"":""source"",""source_refs"":[""MB""]}],""event"":{""rubrik"":""Fel spår väljs mellan nytt, frivilligt och förelagt tillstånd""},""effects"":[{""text"":""Projektet hamnar i dubbla processer där både anmälan och tillståndsansökan hanteras parallellt eller sekventiellt."",""basis"":""source"",""source_refs"":[""MB"",""MPF""]},{""text"":""Handläggningen kan behöva starta om i ett annat spår, vilket kan medföra förlorad handläggningstid och ökade kostnader."",""basis"":""analysis"",""source_refs"":[]},{""text"":""Verksamheten drivs utan rättsskydd under mellantiden om anmälan ogillas eller tillståndet dröjer, vilket ökar den rättsliga risken."",""basis"":""analysis"",""source_refs"":[]},{""text"":""Rättsskyddet för en anmälningspliktig verksamhet blir snabbt urholkat om prövningen visar att tillstånd krävdes från början."",""basis"":""analysis"",""source_refs"":[]}]}"
R-B30-G030-02,B30-G030,B30 – Miljöfarlig verksamhet,Fastställ 9 kap.-spår,Tillsynsmyndigheten förelägger tillstånd mitt i anmälningsstrategin,Myndighetskapacitet & handläggning,Myndighet & prövning,Ett föreläggande enligt 9 kap. 6 a § miljöbalken innebär att verksamhetsutövaren måste lämna in en tillståndsansökan inom den tid som myndigheten anger. Ett underlag som har tagits fram för en anmälan kan då behöva byggas ut för tillståndsprövningen. Föreläggandet kan förenas med vite enligt miljöbalkens tillsynsregler och kan överklagas enligt den ordning som gäller för beslutet.,"Enligt 9 kap. 6 a § miljöbalken får tillsynsmyndigheten, även när tillståndsplikt inte följer av generella föreskrifter, förelägga en verksamhetsutövare att ansöka om tillstånd om verksamheten eller åtgärden kan antas medföra betydande miljöpåverkan. Ett föreläggande kan förenas med vite enligt miljöbalkens tillsynsregler.","Noden B30-G030, anmälningsnoderna B30-C100–B30-C170 som kan falla bort, samt B30-060 och B30-070 som måste aktiveras med nytt underlagsbehov.","Håll löpande dialog med tillsynsmyndigheten om verksamhetens störningsbild, dokumentera proaktivt försiktighetsmått, och förbered ett fallback-upplägg där anmälningsunderlaget är strukturerat så att det kan uppgraderas till ansökningshandlingar.",MB | FMH,S0_current_2026,"{""causes"":[{""text"":""Tillsynsmyndigheten bedömer att verksamheten eller åtgärden kan antas medföra betydande miljöpåverkan enligt 9 kap. 6 a § miljöbalken."",""basis"":""source"",""source_refs"":[""MB""]},{""text"":""Projektet har planerats för anmälningsspåret, men den konkreta utformningen gör att verksamheten kan antas medföra betydande miljöpåverkan och därmed aktualiserar 9 kap. 6 a § miljöbalken."",""basis"":""source"",""source_refs"":[""MB"",""FMH""]},{""text"":""Projektet förbereder en anmälan men myndigheten bedömer att underlaget inte räcker för att utesluta betydande miljöpåverkan."",""basis"":""analysis"",""source_refs"":[]},{""text"":""Ett föreläggande vitesförses, vilket skapar akut tidspress för verksamhetsutövaren att lämna in en ansökan."",""basis"":""analysis"",""source_refs"":[]}],""event"":{""rubrik"":""Tillsynsmyndigheten förelägger tillstånd mitt i anmälningsstrategin""},""effects"":[{""text"":""Processen omställs tvångsmässigt från anmälan till full tillståndsprövning, vilket kräver nya underlag och samråd."",""basis"":""analysis"",""source_refs"":[]},{""text"":""Anmälningsunderlaget behöver byggas ut och anpassas till de innehållskrav som gäller för en tillståndsansökan."",""basis"":""source"",""source_refs"":[""MB""]},{""text"":""Om ett vitesföreläggande inte följs kan myndigheten ansöka om att vitet ska dömas ut; andra sanktioner kräver egen rättslig grund."",""basis"":""analysis"",""source_refs"":[]},{""text"":""Ett överklagande av föreläggandet kan lägga ytterligare en prövning i behörig överinstans ovanpå projektets tidplan."",""basis"":""source"",""source_refs"":[""MB""]}]}"
R-B30-G040-01,B30-G040,B30 – Miljöfarlig verksamhet,"Ändring: tillstånd, anmälan eller ingen ny plikt?",Gränsdragningen mellan tillstånd och anmälan vid ändring brister,Rättslig osäkerhet,Myndighet & prövning,"MPF 1 kap. 11 § anger när en ändring av en tillståndspliktig verksamhet kräver nytt tillstånd och när det räcker med anmälan. Bedömningen bygger på om ändringen kan medföra ökade utsläpp eller andra betydande effekter, vilket är en kvalitativ och ofta tekniskt komplex prognosfråga. Om verksamhetsutövaren anmäler i stället för att söka – och myndigheten eller domstolen senare gör en annan bedömning – kan ändringen ha genomförts utan rättsskydd. Omvänt leder en onödigt försiktig tillståndsansökan till en betydligt tyngre process än lagen kräver.","Gränsen mellan tillstånds- och anmälningsplikt vid ändring följer av miljöbalken, miljöprövningsförordningen och den konkreta verksamhetskoden. Ändringarna enligt prop. 2023/24:152 genomfördes genom SFS 2024:963 och närliggande följdändringar med ikraftträdande den 1 januari 2025.","Noden B30-G040 samt nedströms B30-G050 (ändringstillståndsspår), B30-C100 (anmälningsspår) och B30-END70.","Kvantifiera ändringens utsläpps- och effektförändringar tekniskt, dokumentera bedömningen mot MPF 1 kap. 11 § med referens till tröskelvärden, och inhämta tillsynsmyndighetens skriftliga inställning innan ändringen genomförs.","MPF | MB | SFS2024_963 | EXT: Regeringens proposition 2023/24:152 https://www.riksdagen.se/sv/dokument-och-lagar/dokument/proposition/steg-pa-vagen-mot-en-mer-effektiv-miljoprovning_hb03152/ | EXT: IVA, Vägval för metaller och mineral (2024) https://www.iva.se/contentassets/545315af77354408a81ad8c91979b516/202411-iva-vagval-for-metaller-och-mineral-rapport3-rev4-d.pdf",S0_current_2026,"{""causes"":[{""text"":""Ändringen av en tillståndspliktig verksamhet ligger i gränslandet mellan ändringstillståndsplikt enligt MPF 1 kap. 11 § och anmälningsplikt."",""basis"":""source"",""source_refs"":[""MPF""]},{""text"":""Verksamhetsutövaren och tillsynsmyndigheten gör olika bedömningar av om ändringen kan medföra ökade utsläpp eller andra betydande effekter."",""basis"":""analysis"",""source_refs"":[]},{""text"":""Bedömningen bygger på en kvalitativ och tekniskt komplex prognosfråga kring framtida miljöpåverkan som är svår att förutse exakt."",""basis"":""analysis"",""source_refs"":[]},{""text"":""Proposition 2023/24:152 och SFS 2024:963 har ändrat gränsdragningen för vissa typer av ändringar, vilket skapar osäkerhet kring tillämpningen."",""basis"":""source"",""source_refs"":[""SFS2024_963"",""EXT: Regeringens proposition 2023/24:152 https://www.riksdagen.se/sv/dokument-och-lagar/dokument/proposition/steg-pa-vagen-mot-en-mer-effektiv-miljoprovning_hb03152/""]},{""text"":""IVA:s vägval för metaller och mineral pekar på komplexiteten i att avgöra när en ändring kräver nytt tillstånd jämfört med anmälan."",""basis"":""source"",""source_refs"":[""EXT: IVA, Vägval för metaller och mineral (2024) https://www.iva.se/contentassets/545315af77354408a81ad8c91979b516/202411-iva-vagval-for-metaller-och-mineral-rapport3-rev4-d.pdf""]}],""event"":{""rubrik"":""Gränsdragningen mellan tillstånd och anmälan vid ändring brister""},""effects"":[{""text"":""Rättsosäkerhet uppstår kring om rättsskyddet för den genomförda ändringen är giltigt eller ej."",""basis"":""analysis"",""source_refs"":[]},{""text"":""Om ändringen genomförs utan ett tillstånd som krävdes kan tillsynsingripanden aktualiseras och, om straffrekvisiten är uppfyllda, ansvar för otillåten miljöverksamhet komma i fråga."",""basis"":""source"",""source_refs"":[""MB"",""MPF""]},{""text"":""Onödigt kostsam full tillståndsprövning genomförs trots att en anmälan hade varit tillräcklig enligt lagen."",""basis"":""analysis"",""source_refs"":[]},{""text"":""Ändringen kan behöva återställas eller omprövas om myndigheten eller domstolen senare gör en annan bedömning av påverkan."",""basis"":""analysis"",""source_refs"":[]}]}"
R-B30-G040-02,B30-G040,B30 – Miljöfarlig verksamhet,"Ändring: tillstånd, anmälan eller ingen ny plikt?",Kumulativa ändringar glider över tillståndströskeln,Teknisk komplexitet,Sökande & ansökan,"Noden kräver bedömning av ändringens kumulativa relation till tidigare ändringar. I praktiken sker justeringar löpande i driftsorganisationer: nya recept, förändrade torktemperaturer, ökade batchvolymer, nya lagertankar. Varje enskilt steg kan ligga under anmälnings- eller tillståndströskeln, men den samlade effekten kan innebära att verksamheten över tid avviker från det tillstånd som prövats. När detta uppdagas – vid tillsyn, klagomål eller nästa ansökan – saknas rättsskydd för den faktiska driften, och den rättsliga återställningen kan bli både dyr och dröjande.",Prop. 2023/24:152 beskriver att staplade ändringstillstånd kan göra det svårt att överblicka vilka villkor som gäller. Om den faktiska driften då avviker från den samlade tillståndsbilden kan tillsynsmyndigheten kräva rättelse eller en ny prövning.,Noden B30-G040 samt B30-010 (tillståndshistoriken måste revideras) och B30-O100 (omprövning eller föreläggande kan utlösas).,"Inför en intern ändringshanteringsprocess där varje teknisk justering juridiskt flaggas mot tillståndet, upprätta en löpande ändringslogg som årligen stäms av mot tillstånds- och anmälningsplikten, och gör en samlad kumulativ analys inför varje ny ansökan.",MPF | MB | EXT: Regeringens proposition 2023/24:152 https://www.riksdagen.se/sv/dokument-och-lagar/dokument/proposition/steg-pa-vagen-mot-en-mer-effektiv-miljoprovning_hb03152/,S0_current_2026,"{""causes"":[{""text"":""Flera tidigare ändringar har bedömts var för sig, trots att den aktuella ändringen tillsammans med tidigare ändringar kan antas medföra betydande miljöpåverkan enligt 1 kap. 4 § MPF."",""basis"":""source"",""source_refs"":[""MPF""]},{""text"":""Den samlade effekten av flera separata tekniska ändringar kan leda till att utsläppsvolymer eller verksamhetens karaktär avviker från det ursprungligen prövade tillståndet."",""basis"":""analysis"",""source_refs"":[]},{""text"":""Det saknas en samlad juridisk bedömning av de kumulativa effekterna vid varje enskilt steg i driftorganisationen."",""basis"":""analysis"",""source_refs"":[]}],""event"":{""rubrik"":""Kumulativa ändringar glider över tillståndströskeln""},""effects"":[{""text"":""Den faktiska driften kan sakna täckning i tillståndet; om verksamheten bedrivs uppsåtligen eller av oaktsamhet utan ett tillstånd som krävs kan straffansvar aktualiseras."",""basis"":""source"",""source_refs"":[""MB""]},{""text"":""Tillsynsmyndigheten kan förelägga verksamhetsutövaren att söka det tillstånd som krävs för den samlade ändringen."",""basis"":""source"",""source_refs"":[""EXT: Regeringens proposition 2023/24:152 https://www.riksdagen.se/sv/dokument-och-lagar/dokument/proposition/steg-pa-vagen-mot-en-mer-effektiv-miljoprovning_hb03152/""]},{""text"":""Miljösanktionsavgift eller annan påföljd kan aktualiseras endast om den konkreta driften uppfyller rekvisiten i den tillämpliga sanktionsbestämmelsen."",""basis"":""source"",""source_refs"":[""MB""]}]}"
R-B30-G040-03,B30-G040,B30 – Miljöfarlig verksamhet,"Ändring: tillstånd, anmälan eller ingen ny plikt?",Saknat förhandsbesked gör avgränsningen oenig,Myndighetskapacitet & handläggning,Myndighet & prövning,"Avgränsningsbeslutet i denna nod görs av verksamhetsutövaren och tillsynsmyndigheten i samspel, men det finns ingen formell förhandsprövningsinstans för frågan om tillstånds- eller anmälningsplikt vid ändring. Kommunala miljöförvaltningar och länsstyrelser har varierande kapacitet och praxis för att lämna vägledande besked, och ett muntligt besked har inget rättsligt värde när frågan senare prövas. Projektet kan därför tvingas fatta spårbeslutt på osäker grund, med risk att prövningsinstansen eller domstolen längre fram drar gränsen annorlunda.",Att tillgången till tidig och enhetlig myndighetsvägledning varierar mellan kommuner och län är ett välbelagt strukturproblem i svensk miljöprövning; kommunernas och länsstyrelsernas remissvar på SOU 2024:98 pekar på obligatoriska handläggningsmoment och kapacitetsvariationer som styr utfallet. Avsaknaden av rättskraft hos anmälningsbeslut (prop. 2023/24:152) gör att även ett positivt besked inte skyddar mot senare omprövning.,"Noden B30-G040 samt nedströms B30-G050, B30-C100 och indirekt B30-G110 (instansval bygger på avgränsningen).","Begär skriftliga besked, boka förhandling eller möte med protokoll, eskalera till länsstyrelsen när kommunens besked är oklart, och bygg in marginal i tidplanen för en eventuell uppgradering till tillståndsansökan.",MPF | FMH | EXT: Uppsala kommuns yttrande över SOU 2024:98 https://www.uppsala.se/contentassets/fc9507c4427642ac895d7069a2e164dc/9.-yttrande-over-sou-2024-98---en-ny-samordnad-miljobedomnings-och-tillstandsprovningsprocess-mhn-2025-1997.pdf,S0_current_2026,"{""causes"":[{""text"":""Projektet behöver välja spår utifrån MPF:s regler om ändringens effekter, men har inget bindande förhandsavgörande som fastställer hur den planerade ändringen senare kommer att bedömas."",""basis"":""source"",""source_refs"":[""MPF""]},{""text"":""Olika handläggare inom kommunala miljöförvaltningar eller länsstyrelser ger motstridiga muntliga signaler om prövningsbehovet."",""basis"":""analysis"",""source_refs"":[]},{""text"":""Avsaknaden av en formell förhandsprövningsinstans gör att verksamhetsutövaren kan behöva göra en egen bedömning utan rättslig trygghet."",""basis"":""analysis"",""source_refs"":[]}],""event"":{""rubrik"":""Saknat förhandsbesked gör avgränsningen oenig""},""effects"":[{""text"":""En senare rättslig bedömning kan komma fram till att ändringen krävde tillstånd enligt 1 kap. 4 § eller anmälan enligt 1 kap. 11 § MPF."",""basis"":""source"",""source_refs"":[""MPF""]},{""text"":""Projektet fördröjs medan verksamhetsutövaren inväntar ett klarläggande eller väljer ett mer omfattande ansökningsspår för att hantera osäkerheten."",""basis"":""analysis"",""source_refs"":[]},{""text"":""Ett informellt positivt besked binder inte nödvändigtvis en senare tillsyns- eller tillståndsprövning av den faktiska ändringen."",""basis"":""analysis"",""source_refs"":[]}]}"
R-B30-G050-01,B30-G050,B30 – Miljöfarlig verksamhet,Ändringstillstånd eller nytt samlat tillstånd?,Domstolen finner avgränsningen olämplig,Rättslig osäkerhet,Sökande & ansökan,"Enligt 16 kap. 2 a § miljöbalken ska prövningen vid ändring avgränsas när det är lämpligt, men hela verksamheten prövas om sökanden begär det eller om avgränsning är olämplig. Lämplighetsbedömningen är prognosbaserad och rymmer ett reellt skönsmässigt utrymme. Om domstolen under handläggningen kommer fram till att avgränsningen inte håller – till exempel för att utsläppen från olika anläggningsdelar påverkar samma recipient – kan målet behöva kompletteras med underlag för hela verksamheten eller delvis återförvisas, med kraftigt utökad process som följd.","SOU 2022:33 och prop. 2023/24:152 behandlar svårigheterna att avgränsa ändringsprövningar. Om sambandet mellan anläggningsdelar kräver en samlad bedömning kan prövningens omfattning behöva utvidgas. En samlad prövning kan samtidigt öka överblickbarheten men kräva ett större underlag, vilket gör valet strategiskt känsligt.",Noden B30-G050 samt nedströms B30-060 (prövningsram måste ritas om) och B30-070 (MKB-underlagets omfattning kan bli otillräcklig).,"Analysera det miljömässiga sambandet mellan ändringen och övriga anläggningsdelar recipientvis, dokumentera lämplighetsbedömningen, och överväg proaktivt samlad prövning när verksamheten ändå står inför omprövning eller har många gamla villkor.",MB | EXT: SOU 2022:33 Om prövning och omprövning https://www.riksdagen.se/sv/dokument-och-lagar/dokument/statens-offentliga-utredningar/om-provning-och-omprovning_hab333/ | EXT: Regeringens proposition 2023/24:152 https://www.riksdagen.se/sv/dokument-och-lagar/dokument/proposition/steg-pa-vagen-mot-en-mer-effektiv-miljoprovning_hb03152/,S0_current_2026,"{""causes"":[{""text"":""Sökanden avgränsar ändringsprövningen till en del av verksamheten trots att sambandet med övriga delar är starkt."",""basis"":""source"",""source_refs"":[""MB""]},{""text"":""Prövningsmyndigheten eller domstolen bedömer att avgränsningen är olämplig enligt 16 kap. 2 a § miljöbalken."",""basis"":""source"",""source_refs"":[""MB""]},{""text"":""Utsläpp från olika anläggningsdelar påverkar samma recipient, vilket kräver en samlad bedömning för att prövningen ska vara korrekt."",""basis"":""analysis"",""source_refs"":[]}],""event"":{""rubrik"":""Domstolen finner avgränsningen olämplig""},""effects"":[{""text"":""Målet återförvisas eller kompletteras med underlag för hela verksamheten, vilket utökar processens omfattning kraftigt."",""basis"":""analysis"",""source_refs"":[]},{""text"":""Prövningen kan behöva omfatta hela verksamheten istället för endast den planerade ändringen, vilket kräver nytt och större underlag."",""basis"":""source"",""source_refs"":[""MB""]},{""text"":""Handläggningstiden i domstol förlängs påtagligt på grund av behovet av nya utredningar och kompletteringar."",""basis"":""analysis"",""source_refs"":[]}]}"
R-B30-G050-02,B30-G050,B30 – Miljöfarlig verksamhet,Ändringstillstånd eller nytt samlat tillstånd?,Sent byte till samlad prövning spräcker underlaget,Underlagsbrist & data,Sökande & ansökan,"Ett nytt samlat tillstånd kräver fullständigt underlag för hela verksamheten: komplett miljöbedömning, BAT-bedömning för samtliga processer, och förslag till samtliga villkor. Det är en väsentligt större uppgift än det förenklade underlag som räcker för en avgränsad ändringsprövning. Byts strategin efter att samrådet genomförts eller ansökan lämnats in kan både samrådsunderlag och ansökningshandlingar behöva göras om, och i värsta fall måste ett nytt samråd hållas eftersom samrådskretsen och störningsbilden ändrats.",I MÖD 2022:27 godtogs avvisningen av LKAB:s ansökan eftersom samrådet inte hade avsett hela den sökta verksamheten och bristen inte kunde avhjälpas under prövningen. Om projektet byter från en avgränsad ändringsprövning till ett nytt samlat tillstånd måste samråd och underlag därför kontrolleras mot den utvidgade ansökan.,"Noden B30-G050 samt uppströms B30-070 (miljöunderlag) och nedströms B30-060, B30-100 och B30-G110.","Fatta valet mellan ändrings- och samlad prövning innan samrådet inleds, väg in kommande omprövnings- och BAT-aktuella frågor i beslutet, och strukturera underlaget modulärt så att det kan skalas upp till hela verksamheten vid behov.",MB | NV_EIA | EXT: MÖD 2022:27 – samrådets avgränsning https://www.domstol.se/mark--och-miljooverdomstolen/mark--och-miljooverdomstolens-avgoranden/2022/115382/,S0_current_2026,"{""causes"":[{""text"":""Sökanden inser sent i processen att ett nytt samlat tillstånd är strategiskt bättre än en avgränsad ändringsprövning."",""basis"":""analysis"",""source_refs"":[]},{""text"":""Det befintliga MKB-underlaget och teknikunderlaget är endast framtaget för den ursprungligen planerade ändringen."",""basis"":""analysis"",""source_refs"":[]},{""text"":""Den utvidgade ansökan omfattar fler verksamhetsdelar och miljöeffekter än dem som beskrevs i det genomförda samrådet och det framtagna MKB-underlaget."",""basis"":""source"",""source_refs"":[""MB"",""NV_EIA""]}],""event"":{""rubrik"":""Sent byte till samlad prövning spräcker underlaget""},""effects"":[{""text"":""Samrådsunderlaget och ansökningshandlingarna kan behöva omarbetas för att täcka hela verksamheten enligt kraven för ett nytt samlat tillstånd."",""basis"":""analysis"",""source_refs"":[]},{""text"":""Ett nytt samråd kan behöva hållas eftersom samrådskretsen och störningsbilden ändras vid en utvidgad ansökan."",""basis"":""source"",""source_refs"":[""EXT: MÖD 2022:27 – samrådets avgränsning https://www.domstol.se/mark--och-miljooverdomstolen/mark--och-miljooverdomstolens-avgoranden/2022/115382/""]},{""text"":""Projektspecifik fördröjning uppstår på grund av behovet av en ny ansökningsrunda eller ändrat instansval."",""basis"":""analysis"",""source_refs"":[]}]}"
R-B30-G050-03,B30-G050,B30 – Miljöfarlig verksamhet,Ändringstillstånd eller nytt samlat tillstånd?,Övergången till ändringstillstånd som huvudregel feltolkas,Politisk & policyrisk,Extern & omvärld,"Sedan den 1 januari 2025 ska ett tillstånd vid ändring av miljöfarlig verksamhet enligt 16 kap. 2 a § MB begränsas till ändringen, om ansökan inte avser hela verksamheten eller en begränsad prövning är olämplig. Tidigare villkor utanför ändringen får enligt 24 kap. 8 § justeras om de har samband med ändringen. Äldre regler gäller fortfarande för mål och ärenden som inletts före ikraftträdandet; äldre lydelser av 6 kap. 35 § och 16 kap. 2 a § gäller även när samrådet inför ansökan inleddes före ikraftträdandet. Risken är därför främst att fel regelversion eller fel prövningsomfattning väljs.",Sedan den 1 januari 2025 anger 22 kap. 1 d § miljöbalken att en ansökan om omprövning eller om tillstånd att ändra en verksamhet ska redovisa alla tillståndsbestämmelser och villkor som gäller för verksamheten enligt tidigare tillstånd.,"Noden B30-G050 samt nedströms B30-060 och B30-G110, och uppströms B30-G040 där ändringsavgränsningen görs.","Fastställ när ärendet och samrådet inleddes, dokumentera vilken övergångsregel som gäller och pröva uttryckligen om ett ändringstillstånd är olämpligt enligt 16 kap. 2 a § MB. Avgränsa vilka äldre villkor som har samband med ändringen enligt 24 kap. 8 §.",MB | SFS2024_963 | EXT: Proposition 2023/24:152 https://www.riksdagen.se/sv/dokument-och-lagar/dokument/proposition/steg-pa-vagen-mot-en-mer-effektiv-miljoprovning_hb03152/ | EXT: Betänkande 2024/25:MJU4 https://www.riksdagen.se/sv/dokument-och-lagar/dokument/betankande/steg-pa-vagen-mot-en-mer-effektiv-miljoprovning_hc01mju4/,S0_current_2026,"{""causes"":[{""text"":""De nya reglerna i miljöbalken gör ändringsprövning till huvudregeln när sökanden inte begär prövning av hela verksamheten."",""basis"":""source"",""source_refs"":[""MB""]},{""text"":""Projektet missar att en ändringsprövning ska begränsas till ändringen när ansökan inte avser hela verksamheten, om inte en begränsad prövning är olämplig."",""basis"":""source"",""source_refs"":[""MB"",""SFS2024_963""]},{""text"":""Övergångsbestämmelserna gör att äldre regler gäller för mål inledda före ikraftträdandet, vilket skapar risk för fel regelval."",""basis"":""source"",""source_refs"":[""EXT: Proposition 2023/24:152 https://www.riksdagen.se/sv/dokument-och-lagar/dokument/proposition/steg-pa-vagen-mot-en-mer-effektiv-miljoprovning_hb03152/""]}],""event"":{""rubrik"":""Övergången till ändringstillstånd som huvudregel feltolkas""},""effects"":[{""text"":""Tillståndet begränsas till ändringen när ansökan inte avser hela verksamheten, såvida en begränsad prövning inte bedöms vara olämplig."",""basis"":""source"",""source_refs"":[""MB""]},{""text"":""Underlag framtaget under gamla regler matchar inte de nya kraven för omfattning och redovisning av tillståndsbestämmelser."",""basis"":""analysis"",""source_refs"":[]},{""text"":""Tolkningstvister uppstår kring vilka övergångsbestämmelser som ska gälla för det aktuella ärendet."",""basis"":""analysis"",""source_refs"":[]}]}"
R-B30-G110-01,B30-G110,B30 – Miljöfarlig verksamhet,Behörig första instans?,Kombinerade mål hamnar i fel instans,Rättslig osäkerhet,Myndighet & prövning,Ett överlämnande eller en ny ansökan kan fördröja ärendet; hur tidigare handläggning och underlag kan tillgodoräknas beror på beslutet och mottagande instans.,"Behörigheten för mål och ärenden följer bland annat miljöprövningsförordningen, förordningen om miljöprövningsdelegationer och lagen om mark- och miljödomstolar. När ett projekt omfattar både miljöfarlig verksamhet och vattenverksamhet måste sökanden särskilt kontrollera om frågorna kan eller ska handläggas tillsammans.","Noden B30-G110 samt nedströms B30-END60, och indirekt B40-spåret för vattenverksamhet som kan behöva sammankopplas.","Gör behörighetsanalysen parallellt med klassificeringen i B30-G020, kontrollera mot MPF:s sektorskapitel och MMD-lagens målfördelningsregler, och begär instansens preliminära behörighetsbesked vid gränsfall före formell inlämning.",MPF | MPD | MMDL | COURT_MFV | COURT_WV,S0_current_2026 | S1_actor_override_enacted_2027,"{""causes"":[{""text"":""Ansökan omfattar både miljöfarlig verksamhet och vattenverksamhet, men instansvalet har inte kontrollerats mot reglerna för respektive måltyp och möjlig sambandsprövning."",""basis"":""source"",""source_refs"":[""COURT_MFV"",""COURT_WV""]},{""text"":""Ansökan lämnas in till fel instans, exempelvis miljöprövningsdelegationen trots att målet ska handläggas i mark- och miljödomstolen."",""basis"":""analysis"",""source_refs"":[]},{""text"":""Behörighetsreglerna enligt miljöprövningsförordningen och lagen om mark- och miljödomstolar tolkas felaktigt vid kombinerade mål."",""basis"":""source"",""source_refs"":[""MPF"",""MMDL""]}],""event"":{""rubrik"":""Kombinerade mål hamnar i fel instans""},""effects"":[{""text"":""Ärendet avvisas eller överlämnas till rätt instans, vilket fördröjer handläggningen."",""basis"":""source"",""source_refs"":[""COURT_MFV""]},{""text"":""Förlorad handläggningstid uppstår eftersom tidigare underlag inte alltid kan tillgodoräknas av den mottagande instansen."",""basis"":""analysis"",""source_refs"":[]},{""text"":""Ansökan kan behöva anpassas till den behöriga instansens form- och innehållskrav, vilket kan kräva omarbetning av handlingarna."",""basis"":""analysis"",""source_refs"":[]}]}"
R-B30-G110-02,B30-G110,B30 – Miljöfarlig verksamhet,Behörig första instans?,Övergången till Miljöprövningsmyndigheten kräver uppdaterad ärendeplanering,Myndighetskapacitet & handläggning,Myndighet & prövning,"I S1-scenariot övertar Miljöprövningsmyndigheten prövningen av B-verksamheter den 1 juli 2027. Övergångsbestämmelser och myndigheternas genomförande avgör hur pågående ärenden, handlingar och kontakter hanteras. Projekt som löper över ikraftträdandet behöver därför kontrollera rätt mottagare, aktuella avgifts- och handläggningsregler samt om en tidigare kommunicerad tidplan fortfarande gäller; själva reformen visar inte att ett visst ärende kommer att tas om eller försenas.","Riksdagens beslut om Miljöprövningsmyndigheten och SFS 2026:1442–1444 anger den nya ordningen och ikraftträdandet den 1 juli 2027. Regeringens förberedelseuppdrag KN2026/00526 visar att ärendeöverföringen planeras. Källorna belägger reformen och förberedelserna, men inte någon bestämd försening för enskilda ärenden.","Noden B30-G110 samt nedströms B30-END60 och alla B-ärenden i hela B30, samt omprövningsinstansvalet i B30-GO130.","Tidigarelägg inlämning före 2027-07-01 om möjligt, håll ansökningshandlingarna kompletta och portabla så att de kan tas över utan omarbete, och bevaka övergångsregler och myndighetens vägledning löpande.","SFS2026_1442 | SFS2026_1443 | SFS2026_1444 | NEW_AUTH | EXT: Svenskt Vatten, Riksdagen beslutar om ny myndighet för miljöprövning https://www.svensktvatten.se/om-oss/nyheter-och-press/nyheter/riksdagen-beslutar-om-ny-myndighet-for-miljoprovning/",S0_current_2026 | S1_actor_override_enacted_2027,"{""causes"":[{""text"":""Reformens ikraftträdande den 1 juli 2027 enligt SFS 2026:1442–1444 medför att länsstyrelserna förlorar behörigheten att handlägga B-ärenden."",""basis"":""source"",""source_refs"":[""SFS2026_1442"",""SFS2026_1443""]},{""text"":""Ärenden som har inletts hos en miljöprövningsdelegation och inte avslutats före den 1 juli 2027 ska överlämnas till Miljöprövningsmyndigheten för fortsatt handläggning."",""basis"":""source"",""source_refs"":[""SFS2026_1442""]},{""text"":""Myndigheternas genomförande av ärendeöverföringen skapar osäkerhet kring vilka aktuella handläggningsregler och avgifter som gäller för de överlåtna ärendena."",""basis"":""analysis"",""source_refs"":[]},{""text"":""Projektägare kan behöva verifiera om tidigare kommunicerade tidplaner fortfarande är giltiga efter att mottagaren av ansökan har bytts från länsstyrelse till Miljöprövningsmyndigheten."",""basis"":""analysis"",""source_refs"":[]}],""event"":{""rubrik"":""Övergången till Miljöprövningsmyndigheten kräver uppdaterad ärendeplanering""},""effects"":[{""text"":""Länsstyrelsen ska överlämna handlingarna i det pågående ärendet och Miljöprövningsmyndigheten ska fortsätta handläggningen efter ikraftträdandet."",""basis"":""source"",""source_refs"":[""SFS2026_1442""]},{""text"":""Behovet av ändrad mottagare och kontaktväg kräver uppdaterad ärendeplanering hos projektägaren för att undvika administrativt fel."",""basis"":""analysis"",""source_refs"":[]},{""text"":""Rättsläget kring pågående handläggning blir beroende av hur övergångsbestämmelserna praktiskt tillämpas, vilket kan medföra oförutsedda administrativa hinder."",""basis"":""analysis"",""source_refs"":[]}]}"
R-B30-G110-03,B30-G110,B30 – Miljöfarlig verksamhet,Behörig första instans?,Miljöprövningsdelegationens handläggningstid överskrider projektplanen,Myndighetskapacitet & handläggning,Myndighet & prövning,"I S0 prövas B-verksamheter av miljöprövningsdelegationer, och vissa delegationer har ett geografiskt område som omfattar flera län. Handläggningen innefattar bland annat granskning, eventuell komplettering, kungörelse eller annan kommunicering och beslut. Den förväntade handläggningstiden och delegationens aktuella kapacitet måste bedömas för det enskilda ärendet.","Naturvårdsverkets statistik redovisar handläggningstider hos miljöprövningsdelegationerna, och länsstyrelsernas information visar hur delegationerna är geografiskt organiserade. Den aktuella delegationens kapacitet och handläggningsprognos behöver bedömas för det enskilda ärendet.",Noden B30-G110 samt nedströms B30-END60; fördröjningen propagerar till projektets byggstart och finansieringsbeslut.,"Skicka in komplett ansökan för att undvika kompletteringsvarv, följ upp plats i delegationens sammanträdescykel, och väg in kötiden i projektets kritiska linje redan vid tidplaneringen.","MPD | NV_PERMIT | EXT: Naturvårdsverket, Samlad statistik om miljöprövning 2024 https://www.naturvardsverket.se/49e4ea/globalassets/vagledning/miljobalken/miljoprovning/samlad-statistik-om-miljoprovning-for-ar-2024.pdf | EXT: Länsstyrelsen Uppsala, Tillstånd och ändringstillstånd för miljöfarlig verksamhet https://www.lansstyrelsen.se/uppsala/miljo-och-vatten/miljofarlig-verksamhet/provning-av-miljofarlig-verksamhet/tillstand-och-andringstillstand-for-miljofarlig-verksamhet.html",S0_current_2026 | S1_actor_override_enacted_2027,"{""causes"":[{""text"":""Den ansvariga miljöprövningsdelegationens aktuella kapacitet och arbetsbelastning begränsar möjligheten att hålla prognoserade handläggningstider."",""basis"":""analysis"",""source_refs"":[]},{""text"":""Ärendets konkreta utredningsbehov, såsom behov av komplettering eller granskning, överskrider den förväntade standardtiden för delegationen."",""basis"":""analysis"",""source_refs"":[]},{""text"":""Geografisk organisation där en delegation omfattar flera län kan leda till resurskonkurrens och varierande handläggningstider beroende på ärendets lokalisering."",""basis"":""analysis"",""source_refs"":[]},{""text"":""Naturvårdsverkets statistik visar att handläggningstiderna hos miljöprövningsdelegationerna varierar, vilket indikerar en risk för överskridande av projektplanen."",""basis"":""source"",""source_refs"":[""NV_PERMIT""]}],""event"":{""rubrik"":""Miljöprövningsdelegationens handläggningstid överskrider projektplanen""},""effects"":[{""text"":""Beslut fattas senare än vad projektets tidplan förutsätter, vilket försenar hela projektet."",""basis"":""analysis"",""source_refs"":[]},{""text"":""Förseningen kan leda till följdverkningar för investeringstidtabeller, upphandlingsprocesser och möjligheten att utnyttja gynnsam byggsäsong."",""basis"":""analysis"",""source_refs"":[]},{""text"":""Den dokumenterade variationen i handläggningstider gör att ett projektspecifikt beslutsdatum behöver planeras som ett intervall snarare än som en säker tidpunkt."",""basis"":""source"",""source_refs"":[""EXT: Naturvårdsverket, Samlad statistik om miljöprövning 2024 https://www.naturvardsverket.se/49e4ea/globalassets/vagledning/miljobalken/miljoprovning/samlad-statistik-om-miljoprovning-for-ar-2024.pdf""]}]}"
R-B30-GC130-01,B30-GC130,B30 – Miljöfarlig verksamhet,Krävs beslut om betydande miljöpåverkan?,Obligatorisk BMP-bedömning förbises,Rättslig osäkerhet,Myndighet & prövning,För de anmälningspliktiga verksamheter och åtgärder som räknas upp i 26 a § FMH ska tillsynsmyndigheten i ett särskilt beslut bedöma om betydande miljöpåverkan kan antas. Uppräkningen omfattar flera verksamhetstyper i miljöprövningsförordningen och är inte begränsad till ändringar av tillståndspliktig verksamhet. Om det obligatoriska momentet hoppas över saknas det BMP-beslut som 26 a–26 c §§ kräver.,"Skyldigheten följer direkt av 26 a § FMH och avser de där uppräknade anmälningspliktiga verksamheterna och åtgärderna. Bedömningen ska göras mot omständigheterna i 10–13 §§ miljöbedömningsförordningen, redovisas enligt 26 b § FMH och normalt beslutas inom sex veckor enligt 26 c §.",Noden B30-GC130 samt nedströms B30-GC140 och B30-GC160; ett bristfälligt utfall påverkar B30-C170 (startkrav).,"Kontrollera vid inlämningen om verksamhetsslaget faller under BMP-plikten, begär uttryckligt ett dokumenterat ställningstagande till betydande miljöpåverkan, och arkivera myndighetens beslut som bevis för att momentet genomförts.","FMH | EXT: Naturvårdsverket, Anmälningsärenden https://www.naturvardsverket.se/vagledning-och-stod/miljobalken/tillsyn-enligt-miljobalken/genomfora-tillsyn/anmalningsarenden/",S0_current_2026,"{""causes"":[{""text"":""Tillsynsmyndigheten handlägger anmälan som ett rutinärende utan att kontrollera om verksamhetsslaget omfattas av den obligatoriska bedömningen i 26 a § FMH."",""basis"":""source"",""source_refs"":[""FMH""]},{""text"":""Verksamheten eller åtgärden räknas upp i 26 a § FMH som en anmälningspliktig verksamhet som kräver bedömning av betydande miljöpåverkan."",""basis"":""source"",""source_refs"":[""FMH""]},{""text"":""Det obligatoriska momentet att bedöma betydande miljöpåverkan hoppas över, vilket innebär att det särskilda beslutet enligt 26 a § FMH inte fattas."",""basis"":""source"",""source_refs"":[""FMH""]},{""text"":""Bedömningen ska göras mot omständigheterna i 10–13 §§ miljöbedömningsförordningen, vilket missaktas vid rutinhantering."",""basis"":""source"",""source_refs"":[""FMH""]}],""event"":{""rubrik"":""Obligatorisk BMP-bedömning förbises""},""effects"":[{""text"":""Handläggningen kan behöva tas om eller kompletteras om den obligatoriska BMP-bedömningen har förbisetts."",""basis"":""source"",""source_refs"":[""FMH""]},{""text"":""En verksamhet som omfattas av 26 a § FMH får inte påbörjas innan tillsynsmyndigheten har beslutat att betydande miljöpåverkan inte kan antas och övriga tillämpliga startkrav är uppfyllda."",""basis"":""source"",""source_refs"":[""FMH""]},{""text"":""Ärendet kan behöva tas upp på nytt med en korrekt BMP-bedömning, vilket kan medföra ett föreläggande om tillståndsansökan."",""basis"":""analysis"",""source_refs"":[]}]}"
R-B30-GC130-02,B30-GC130,B30 – Miljöfarlig verksamhet,Krävs beslut om betydande miljöpåverkan?,Oklart vilka anmälningar som är BMP-pliktiga,Rättslig osäkerhet,Myndighet & prövning,"BMP-plikten enligt 26 a § FMH gäller de anmälningspliktiga verksamheter och åtgärder som anges genom en uttrycklig lista av bestämmelser i miljöprövningsförordningen. Den gäller alltså inte varje anmälan, men den är inte heller begränsad till ändringsanmälningar. En felaktig sektors- eller verksamhetsklassificering kan därför leda till att ett obligatoriskt BMP-beslut utelämnas eller att ett sådant beslut fattas utan stöd i just 26 a §.",Tillämpningsområdet kan kontrolleras direkt mot den uttömmande uppräkningen i 26 a § FMH och verksamhetens klassificering enligt miljöprövningsförordningen. För ärenden som inte omfattas av 26 a § gäller i stället handläggningsordningen i 27 § FMH.,Noden B30-GC130 samt uppströms B30-G020/B30-G040 (klassificering och ändringsavgränsning) och nedströms B30-GC140.,Fastställ verksamhetskoden i miljöprövningsförordningen och jämför den med hela uppräkningen i 26 a § FMH. Dokumentera därefter om 26 a–26 f §§ eller den övriga anmälningsordningen i 27 § är tillämplig.,FMH | MPF | EXT: Regeringens proposition 2023/24:152 https://www.riksdagen.se/sv/dokument-och-lagar/dokument/proposition/steg-pa-vagen-mot-en-mer-effektiv-miljoprovning_hb03152/,S0_current_2026,"{""causes"":[{""text"":""Verksamheten eller åtgärden klassificeras under fel bestämmelse i miljöprövningsförordningen, vilket kan medföra att uppräkningen i 26 a § FMH tillämpas felaktigt."",""basis"":""source"",""source_refs"":[""FMH"",""MPF""]},{""text"":""Projektets verksamhetskod har ändrats eller angetts på en för grov nivå, så att den kodspecifika uppräkningen i 26 a § FMH inte kontrolleras mot den faktiska verksamheten."",""basis"":""source"",""source_refs"":[""FMH"",""MPF""]},{""text"":""Ett BMP-beslut fattas med stöd av 26 a § FMH för en verksamhet som inte omfattas av bestämmelsens uppräkning."",""basis"":""source"",""source_refs"":[""FMH"",""MPF""]},{""text"":""För ärenden som inte omfattas av 26 a § gäller i stället handläggningsordningen i 27 § FMH, vilket missförstås vid klassificeringen."",""basis"":""source"",""source_refs"":[""FMH""]}],""event"":{""rubrik"":""Oklart vilka anmälningar som är BMP-pliktiga""},""effects"":[{""text"":""Handläggningen blir inkonsekvent och risken för felsortering av ärendet ökar."",""basis"":""analysis"",""source_refs"":[]},{""text"":""Om en verksamhet felaktigt behandlas som om den låg utanför 26 a § FMH kan startspärren i 26 e § förbises."",""basis"":""source"",""source_refs"":[""FMH""]},{""text"":""Ett beslut som bygger på fel handläggningsordning kan angripas i den överklagandeordning som gäller för det efterföljande beslutet, med risk för ändring eller återförvisning."",""basis"":""analysis"",""source_refs"":[]}]}"
R-B30-GC140-01,B30-GC140,B30 – Miljöfarlig verksamhet,Kan betydande miljöpåverkan antas?,Positiv BMP kastar om projektet till tillståndsspåret,Extern händelse,Myndighet & prövning,Ett positivt BMP-beslut innebär att verksamheten eller åtgärden inte kan fortsätta enbart i anmälningsspåret utan behöver hanteras enligt det tillståndsspår som beslutet anger. Tidplanen påverkas då av den tid som den behöriga tillståndsprövningen tar.,"Naturvårdsverkets vägledning beskriver att bedömd betydande miljöpåverkan kan leda till ett föreläggande om tillståndsansökan. Om det sker byter projektet från anmälningsspår till full tillståndsprövning, med nya krav på ansökan och miljöbedömning.",Noden B30-GC140 samt nedströms B30-C150 (föreläggandespår) och hela tillståndsspåret från B30-060 och B30-070 som måste aktiveras; anmälningsnoderna B30-C170 och B30-END70 faller bort.,"Bedöm BMP-risken redan vid spårvalet i B30-G030, överväg frivillig ansökan (9 kap. 6 b §) i stället för anmälan vid gränsfall, och håll ett uppgraderingsbart underlag som snabbt kan omvandlas till ansökningshandlingar.","FMH | MB | EXT: Naturvårdsverket, Anmälningsärenden https://www.naturvardsverket.se/vagledning-och-stod/miljobalken/tillsyn-enligt-miljobalken/genomfora-tillsyn/anmalningsarenden/",S0_current_2026,"{""causes"":[{""text"":""Tillsynsmyndigheten bedömer vid BMP-prövningen att verksamheten eller ändringen kan antas medföra betydande miljöpåverkan."",""basis"":""source"",""source_refs"":[""FMH""]},{""text"":""Efter en positiv BMP-bedömning ska tillsynsmyndigheten enligt 26 d § FMH förelägga den som gjort anmälan att ansöka om tillstånd."",""basis"":""source"",""source_refs"":[""FMH""]},{""text"":""Bedömningen baseras på omständigheterna i miljöbedömningsförordningen som indikerar att anmälningsspåret inte är tillräckligt."",""basis"":""source"",""source_refs"":[""FMH""]},{""text"":""Verksamheten kan inte fortsätta enbart i anmälningsspåret utan kan behöva hanteras enligt det tillståndsspår som beslutet anger."",""basis"":""source"",""source_refs"":[""MB""]}],""event"":{""rubrik"":""Positiv BMP kastar om projektet till tillståndsspåret""},""effects"":[{""text"":""Projektet omställs till tillståndsprocessen med erforderligt samråd och utökade miljöunderlag."",""basis"":""source"",""source_refs"":[""MB""]},{""text"":""Den planerade verksamhetsstarten skjuts upp eftersom verksamheten inte kan fortsätta enbart i anmälningsspåret efter ett positivt BMP-beslut."",""basis"":""source"",""source_refs"":[""FMH""]},{""text"":""Projektstarten försenas eftersom den behöriga tillståndsprövningen tar tid utöver den ursprungliga anmälningstiden."",""basis"":""analysis"",""source_refs"":[]}]}"
R-B30-GC140-02,B30-GC140,B30 – Miljöfarlig verksamhet,Kan betydande miljöpåverkan antas?,BMP-bedömningen blir överklagandets måltavla,Överklagande & rättsprocess,Extern & omvärld,"Ett BMP-beslut enligt 26 a § FMH och det föreläggande eller förbud som följer av 26 d § kan vara överklagbart enligt miljöbalkens instansordning. Ett kommunalt beslut överklagas normalt först till länsstyrelsen och därefter till MMD; ett beslut av länsstyrelsen överklagas normalt direkt till MMD. MÖD är nästa instans och kräver normalt prövningstillstånd. Detta ska skiljas från länsstyrelsens BMP-beslut efter undersökningssamråd enligt 6 kap. 26 § MB, som enligt 6 kap. 27 § inte får överklagas särskilt.",Beslut enligt förordningen om miljöfarlig verksamhet och hälsoskydd följer miljöbalkens överklaganderegler. Enligt 16 kap. 13 a § miljöbalken har miljöorganisationer under de angivna förutsättningarna rätt att överklaga beslut om betydande miljöpåverkan som har meddelats med stöd av föreskrifter. Behörig överinstans ska bestämmas enligt den överklagandeordning som gäller för det aktuella miljöbalksbeslutet.,"Noden B30-GC140 samt nedströms B30-C150, B30-GC160 och B30-C170.","Identifiera om BMP-bedömningen har gjorts enligt 6 kap. 26 § MB eller enligt FMH. Dokumentera beslutsmyndighet, överklagandehänvisning, talerätt, frist och inhibitionsfråga för det konkreta beslutet.",FMH | MB | MMDL | FL,S0_current_2026,"{""causes"":[{""text"":""Beslutet om betydande miljöpåverkan överklagas av verksamhetsutövaren som anser bedömningen felaktig."",""basis"":""analysis"",""source_refs"":[]},{""text"":""Beslutet överklagas av sakägare och miljöorganisationer som anser att påverkan underskattats, med stöd av 16 kap. 13 a § miljöbalken."",""basis"":""source"",""source_refs"":[""MB""]},{""text"":""Det föreläggande eller förbud som följer av 26 d § FMH är överklagbart enligt miljöbalkens instansordning."",""basis"":""source"",""source_refs"":[""FMH"",""MB""]},{""text"":""Behörig överinstans bestäms enligt den överklagandeordning som gäller för det aktuella miljöbalksbeslutet, vilket aktiverar prövningsprocessen."",""basis"":""source"",""source_refs"":[""MB""]}],""event"":{""rubrik"":""BMP-bedömningen blir överklagandets måltavla""},""effects"":[{""text"":""Beslutet kan bli föremål för domstolsprövning i den överklagandeordning som gäller för ärendet."",""basis"":""source"",""source_refs"":[""MMDL"",""FL""]},{""text"":""Det kan råda osäkerhet om när verksamheten får starta medan ett överklagbart beslut eller föreläggande i anmälningsärendet prövas."",""basis"":""analysis"",""source_refs"":[]},{""text"":""Både anmälnings- och tillståndsspår försenas beroende på utgången av den rättsliga prövningen."",""basis"":""analysis"",""source_refs"":[]}]}"
R-B30-GC160-01,B30-GC160,B30 – Miljöfarlig verksamhet,Anmälningsutfall,Försiktighetsmått och förbud överklagas,Överklagande & rättsprocess,Myndighet & prövning,"Beslutet saknar tillståndets rättskraft, vilket innebär att nya tillsynskrav senare kan aktualiseras inom tillsynsmyndighetens lagliga befogenheter.",Prop. 2023/24:152 anger att ett beslut om försiktighetsmått saknar tillståndets rättskraft och att tillsynsmyndigheten kan besluta om nya krav. Ett försiktighetsmått kan dessutom överklagas om klagorätt och övriga processförutsättningar är uppfyllda.,"Noden B30-GC160 samt nedströms B30-C150 och B30-C170, där startkraven hänger på utfallet.","Förhandla om försiktighetsmåttens utformning innan beslut, visa teknisk och ekonomisk proportionalitet, och överväg om en frivillig tillståndsansökan ger ett stabilare rättsligt läge än att driva verksamhet på löpande försiktighetsmått.",FMH | EXT: Regeringens proposition 2023/24:152 https://www.riksdagen.se/sv/dokument-och-lagar/dokument/proposition/steg-pa-vagen-mot-en-mer-effektiv-miljoprovning_hb03152/,S0_current_2026,"{""causes"":[{""text"":""Tillsynsmyndigheten beslutar om ett försiktighetsmått som verksamhetsutövaren bedömer vara oproportionerligt i förhållande till den aktuella miljöriskens allvar."",""basis"":""analysis"",""source_refs"":[]},{""text"":""Verksamhetsutövaren och tillsynsmyndigheten är oense om vilken rättslig stabilitet ett beslut om försiktighetsmått ger jämfört med ett tillstånd."",""basis"":""analysis"",""source_refs"":[]},{""text"":""Tillsynsmyndigheten meddelar ett föreläggande om försiktighetsmått eller ett förbud i anmälningsärendet, och en part med klagorätt angriper beslutet i den tillämpliga överklagandeordningen."",""basis"":""source"",""source_refs"":[""EXT: Regeringens proposition 2023/24:152 https://www.riksdagen.se/sv/dokument-och-lagar/dokument/proposition/steg-pa-vagen-mot-en-mer-effektiv-miljoprovning_hb03152/""]},{""text"":""Det föreligger en tvist om huruvida det beslutade måttet är tekniskt genomförbart inom ramen för befintliga anläggningar."",""basis"":""analysis"",""source_refs"":[]}],""event"":{""rubrik"":""Försiktighetsmått och förbud överklagas""},""effects"":[{""text"":""Beslutet om försiktighetsmått saknar tillståndets rättskraft, vilket innebär att nya tillsynskrav kan aktualiseras senare inom myndighetens lagliga befogenheter."",""basis"":""source"",""source_refs"":[""EXT: Regeringens proposition 2023/24:152 https://www.riksdagen.se/sv/dokument-och-lagar/dokument/proposition/steg-pa-vagen-mot-en-mer-effektiv-miljoprovning_hb03152/""]},{""text"":""Det uppstår osäkra driftsvillkor under överklagandetiden eftersom det rättsläget som gäller för verksamheten är föremål för prövning."",""basis"":""analysis"",""source_refs"":[]},{""text"":""Efter ett avslaget överklagande består det överklagade kravet; ytterligare eller skärpta tillsynskrav kan senare aktualiseras endast om myndigheten har rättslig och faktisk grund för nya åtgärder."",""basis"":""analysis"",""source_refs"":[]},{""text"":""En rättsprocess om åtgärdskraven inleds, vilket binder resurser hos både myndighet och verksamhetsutövare."",""basis"":""analysis"",""source_refs"":[]}]}"
R-B30-GC160-02,B30-GC160,B30 – Miljöfarlig verksamhet,Anmälningsutfall,Underrättelse om 'ingen åtgärd' ger falsk trygghet,Rättslig osäkerhet,Sökande & ansökan,"När tillsynsmyndigheten beslutar att inte vidta någon åtgärd med anledning av anmälan är detta bara en ståndpunkt för tillfället. Myndigheten kan vid nya omständigheter – förändrad teknikbedömning, klagomål, ny kunskap om farligheter – ta upp ärendet på nytt och meddela försiktighetsmått eller tillståndsföreläggande. Verksamheter som investerat tungt på en underrättelse om ingen åtgärd står utan det rättsskydd som ett tillstånd skulle ha gett, och omprövningsgrunderna i 24 kap. miljöbalken är inte tillämpliga som spärr eftersom inget tillstånd finns.","Prop. 2023/24:152 anger att en anmälan inte medför rättskraft och att tillsynsmyndigheten kan avstå från åtgärd eller besluta om försiktighetsmått. Ett sådant beslut får inte samma rättskraft som ett tillstånd, vilket innebär att nya tillsynskrav kan aktualiseras senare.",Noden B30-GC160 samt nedströms B30-C170 (start) och B30-END70; berör indirekt framtida omprövnings- och föreläggandespår från B30-O100.,"Väg in rättskraftsbristen i investeringsbeslutet, överväg frivillig ansökan enligt 9 kap. 6 b § för verksamheter med lång avskrivningstid, och upprätthåll drift- och utsläppsdata som visar att verksamheten fortlöpande håller sig inom anmäld omfattning.",FMH | MB | EXT: Regeringens proposition 2023/24:152 https://www.riksdagen.se/sv/dokument-och-lagar/dokument/proposition/steg-pa-vagen-mot-en-mer-effektiv-miljoprovning_hb03152/,S0_current_2026,"{""causes"":[{""text"":""Verksamhetsutövaren tolkar myndighetens underrättelse om att ingen åtgärd avses vidtas som ett slutgiltigt godkännande."",""basis"":""analysis"",""source_refs"":[]},{""text"":""Tillsynsmyndigheten underrättar verksamhetsutövaren om att anmälningsärendet inte kommer att leda till någon åtgärd från myndighetens sida."",""basis"":""source"",""source_refs"":[""FMH""]},{""text"":""Det föreligger nya omständigheter såsom förändrad teknikbedömning, klagomål eller ny kunskap om farligheter som kan aktualisera ärendet på nytt."",""basis"":""analysis"",""source_refs"":[]},{""text"":""Verksamhetsutövaren fattar investeringsbeslut baserat på antagandet om att underrättelsen ger varaktigt rättsskydd."",""basis"":""analysis"",""source_refs"":[]}],""event"":{""rubrik"":""Underrättelse om 'ingen åtgärd' ger falsk trygghet""},""effects"":[{""text"":""Underrättelsen saknar rättskraft, vilket innebär att nya tillsynskrav kan aktualiseras senare av tillsynsmyndigheten."",""basis"":""source"",""source_refs"":[""EXT: Regeringens proposition 2023/24:152 https://www.riksdagen.se/sv/dokument-och-lagar/dokument/proposition/steg-pa-vagen-mot-en-mer-effektiv-miljoprovning_hb03152/""]},{""text"":""Verksamheten står utan det rättsskydd som ett tillstånd skulle ha gett, eftersom inget tillstånd finns och omprövningsgrunderna i 24 kap. miljöbalken inte är tillämpliga som spärr."",""basis"":""source"",""source_refs"":[""MB""]},{""text"":""Myndigheten kan senare ställa nya krav om nya omständigheter framkommer och det finns rättslig grund för ett tillsynsingripande."",""basis"":""analysis"",""source_refs"":[]},{""text"":""Verksamhetsutövarens förhandlingsposition kan försämras vid framtida tillståndsbehov på grund av det bristande rättsläget kring tidigare investeringar."",""basis"":""analysis"",""source_refs"":[]}]}"
R-B30-GO110-01,B30-GO110,B30 – Miljöfarlig verksamhet,Vem initierar och på vilken grund?,Talerätt och behörighet tvistas vid omprövning,Rättslig osäkerhet,Myndighet & prövning,"Omprövning kan initieras av tillståndshavaren eller av de myndigheter som räknas upp i 24 kap. miljöbalken, och när en statlig myndighet eller kommun är tillståndsmyndighet kan den självmant ta upp frågan. Behörighetsfrågorna är differentierade efter tillståndsslag, prövningsinstans och vem som agerar, och fel initierare eller fel mottagarinstans kan leda till avvisning. I praktiken uppstår tvister när tillsynsmyndigheter som inte är tillståndsmyndighet försöker driva omprövning, eller när ansökningar om villkorslättnad enligt 24 kap. 13 § lämnas till fel instans.","SOU 2014:35 beskriver att en omprövning i mark- och miljödomstol kan initieras av tillståndshavaren eller en behörig myndighet enligt 24 kap. miljöbalken, medan vissa tillståndsmyndigheter kan ta upp frågor inom sin behörighet. Projektet måste därför kontrollera vem som får initiera den aktuella omprövningen.",Noden B30-GO110 samt nedströms B30-O120 och B30-GO130 (instansvalet).,"Gör en uttrycklig behörighets- och talerättsanalys mot 24 kap. 7, 11 och 13 §§ innan initiativ tas, och låt parterna skriftligt bekräfta vem som är tillståndsmyndighet för det aktuella tillståndet.",MB | EXT: SOU 2014:35 I vått och torrt https://www.riksdagen.se/sv/dokument-och-lagar/dokument/statens-offentliga-utredningar/i-vatt-och-torrt-forslag-till-andrade-vattenrattsliga_h2b335/,S0_current_2026,"{""causes"":[{""text"":""Det är oklart om den myndighet som vill initiera omprövningen finns i 24 kap. 7 § miljöbalkens uppräkning av behöriga aktörer."",""basis"":""source"",""source_refs"":[""MB""]},{""text"":""Rollfördelningen blir oklar när kommunen har haft flera funktioner i den tidigare prövningen och det inte dokumenteras vilken aktör som nu är behörig att initiera omprövningen."",""basis"":""analysis"",""source_refs"":[]},{""text"":""Tillståndshavarens ansökan enligt 24 kap. 13 § har hamnat hos en instans som kan ifrågasättas vara rätt mottagare."",""basis"":""source"",""source_refs"":[""MB""]},{""text"":""En tillsynsmyndighet utgår från sin tillsynsroll men kontrollerar inte om den också omfattas av den uttömmande behörighetsregeln för att ansöka om den aktuella omprövningen."",""basis"":""analysis"",""source_refs"":[]}],""event"":{""rubrik"":""Talerätt och behörighet tvistas vid omprövning""},""effects"":[{""text"":""Ansökan eller initiativet riskerar att avvisas på behörighetsgrunder eftersom fel initierare eller fel mottagarinstans använts."",""basis"":""source"",""source_refs"":[""MB""]},{""text"":""Det förloras tid och kostnader för omgjord ansökan till rätt instans."",""basis"":""analysis"",""source_refs"":[]},{""text"":""Regleringen av de miljöfrågor som omprövningen avsåg att lösa fördröjs eftersom processen kan behöva inledas på nytt."",""basis"":""analysis"",""source_refs"":[]}]}"
R-B30-GO110-02,B30-GO110,B30 – Miljöfarlig verksamhet,Vem initierar och på vilken grund?,Återkallelsehotet hänger över driften,Rättslig osäkerhet,Sökande & ansökan,"Ett tillstånd kan återkallas om någon av grunderna i 24 kap. 3 § MB är uppfylld. Ett inlett återkallelseärende kan skapa osäkerhet för drift, investeringar och avtal medan frågan prövas.",24 kap. 3 § miljöbalken ger under angivna förutsättningar möjlighet att återkalla ett tillstånd. SOU 2022:33 behandlar förhållandet mellan återkallelse och mindre ingripande åtgärder. Vid allvarliga eller upprepade villkorsöverträdelser kan återkallelse därför aktualiseras.,"Noden B30-GO110 samt nedströms B30-O120 och B30-GO130, och direkt verksamhetens drift som kan inskränkas under processen.","Upprätthåll dokumenterad villkorsföljsamhet och fungerande kontrollprogram, agera omedelbart och transparent på tillsynsavvikelser, och föregrip återkallelse genom frivilliga åtgärds- och villkorsförslag.",MB | EXT: SOU 2022:33 Om prövning och omprövning https://www.riksdagen.se/sv/dokument-och-lagar/dokument/statens-offentliga-utredningar/om-provning-och-omprovning_hab333/,S0_current_2026,"{""causes"":[{""text"":""Tillsynsmyndigheten misstänker att tillståndshavaren grovt åsidosatt villkor eller bestämmelser."",""basis"":""analysis"",""source_refs"":[]},{""text"":""En av grunderna i 24 kap. 3 § miljöbalken för återkallelse är uppfylld, såsom allvarliga eller upprepade villkorsöverträdelser."",""basis"":""source"",""source_refs"":[""MB""]},{""text"":""Påtalade villkorsöverträdelser kvarstår eller upprepas trots tillsynskontakter och möjligheter att vidta rättelse."",""basis"":""analysis"",""source_refs"":[]}],""event"":{""rubrik"":""Återkallelsehotet hänger över driften""},""effects"":[{""text"":""Det finns en risk för förlorat tillstånd och därmed driftstopp om återkallelsen bifalls."",""basis"":""source"",""source_refs"":[""MB""]},{""text"":""Finansierings- och försäkringsbilden försämras under ett pågående ärende om återkallelse."",""basis"":""analysis"",""source_refs"":[]},{""text"":""Osäkerheten kring tillståndets bestånd skapar osäkerhet för framtida investeringar och avtal."",""basis"":""analysis"",""source_refs"":[]}]}"
R-B30-GO110-03,B30-GO110,B30 – Miljöfarlig verksamhet,Vem initierar och på vilken grund?,Äldre tillstånd saknar tydlig tillståndsmyndighet,Myndighetskapacitet & handläggning,Myndighet & prövning,"Behörigheten vid omprövning följer i huvudsak det ursprungliga tillståndet och motsvarande tillståndsslag, men för beslut från tiden före miljöbalken – naturvårdslagen, miljöskyddslagen, än äldre regimer – kan kedjan av övergångsbestämmelser vara svår att följa. Om det ursprungliga beslutet dessutom klassificerats om genom ändringar i miljöprövningsförordningen över tid, kan rätt instans (MPD, länsstyrelse eller MMD) behöva härledas ur flera historiska regelverk. Tvisten måste lösas innan sakprövningen ens kan börja.","SOU 2022:33 beskriver hur behörigheten för omprövning knyts till den ursprungliga tillståndsmyndigheten och tillståndsslaget, bland annat för äldre tillstånd. Originalbeslutet behöver därför identifieras och analyseras innan det kan avgöras vilken instans eller myndighet som är behörig att ta upp omprövningen.",Noden B30-GO110 samt uppströms B30-010 (tillståndshistoriken) och nedströms B30-GO130 (instansvalet).,"Spåra originalbeslutet och dess klassificering genom samtliga övergångsbestämmelser, inhämta rådgivande utlåtande från berörda instanser, och dokumentera behörighetskedjan i själva omprövningsframställan.",MB | EXT: SOU 2022:33 Om prövning och omprövning https://www.riksdagen.se/sv/dokument-och-lagar/dokument/statens-offentliga-utredningar/om-provning-och-omprovning_hab333/,S0_current_2026,"{""causes"":[{""text"":""Tillståndet meddelades enligt äldre regler av exempelvis länsstyrelsen, miljödomstol eller den dåvarande Koncessionsnämnden för miljöskydd."",""basis"":""source"",""source_refs"":[""EXT: SOU 2022:33 Om prövning och omprövning https://www.riksdagen.se/sv/dokument-och-lagar/dokument/statens-offentliga-utredningar/om-provning-och-omprovning_hab333/""]},{""text"":""Det behöver utredas vilken nuvarande instans som är behörig att hantera omprövningen för detta äldre tillstånd."",""basis"":""analysis"",""source_refs"":[]},{""text"":""Kedjan av övergångsbestämmelser för beslut från tiden före miljöbalken är svår att följa."",""basis"":""analysis"",""source_refs"":[]}],""event"":{""rubrik"":""Äldre tillstånd saknar tydlig tillståndsmyndighet""},""effects"":[{""text"":""Processen fördröjs medan behörigheten klarläggs genom analys av historiska regelverk."",""basis"":""analysis"",""source_refs"":[]},{""text"":""Det finns en risk för att fel instans hanterar ärendet, vilket kan medföra avvisning."",""basis"":""source"",""source_refs"":[""MB""]},{""text"":""Osäkerhet uppstår om vilka handläggningsregler som gäller för det aktuella ärendet."",""basis"":""analysis"",""source_refs"":[]}]}"
R-B30-GO130-01,B30-GO130,B30 – Miljöfarlig verksamhet,Behörig omprövningsinstans?,Instansvalet följer en tillståndskedja ingen längre överblickar,Rättslig osäkerhet,Myndighet & prövning,"Om ett äldre länsstyrelsetillstånd gäller en verksamhet som i dag skulle prövats som A-verksamhet i domstol – eller tvärtom – måste instansvalet härledas ur vad som är 'motsvarande' tillstånd i dagens klassificering. När MPF:s sektorskapitel reviderats flera gånger sedan tillståndet meddelades kan denna översättning vara genuint osäker. Fel instansval leder till avvisning eller behörighetsprövning som skjuter sakfrågan på framtiden, samtidigt som miljöfrågan som motiverade omprövningen förblir oreglerad.","SOU 2022:33 beskriver att behörigheten vid efterföljande prövning knyts till ursprungligt tillstånd och motsvarande tillståndsslag – en konstruktion som förutsätter att klassificeringen är stabil över tid, vilket den inte är. Varje revidering av miljöprövningsförordningen skapar potentiella behörighetsglapp för det äldre tillståndsbeståndet.",Noden B30-GO130 samt uppströms B30-010 och B30-G020 (klassificerings- och historikfrågorna) och nedströms B30-ENDO.,"Gör en uttrycklig 'motsvarighetsanalys' som översätter det ursprungliga tillståndsslaget till dagens MPF-koder, och begär rådgivande behörighetsbesked från aktuella instanser före inlämning.",MB | MPF | MPD | EXT: SOU 2022:33 Om prövning och omprövning https://www.riksdagen.se/sv/dokument-och-lagar/dokument/statens-offentliga-utredningar/om-provning-och-omprovning_hab333/,S0_current_2026 | S1_actor_override_enacted_2027,"{""causes"":[{""text"":""Behörighetsbedömningen för en efterföljande prövning knyts till det ursprungliga och motsvarande tillståndsslaget, samtidigt som verksamhetens klassificering har ändrats över tid."",""basis"":""source"",""source_refs"":[""EXT: SOU 2022:33 Om prövning och omprövning https://www.riksdagen.se/sv/dokument-och-lagar/dokument/statens-offentliga-utredningar/om-provning-och-omprovning_hab333/""]},{""text"":""Det är omtvistat vilket som är 'motsvarande' tillståndsslag i dagens klassificering för ett äldre länsstyrelsetillstånd."",""basis"":""analysis"",""source_refs"":[]},{""text"":""MPF:s sektorskapitel har reviderats flera gånger sedan tillståndet meddelades, vilket skapar potentiella behörighetsglapp."",""basis"":""source"",""source_refs"":[""EXT: SOU 2022:33 Om prövning och omprövning https://www.riksdagen.se/sv/dokument-och-lagar/dokument/statens-offentliga-utredningar/om-provning-och-omprovning_hab333/""]}],""event"":{""rubrik"":""Instansvalet följer en tillståndskedja ingen längre överblickar""},""effects"":[{""text"":""Fel instansval kan leda till avvisning eller behörighetsprövning som skjuter sakfrågan på framtiden."",""basis"":""source"",""source_refs"":[""MB"",""MPD""]},{""text"":""Miljöfrågan som motiverade omprövningen förblir oreglerad under tiden tvisten pågår."",""basis"":""analysis"",""source_refs"":[]},{""text"":""Processtid och resurser kan förbrukas på behörighetsfrågan i stället för på sakprövningen."",""basis"":""analysis"",""source_refs"":[]}]}"
R-B30-GO130-02,B30-GO130,B30 – Miljöfarlig verksamhet,Behörig omprövningsinstans?,Omprövningar behöver hanteras enligt övergången till Miljöprövningsmyndigheten,Politisk & policyrisk,Myndighet & prövning,"I S1 påverkar myndighetsreformen vilken myndighet som handlägger omprövning, villkorsändring och återkallelse för berörda B-tillstånd. För ett ärende som löper över ikraftträdandet ska projektet tillämpa övergångsbestämmelserna och den ansvariga myndighetens anvisningar om överföring och fortsatt handläggning. Det går inte att på förhand dra slutsatsen att en ny rutin ändrar utgången eller handläggningstiden i det enskilda ärendet.",Riksdagens beslut och SFS 2026:1442–1444 reglerar den nya myndighetsordningen från den 1 juli 2027. Regeringens förberedelseuppdrag KN2026/00526 avser bland annat ärendeöverföring. Underlaget belägger behovet av övergångsplanering men inte en generell period av instabil praxis eller fördröjning.,Noden B30-GO130 samt hela omprövningsspåret B30-O100–B30-ENDO och anmälnings- och tillståndsärenden som pågår vid övergången.,"Kartlägg om verksamhetens tillstånd omfattas av övertagandet, säkra att ärendets handlingar är kompletta och överförbara, och följ Miljöprövningsmyndighetens föreskrifter och vägledningar från start.","SFS2026_1442 | SFS2026_1443 | NEW_AUTH | EXT: Riksdagen, Ny myndighet för miljöprövning https://data.riksdagen.se/fil/E10BD546-3340-455A-82D5-68C77C6C960D",S0_current_2026 | S1_actor_override_enacted_2027,"{""causes"":[{""text"":""Ett omprövningsärende har inletts hos en miljöprövningsdelegation men är inte avslutat när den nya myndighetsstrukturen träder i kraft den 1 juli 2027."",""basis"":""source"",""source_refs"":[""SFS2026_1442""]},{""text"":""En ny ansökan om omprövning eller ändring ges in efter ikraftträdandet och ska därför riktas till Miljöprövningsmyndigheten när motsvarande tillstånd då skulle ha meddelats av den myndigheten."",""basis"":""source"",""source_refs"":[""SFS2026_1442""]},{""text"":""Länsstyrelsen ska överlämna handlingarna i det pågående ärendet till Miljöprövningsmyndigheten för fortsatt handläggning."",""basis"":""source"",""source_refs"":[""SFS2026_1442""]},{""text"":""Projektets ärendeplanering har inte uppdaterats för den föreskrivna överföringen av pågående ärenden till Miljöprövningsmyndigheten."",""basis"":""analysis"",""source_refs"":[]},{""text"":""Projektet behöver ta höjd för att den nya organisationens rutiner för inkomna omprövningsansökningar kan skilja sig från länsstyrelsernas tidigare rutiner."",""basis"":""analysis"",""source_refs"":[]}],""event"":{""rubrik"":""Omprövningar behöver hanteras enligt övergången till Miljöprövningsmyndigheten""},""effects"":[{""text"":""Pågående MPD-ärenden ska efter ikraftträdandet handläggas av Miljöprövningsmyndigheten och handlingarna ska överlämnas dit av länsstyrelsen."",""basis"":""source"",""source_refs"":[""SFS2026_1442""]},{""text"":""Handläggningstiden kan påverkas om den föreskrivna ärendeöverföringen medför ett administrativt överlämnande i det konkreta ärendet."",""basis"":""analysis"",""source_refs"":[]},{""text"":""Projektets drift- eller investeringsplan påverkas negativt eftersom utgången av omprövningen försenas."",""basis"":""analysis"",""source_refs"":[]},{""text"":""Det krävs extra resurser för att hantera den administrativa övergången och säkerställa att ärendet handläggs korrekt av rätt instans."",""basis"":""analysis"",""source_refs"":[]}]}"
R-B30-GO130-03,B30-GO130,B30 – Miljöfarlig verksamhet,Behörig omprövningsinstans?,Omprövningsmål påverkas av domstolens samlade målbelastning,Myndighetskapacitet & handläggning,Myndighet & prövning,"Omprövningar handläggs i samma domstolsorganisation som andra miljömål. Domstolens samlade målbelastning kan påverka handläggningstiden, men den projektspecifika prognosen behöver grundas på den aktuella domstolens planering och ärendets omfattning.",Enligt 11 kap. 27 § miljöbalken ska tillståndspliktig vattenverksamhet för produktion av vattenkraftsel ha moderna miljövillkor. Enligt 11 kap. 28 § ska det finnas en nationell plan för dessa prövningar. Havs- och vattenmyndigheten anger att verksamhetsutövarna i en prövningsgrupp ska ansöka hos mark- och miljödomstol vid samma tidpunkt enligt planens tidplan. En eventuell kapacitetspåverkan behöver hanteras som en projektspecifik planeringsosäkerhet.,Noden B30-GO130 samt B30-ENDO och alla domstolsbundna mål i delprocesserna B30 och B40.,"Initiera omprövning tidigt i stället för att invänta tvingande initiativ, överväg tillståndshavarstyrda ansökningar om villkorsändring där det passar, och planera investeringar med scenarier för olika omprövningsutfall.",MB | MMDL | EXT: HaV – Frågor och svar om den nationella planen (NAP) https://www.havochvatten.se/arbete-i-vatten-utslapp-till-vatten-och-energiproduktion/vattenkraftverk-och-dammar/nationella-planen-nap/fragor-och-svar-om-den-nationella-planen-nap.html,S0_current_2026 | S1_actor_override_enacted_2027,"{""causes"":[{""text"":""Den nationella planen anger tidpunkter då vattenkraftsverksamheter ska ansöka om moderna miljövillkor, vilket tillför planerade mål till mark- och miljödomstolarna under genomförandeperioden."",""basis"":""source"",""source_refs"":[""EXT: HaV – Frågor och svar om den nationella planen (NAP) https://www.havochvatten.se/arbete-i-vatten-utslapp-till-vatten-och-energiproduktion/vattenkraftverk-och-dammar/nationella-planen-nap/fragor-och-svar-om-den-nationella-planen-nap.html""]},{""text"":""Vattenkraftsverksamheter som omfattas av 11 kap. 27 § miljöbalken ska förses med moderna miljövillkor genom prövning enligt den nationella planen."",""basis"":""source"",""source_refs"":[""MB""]},{""text"":""Den nationella planens tidplan anger när verksamhetsutövarna i en prövningsgrupp ska ansöka hos mark- och miljödomstol."",""basis"":""source"",""source_refs"":[""EXT: HaV – Frågor och svar om den nationella planen (NAP) https://www.havochvatten.se/arbete-i-vatten-utslapp-till-vatten-och-energiproduktion/vattenkraftverk-och-dammar/nationella-planen-nap/fragor-och-svar-om-den-nationella-planen-nap.html""]},{""text"":""Om den aktuella domstolens tillgängliga kapacitet är låg i förhållande till inflödet och komplexiteten i målen kan handläggningstiden påverkas."",""basis"":""analysis"",""source_refs"":[]},{""text"":""Enskilda mål kräver omfattande tekniskt underlag och samordning med andra verksamheter i samma vattenområde, vilket gör resursbehovet svårt att prognostisera."",""basis"":""analysis"",""source_refs"":[]}],""event"":{""rubrik"":""Omprövningsmål påverkas av domstolens samlade målbelastning""},""effects"":[{""text"":""En vattenkraftsverksamhet som omfattas av den nationella planen behöver lämna in sin ansökan vid planerad tidpunkt och delta i mark- och miljödomstolens prövning innan moderna miljövillkor beslutas."",""basis"":""source"",""source_refs"":[""EXT: HaV – Frågor och svar om den nationella planen (NAP) https://www.havochvatten.se/arbete-i-vatten-utslapp-till-vatten-och-energiproduktion/vattenkraftverk-och-dammar/nationella-planen-nap/fragor-och-svar-om-den-nationella-planen-nap.html""]},{""text"":""Befintliga villkor gäller normalt under handläggningen, men osäkerheten om framtida villkor kan göra teknik- och investeringsbeslut svårare."",""basis"":""analysis"",""source_refs"":[]},{""text"":""Teknikinvesteringar som är beroende av utgången av omprövningen kan bli försenade eller felplacerade."",""basis"":""analysis"",""source_refs"":[]},{""text"":""Projektets planering blir mer osäker på grund av den oförutsägbara tidsåtgången i domstolsprocessen."",""basis"":""analysis"",""source_refs"":[]}]}"
R-B30-O100-01,B30-O100,B30 – Miljöfarlig verksamhet,Omprövningsgrund initierad,Miljökvalitetsnormsöverträdelse tvingar fram omprövning,Extern händelse,Extern & omvärld,"Omprövning enligt 24 kap. 5 § förutsätter att normen faktiskt överträtts och att verksamhetens bidrag inte är bagatellartat – men båda leden är tolkningsöppna. I luft- och vattenrecipienter med flera bidragsgivare blir fördelningen av 'betydelse' en teknisk och juridisk tvistefråga. När grunden väl anses föreligga kan myndigheten eller tillståndshavaren tvingas in i en omprövning som omfattar villkorsändringar eller i värsta fall återkallelse, med alla konsekvenser det får för driften.","Miljösamverkan Sveriges handläggarstöd för omprövning beskriver precis denna tolkningsproblematik: lagtexten kräver faktisk överträdelse och mer än bagatellartat bidrag, vilket i praktiken kräver bidragsfördelande beräkningar. Normer som skärpts på EU-nivå gör att fler verksamheter löpande hamnar i detta läge utan att ha ändrat sin drift.","Noden B30-O100 samt nedströms B30-GO110, B30-O120 och B30-GO130; påverkar även befintliga villkor och driften under prövningen.","Bedriv egen recipient- och utsläppsövervakning som kan visa verksamhetens andel av normläget, följ normskärpningar proaktivt och simulera deras effekt på tillståndet, och överväg frivillig villkorsmodernisering före tvingande omprövning.","MB | EXT: Miljösamverkan Sverige, Handläggarstöd för omprövning av vattenverksamheter https://www.miljosamverkansverige.se/wp-content/uploads/Handlaggarstod-for-omprovning-av-vattenverksamheter.pdf",S0_current_2026,"{""causes"":[{""text"":""Övervakning visar att en miljökvalitetsnorm har överträtts i recipienten."",""basis"":""source"",""source_refs"":[""MB""]},{""text"":""Det kan styrkas att verksamheten med någon betydelse har medverkat till normöverträdelsen, vilket uppfyller kravet i 24 kap. 5 § miljöbalken."",""basis"":""source"",""source_refs"":[""MB""]},{""text"":""Miljösamverkan Sveriges handläggarstöd beskriver att tolkningen av 'betydelse' i bidragsfördelning är en tvistefråga när flera aktörer bidrar."",""basis"":""source"",""source_refs"":[""EXT: Miljösamverkan Sverige, Handläggarstöd för omprövning av vattenverksamheter https://www.miljosamverkansverige.se/wp-content/uploads/Handlaggarstod-for-omprovning-av-vattenverksamheter.pdf""]},{""text"":""Normer har skärpts på EU-nivå, vilket gör att fler verksamheter löpande hamnar i situationer där de riskerar att överträda gränsvärden."",""basis"":""analysis"",""source_refs"":[]},{""text"":""Det är tekniskt svårt att exakt kvantifiera den enskilda verksamhetens bidrag till en samlad normöverträdelse i komplexa recipienter."",""basis"":""analysis"",""source_refs"":[]}],""event"":{""rubrik"":""Miljökvalitetsnormsöverträdelse tvingar fram omprövning""},""effects"":[{""text"":""En behörig aktör kan ansöka om omprövning för att ändra tillståndet när förutsättningarna i 24 kap. miljöbalken är uppfyllda."",""basis"":""source"",""source_refs"":[""MB""]},{""text"":""Det finns en risk för skärpta villkor eller begränsad drift av verksamheten som ett resultat av omprövningen."",""basis"":""analysis"",""source_refs"":[]},{""text"":""Det uppstår osäkerhet om verksamhetens långsiktiga tillståndsstatus och möjlighet att fortsätta driften under nuvarande villkor."",""basis"":""analysis"",""source_refs"":[]},{""text"":""Myndigheten eller tillståndshavaren kan behöva in i en juridisk tvist om omfattningen av bidraget till normöverträdelsen."",""basis"":""analysis"",""source_refs"":[]}]}"
R-B30-O100-02,B30-O100,B30 – Miljöfarlig verksamhet,Omprövningsgrund initierad,Reformdriven omprövningsplikt träffar äldre tillstånd,Politisk & policyrisk,Extern & omvärld,"Den nationella planen innehåller en beslutad omprövningsordning för vattenkraft. SOU 2022:33 föreslog en vidare obligatorisk omprövning av äldre tillstånd till miljöfarlig verksamhet, men ett utredningsförslag ska inte beskrivas som gällande rätt. För andra verksamheter uppstår denna reformrisk först om bindande regler antas och verksamheten omfattas av dem.","SOU 2022:33 föreslog obligatorisk omprövning för moderna miljövillkor för vissa äldre tillstånd till miljöfarlig verksamhet. Förslaget är inte i sig bindande rätt. Den nationella planen är däremot en beslutad omprövningsordning för vattenkraft, och de två situationerna måste hållas isär.",Noden B30-O100 samt hela omprövningsspåret B30-GO110–B30-GO130 och indirekt alla befintliga tillstånd som hanteras i B30-010.,Bevaka om och i vilken form förslagen i SOU 2022:33 leder till bindande lagstiftning. För verksamheter som redan omfattas av en beslutad omprövningsordning ska tidplan och underlag planeras efter den ordningen.,"MB | EXT: SOU 2022:33 Om prövning och omprövning https://www.riksdagen.se/sv/dokument-och-lagar/dokument/statens-offentliga-utredningar/om-provning-och-omprovning_hab333/ | EXT: Havs- och vattenmyndigheten, Nationella planen (NAP) https://www.havochvatten.se/arbete-i-vatten-och-energiproduktion/vattenkraftverk-och-dammar/nationella-planen-nap/fragor-och-svar-om-den-nationella-planen-nap.html",S0_current_2026,"{""causes"":[{""text"":""En framtida bindande lagstiftning genomför ett förslag om obligatorisk omprövning av äldre tillstånd för miljöfarlig verksamhet och omfattar den aktuella verksamheten."",""basis"":""analysis"",""source_refs"":[]},{""text"":""En vattenkraftsverksamhet omfattas av den beslutade nationella planen för moderna miljövillkor och når den tidpunkt då ansökan ska ges in."",""basis"":""source"",""source_refs"":[""EXT: Havs- och vattenmyndigheten, Nationella planen (NAP) https://www.havochvatten.se/arbete-i-vatten-och-energiproduktion/vattenkraftverk-och-dammar/nationella-planen-nap/fragor-och-svar-om-den-nationella-planen-nap.html""]},{""text"":""SOU 2022:33 föreslår uttryckligen att obligatorisk omprövning ska införas för tillståndspliktiga miljöfarliga verksamheter prövade av länsstyrelse eller mark- och miljödomstol."",""basis"":""source"",""source_refs"":[""EXT: SOU 2022:33 Om prövning och omprövning https://www.riksdagen.se/sv/dokument-och-lagar/dokument/statens-offentliga-utredningar/om-provning-och-omprovning_hab333/""]},{""text"":""För andra verksamheter medför skärpta BAT- eller miljökrav inte automatiskt den obligatoriska omprövningscykel som risken avser; en konkret grund i gällande rätt eller en framtida bindande reform krävs."",""basis"":""analysis"",""source_refs"":[]},{""text"":""Den nationella planen för vattenkraft visar hur en sådan återprövningsregim kan vara sektorsvis, domstolsbunden och mångårig."",""basis"":""source"",""source_refs"":[""EXT: Havs- och vattenmyndigheten, Nationella planen (NAP) https://www.havochvatten.se/arbete-i-vatten-och-energiproduktion/vattenkraftverk-och-dammar/nationella-planen-nap/fragor-och-svar-om-den-nationella-planen-nap.html""]}],""event"":{""rubrik"":""Reformdriven omprövningsplikt träffar äldre tillstånd""},""effects"":[{""text"":""Det uppstår planeringsosäkerhet för kapitalintensiva verksamheter som är beroende av stabila villkor."",""basis"":""analysis"",""source_refs"":[]},{""text"":""Verksamheten kan behöva genomföra de tekniska anpassningar eller investeringar som följer av de moderna miljövillkor som slutligen beslutas; innehållet är ärendespecifikt."",""basis"":""analysis"",""source_refs"":[]},{""text"":""En vattenkraftsverksamhet som omfattas av den nationella planen behöver lämna in sin ansökan vid planerad tidpunkt och delta i domstolens prövning av moderna miljövillkor."",""basis"":""source"",""source_refs"":[""EXT: Havs- och vattenmyndigheten, Nationella planen (NAP) https://www.havochvatten.se/arbete-i-vatten-och-energiproduktion/vattenkraftverk-och-dammar/nationella-planen-nap/fragor-och-svar-om-den-nationella-planen-nap.html""]},{""text"":""Äldre tillstånd kan bli föremål för en ny prövning utan att tillståndshavaren själv har initierat en ändring, om en beslutad sektorsregim eller framtida lagreform föreskriver det."",""basis"":""analysis"",""source_refs"":[]}]}"
R-B30-O120-01,B30-O120,B30 – Miljöfarlig verksamhet,Fastställ omprövningsram och underlag,Sambandskravet begränsar vilka villkor som får röras,Rättslig osäkerhet,Myndighet & prövning,"Omprövningsramen avgränsar vilka bestämmelser och villkor som får tas upp. Enligt praxis och förarbeten krävs att ett villkor som ska ändras har samband med den grund på vilken omprövningen sker – en grund om utsläpp till luft öppnar inte automatiskt för ändring av vattenvillkor. Både myndigheter som vill dra in fler villkor och tillståndshavare som vill stänga ute dem har incitament att tvista om ramen, och en felaktigt dragen ram kan fälla hela omprövningsbeslutet vid överklagande.",SOU 2014:35 sammanfattar förarbetsuttalandet att ett villkor i grundtillståndet får ändras endast om det har samband med den ändring som prövas. Sambandskravet avgör därför vilka delar av tillståndet som kan omfattas av prövningen i det enskilda fallet.,Noden B30-O120 samt nedströms B30-GO130 och det slutliga omprövningsutfallet vid B30-ENDO.,"Kartlägg villkor för villkor vilket samband varje föreslagen ändring har med omprövningsgrunden, och formulera ramavgränsningen explicit i ansökan eller beslutet så att den håller vid överklagande.",MB | EXT: SOU 2014:35 I vått och torrt https://www.riksdagen.se/sv/dokument-och-lagar/dokument/statens-offentliga-utredningar/i-vatt-och-torrt-forslag-till-andrade-vattenrattsliga_h2b335/,S0_current_2026,"{""causes"":[{""text"":""Vid omprövning får endast villkor som har samband med omprövningsgrunden ändras, enligt praxis och förarbeten."",""basis"":""source"",""source_refs"":[""EXT: SOU 2014:35 I vått och torrt https://www.riksdagen.se/sv/dokument-och-lagar/dokument/statens-offentliga-utredningar/i-vatt-och-torrt-forslag-till-andrade-vattenrattsliga_h2b335/""]},{""text"":""Parterna tvistar om vilka av tillståndets villkor som omfattas av ramen för sambandskravet."",""basis"":""analysis"",""source_refs"":[]},{""text"":""En grund om utsläpp till luft öppnar inte automatiskt för ändring av vattenvillkor, vilket begränsar omprövningsramen."",""basis"":""analysis"",""source_refs"":[]},{""text"":""Både myndigheter och tillståndshavare har incitament att tvista om ramen för att gynna sin egen position."",""basis"":""analysis"",""source_refs"":[]},{""text"":""SOU 2014:35 sammanfattar att ett villkor får ändras endast om det har samband med den ändring som prövas."",""basis"":""source"",""source_refs"":[""EXT: SOU 2014:35 I vått och torrt https://www.riksdagen.se/sv/dokument-och-lagar/dokument/statens-offentliga-utredningar/i-vatt-och-torrt-forslag-till-andrade-vattenrattsliga_h2b335/""]}],""event"":{""rubrik"":""Sambandskravet begränsar vilka villkor som får röras""},""effects"":[{""text"":""Omprövningsbeslutet kan delvis upphävas eller ändras vid överklagande på grund av felaktigt dragen ram."",""basis"":""source"",""source_refs"":[""MB""]},{""text"":""Ärendet kan återförvisas efter överklagande, vilket förlänger processen."",""basis"":""analysis"",""source_refs"":[]},{""text"":""Villkor som trots processen lämnas oförändrade kvarstår med sina miljö- eller driftproblem."",""basis"":""analysis"",""source_refs"":[]},{""text"":""Det finns en risk att hela omprövningsbeslutet fälls vid överklagande om ramen har bedömts felaktigt."",""basis"":""analysis"",""source_refs"":[]}]}"
R-B30-O120-02,B30-O120,B30 – Miljöfarlig verksamhet,Fastställ omprövningsram och underlag,Tekniskt underlag för årtionden gammal anläggning saknas,Underlagsbrist & data,Sökande & ansökan,"En omprövning behöver ett tekniskt underlag som gör det möjligt att bedöma verksamheten mot de materiella krav som gäller i den aktuella prövningen. Om äldre ritningar, processdata, utsläppsmätningar eller recipientuppgifter inte motsvarar dagens verksamhet och frågeställningar kan nya mätningar och utredningar behövas. Omfattning och tidsbehov ska bestämmas utifrån de konkreta kunskapsluckorna och eventuella säsongsberoenden.","Omprövning enligt den nationella planen för moderna miljövillkor illustrerar att äldre tillstånd kan behöva prövas mot ett aktuellt tekniskt och miljömässigt underlag. Vid ändrings- och omprövningsmål ställer 22 kap. 1 d och 2 a §§ miljöbalken dessutom särskilda krav på redovisningen av tidigare tillstånd, villkor och yrkanden.",Noden B30-O120 samt nedströms B30-GO130 och B30-ENDO; underlagsarbetet kan även kräva nytt fältarbete kopplat till B20-liknande insatser.,"Påbörja teknisk dokumentationsinsamling och mätprogram långt innan omprövningstidpunkten, rekonstruera processdata ur driftjournaler och leverantörsarkiv, och förhandla om etappvis underlagslämning med prövningsinstansen.","MB | EXT: Havs- och vattenmyndigheten, Nationella planen (NAP) https://www.havochvatten.se/arbete-i-vatten-och-energiproduktion/vattenkraftverk-och-dammar/nationella-planen-nap/fragor-och-svar-om-den-nationella-planen-nap.html",S0_current_2026,"{""causes"":[{""text"":""Prövningen saknar aktuella uppgifter om processer, utsläpp och tillämpliga tekniska krav som behövs för att bedöma verksamheten mot dagens rättsläge."",""basis"":""source"",""source_refs"":[""MB""]},{""text"":""Anläggningens tekniska dokumentation är föråldrad, spridd mellan ägargenerationer eller aldrig upprättad i modern form."",""basis"":""analysis"",""source_refs"":[]},{""text"":""Ett äldre vattenkraftstillstånd som omfattas av den nationella planen ska prövas för moderna miljövillkor, men det saknas aktuellt tekniskt och miljömässigt underlag för ansökan."",""basis"":""source"",""source_refs"":[""EXT: Havs- och vattenmyndigheten, Nationella planen (NAP) https://www.havochvatten.se/arbete-i-vatten-och-energiproduktion/vattenkraftverk-och-dammar/nationella-planen-nap/fragor-och-svar-om-den-nationella-planen-nap.html""]},{""text"":""22 kap. 1 d och 2 a §§ miljöbalken ställer särskilda krav på redovisningen av tidigare tillstånd, villkor och yrkanden vid ändrings- och omprövningsmål."",""basis"":""source"",""source_refs"":[""MB""]},{""text"":""Det finns kunskapsluckor gällande nuvarande verksamhet som inte kan fyllas utan nya mätningar och utredningar."",""basis"":""analysis"",""source_refs"":[]}],""event"":{""rubrik"":""Tekniskt underlag för årtionden gammal anläggning saknas""},""effects"":[{""text"":""Prövningsinstansen kan förelägga sökanden att komplettera det tekniska underlaget och avvisa ansökan om en väsentlig brist inte avhjälps."",""basis"":""source"",""source_refs"":[""MB""]},{""text"":""Kostnaden och arbetsbördan för ansökan ökar när historiska driftuppgifter behöver rekonstrueras eller nya mätningar genomföras."",""basis"":""analysis"",""source_refs"":[]},{""text"":""Befintliga villkor gäller normalt under tiden, men osäkerheten om framtida villkor gör teknik- och investeringsbeslut svårare."",""basis"":""analysis"",""source_refs"":[]},{""text"":""Prövningstiden förlängs påtagligt på grund av behovet av att generera nytt tekniskt underlag."",""basis"":""analysis"",""source_refs"":[]}]}"
R-B30-START-01,B30-START,B30 – Miljöfarlig verksamhet,9 kap.-variant initierad,Tillståndsmatrisen missar 9 kap.-plikten,Underlagsbrist & data,Sökande & ansökan,"Delprocessen B30 ska aktiveras när tillståndsmatrisen visar att projektet omfattar miljöfarlig verksamhet eller en ändring av sådan. Om verksamhetskoderna i miljöprövningsförordningen tolkas fel eller en ändring inte identifieras som anmälnings- eller tillståndspliktig kan den nödvändiga prövningen utebli. Om verksamheten då påbörjas utan det beslut som krävs kan frågan senare aktualiseras genom tillsyn, klagomål eller en ny ansökan.","Att driva tillståndspliktig miljöfarlig verksamhet utan tillstånd kan medföra straffansvar enligt 29 kap. miljöbalken. Naturvårdsverkets vägledning beskriver att tillsynsmyndigheten kan förelägga om tillståndsansökan när förutsättningarna är uppfyllda. Prop. 2023/24:152 behandlar behovet av tydligare gränsdragning mellan tillståndsplikt, anmälningsplikt och fri verksamhet.",Noden B30-START samt hela delprocessen B30 nedströms (B30-010 och vidare); vid utebliven initiering även B10 och B20 som får felaktiga förutsättningar.,"Låt juridisk sakkunskap dubbelkontrollera tillståndsmatrisens klassificering mot miljöprövningsförordningens sektorskapitel, dokumentera avsteg från tillståndsplikt med motivering, och inhämta tillsynsmyndighetens syn i tveksamma fall innan spårval låses.",MB | MPF | FMH | EXT: Regeringens proposition 2023/24:152 Steg på vägen mot en mer effektiv miljöprövning https://www.riksdagen.se/sv/dokument-och-lagar/dokument/proposition/steg-pa-vagen-mot-en-mer-effektiv-miljoprovning_hb03152/,S0_current_2026,"{""causes"":[{""text"":""Verksamhetskoden i miljöprövningsförordningen tolkas felaktigt så att verksamheten klassificeras som anmälningspliktig eller fri istället för tillståndspliktig enligt 9 kap. miljöbalken."",""basis"":""source"",""source_refs"":[""MPF""]},{""text"":""En ändring av en befintlig verksamhet identifieras inte som tillståndspliktig trots att ändringen träffas av en bestämmelse om tillståndsplikt i MPF."",""basis"":""source"",""source_refs"":[""MPF""]},{""text"":""Tillståndsmatrisen i förstudien ger ett felaktigt underlag som indikerar att ingen tillståndsplikt föreligger, vilket kan medföra att processen B30 inte aktiveras."",""basis"":""analysis"",""source_refs"":[]},{""text"":""Gränsdragningen mellan tillståndspliktig miljöfarlig verksamhet och anmälningspliktig verksamhet bedöms felaktigt som att den aktuella verksamheten faller utanför tillståndskravet."",""basis"":""analysis"",""source_refs"":[]}],""event"":{""rubrik"":""Tillståndsmatrisen missar 9 kap.-plikten""},""effects"":[{""text"":""Verksamheten kan påbörjas eller fortsätta utan ett tillstånd som krävs; om detta sker uppsåtligen eller av oaktsamhet kan ansvar för otillåten miljöverksamhet aktualiseras."",""basis"":""source"",""source_refs"":[""MB""]},{""text"":""Tillsynsmyndigheten förelägger verksamhetsutövaren att ansöka om tillstånd i efterhand, vilket kräver en fullständig prövning."",""basis"":""source"",""source_refs"":[""FMH""]},{""text"":""Projektet drabbas av betydande fördröjningar eftersom processen kan behöva omstarta med en formell tillståndsansökan."",""basis"":""analysis"",""source_refs"":[]},{""text"":""Tillsynsmyndigheten kan meddela föreläggande eller förbud och förena beslutet med vite; separat straffansvar kan aktualiseras om rekvisiten för miljöbrottsligheten är uppfyllda."",""basis"":""source"",""source_refs"":[""MB""]}]}"
R-B40-010-01,B40-010,B40 – Vattenverksamhet,Avgränsa vattenåtgärden,Salami-slicing: åtgärden delas upp och undgår prövning,Rättslig osäkerhet,Sökande & ansökan,"Enligt 11 kap. 2–6 §§ MB ska fysiskt och funktionellt sammanhängande arbeten bedömas tillsammans. Om avgränsningen delar upp ett i praktiken sammanhängande projekt i flera mindre åtgärder kan varje del verka ofarlig, medan den samlade effekten hade krävt tillstånd. Tillsynsmyndigheten eller en motpart kan senare hävda att uppdelningen var konstlad och att tillståndsplikt förelåg. Det kan leda till förbud, föreläggande att söka tillstånd i efterhand och i värsta fall straffrättsligt ansvar för olaglig vattenverksamhet. Även välmenande snäva avgränsningar kan slå tillbaka om domstolen vid överklagande vidgar prövningsobjektet.",Prövningsobjektet ska omfatta de åtgärder som funktionellt och miljömässigt hör samman så att verksamhetens samlade konsekvenser kan bedömas.,B40-010 samt B40-G020 och B40-G070; felaktig avgränsning smittar hela vägvalet nedströms till B40-P110/B40-P120.,Dokumentera avgränsningsresonemanget skriftligt med kartor över samtliga arbeten inklusive tillfälliga och följdåtgärder. Ta in sakkunnig och håll tidig dialog med tillsynsmyndigheten om avgränsningen.,MB,S0_current_2026,"{""causes"":[{""text"":""Prövningsobjektet ska omfatta de åtgärder som funktionellt och miljömässigt hör samman så att verksamhetens samlade konsekvenser kan bedömas."",""basis"":""source"",""source_refs"":[""MB""]},{""text"":""Projektägaren avgränsar prövningsobjektet för snävt, t.ex. genom att söka för huvudåtgärden men inte för tillfälliga arbeten, schaktmassor eller följdåtgärder."",""basis"":""analysis"",""source_refs"":[]},{""text"":""Projektets tekniska utformning ändras efter att den vattenrättsliga avgränsningen har låsts."",""basis"":""analysis"",""source_refs"":[]},{""text"":""Ansvar för följdåtgärder är uppdelat mellan discipliner som inte delar ett gemensamt prövningsunderlag."",""basis"":""analysis"",""source_refs"":[]}],""event"":{""rubrik"":""Salami-slicing: åtgärden delas upp och undgår prövning""},""effects"":[{""text"":""En tillståndspliktig vattenverksamhet får inte bedrivas utan det tillstånd som krävs enligt 11 kap. miljöbalken."",""basis"":""source"",""source_refs"":[""MB""]},{""text"":""Den aktuella vattenrisken kan leda till återförvisning eller omprövning."",""basis"":""analysis"",""source_refs"":[]},{""text"":""Projektet kan behöva genomgå en tillståndsprocess i efterhand."",""basis"":""analysis"",""source_refs"":[]},{""text"":""Tillsynsföreläggande med vite eller straffansvar kan aktualiseras om en tillståndspliktig vattenverksamhet bedrivs utan nödvändigt tillstånd."",""basis"":""source"",""source_refs"":[""MB""]}]}"
R-B40-010-02,B40-010,B40 – Vattenverksamhet,Avgränsa vattenåtgärden,Tillfälliga arbeten och grundvattenbortledning faller utanför avgränsningen,Underlagsbrist & data,Sökande & ansökan,"Tillfälliga arbeten kan ge betydande grundvattenpåverkan men kan förbises vid avgränsningen eftersom de inte ingår i den färdiga anläggningen. Grundvattenbortledning är vattenverksamhet även när den är tillfällig. Om påverkan inte omfattas av prövningen kan komplettering, tillsyn och skadeanspråk aktualiseras.",Tillfällig grundvattenbortledning under byggskedet kan vara vattenverksamhet enligt 11 kap. miljöbalken och behöver därför ingå i avgränsningen om undantag inte är tillämpligt.,"B40-010 och B40-030 (underlagsbehovet växer), samt B40-P110 där yrkandet måste omfatta byggskedet.",Låt hydrogeologen bedöma byggskedets inföde separat och ta med tillfälliga arbeten i avgränsningen. Upprätta kontrollprogram för grundvattennivåer redan i ansökan.,MB | COURT_WV,S0_current_2026,"{""causes"":[{""text"":""Tillfällig grundvattenbortledning under byggskedet kan vara vattenverksamhet enligt 11 kap. miljöbalken och behöver därför ingå i avgränsningen om undantag inte är tillämpligt."",""basis"":""source"",""source_refs"":[""MB""]},{""text"":""Byggskedets tillfälliga grundvattensänkning, spontningsinvallningar eller arbetsgropor betraktas som en tillfällig teknikfråga och tas inte med i prövningsobjektet."",""basis"":""analysis"",""source_refs"":[]},{""text"":""Projektets tekniska utformning ändras efter att den vattenrättsliga avgränsningen har låsts."",""basis"":""analysis"",""source_refs"":[]},{""text"":""Ansvar för följdåtgärder är uppdelat mellan discipliner som inte delar ett gemensamt prövningsunderlag."",""basis"":""analysis"",""source_refs"":[]}],""event"":{""rubrik"":""Tillfälliga arbeten och grundvattenbortledning faller utanför avgränsningen""},""effects"":[{""text"":""Domstolen kan kräva att ansökan kompletteras när byggskedets vattenverksamhet inte omfattas av prövningsunderlaget."",""basis"":""source"",""source_refs"":[""MB"",""COURT_WV""]},{""text"":""Ansökan eller anmälan kan behöva kompletteras innan prövningen kan fortsätta i ärendet vid processteget ”Avgränsa vattenåtgärden”."",""basis"":""analysis"",""source_refs"":[]},{""text"":""Den aktuella vattenrisken kan leda till stoppade arbeten."",""basis"":""analysis"",""source_refs"":[]},{""text"":""Den aktuella vattenrisken kan leda till skadeståndsanspråk från brunnsägare och grannar."",""basis"":""analysis"",""source_refs"":[]}]}"
R-B40-010-03,B40-010,B40 – Vattenverksamhet,Avgränsa vattenåtgärden,Följdåtgärder utanför huvudplatsen missas,Rättslig osäkerhet,Sökande & ansökan,"En vattenåtgärd har ofta följdåtgärder på andra platser: masshantering, utjämningsdiken, recipientskydd eller kompensationsåtgärder. Om dessa inte fångas i avgränsningen enligt 11 kap. 2 § MB saknas rättigheter och tillstånd för dem, trots att de är en förutsättning för att huvudåtgärden ska kunna genomföras. Upptäcks bristen vid screeningen i B40-060 eller av tillsynsmyndigheten kan hela avgränsningsarbetet behöva göras om och vägvalet i B40-G070 ändras.",11 kap. 2 § MB definierar vattenverksamhet och omfattar bland annat åtgärder som syftar till att ändra vattnets djup eller läge. Ansökan och kungörelsen behöver avgränsa den verksamhet som ska prövas; annars finns risk att avgörandet inte omfattar alla åtgärder eller att ett processfel behöver hanteras i överinstans.,B40-010 samt B40-060 och B40-G070; berör även B40-P110 där fastighetsförteckningen blir ofullständig.,Använd ett samlat åtgärdsschema med huvud- och följdåtgärder på karta innan avgränsningen låses. Konsultera tillsynsmyndigheten i tveksamma fall.,MB,S0_current_2026,"{""causes"":[{""text"":""11 kap. 2 § MB definierar vattenverksamhet och omfattar bland annat åtgärder som syftar till att ändra vattnets djup eller läge."",""basis"":""source"",""source_refs"":[""MB""]},{""text"":""Schaktmassor som tippas i vatten, avledda diken utanför arbetsområdet eller erosionsskydd längre nedströms bedöms som separata smååtgärder."",""basis"":""analysis"",""source_refs"":[]},{""text"":""Projektets tekniska utformning ändras efter att den vattenrättsliga avgränsningen har låsts."",""basis"":""analysis"",""source_refs"":[]},{""text"":""Ansvar för följdåtgärder är uppdelat mellan discipliner som inte delar ett gemensamt prövningsunderlag."",""basis"":""analysis"",""source_refs"":[]}],""event"":{""rubrik"":""Följdåtgärder utanför huvudplatsen missas""},""effects"":[{""text"":""Ansökan och kungörelsen behöver avgränsa den verksamhet som ska prövas."",""basis"":""source"",""source_refs"":[""MB""]},{""text"":""Den vattenrättsliga prövningen och projektets planerade genomförande kan fördröjas i ärendet vid processteget ”Avgränsa vattenåtgärden”."",""basis"":""analysis"",""source_refs"":[]},{""text"":""Projektet riskerar att tillståndet inte täcker hela genomförandet."",""basis"":""analysis"",""source_refs"":[]},{""text"":""Projektet kan behöva öppna ett nytt prövningsspår för en tidigare utelämnad åtgärd."",""basis"":""analysis"",""source_refs"":[]}]}"
R-B40-030-01,B40-030,B40 – Vattenverksamhet,"Ta fram vatten-, miljö- och sakägarunderlag",Hydrologiskt och hydrogeologiskt underlag håller inte domstolsmått,Underlagsbrist & data,Sökande & ansökan,Mätperiodens längd och fördelning över årstider ska anpassas till den hydrologiska eller hydrogeologiska frågan och platsens variation. Om underlaget inte täcker relevanta förhållanden kan kompletterande mätning behövas innan påverkan och skaderisker kan bedömas tillräckligt.,"Ett vattenverksamhetsunderlag behöver beskriva berörda vattenförhållanden, påverkan, osäkerheter och skyddsåtgärder så att domstolen kan bedöma tillåtlighet och villkor.","B40-030 och nedströms B40-G040, B40-G070 samt särskilt B40-P100/B40-P110 där MKB:n och ansökan bygger på underlaget.","Dimensionera mätperioden efter platsens variation och prövningens frågor. Använd relevanta data från SGU och SMHI som komplement och redovisa metod, representativitet och osäkerheter öppet.",MB | COURT_WV | EXT: Miljösamverkan Sverige – handläggarstöd för domstolsprövning av vattenverksamheter https://www.miljosamverkansverige.se/wp-content/uploads/handlaggarstod-domstolsprovning-vattenverksamheter.pdf,S0_current_2026,"{""causes"":[{""text"":""Ett vattenverksamhetsunderlag behöver beskriva berörda vattenförhållanden, påverkan, osäkerheter och skyddsåtgärder så att domstolen kan bedöma tillåtlighet och villkor."",""basis"":""source"",""source_refs"":[""MB""]},{""text"":""Grundvattenmätningar görs under för kort tid eller fel årstid, och recipients- eller flödesdata saknas för relevanta årsvariationer."",""basis"":""analysis"",""source_refs"":[]},{""text"":""Underlaget bygger på register eller mätserier som inte täcker hela det berörda området."",""basis"":""analysis"",""source_refs"":[]},{""text"":""Ägar-, rättighets- eller naturförhållanden hinner ändras mellan inventering och ansökan."",""basis"":""analysis"",""source_refs"":[]}],""event"":{""rubrik"":""Hydrologiskt och hydrogeologiskt underlag håller inte domstolsmått""},""effects"":[{""text"":""Domstolen kan förelägga sökanden att komplettera en ansökan som inte ger ett tillräckligt prövningsunderlag."",""basis"":""source"",""source_refs"":[""MB"",""COURT_WV""]},{""text"":""Projektet kan fördröjas till dess att ett tillräckligt mätunderlag finns."",""basis"":""analysis"",""source_refs"":[]},{""text"":""Den aktuella vattenrisken kan leda till merkostnad för kompletterande fältarbete."",""basis"":""analysis"",""source_refs"":[]},{""text"":""Den aktuella vattenrisken kan leda till en svagare processposition."",""basis"":""analysis"",""source_refs"":[]}]}"
R-B40-030-02,B40-030,B40 – Vattenverksamhet,"Ta fram vatten-, miljö- och sakägarunderlag",Befintliga tillstånd och gamla vattendomar förbises,Underlagsbrist & data,Sökande & ansökan,"Äldre vattenrättsliga rättigheter kan framgå av vattendomar, förrättningsakter, tillståndsakter samt samfällighets- och fastighetshandlingar. Om en relevant dom eller rättighet inte identifieras kan sakägarbilden, prövningsramen och ersättningsfrågorna bli ofullständiga.","Vattenkraftens omprövning för moderna miljövillkor (MB 11 kap. 27 §, nationell plan beslutad av regeringen 25 juni 2020) har visat hur komplex och historiskt belastad den svenska vattenrättsliga rättighetsbilden är; även dagens domstolsprocesser bygger på vattendomar från 1900-talets första hälft.","B40-030 och B40-G040 (rådighetsfrågan), samt B40-P110 där ersättnings- och sakägaravsnitt bygger på inventeringen.","Beställ arkivsökning hos domstolar, Lantmäteriet och vattenregleringsföretag tidigt. Intervjua lokala markägare och fiskevårdsorganisationer om historiska rättigheter.",MB | LVV | EXT: Energimyndigheten – Tillstånd för vattenkraft https://www.energimyndigheten.se/energisystem-och-analys/tillstand-och-provning/tillstandsprocesser/tillstand-for-vattenkraft/,S0_current_2026,"{""causes"":[{""text"":""Äldre vattendomar och vattenrättigheter kan fortfarande vara rättsligt relevanta även när de inte framgår av moderna digitala register."",""basis"":""source"",""source_refs"":[""MB"",""LVV""]},{""text"":""Inventeringen av befintliga tillstånd begränsas till digitala register och missar äldre vattendomar, rättigheter och förmåner som inte är registrerade."",""basis"":""analysis"",""source_refs"":[]},{""text"":""Underlaget bygger på register eller mätserier som inte täcker hela det berörda området."",""basis"":""analysis"",""source_refs"":[]},{""text"":""Ägar-, rättighets- eller naturförhållanden hinner ändras mellan inventering och ansökan."",""basis"":""analysis"",""source_refs"":[]}],""event"":{""rubrik"":""Befintliga tillstånd och gamla vattendomar förbises""},""effects"":[{""text"":""Befintliga vattendomar och vattenrättigheter måste beaktas vid prövningen av en ny eller ändrad vattenverksamhet."",""basis"":""source"",""source_refs"":[""MB"",""LVV""]},{""text"":""Den aktuella vattenrisken kan leda till ersättningskrav och sakägartvister i prövningen."",""basis"":""analysis"",""source_refs"":[]},{""text"":""Projektet kan fördröjas och åtgärden kan i värsta fall behöva ändras."",""basis"":""analysis"",""source_refs"":[]},{""text"":""Projektets bevisläge kan försvagas när nya uppgifter kommer fram sent i prövningen."",""basis"":""analysis"",""source_refs"":[]}]}"
R-B40-030-03,B40-030,B40 – Vattenverksamhet,"Ta fram vatten-, miljö- och sakägarunderlag",Sakägarförteckningen blir felaktig eller ofullständig,Underlagsbrist & data,Sökande & ansökan,"Ett väsentligt underrättelse- eller kommuniceringsfel kan behöva rättas och kan, beroende på felets betydelse, medföra att avgörandet undanröjs.","LVV och 22 kap. MB kräver att berörda får den underrättelse och möjlighet att yttra sig som följer av processreglerna. Fel i sakägarbild, kungörelse eller delgivning kan därför leda till att avgörandet undanröjs eller att handläggningen måste göras om.",B40-030 samt B40-N110 (anmälningsunderlag) och B40-P110 (ansökan) där sakägarförteckningen återanvänds.,Beställ fastighetsutredning och lagfarts-/fiskerättskontroll via Lantmäteriet. Dubbelkolla delägar- och samfällighetsförhållanden innan underlaget låses.,MB | LVV,S0_current_2026,"{""causes"":[{""text"":""LVV och 22 kap. MB kräver att berörda får den underrättelse och möjlighet att yttra sig som följer av processreglerna."",""basis"":""source"",""source_refs"":[""LVV"",""MB""]},{""text"":""Fastighetsgränser i vatten, fiskerättigheter och delägarskap i vattenområden är svårutredda, och fel personer listas som berörda."",""basis"":""analysis"",""source_refs"":[]},{""text"":""Underlaget bygger på register eller mätserier som inte täcker hela det berörda området."",""basis"":""analysis"",""source_refs"":[]},{""text"":""Ägar-, rättighets- eller naturförhållanden hinner ändras mellan inventering och ansökan."",""basis"":""analysis"",""source_refs"":[]}],""event"":{""rubrik"":""Sakägarförteckningen blir felaktig eller ofullständig""},""effects"":[{""text"":""Fel i sakägarbild, kungörelse eller delgivning kan därför leda till att avgörandet undanröjs eller att handläggningen måste göras om."",""basis"":""source"",""source_refs"":[""MB""]},{""text"":""Den aktuella vattenrisken kan leda till återförvisning på formella grunder."",""basis"":""analysis"",""source_refs"":[]},{""text"":""Den vattenrättsliga prövningen och projektets planerade genomförande kan fördröjas i ärendet vid processteget ”Ta fram vatten-, miljö- och sakägarunderlag”."",""basis"":""analysis"",""source_refs"":[]},{""text"":""Den aktuella vattenrisken kan leda till skärpt motstånd från sakägare som upptäcker att de inte beretts möjlighet att yttra sig."",""basis"":""analysis"",""source_refs"":[]}]}"
R-B40-050-01,B40-050,B40 – Vattenverksamhet,Säkra rättighet eller omprojektera,Förhandling om rättighet misslyckas och tvingar fram omprojektering,Intressekonflikt & markåtkomst,Extern & omvärld,"När rådighet saknas återstår förvärv, upplåtelse, ändrad lokalisering eller nedläggning av åtgärden. Markägare som inser att deras samtycke är en processförutsättning har en stark förhandlingsposition och kan höja priset eller helt avböja. En omprojektering till ny lokalisering innebär att avgränsning (B40-010), klassificering (B40-G020) och underlag (B40-030) måste göras om helt eller delvis. Loopen tillbaka till B40-G040 kan upprepas flera gånger om den nya lokaliseringen stöter på nya rådighetsproblem.",Rådighet enligt 2 kap. LVV är en processförutsättning. Om nödvändig rätt till vattenområdet saknas kan projektet behöva avtal eller ett tillämpligt tvångsrättsinstitut innan prövningen kan slutföras. Den separata rättighetsprocessen kan förskjuta tidplanen.,B40-050 med återkoppling till B40-G040 samt uppströms B40-010 och B40-030 vid omprojektering.,"Inled rättighetsförhandlingar parallellt med utredningsarbetet, ha en realistisk reservlokalisering och överväg tidigt om tvångsrättsinstituten (28 kap. MB) är framkomliga.",LVV | MB,S0_current_2026,"{""causes"":[{""text"":""Rådighet enligt 2 kap. LVV är en processförutsättning."",""basis"":""source"",""source_refs"":[""LVV"",""MB""]},{""text"":""Fastighetsägaren vägrar sälja eller upplåta rättigheten, eller kräver ersättningsnivåer som projektet inte kan bära."",""basis"":""analysis"",""source_refs"":[]},{""text"":""Rättighetsförhandlingen genomförs innan arbetsområdets slutliga utbredning är fastställd."",""basis"":""analysis"",""source_refs"":[]},{""text"":""Avtalen omfattar inte samtliga fastigheter, rättighetshavare eller tillfälliga arbetsområden."",""basis"":""analysis"",""source_refs"":[]}],""event"":{""rubrik"":""Förhandling om rättighet misslyckas och tvingar fram omprojektering""},""effects"":[{""text"":""Om nödvändig rätt till vattenområdet saknas kan projektet behöva avtal eller ett tillämpligt tvångsrättsinstitut innan prövningen kan slutföras."",""basis"":""source"",""source_refs"":[""LVV""]},{""text"":""Den aktuella vattenrisken kan leda till långvarig fördröjning."",""basis"":""analysis"",""source_refs"":[]},{""text"":""Rättighetskostnaderna kan öka och åtgärden kan behöva flyttas eller avbrytas."",""basis"":""analysis"",""source_refs"":[]},{""text"":""Projektet kan behöva omförhandla rättigheter eller flytta delar av åtgärden."",""basis"":""analysis"",""source_refs"":[]}]}"
R-B40-050-02,B40-050,B40 – Vattenverksamhet,Säkra rättighet eller omprojektera,Säkrad rättighet täcker inte hela det slutliga prövningsobjektet,Rättslig osäkerhet,Sökande & ansökan,Rättighetsarbetet sker ofta parallellt med att projekteringen fortfarande rör sig. Om den slutliga ansökan eller anmälan omfattar större eller annorlunda belägna arbeten än de som rättigheterna täcker uppstår en lucka som inte upptäcks förrän domstolen eller tillsynsmyndigheten granskar rådigheten. Varje förändring av åtgärdens utbredning måste därför matchas mot rättighetsunderlaget på nytt. Annars är scenariot detsamma som vid ursprunglig rådighetsbrist: avvisning eller tvungen komplettering mitt i processen.,Rådigheten enligt 2 kap. LVV måste täcka det faktiska åtgärdsområde som ansökan avser. Om omfånget ändras under handläggningen kan rådighetsunderlaget och ansökan behöva kompletteras.,B40-050 och B40-G040 (förnyad kontroll) samt B40-P110/B40-P120 om bristen upptäcks sent.,Inför en rutin där varje projekteringsändring triggar rådighetskontroll. Teckna avtal med marginaler eller optionsklausuler för rimliga justeringar.,LVV,S0_current_2026,"{""causes"":[{""text"":""Rådigheten enligt 2 kap. LVV måste täcka det faktiska åtgärdsområde som ansökan avser."",""basis"":""source"",""source_refs"":[""LVV""]},{""text"":""Rättigheten säkras utifrån ett preliminärt åtgärdsomfång, men projekteringen eller kompletteringarna ändrar sedan arbetsområdets utbredning."",""basis"":""analysis"",""source_refs"":[]},{""text"":""Rättighetsförhandlingen genomförs innan arbetsområdets slutliga utbredning är fastställd."",""basis"":""analysis"",""source_refs"":[]},{""text"":""Avtalen omfattar inte samtliga fastigheter, rättighetshavare eller tillfälliga arbetsområden."",""basis"":""analysis"",""source_refs"":[]}],""event"":{""rubrik"":""Säkrad rättighet täcker inte hela det slutliga prövningsobjektet""},""effects"":[{""text"":""Om omfånget ändras under handläggningen kan rådighetsunderlaget och ansökan behöva kompletteras."",""basis"":""source"",""source_refs"":[""LVV""]},{""text"":""Den aktuella vattenrisken kan leda till förnyade förhandlingar under pågående process."",""basis"":""analysis"",""source_refs"":[]},{""text"":""Ansökan eller anmälan kan behöva kompletteras innan prövningen kan fortsätta i ärendet vid processteget ”Säkra rättighet eller omprojektera”."",""basis"":""analysis"",""source_refs"":[]},{""text"":""Den vattenrättsliga prövningen och projektets planerade genomförande kan fördröjas i ärendet vid processteget ”Säkra rättighet eller omprojektera”."",""basis"":""analysis"",""source_refs"":[]}]}"
R-B40-060-01,B40-060,B40 – Vattenverksamhet,Screena parallella prövningar,Dispensbehov för delar utanför miljöbalkstillståndets strandskyddsundantag missas,Sektorssamordning,Sökande & ansökan,Förbuden i 7 kap. 15 § MB gäller enligt 7 kap. 16 § 2 MB inte för en verksamhet eller åtgärd som omfattas av ett tillstånd enligt miljöbalken eller föreskrifter meddelade med stöd av balken. En vattenåtgärd som ryms i ett sådant tillstånd behöver därför normalt inte en separat strandskyddsdispens för samma åtgärd. Kompletterande anläggningsdelar eller åtgärder som ligger utanför tillståndets omfattning och inte träffas av något annat undantag kan däremot vara dispenspliktiga. Screeningen måste skilja dessa situationer åt.,Strandskyddets förbud och undantag följer av 7 kap. 15–16 §§ MB. Om ett projektmoment inte omfattas av ett undantag kräver dispens ett tillämpligt särskilt skäl och en prövning mot strandskyddets syften.,B40-060 samt vägval B40-G070 och slutnoderna B40-E130/B40-N180 där parallella beslut ska vara klara.,"Ta fram en parallell tillståndsmatris med strandskydd som obligatorisk rad, kontrollera dispensgrunderna mot 7 kap. MB och invänta lagakraftvunnet dispensbeslut före byggstart.",MB | STRAND | EXT: Naturvårdsverket – dispens från strandskyddet https://www.naturvardsverket.se/vagledning-och-stod/skyddad-natur/strandskydd/dispens-fran-strandskyddet/,S0_current_2026,"{""causes"":[{""text"":""Strandskyddets förbud och undantag följer av 7 kap. 15–16 §§ MB."",""basis"":""source"",""source_refs"":[""STRAND"",""MB""]},{""text"":""En åtgärd eller anläggningsdel ligger inom ett strandskyddat område men saknar den dispens som genomförandet kräver."",""basis"":""analysis"",""source_refs"":[]},{""text"":""Screeningen omfattar huvudåtgärden men inte tillfarter, ledningar, upplag eller andra följdåtgärder."",""basis"":""analysis"",""source_refs"":[]},{""text"":""Parallella prövningar använder olika ritningsversioner eller miljöförutsättningar."",""basis"":""analysis"",""source_refs"":[]}],""event"":{""rubrik"":""Dispensbehov för delar utanför miljöbalkstillståndets strandskyddsundantag missas""},""effects"":[{""text"":""Om ett projektmoment inte omfattas av ett undantag kräver dispens ett tillämpligt särskilt skäl och en prövning mot strandskyddets syften."",""basis"":""source"",""source_refs"":[""STRAND""]},{""text"":""Den aktuella vattenrisken kan leda till stopp i genomförandet trots vunnet vattentillstånd."",""basis"":""analysis"",""source_refs"":[]},{""text"":""Den vattenrättsliga prövningen och projektets planerade genomförande kan fördröjas i ärendet vid processteget ”Screena parallella prövningar”."",""basis"":""analysis"",""source_refs"":[]},{""text"":""Projektet riskerar att inte kunna genomföras som planerat."",""basis"":""analysis"",""source_refs"":[]}]}"
R-B40-060-02,B40-060,B40 – Vattenverksamhet,Screena parallella prövningar,Natura 2000-påverkan upptäcks först efter vägvalet,Sektorssamordning,Sökande & ansökan,"Natura 2000-prövning enligt 7 kap. MB är kumulativ och funktionell: även åtgärder utanför området kan kräva tillstånd om de påverkar skyddsvärdena, till exempel genom grundvattensänkning eller ändrad avrinning. En screening som bara tittar på om åtgärden ligger inom områdesgränsen missar hydrologiska kopplingar. Upptäcks påverkan först hos länsstyrelsen eller i domstolen kan hela spårvalet ha varit fel, eftersom Natura 2000-tillstånd eller undantagsprövning enligt 7 kap. 28 a–29 b §§ MB måste läggas till. Det kan också göra ett annars möjligt undantag i 11 kap. oanvändbart.",Regeringens beslut om Stora Middelgrund gällde den planerade vindkraftparkens lokalisering och hänsynen till naturvärden och riksintressen. MÖD:s mål M 12177-23 gällde Storgrundet och hur en tillståndsansökan skulle hanteras när det fanns konkurrerande ansökningar; målet återförvisades.,B40-060 samt B40-GE110 och vägval B40-G070; hela undantags- och anmälningsspåret påverkas.,"Gör en tidig Natura 2000-screening med hydrologisk och ekologisk kopplingsanalys, inte bara avståndsmätning. Involvera länsstyrelsens Natura 2000-handläggare i dialogen.",MB | NATURA | EXT: Regeringen – Stora Middelgrund https://www.regeringen.se/regeringsuppdrag/2023/07/ansokan-om-andring-av-tillstand-enligt-lagen-19921140-om-sveriges-ekonomiska-zon-for-vindkraftsparken-stora-middelgrund/ | EXT: MÖD – M 12177-23 om Storgrundet https://www.domstol.se/mark--och-miljooverdomstolen/mark--och-miljooverdomstolens-avgoranden/2024/144081/,S0_current_2026,"{""causes"":[{""text"":""En vattenåtgärd utanför ett Natura 2000-område kan ändå kräva Natura 2000-prövning om en hydrologisk eller annan funktionell påverkan kan bli betydande."",""basis"":""source"",""source_refs"":[""MB"",""NATURA""]},{""text"":""Screeningen bygger på kartavstånd i stället för funktionell analys av påverkan på skyddsvärden, t.ex. hydrologisk koppling till ett Natura 2000-område."",""basis"":""analysis"",""source_refs"":[]},{""text"":""Screeningen omfattar huvudåtgärden men inte tillfarter, ledningar, upplag eller andra följdåtgärder."",""basis"":""analysis"",""source_refs"":[]},{""text"":""Parallella prövningar använder olika ritningsversioner eller miljöförutsättningar."",""basis"":""analysis"",""source_refs"":[]}],""event"":{""rubrik"":""Natura 2000-påverkan upptäcks först efter vägvalet""},""effects"":[{""text"":""Natura 2000-tillstånd får bara lämnas när förutsättningarna i 7 kap. 28 b § miljöbalken är uppfyllda."",""basis"":""source"",""source_refs"":[""MB"",""NATURA""]},{""text"":""Den aktuella vattenrisken kan leda till omarbetat vägval."",""basis"":""analysis"",""source_refs"":[]},{""text"":""Den vattenrättsliga prövningen och projektets planerade genomförande kan fördröjas i ärendet vid processteget ”Screena parallella prövningar”."",""basis"":""analysis"",""source_refs"":[]},{""text"":""Ett olöst parallellt tillstånd kan blockera byggstart trots att vattenfrågan är avgjord."",""basis"":""analysis"",""source_refs"":[]}]}"
R-B40-060-03,B40-060,B40 – Vattenverksamhet,Screena parallella prövningar,"Muddermassor, dumpning och sektorstillstånd staplas i fel ordning",Sektorssamordning,Myndighet & prövning,"En vattenverksamhet kan samtidigt aktualisera dumpningstillstånd enligt 15 kap. miljöbalken, en artskyddsbedömning och eventuell dispens enligt artskyddsförordningen, tillstånd till ingrepp i fornlämning enligt kulturmiljölagen samt lov eller annan prövning enligt PBL. Spåren kan prövas av olika aktörer och ett beslut kan vara beroende av ett annat. Om de inte samordnas kan ett meddelat vattentillstånd därför behöva avvakta andra beslut eller underlaget behöva justeras när ett parallellt spår förändrar åtgärdens utformning.",SOU 2024:98 och prop. 2023/24:152 behandlar samordningen mellan miljöbedömning och tillståndsprövning samt problem som kan uppstå när parallella processer ger dubbelarbete eller svårförenliga villkor. Om projektets parallella spår inte samordnas kan samma mekanismer öka ledtid och omarbete.,B40-060 samt samtliga nedströms spår; även B50 (sektorsspår) via parallel_process_refs.,Upprätta en levande tillståndsmatris med ansvarig per spår och beroendeanalys. Avstäm tidplaner mellan spåren vid varje projektbesluts punkt.,MB | KML | PBL | EXT: SOU 2024:98 – En ny samordnad miljöbedömnings- och tillståndsprövningsprocess https://www.riksdagen.se/sv/dokument-och-lagar/dokument/statens-offentliga-utredningar/en-ny-samordnad-miljobedomnings-och_hcb398/html/,S0_current_2026,"{""causes"":[{""text"":""Muddermassor, följdanläggningar och arbeten på land kan aktivera separata beslut enligt miljöbalken, kulturmiljölagen och plan- och bygglagen utöver vattenprövningen."",""basis"":""source"",""source_refs"":[""MB"",""KML"",""PBL""]},{""text"":""Åtgärden kräver även tillstånd för dumpning av muddermassor, ledningskoncession, kulturmiljötillstånd eller PBL-prövning, och dessa spår har motstridiga villkor eller tidplaner."",""basis"":""analysis"",""source_refs"":[]},{""text"":""Screeningen omfattar huvudåtgärden men inte tillfarter, ledningar, upplag eller andra följdåtgärder."",""basis"":""analysis"",""source_refs"":[]},{""text"":""Parallella prövningar använder olika ritningsversioner eller miljöförutsättningar."",""basis"":""analysis"",""source_refs"":[]}],""event"":{""rubrik"":""Muddermassor, dumpning och sektorstillstånd staplas i fel ordning""},""effects"":[{""text"":""Projektets olika delar kan kräva separata beslut enligt miljöbalken, kulturmiljölagen och plan- och bygglagen."",""basis"":""source"",""source_refs"":[""MB"",""KML"",""PBL""]},{""text"":""Den vattenrättsliga prövningen och projektets planerade genomförande kan fördröjas i ärendet vid processteget ”Screena parallella prövningar”."",""basis"":""analysis"",""source_refs"":[]},{""text"":""Den aktuella vattenrisken kan leda till dubbelarbete i utredningar."",""basis"":""analysis"",""source_refs"":[]},{""text"":""De parallella tillstånden kan få motstridiga villkor som försvårar genomförandet."",""basis"":""analysis"",""source_refs"":[]}]}"
R-B40-E130-01,B40-E130,B40 – Vattenverksamhet,Slutför övriga prövningar och dokumentera bedömningen,Undantagspaketet saknar spårbar bevisning vid senare tvist,Underlagsbrist & data,Sökande & ansökan,"Undantagsspåret ger inget myndighetsbeslut som kan åberopas; projektets enda skydd vid framtida tillsyn eller tvist är det egna dokumentationspaketet. Om bevisningen för undantagsgrunden, Natura 2000-bedömningen och eventuella parallella dispenser inte är samlad, versionerad och spårbar kan projektet inte försvara sig när frågan aktualiseras – kanske många år senare av en ny ägare eller ny myndighetshandläggare. Personalomsättning och konsultbyten förvärrar problemet.",När projektet åberopar ett undantag i 11 kap. MB finns inget tillståndsavgörande som fastställer bedömningen med rättskraft. Projektets egen dokumentation får därför stor betydelse om tillsynsmyndigheten senare ifrågasätter om undantagets förutsättningar var uppfyllda.,B40-E130 och överlämningen till B70-START; hela projektets rättsliga dokumentation.,"Upprätta ett indexerat undantagspaket med beslutsunderlag, kartor, avtal och myndighetskontakter. Arkivera i projektets långsiktiga dokumentation och vid ägaröverlåtelse.",MB,S0_current_2026,"{""causes"":[{""text"":""När projektet åberopar ett undantag i 11 kap. MB finns inget tillståndsavgörande som fastställer bedömningen med rättskraft."",""basis"":""source"",""source_refs"":[""MB""]},{""text"":""Dispenser, rättigheter, samråd och undantagsbedömningar slutförs men dokumenteras ostrukturerat eller spritt mellan konsulter och projektorganisationen."",""basis"":""analysis"",""source_refs"":[]},{""text"":""Ansvar för dispenser, rättigheter och undantagsbedömningar är fördelat mellan konsulter utan gemensam dokumentstruktur."",""basis"":""analysis"",""source_refs"":[]},{""text"":""Underlag och beslutshistorik går förlorade vid konsultbyte, personalomsättning eller ägarbyte."",""basis"":""analysis"",""source_refs"":[]}],""event"":{""rubrik"":""Undantagspaketet saknar spårbar bevisning vid senare tvist""},""effects"":[{""text"":""Tillsynsmyndighetens befogenheter enligt miljöbalken kvarstår när verksamhetsutövaren har förlitat sig på ett undantag utan tillståndsbeslut."",""basis"":""source"",""source_refs"":[""MB""]},{""text"":""Den aktuella vattenrisken kan leda till oförmåga att försvara genomförda arbeten vid tillsyn eller ägarbyte, med krav på återställning eller efterhandsprövning som möjlig följd."",""basis"":""analysis"",""source_refs"":[]},{""text"":""Redan utförda arbeten kan behöva avbrytas eller anpassas efter en senare rättslig prövning."",""basis"":""analysis"",""source_refs"":[]},{""text"":""Projektets tidplan och resursbehov kan behöva omprövas i ärendet vid processteget ”Slutför övriga prövningar och dokumentera bedömningen”."",""basis"":""analysis"",""source_refs"":[]}]}"
R-B40-E130-02,B40-E130,B40 – Vattenverksamhet,Slutför övriga prövningar och dokumentera bedömningen,Parallella beslut är inte lagakraftvunna vid byggstart,Överklagande & rättsprocess,Extern & omvärld,Noden samlar alla parallella prövningar före överlämning till byggberedskap. Strandskydds- och artskyddsbeslut kan överklagas av den som har klagorätt enligt tillämpliga regler. Om arbeten påbörjas med stöd av ett beslut som ännu inte är slutligt eller annars verkställbart och beslutet senare upphävs kan projektet behöva avbryta eller återställa arbetet.,"Byggstart bör inte ske förrän nödvändiga tillstånd, dispenser och rättigheter har vunnit laga kraft eller en dokumenterad bedömning visar att omedelbart genomförande är rättsligt och kommersiellt acceptabelt.",B40-E130 och överlämningen till B70-START (byggberedskap).,Inför en lagakraftkontroll som formell startspärr: byggstart får inte beordras förrän samtliga parallella beslut vunnit laga kraft eller överklaganderisken medvetet accepterats på ledningsnivå.,MB | STRAND | ARTSKYDD,S0_current_2026,"{""causes"":[{""text"":""Ett meddelat strandskydds- eller artskyddsbeslut kan överklagas innan det vinner laga kraft."",""basis"":""source"",""source_refs"":[""STRAND"",""ARTSKYDD""]},{""text"":""Strandskyddsdispens, artskyddsdispens eller annat parallellt beslut är meddelat men ännu inte lagakraftvunnet när arbetena planeras starta."",""basis"":""analysis"",""source_refs"":[]},{""text"":""Projektets tidplan utgår från beslutsdagen i stället för dagen då beslutet vinner laga kraft."",""basis"":""analysis"",""source_refs"":[]},{""text"":""Projektet följer inte inkomna överklaganden eller yrkanden om inhibition före byggstart."",""basis"":""analysis"",""source_refs"":[]}],""event"":{""rubrik"":""Parallella beslut är inte lagakraftvunna vid byggstart""},""effects"":[{""text"":""Ett parallellt dispensbeslut kan upphävas efter överklagande innan det har vunnit laga kraft."",""basis"":""source"",""source_refs"":[""STRAND"",""ARTSKYDD""]},{""text"":""Den aktuella vattenrisken kan leda till tvungna återställningsåtgärder."",""basis"":""analysis"",""source_refs"":[]},{""text"":""Bygget kan behöva avbrytas medan beslutets giltighet eller omfattning klarläggs."",""basis"":""analysis"",""source_refs"":[]},{""text"":""Projektet kan förlora redan gjorda investeringar om det parallella beslutet upphävs."",""basis"":""analysis"",""source_refs"":[]}]}"
R-B40-G020-01,B40-G020,B40 – Vattenverksamhet,Är åtgärden vattenverksamhet?,Felklassificering av tillfällig grundvattenbortledning,Rättslig osäkerhet,Sökande & ansökan,"Bedömningen av en tillfällig grundvattenbortledning kräver underlag om inföde, påverkansområde och berörda intressen. Om åtgärden klassificeras fel kan tillsynsmyndigheten senare bedöma att tillstånd krävdes och ingripa mot arbetet.","Vid bergbyggnad och infrastruktur kan grundvattenbortledning och inflöde bli centrala vattenrättsliga frågor. SGF rapport 2021:1 beskriver metoder och osäkerheter i hydrogeologiska bedömningar, och 11 kap. 3 § MB omfattar bortledande av grundvatten. Underlaget behöver därför vara tillräckligt för den konkreta påverkansbedömningen.","B40-G020 samt vägvalet i B40-G070 och därmed samtliga fyra spår (undantag, anmälan, tillstånd, markavvattning).","Anlita hydrogeolog för klassificeringen, gör en enkel infödesuppskattning och dokumentera bedömningen. Vid osäkerhet: kontakta tillsynsmyndigheten skriftligt innan arbetet påbörjas.",MB | EXT: SGF rapport 2021:1 Introduktion till bergbyggnad för geotekniker https://svenskageotekniskaforeningen.se/wp-content/uploads/Publikationer/SGF_Rapporter/2021_1_Introduktion_bergbyggnad_geotekniker.pdf,S0_current_2026,"{""causes"":[{""text"":""Vid bergbyggnad och infrastruktur kan grundvattenbortledning och inflöde bli centrala vattenrättsliga frågor."",""basis"":""source"",""source_refs"":[""MB""]},{""text"":""Projektägaren bedömer felaktigt att den tillfälliga grundvattensänkningen inte utgör vattenverksamhet."",""basis"":""analysis"",""source_refs"":[]},{""text"":""Den tekniska benämningen på åtgärden används i stället för miljöbalkens definition av dess faktiska vattenpåverkan."",""basis"":""analysis"",""source_refs"":[]},{""text"":""Tillfälliga och geografiskt spridda delmoment faller bort när verksamheten klassificeras."",""basis"":""analysis"",""source_refs"":[]}],""event"":{""rubrik"":""Felklassificering av tillfällig grundvattenbortledning""},""effects"":[{""text"":""Felklassificeringen kan medföra att vattenverksamheten saknar det tillstånd eller den anmälan som genomförandet kräver."",""basis"":""source"",""source_refs"":[""MB""]},{""text"":""Tillsynsmyndigheten kan ingripa med föreläggande eller förbud mot den felaktigt bedrivna åtgärden."",""basis"":""analysis"",""source_refs"":[]},{""text"":""Den aktuella vattenrisken kan leda till återförvisning till tillståndsspåret."",""basis"":""analysis"",""source_refs"":[]},{""text"":""Den aktuella vattenrisken kan leda till stoppade arbeten och återställningskostnader."",""basis"":""analysis"",""source_refs"":[]}]}"
R-B40-G020-02,B40-G020,B40 – Vattenverksamhet,Är åtgärden vattenverksamhet?,Gränsdragning mot husbehov och undantagna smååtgärder feltolkas,Rättslig osäkerhet,Sökande & ansökan,"Definitionen i 11 kap. 3 § MB omfattar även åtgärder på land som ändrar vattnets djup eller läge, samt infiltration och bortledande av grundvatten. Samtidigt finns undantag för husbehovstäkter och en del mindre åtgärder. Tolkningen av var gränsen går är oenhetlig i praktiken, och begrepp som 'vattenområde' och 'ändrat djup eller läge' har gett upphov till omfattande rättslig litteratur och tvister. En projektägare som lutar sig mot en generös tolkning riskerar att bygga utan tillstånd där domstol ser tillståndsplikt.","11 kap. 3 § MB definierar flera former av vattenverksamhet, och SOU 2023:72 beskriver gränsdragningar kring bland annat vattentäkt och förbrukning för husbehov. Om en åtgärd ligger nära en sådan gräns måste klassificeringen motiveras utifrån de konkreta rekvisiten.",B40-G020 och B40-G070; felaktig klassificering följer med till B40-E130 eller B40-N110 och kan sprängas först vid tillsyn.,Gör en systematisk klassificering mot samtliga led i 11 kap. 3 § MB och dokumentera ställningstagandet. Ta in jurist eller sakkunnig vid gränsfall.,MB | EXT: SOU 2023:72 Gällande rätt för vattenfrågor https://data.riksdagen.se/dokument/hbb372,S0_current_2026,"{""causes"":[{""text"":""11 kap. 3 § MB definierar flera former av vattenverksamhet, och SOU 2023:72 beskriver gränsdragningar kring bland annat vattentäkt och förbrukning för husbehov."",""basis"":""source"",""source_refs"":[""EXT: SOU 2023:72 Gällande rätt för vattenfrågor https://data.riksdagen.se/dokument/hbb372"",""MB""]},{""text"":""Åtgärder som avledning av dagvatten, infiltration för att öka grundvattenmängden eller små vattentäkter antas falla utanför vattenverksamhetsbegreppet."",""basis"":""analysis"",""source_refs"":[]},{""text"":""Den tekniska benämningen på åtgärden används i stället för miljöbalkens definition av dess faktiska vattenpåverkan."",""basis"":""analysis"",""source_refs"":[]},{""text"":""Tillfälliga och geografiskt spridda delmoment faller bort när verksamheten klassificeras."",""basis"":""analysis"",""source_refs"":[]}],""event"":{""rubrik"":""Gränsdragning mot husbehov och undantagna smååtgärder feltolkas""},""effects"":[{""text"":""Om åtgärden omfattas av vattenverksamhetsdefinitionen och inget undantag gäller kvarstår tillämpligt tillstånds- eller anmälningskrav."",""basis"":""source"",""source_refs"":[""MB""]},{""text"":""Den aktuella vattenrisken kan leda till retroaktiv tillståndsprövning."",""basis"":""analysis"",""source_refs"":[]},{""text"":""Tillsynsmyndigheten kan kräva att den otillåtna påverkan återställs i ärendet vid processteget ”Är åtgärden vattenverksamhet?”."",""basis"":""analysis"",""source_refs"":[]},{""text"":""Felklassificeringen kan göra att arbetet saknar det prövningsbeslut som genomförandet kräver."",""basis"":""analysis"",""source_refs"":[]}]}"
R-B40-G020-03,B40-G020,B40 – Vattenverksamhet,Är åtgärden vattenverksamhet?,Sammansatt åtgärd klassificeras bara delvis,Teknisk komplexitet,Sökande & ansökan,"Klassificeringsnoden listar åtta olika åtgärdstyper, från vattenanläggning till markavvattning. I praktiken består projekt av kombinationer, och en klassificering som bara fångar huvudledet missar att t.ex. muddringsmassornas upplag eller grundvattenåterföringen också är vattenverksamhet. Varje led kan dessutom hamna i olika spår – delen kan vara anmälningspliktig medan helheten kräver tillstånd. En partiell klassificering ger ett underlag som inte håller för tillsynsmyndighetens eller domstolens helhetsbedömning.","I mål M 3258-18 gav mark- och miljödomstolen tillstånd till ett knappt 20 kilometer långt översvämningsskydd på Falsterbohalvön, utformat som vall eller mur. Avgörandet illustrerar att en sammansatt skyddsanläggning kan prövas som ett sammanhållet objekt. Ansökans avgränsning måste samtidigt omfatta de vattenverksamheter enligt 11 kap. miljöbalken som faktiskt ska genomföras.","B40-G020 och B40-030 (underlagsbehov), samt vägval B40-G070.",Kartlägg åtgärden led för led mot 11 kap. 3 § MB:s samtliga punkter. Använd klassificeringsmatris och låt sakkunnig signera den.,"MB | EXT: Växjö tingsrätt, MMD, mål M 3258-18 https://www.domstol.se/en/nyheter/2020/04/mark--och-miljodomstolen-ger-tillstand-till-oversvamningsskydd-mot-havet-pa-falsterbohalvon/",S0_current_2026,"{""causes"":[{""text"":""Vattenverksamhetsdefinitionen behöver tillämpas på varje vattenpåverkande delmoment i en sammansatt åtgärd."",""basis"":""source"",""source_refs"":[""MB""]},{""text"":""Åtgärden innehåller flera led – t.ex. pålning i vatten, muddring och grundvatteninfiltration – men bara det mest synliga ledet klassificeras."",""basis"":""analysis"",""source_refs"":[]},{""text"":""Den tekniska benämningen på åtgärden används i stället för miljöbalkens definition av dess faktiska vattenpåverkan."",""basis"":""analysis"",""source_refs"":[]},{""text"":""Tillfälliga och geografiskt spridda delmoment faller bort när verksamheten klassificeras."",""basis"":""analysis"",""source_refs"":[]}],""event"":{""rubrik"":""Sammansatt åtgärd klassificeras bara delvis""},""effects"":[{""text"":""En ansökan eller anmälan som bara omfattar ett delmoment kan behöva kompletteras eller ersättas med ett prövningsunderlag för hela den prövningspliktiga åtgärden."",""basis"":""source"",""source_refs"":[""MB""]},{""text"":""Den aktuella vattenrisken kan leda till ofullständig ansökan eller anmälan."",""basis"":""analysis"",""source_refs"":[]},{""text"":""Ansökan eller anmälan kan behöva kompletteras innan prövningen kan fortsätta i ärendet vid processteget ”Är åtgärden vattenverksamhet?”."",""basis"":""analysis"",""source_refs"":[]},{""text"":""Den vattenrättsliga prövningen och projektets planerade genomförande kan fördröjas i ärendet vid processteget ”Är åtgärden vattenverksamhet?”."",""basis"":""analysis"",""source_refs"":[]}]}"
R-B40-G040-01,B40-G040,B40 – Vattenverksamhet,Finns rådighet över vattnet?,Rådighetsbrist leder till avvisning utan sakprövning,Intressekonflikt & markåtkomst,Sökande & ansökan,"Om sökanden inte styrker erforderlig rådighet, efter den komplettering som processreglerna medger, kan ansökan avvisas utan materiell tillståndsprövning.",Rådighet är en processförutsättning för en ansökan om vattenverksamhet enligt 2 kap. lagen (1998:812) med särskilda bestämmelser om vattenverksamhet.,B40-G040 och B40-050; vid oupptäckt brist även B40-P110 och B40-P120 där ansökan avvisas.,Gör en rådighetsutredning per åtgärdsdel med fastighetsgränser i vatten innan vägvalet. Säkra skriftliga avtal enligt LVV 2 kap. 2 § och dokumentera dem som bilaga.,LVV,S0_current_2026,"{""causes"":[{""text"":""Rådighet är en processförutsättning för en ansökan om vattenverksamhet enligt 2 kap. lagen (1998:812) med särskilda bestämmelser om vattenverksamhet."",""basis"":""source"",""source_refs"":[""LVV""]},{""text"":""Projektägaren saknar äganderätt, servitut, nyttjanderätt eller lagstadgad rådighet över hela det vattenområde där åtgärden ska bedrivas."",""basis"":""analysis"",""source_refs"":[]},{""text"":""Fastighets- och avtalsunderlaget speglar inte alla ägare eller rättighetshavare inom vattenområdet."",""basis"":""analysis"",""source_refs"":[]},{""text"":""Rådighetsavtalet omfattar inte hela verksamhetsområdet eller den tid som genomförandet kräver."",""basis"":""analysis"",""source_refs"":[]}],""event"":{""rubrik"":""Rådighetsbrist leder till avvisning utan sakprövning""},""effects"":[{""text"":""Ansökan kan avvisas utan sakprövning om sökanden saknar den rådighet som krävs enligt LVV."",""basis"":""source"",""source_refs"":[""LVV""]},{""text"":""Det pågående ärendet avslutas utan materiellt avgörande och behöver startas om efter att rådigheten har säkrats."",""basis"":""analysis"",""source_refs"":[]},{""text"":""Den aktuella vattenrisken kan leda till förlorad avgift och handläggningstid."",""basis"":""analysis"",""source_refs"":[]},{""text"":""Projektet kan få behov av att säkra rättigheter eller omprojektera."",""basis"":""analysis"",""source_refs"":[]}]}"
R-B40-G040-02,B40-G040,B40 – Vattenverksamhet,Finns rådighet över vattnet?,Kommunal rådighet enligt LVV 2 kap. 5 § missförstås,Rättslig osäkerhet,Sökande & ansökan,"LVV 2 kap. 5 § ger kommuner och vissa andra rådighet för vattenverksamhet som är önskvärd från allmän miljö- eller hälsosynpunkt, men bestämmelsen tolkas restriktivt. Det räcker inte att kommunen anser projektet bra – verksamheten måste vara av det slag bestämmelsen avser och övriga förutsättningar vara uppfyllda. Bygger ett klimatanpassnings- eller miljöprojekt på en för vid tolkning kan rådighetsgrund falla i domstolen, med avvisning eller ogiltigförklaring som följd.",I MÖD:s mål M 7988-22 begärde två kommuner tillstånd att riva en damm. MÖD bedömde att kommunerna varken ägde eller drev anläggningen och därför saknade den rådighet som krävdes för den sökta åtgärden.,B40-G040 och B40-050; i förlängningen hela tillståndsspåret B40-P110–B40-P120.,"Pröva 5 §-förutsättningarna med jurist, inhämta förhandsbesked i möjlig mån och säkra kompletterande avtalsrådighet med fastighetsägarna som reserv.","LVV | EXT: MÖD – M 7988-22, slutligt beslut 26 april 2024 https://www.domstol.se/mark--och-miljooverdomstolen/mark--och-miljooverdomstolens-avgoranden/2024/144045/",S0_current_2026,"{""causes"":[{""text"":""I MÖD:s mål M 7988-22 begärde två kommuner tillstånd att riva en damm."",""basis"":""source"",""source_refs"":[""EXT: MÖD – M 7988-22, slutligt beslut 26 april 2024 https://www.domstol.se/mark--och-miljooverdomstolen/mark--och-miljooverdomstolens-avgoranden/2024/144045/""]},{""text"":""En kommun eller annan aktör åberopar en allmän rådighetsgrund trots att dess förutsättningar inte är uppfyllda."",""basis"":""analysis"",""source_refs"":[]},{""text"":""Fastighets- och avtalsunderlaget speglar inte alla ägare eller rättighetshavare inom vattenområdet."",""basis"":""analysis"",""source_refs"":[]},{""text"":""Rådighetsavtalet omfattar inte hela verksamhetsområdet eller den tid som genomförandet kräver."",""basis"":""analysis"",""source_refs"":[]}],""event"":{""rubrik"":""Kommunal rådighet enligt LVV 2 kap. 5 § missförstås""},""effects"":[{""text"":""MÖD bedömde att kommunerna varken ägde eller drev anläggningen och därför saknade den rådighet som krävdes för den sökta åtgärden."",""basis"":""source"",""source_refs"":[""EXT: MÖD – M 7988-22, slutligt beslut 26 april 2024 https://www.domstol.se/mark--och-miljooverdomstolen/mark--och-miljooverdomstolens-avgoranden/2024/144045/"",""LVV""]},{""text"":""Processen kan avslutas utan det tillstånd projektet behöver, så den planerade klimat- eller miljöåtgärden skjuts fram."",""basis"":""analysis"",""source_refs"":[]},{""text"":""Projektet kan behöva säkra nya rättigheter innan sakprövningen kan fortsätta."",""basis"":""analysis"",""source_refs"":[]},{""text"":""Projektets tidplan och resursbehov kan behöva omprövas i ärendet vid processteget ”Finns rådighet över vattnet?”."",""basis"":""analysis"",""source_refs"":[]}]}"
R-B40-G040-03,B40-G040,B40 – Vattenverksamhet,Finns rådighet över vattnet?,Avtal om rådighet håller inte för domstolens krav,Intressekonflikt & markåtkomst,Sökande & ansökan,"Avtalsrådighet enligt LVV 2 kap. 2 § ställer krav på form och innehåll, och avtal om rådighet utan äganderätt är tidsbegränsade. Vid flera berörda fastigheter krävs att samtliga behöriga avtalsparter omfattas. Ett avtal som visar sig bristfälligt under handläggningen kan inte lappas i efterhand utan att ansökan dras tillbaka eller kompletteras formellt. Motparter har starkt incitament att angripa rådigheten, eftersom det är det enklaste sättet att fälla en ansökan.","Rådighet är en processförutsättning enligt 2 kap. lagen med särskilda bestämmelser om vattenverksamhet och måste styrkas för den vattenverksamhet som ansökan avser. Mål M 10098-24 avsåg bland annat bortledning av inläckande grundvatten för Stockholms tunnelbana; mark- och miljödomstolen meddelade tillstånd den 27 mars 2026. Exemplet visar vilken typ av vattenverksamhet som kan aktualisera rådighetsfrågan, medan avtalets bärighet måste bedömas mot lagen i det enskilda projektet.","B40-G040 och B40-050 (loopen för att säkra rättighet), samt B40-P120 vid registrerat mål.","Låt fastighetsjurist granska avtal mot LVV:s krav, använd skriftliga avtal med tydliga åtgärdsbeskrivningar och kontrollera firmateckning och fullmakter.","LVV | EXT: Nacka tingsrätt, MMD, mål M 10098-24 https://www.domstol.se/nyheter/2026/03/mark--och-miljodomstolen-ger-tillstand-till-fortsatt-utbyggnad-av-stockholms-tunnelbana/",S0_current_2026,"{""causes"":[{""text"":""Rådighet är en processförutsättning enligt 2 kap. lagen med särskilda bestämmelser om vattenverksamhet och måste styrkas för den vattenverksamhet som ansökan avser."",""basis"":""source"",""source_refs"":[""LVV""]},{""text"":""Rådighetsavtal är muntliga, äldre än den tillåtna avtalstiden eller tecknade av fel part (t.ex. en delägare utan fullmakt)."",""basis"":""analysis"",""source_refs"":[]},{""text"":""Fastighets- och avtalsunderlaget speglar inte alla ägare eller rättighetshavare inom vattenområdet."",""basis"":""analysis"",""source_refs"":[]},{""text"":""Rådighetsavtalet omfattar inte hela verksamhetsområdet eller den tid som genomförandet kräver."",""basis"":""analysis"",""source_refs"":[]}],""event"":{""rubrik"":""Avtal om rådighet håller inte för domstolens krav""},""effects"":[{""text"":""Om sökanden inte kan styrka rådighet över vattenområdet kan ansökan inte sakprövas."",""basis"":""source"",""source_refs"":[""LVV""]},{""text"":""Den aktuella vattenrisken kan leda till avvisning eller omfattande komplettering."",""basis"":""analysis"",""source_refs"":[]},{""text"":""Den vattenrättsliga prövningen och projektets planerade genomförande kan fördröjas i ärendet vid processteget ”Finns rådighet över vattnet?”."",""basis"":""analysis"",""source_refs"":[]},{""text"":""Den aktuella vattenrisken kan leda till försvagad förhandlingsposition mot markägarna."",""basis"":""analysis"",""source_refs"":[]}]}"
R-B40-G070-01,B40-G070,B40 – Vattenverksamhet,Bestäm 11 kap.-väg,Fel spår väljs: undantag trots att tillståndsplikt föreligger,Rättslig osäkerhet,Sökande & ansökan,"Vägvalet mellan undantag, anmälan, tillstånd och markavvattning är processens mest konsekvensrika beslut. Ett undantag som grundas på att det är 'uppenbart' att intressen inte skadas kräver en dokumenterad bedömning som håller vid tillsyn och överklagande. Väjs fel spår kan arbeten ha hunnit utföras innan tillsynsmyndigheten ingriper, vilket förvandlar en processfråga till ett ärende om olaglig vattenverksamhet. Även om dialog med tillsynsmyndigheten rekommenderas är det projektägaren som bär risken för valet.","Naturvårdsverkets vägledning och 11 kap. 11–16 §§ MB anger förutsättningarna för undantag och markavvattning. Om ett undantag tillämpas utan att rekvisiten är uppfyllda kan tillsynsmyndigheten ingripa, och verksamhetsutövaren behöver kunna visa vilket underlag bedömningen byggde på.","B40-G070 och samtliga fyra grenar B40-GE100, B40-GN100, B40-P100 och B40-GM100.",Dokumentera vägvalet skriftligt med hänvisning till lagrum och tröskelvärden. Begär skriftlig bekräftelse eller åtminstone dokumenterad dialog med tillsynsmyndigheten innan arbeten påbörjas.,MB | FVV | EXT: Naturvårdsverket – Markavvattning https://www.naturvardsverket.se/vagledning-och-stod/branscher-och-verksamheter/markavvattning/,S0_current_2026,"{""causes"":[{""text"":""Naturvårdsverkets vägledning och 11 kap. 11–16 §§ MB anger förutsättningarna för undantag och markavvattning."",""basis"":""source"",""source_refs"":[""EXT: Naturvårdsverket – Markavvattning https://www.naturvardsverket.se/vagledning-och-stod/branscher-och-verksamheter/markavvattning/"",""MB""]},{""text"":""Projektägaren väljer undantags- eller anmälningsspåret utan att ha verifierat samtliga rättsliga förutsättningar."",""basis"":""analysis"",""source_refs"":[]},{""text"":""Åtgärdens blandade syften och delmoment gör att flera prövningsregler kan vara tillämpliga samtidigt."",""basis"":""analysis"",""source_refs"":[]},{""text"":""Projektet förlitar sig på en preliminär myndighetsdialog utan att själv kontrollera samtliga rekvisit."",""basis"":""analysis"",""source_refs"":[]}],""event"":{""rubrik"":""Fel spår väljs: undantag trots att tillståndsplikt föreligger""},""effects"":[{""text"":""Om ett undantag tillämpas utan att rekvisiten är uppfyllda kan tillsynsmyndigheten ingripa, och verksamhetsutövaren behöver kunna visa vilket underlag bedömningen byggde på."",""basis"":""source"",""source_refs"":[""MB""]},{""text"":""Tillsynsmyndigheten kan ingripa med förbud och återställningskrav."",""basis"":""analysis"",""source_refs"":[]},{""text"":""Den aktuella vattenrisken kan leda till tvingad ansökan i efterhand."",""basis"":""analysis"",""source_refs"":[]},{""text"":""Den vattenrättsliga prövningen och projektets planerade genomförande kan fördröjas i ärendet vid processteget ”Bestäm prövningsväg”."",""basis"":""analysis"",""source_refs"":[]}]}"
R-B40-G070-02,B40-G070,B40 – Vattenverksamhet,Bestäm 11 kap.-väg,Muntlig myndighetsdialog ger falsk trygghet,Myndighetskapacitet & handläggning,Myndighet & prövning,"Noden rekommenderar dialog med tillsynsmyndigheten, men ett informellt besked är inte rättsligt bindande och kan inte åberopas vid överklagande eller tillsyn av en annan myndighet. Handläggare byts, organisationer förändras och ett muntligt 'det låter som anmälan räcker' försvinner när ärendet väl granskas. Projektägare som bygger hela vägvalet på ett mötesantecknat besked står utan skydd när beskedet bestrids. Dessutom kan olika länsstyrelser bedöma liknande åtgärder olika.",Informell myndighetsrådgivning har normalt inte samma bindande verkan som ett formellt beslut. Projektet behöver därför dokumentera dialogen och göra en egen bedömning av vilket prövningsspår som följer av MB och FVV. Om den slutliga myndighetsbedömningen avviker kan spårvalet behöva ändras.,B40-G070 och alla nedströms spår; särskilt känsligt i B40-GE100 och B40-GN100 där bedömningen är diskretionär.,"Begär alltid skriftligt svar, diarieför dialogen och låt egen sakkunnig göra en oberoende bedömning av spårvalet som komplement.",MB | FVV,S0_current_2026,"{""causes"":[{""text"":""Tillstånds- och anmälningsplikten bestäms av miljöbalken och förordningen om vattenverksamheter, inte av ett informellt myndighetsbesked."",""basis"":""source"",""source_refs"":[""MB"",""FVV""]},{""text"":""Tillsynsmyndigheten lämnar muntliga eller informella besked om vilket spår som är rätt, utan att beskedet är bindande eller dokumenterat."",""basis"":""analysis"",""source_refs"":[]},{""text"":""Åtgärdens blandade syften och delmoment gör att flera prövningsregler kan vara tillämpliga samtidigt."",""basis"":""analysis"",""source_refs"":[]},{""text"":""Projektet förlitar sig på en preliminär myndighetsdialog utan att själv kontrollera samtliga rekvisit."",""basis"":""analysis"",""source_refs"":[]}],""event"":{""rubrik"":""Muntlig myndighetsdialog ger falsk trygghet""},""effects"":[{""text"":""Ett informellt myndighetsbesked ger inte samma rättskraft som ett tillståndsbeslut."",""basis"":""source"",""source_refs"":[""MB"",""FVV""]},{""text"":""Den aktuella vattenrisken kan leda till förlorad bevisning för vägvalet."",""basis"":""analysis"",""source_refs"":[]},{""text"":""Den aktuella vattenrisken kan leda till omprövning av spårvalet."",""basis"":""analysis"",""source_refs"":[]},{""text"":""Den vattenrättsliga prövningen och projektets planerade genomförande kan fördröjas i ärendet vid processteget ”Bestäm prövningsväg”."",""basis"":""analysis"",""source_refs"":[]}]}"
R-B40-G070-03,B40-G070,B40 – Vattenverksamhet,Bestäm 11 kap.-väg,Markavvattning förväxlas med övrig vattenverksamhet,Rättslig osäkerhet,Sökande & ansökan,Markavvattning omfattas inte av undantaget i 11 kap. 12 § MB och kräver som huvudregel tillstånd enligt 13 §. För täckdikning av jordbruksmark med rör om högst 300 millimeter gäller det särskilda undantaget i 13 § andra stycket.,SOU 2026:18 anger att markavvattning regleras särskilt och inte omfattas av undantaget i 11 kap. 12 § MB. Om dikning felaktigt bedöms omfattas av undantaget kan tillsyn eller krav på annan prövning aktualiseras.,B40-G070 och grenen B40-GM100–B40-M160; fel val kan också smitta B40-P100 om tillstånd söks hos fel instans.,"Analysera åtgärdens faktiska syfte och varaktighet mot 11 kap. 2 § MB:s definition. Vid osäkerhet, behandla åtgärden som markavvattning och kontrollera förbuds- och dispensreglerna direkt.",MB | FVV | EXT: SOU 2026:18 Odlingstorv och klimatet https://www.riksdagen.se/sv/dokument-och-lagar/dokument/statens-offentliga-utredningar/odlingstorv-och-klimatet_heb318/html/,S0_current_2026,"{""causes"":[{""text"":""SOU 2026:18 anger att markavvattning regleras särskilt och inte omfattas av undantaget i 11 kap. 12 § MB."",""basis"":""source"",""source_refs"":[""EXT: SOU 2026:18 Odlingstorv och klimatet https://www.riksdagen.se/sv/dokument-och-lagar/dokument/statens-offentliga-utredningar/odlingstorv-och-klimatet_heb318/html/"",""MB""]},{""text"":""Åtgärden har både avvattnande och andra syften, och projektägaren väljer anmälnings- eller tillståndsspår trots att den särskilda markavvattningsregleringen ska tillämpas."",""basis"":""analysis"",""source_refs"":[]},{""text"":""Åtgärdens blandade syften och delmoment gör att flera prövningsregler kan vara tillämpliga samtidigt."",""basis"":""analysis"",""source_refs"":[]},{""text"":""Projektet förlitar sig på en preliminär myndighetsdialog utan att själv kontrollera samtliga rekvisit."",""basis"":""analysis"",""source_refs"":[]}],""event"":{""rubrik"":""Markavvattning förväxlas med övrig vattenverksamhet""},""effects"":[{""text"":""Om dikning felaktigt bedöms omfattas av undantaget kan tillsyn eller krav på annan prövning aktualiseras."",""basis"":""source"",""source_refs"":[""MB""]},{""text"":""Den aktuella vattenrisken kan leda till avvisning eller återförvisning till rätt instans."",""basis"":""analysis"",""source_refs"":[]},{""text"":""Projektet kan förlora handläggningstid genom att ärendet måste tas om i rätt prövningsspår."",""basis"":""analysis"",""source_refs"":[]},{""text"":""Tillsynsmyndigheten kan ingripa mot redan utförda dikningsåtgärder."",""basis"":""analysis"",""source_refs"":[]}]}"
R-B40-GE100-01,B40-GE100,B40 – Vattenverksamhet,Är undantagsgrunden styrkt?,'Uppenbart'-kriteriet går inte att styrka i efterhand,Rättslig osäkerhet,Sökande & ansökan,"Undantaget i 11 kap. 12 § miljöbalken gäller endast om det är uppenbart att varken allmänna eller enskilda intressen skadas genom vattenverksamhetens inverkan på vattenförhållandena. Rekvisitet innebär ett högt beviskrav men inte ett krav på att varje tänkbar skada logiskt ska kunna uteslutas. Vilket hydrologiskt, biologiskt och sakägarrättsligt underlag som behövs beror på den konkreta åtgärden och platsen.",Undantaget i 11 kap. 12 § miljöbalken gäller endast när det är uppenbart att varken allmänna eller enskilda intressen skadas genom vattenverksamhetens inverkan på vattenförhållandena. Bristfällig dokumentation försvårar verksamhetsutövarens möjlighet att visa att undantagets förutsättningar är uppfyllda.,B40-GE100 och B40-E130; vid ingripande även B40-GN100/B40-P100 eftersom rätt spår måste väljas om.,"Bygg ett undantagsbeslut på fältdata, sakägarkartläggning och skriftligt motiverad bedömning som arkiveras. Låt sakkunnig granska att 'uppenbart'-kriteriet verkligen är uppfyllt.",MB,S0_current_2026,"{""causes"":[{""text"":""Undantaget i 11 kap. 12 § miljöbalken gäller endast när det är uppenbart att varken allmänna eller enskilda intressen skadas genom vattenverksamhetens inverkan på vattenförhållandena."",""basis"":""source"",""source_refs"":[""MB""]},{""text"":""Undantaget bygger på en egen bedömning att det är uppenbart att varken allmänna eller enskilda intressen skadas, men dokumentationen saknar substans."",""basis"":""analysis"",""source_refs"":[]},{""text"":""Undantagsbedömningen bygger på äldre natur-, sakägar- eller hydrologiska uppgifter."",""basis"":""analysis"",""source_refs"":[]},{""text"":""Bedömningen analyserar inte alla allmänna och enskilda intressen som vattenpåverkan kan beröra."",""basis"":""analysis"",""source_refs"":[]}],""event"":{""rubrik"":""'Uppenbart'-kriteriet går inte att styrka i efterhand""},""effects"":[{""text"":""Tillsynsmyndigheten kan besluta om föreläggande eller förbud när undantagets förutsättningar inte är uppfyllda."",""basis"":""source"",""source_refs"":[""MB""]},{""text"":""Tillsynsmyndigheten kan kräva återställning eller tillståndsprövning i efterhand om undantagets förutsättningar inte var uppfyllda."",""basis"":""analysis"",""source_refs"":[]},{""text"":""Pågående arbete kan behöva stoppas medan undantagets rättsliga förutsättningar klarläggs."",""basis"":""analysis"",""source_refs"":[]},{""text"":""Projektets tidplan och resursbehov kan behöva omprövas i ärendet vid processteget ”Är undantagsgrunden styrkt?”."",""basis"":""analysis"",""source_refs"":[]}]}"
R-B40-GE100-02,B40-GE100,B40 – Vattenverksamhet,Är undantagsgrunden styrkt?,Särskilt undantag i 11 kap. 15–16 §§ tolkas för extensivt,Rättslig osäkerhet,Sökande & ansökan,"De särskilda undantagen i 11 kap. 15–16 §§ MB är villkorade: vissa åtgärder är undantagna tillståndsplikt men ska ändå anmälas om fisket kan skadas, och andra förutsätter att åtgärden ligger inom angivna gränser. En tolkning som bara ser till huvudundantaget och inte till villkoren skapar en formell brist som kan utnyttjas av motparter. Tillsynsmyndigheten kan också bedöma att villkoren inte var uppfyllda och att åtgärden därmed var tillståndspliktig.",11 kap. 15 § MB innehåller en särskild anmälningsregel när skada på fisket kan befaras. Länsstyrelsens vägledning om dikning och sura sulfatjordar beskriver behovet av att bedöma fiskehänsynen. Projektet måste därför pröva detta rekvisit även om ett annat undantag bedöms tillämpligt.,B40-GE100 och B40-GN100 (anmälan kan ändå krävas) samt B40-E130.,"Kontrollera varje undantagsrekvisit separat, inklusive anmälningsvillkor och geografiska gränser. Dokumentera att samtliga villkor är uppfyllda, inte bara huvudundantaget.",MB | EXT: Länsstyrelsen – Miljöproblemet sura sulfatjordar https://www.lansstyrelsen.se/download/18.8cd5a1b19362fb4fc23808/1732539539998/Milj%C3%B6problemet%20sura%20sulfatjordar.pdf,S0_current_2026,"{""causes"":[{""text"":""11 kap. 15 § MB innehåller en särskild anmälningsregel när skada på fisket kan befaras."",""basis"":""source"",""source_refs"":[""MB""]},{""text"":""Undantagen för vissa ledningsdragningar eller andra särskilt reglerade åtgärder tillämpas utan att samtliga rekvisit (t.ex. anmälan vid skada på fisket) iakttas."",""basis"":""analysis"",""source_refs"":[]},{""text"":""Undantagsbedömningen bygger på äldre natur-, sakägar- eller hydrologiska uppgifter."",""basis"":""analysis"",""source_refs"":[]},{""text"":""Bedömningen analyserar inte alla allmänna och enskilda intressen som vattenpåverkan kan beröra."",""basis"":""analysis"",""source_refs"":[]}],""event"":{""rubrik"":""Särskilt undantag i 11 kap. 15–16 §§ tolkas för extensivt""},""effects"":[{""text"":""En missad anmälningsskyldighet innebär att den åberopade undantagsregeln inte ensam bär genomförandet."",""basis"":""source"",""source_refs"":[""MB""]},{""text"":""Den aktuella vattenrisken kan leda till formellt felaktigt undantag."",""basis"":""analysis"",""source_refs"":[]},{""text"":""Tillsynsmyndigheten kan inleda ett tillsynsärende om åtgärden genomförs på fel rättslig grund."",""basis"":""analysis"",""source_refs"":[]},{""text"":""Projektet kan få behov av att komplettera med anmälan eller tillståndsansökan i efterhand."",""basis"":""analysis"",""source_refs"":[]}]}"
R-B40-GE100-03,B40-GE100,B40 – Vattenverksamhet,Är undantagsgrunden styrkt?,Förändrade förhållanden gör undantaget inaktuellt,Extern händelse,Extern & omvärld,"Ett undantag bedöms vid en tidpunkt men åtgärden kan utföras år senare. Under tiden kan området ha blivit naturreservat eller Natura 2000-område, nya artfynd kan ha gjorts eller vattenförhållandena kan ha ändrats genom andra åtgärder. Undantagsbedömningen är då inte längre aktuell, men projektet fortsätter som om inget hänt. Eftersom undantaget inte resulterar i något beslut finns ingen instans som automatiskt uppmärksammar förändringen – ansvaret ligger helt på projektägaren.","Ett undantag får inte samma myndighetsprövning som ett tillstånd eller en anmälan. Om förutsättningarna ändras, exempelvis genom ett nytt skyddsområde eller artfynd, kan en äldre undantagsbedömning behöva omprövas. Projektets dokumentation behövs då för att visa vilka fakta den ursprungliga bedömningen byggde på.","B40-GE100 och B40-E130, samt B40-GE110 om nya Natura 2000-frågor tillkommit.","Inför ett giltighetsdatum i undantagsdokumentationen och gör en ny kontroll av skydds- och artläget innan arbeten påbörjas, särskilt om tiden gått.",MB | NATURA,S0_current_2026,"{""causes"":[{""text"":""Ett undantag får inte samma myndighetsprövning som ett tillstånd eller en anmälan."",""basis"":""source"",""source_refs"":[""MB""]},{""text"":""Nya skyddsbeslut, nya kunskapslägen om arters förekomst eller ändrade hydrologiska förhållanden uppstår mellan bedömningen och genomförandet."",""basis"":""analysis"",""source_refs"":[]},{""text"":""Undantagsbedömningen bygger på äldre natur-, sakägar- eller hydrologiska uppgifter."",""basis"":""analysis"",""source_refs"":[]},{""text"":""Bedömningen analyserar inte alla allmänna och enskilda intressen som vattenpåverkan kan beröra."",""basis"":""analysis"",""source_refs"":[]}],""event"":{""rubrik"":""Förändrade förhållanden gör undantaget inaktuellt""},""effects"":[{""text"":""Ett undantag enligt 11 kap. miljöbalken ersätter inte en Natura 2000-prövning som krävs enligt 7 kap. 28 a §."",""basis"":""source"",""source_refs"":[""MB"",""NATURA""]},{""text"":""Den aktuella vattenrisken kan leda till inkräktande på nya skyddsvärden."",""basis"":""analysis"",""source_refs"":[]},{""text"":""Tillsynsmyndigheten kan ingripa med föreläggande eller förbud mot den felaktigt bedrivna åtgärden."",""basis"":""analysis"",""source_refs"":[]},{""text"":""Om genomförandet sker utan en uppdaterad bedömning kan tillsyn och krav på rättelse aktualiseras."",""basis"":""source"",""source_refs"":[""MB"",""NATURA""]}]}"
R-B40-GE110-01,B40-GE110,B40 – Vattenverksamhet,Kan Natura 2000 påverkas betydande?,Kumulativa effekter på Natura 2000 underskattas,Rättslig osäkerhet,Sökande & ansökan,"Natura 2000-prövningen enligt 7 kap. 28 a § MB kräver att åtgärdens effekter bedöms både separat och i kombination med andra planer och projekt. I vattensystem med många pågående åtgärder – vattenkraftsomprövningar, dikning, kustskydd, hamnarbeten – kan en liten åtgärd bli den som fäller den kumulativa bedömningen. En projektägare som inte kartlägger övriga aktuella åtgärder i avrinningsområdet kan därför inte veta om betydande påverkan kan antas. Missbedöms detta är undantaget från 11 kap. värdelöst, eftersom Natura 2000-kraven gäller oberoende.",En Natura 2000-bedömning ska omfatta projektets effekter tillsammans med andra relevanta planer och projekt.,B40-GE110 och B40-E130; vid positiv bedömning aktualiseras separat Natura 2000-tillstånd som förlänger hela spåret.,Kartlägg andra planerade och pågående åtgärder i vattendistriktet via länsstyrelsens register och vattenmyndighetens åtgärdsprogram. Gör kumulativ analys i screeningen.,MB | NATURA | EXT: Regeringen – beslut om Blekinge Offshore https://www.regeringen.se/contentassets/5a5304ce813441b4b4bafe37d48300a4/beslut---ansokan-om-tillstand-enligt-miljobalken-till-uppforande-och-drift-av-gruppstation-for-vindkraft-i-hanobukten-i-slovesborgs-och-karlshamns-kommuner.pdf,S0_current_2026,"{""causes"":[{""text"":""En Natura 2000-bedömning ska omfatta projektets effekter tillsammans med andra relevanta planer och projekt."",""basis"":""source"",""source_refs"":[""NATURA""]},{""text"":""Bedömningen tittar bara på den egna åtgärdens effekter och bortser från sammantagna effekter med andra planer och projekt i samma vattensystem."",""basis"":""analysis"",""source_refs"":[]},{""text"":""Bedömningen använder kartavstånd men modellerar inte hydrologiska samband med Natura 2000-området."",""basis"":""analysis"",""source_refs"":[]},{""text"":""Andra planer och projekt i samma påverkansområde saknas i den kumulativa analysen."",""basis"":""analysis"",""source_refs"":[]}],""event"":{""rubrik"":""Kumulativa effekter på Natura 2000 underskattas""},""effects"":[{""text"":""Natura 2000-tillstånd krävs när en åtgärd på ett betydande sätt kan påverka miljön i det skyddade området."",""basis"":""source"",""source_refs"":[""MB"",""NATURA""]},{""text"":""Den vattenrättsliga prövningen och projektets planerade genomförande kan fördröjas i ärendet vid processteget ”Kan Natura 2000 påverkas betydande?”."",""basis"":""analysis"",""source_refs"":[]},{""text"":""Om underlaget lämnar kvar rimligt vetenskapligt tvivel kan Natura 2000-tillstånd vägras eller projektutformningen behöva ändras."",""basis"":""source"",""source_refs"":[""MB"",""NATURA""]},{""text"":""Projektet kan behöva komplettera med en separat och mer detaljerad Natura 2000-prövning."",""basis"":""analysis"",""source_refs"":[]}]}"
R-B40-GE110-02,B40-GE110,B40 – Vattenverksamhet,Kan Natura 2000 påverkas betydande?,Undantaget förväxlas med befrielse från Natura 2000-kraven,Rättslig osäkerhet,Sökande & ansökan,Ett undantag från tillståndsplikten i 11 kap. miljöbalken undanröjer inte kravet på Natura 2000-tillstånd enligt 7 kap. 28 a §. Om en åtgärd på ett betydande sätt kan påverka miljön i ett Natura 2000-område måste den frågan prövas enligt 7 kap. 28 a–29 b §§ innan åtgärden påbörjas. Vilken myndighet som prövar frågan följer av 7 kap. 29 b § och beror bland annat på om verksamheten samtidigt prövas enligt 9 eller 11 kap.,"Den rättsliga riskbedömningen utgår från MB 11 kap. 9 § tredje stycket och 7 kap. 28 a–29 b §§: regelverken är kumulativa, och Naturvårdsverkets vägledning om Natura 2000 betonar att art- och habitatdirektivets krav gäller oavsett nationella tillståndsundantag.",B40-GE110 och B40-E130; i praktiken hela undantagsspårets giltighet.,"Inför en obligatorisk Natura 2000-checkpunkt i undantagsspåret med dokumenterad bedömning av betydande påverkan, separat från 11 kap.-bedömningen.",MB | NATURA,S0_current_2026,"{""causes"":[{""text"":""Den rättsliga riskbedömningen utgår från MB 11 kap. 9 § tredje stycket och 7 kap. 28 a–29 b §§: regelverken är kumulativa, och Naturvårdsverkets vägledning om Natura 2000 betonar att art- och habitatdirektivets krav gäller oavsett nationella tillståndsundantag."",""basis"":""source"",""source_refs"":[""NATURA"",""MB""]},{""text"":""Projektet antar att ett vattenrättsligt undantag innebär att ingen separat Natura 2000-prövning behövs."",""basis"":""analysis"",""source_refs"":[]},{""text"":""Bedömningen använder kartavstånd men modellerar inte hydrologiska samband med Natura 2000-området."",""basis"":""analysis"",""source_refs"":[]},{""text"":""Andra planer och projekt i samma påverkansområde saknas i den kumulativa analysen."",""basis"":""analysis"",""source_refs"":[]}],""event"":{""rubrik"":""Undantaget förväxlas med befrielse från Natura 2000-kraven""},""effects"":[{""text"":""En verksamhet som kräver Natura 2000-tillstånd får inte genomföras enbart med stöd av ett vattenrättsligt undantag."",""basis"":""source"",""source_refs"":[""MB"",""NATURA""]},{""text"":""Det vattenrättsliga undantaget förlorar sitt praktiska värde som bygggrund för den Natura 2000-berörda delen."",""basis"":""analysis"",""source_refs"":[]},{""text"":""Tillsynsmyndigheten kan kräva att den otillåtna påverkan återställs i ärendet vid processteget ”Kan Natura 2000 påverkas betydande?”."",""basis"":""analysis"",""source_refs"":[]},{""text"":""Projektet kan behöva komplettera med en separat och mer detaljerad Natura 2000-prövning."",""basis"":""analysis"",""source_refs"":[]}]}"
R-B40-GE110-03,B40-GE110,B40 – Vattenverksamhet,Kan Natura 2000 påverkas betydande?,Betydandeprövningen görs utan tillräckligt ekologiskt underlag,Underlagsbrist & data,Sökande & ansökan,"Betydandeprövningen kräver kunskap om områdets skyddsvärden och projektets direkta, indirekta och hydrologiska påverkan. Generella kartlager kan vara otillräckliga för den projektspecifika bedömningen. Behovet av fältinventering beror på befintligt kunskapsunderlag, de berörda naturvärdena och den möjliga påverkan; om underlaget inte räcker kan prövningsmyndigheten begära komplettering.",Enligt 7 kap. 28 b § miljöbalken får Natura 2000-tillstånd lämnas endast om prövningsinstansen kan försäkra sig om att den skyddade livsmiljön eller arten inte skadas eller störs på det sätt som bestämmelsen anger. Underlaget måste därför vara tillräckligt områdes- och projektspecifikt. Naturvårdsverkets vägledning anger bevarandeplanen och områdets skyddsvärden som centrala underlag för bedömningen.,B40-GE110 och B40-E130 samt uppströms B40-030 om inventeringar måste kompletteras.,"Planera art- och naturtypsinventeringar i rätt säsong tidigt, kartlägg skyddsvärdena via bevarandeplanen och dokumentera osäkerheter med försiktighetsprincipen.",MB | NATURA | ART,S0_current_2026,"{""causes"":[{""text"":""Enligt 7 kap. 28 b § miljöbalken får Natura 2000-tillstånd lämnas endast om prövningsinstansen kan försäkra sig om att den skyddade livsmiljön eller arten inte skadas eller störs på det sätt som bestämmelsen anger."",""basis"":""source"",""source_refs"":[""NATURA"",""MB""]},{""text"":""Bedömningen av om betydande påverkan kan antas görs på generella kartdata utan fältinventering av skyddsvärdena i påverkansområdet."",""basis"":""analysis"",""source_refs"":[]},{""text"":""Bedömningen använder kartavstånd men modellerar inte hydrologiska samband med Natura 2000-området."",""basis"":""analysis"",""source_refs"":[]},{""text"":""Andra planer och projekt i samma påverkansområde saknas i den kumulativa analysen."",""basis"":""analysis"",""source_refs"":[]}],""event"":{""rubrik"":""Betydandeprövningen görs utan tillräckligt ekologiskt underlag""},""effects"":[{""text"":""Ett otillräckligt ekologiskt underlag hindrar ett positivt Natura 2000-beslut till dess att osäkerheten har klarlagts."",""basis"":""source"",""source_refs"":[""MB"",""NATURA""]},{""text"":""Den aktuella vattenrisken kan leda till kompletteringsbehov."",""basis"":""analysis"",""source_refs"":[]},{""text"":""Projektet kan fördröjas om ytterligare inventering eller analys krävs."",""basis"":""analysis"",""source_refs"":[]},{""text"":""Projektet kan behöva komplettera med en separat och mer detaljerad Natura 2000-prövning."",""basis"":""analysis"",""source_refs"":[]}]}"
R-B40-GE120-01,B40-GE120,B40 – Vattenverksamhet,Krävs 12:6-samråd?,12:6-samrådet missas trots väsentlig naturmiljöpåverkan,Rättslig osäkerhet,Sökande & ansökan,"MB 12 kap. 6 § kräver samråd med länsstyrelsen för åtgärder som inte prövas i annan ordning men som kan antas väsentligt ändra naturmiljön. Bestämmelsen är utformad som ett skyddsnät för just de undantagna åtgärder som ändå kan ha stor miljöpåverkan. Rekvisitet 'väsentligt ändra naturmiljön' är vagt och tolkas olika, men underlåten samrådsanmälan kan leda till förbud eller föreläggande enligt 26 kap. MB. Många projektägare känner inte till bestämmelsen alls, eftersom den ligger utanför 11 kap.",12 kap. 6 § MB kan kräva samråd för en verksamhet eller åtgärd som kan komma att väsentligt ändra naturmiljön. Om samrådsanmälan underlåts trots att bestämmelsen är tillämplig kan tillsynsmyndigheten besluta om förbud eller försiktighetsmått.,B40-GE120 och B40-E130; missat samråd kan tvinga fram ny prövning och stoppa genomförandet.,Gör en uttrycklig 12:6-bedömning i undantagsdokumentationen. Vid minsta osäkerhet: skicka samrådsanmälan – kostnaden är liten jämfört med risken.,MB,S0_current_2026,"{""causes"":[{""text"":""12 kap. 6 § MB kan kräva samråd för en verksamhet eller åtgärd som kan komma att väsentligt ändra naturmiljön."",""basis"":""source"",""source_refs"":[""MB""]},{""text"":""Projektet behandlar den vattenrättsliga undantagsbedömningen som om den även ersatte ett separat naturmiljösamråd."",""basis"":""analysis"",""source_refs"":[]},{""text"":""Tillfälliga arbetsområdens naturpåverkan faller mellan projektets vatten-, miljö- och entreprenadansvar."",""basis"":""analysis"",""source_refs"":[]},{""text"":""Tillfälliga arbetsområden och följdåtgärder lämnas utanför screeningen av påverkan på naturmiljön."",""basis"":""analysis"",""source_refs"":[]}],""event"":{""rubrik"":""12:6-samrådet missas trots väsentlig naturmiljöpåverkan""},""effects"":[{""text"":""Om samrådsanmälan underlåts trots att bestämmelsen är tillämplig kan tillsynsmyndigheten besluta om förbud eller försiktighetsmått."",""basis"":""source"",""source_refs"":[""MB""]},{""text"":""Arbete som redan har utförts kan behöva anpassas eller göras om efter länsstyrelsens försiktighetsmått."",""basis"":""analysis"",""source_refs"":[]},{""text"":""Den vattenrättsliga prövningen och projektets planerade genomförande kan fördröjas i ärendet vid processteget ”Krävs 12:6-samråd?”."",""basis"":""analysis"",""source_refs"":[]},{""text"":""Entreprenadens planerade arbetsfönster kan gå förlorat medan samrådsfrågan hanteras."",""basis"":""analysis"",""source_refs"":[]}]}"
R-B40-GE120-02,B40-GE120,B40 – Vattenverksamhet,Krävs 12:6-samråd?,12:6-samrådet kan pågå längre än sexveckorsspärren,Myndighetskapacitet & handläggning,Myndighet & prövning,"Enligt 12 kap. 6 § miljöbalken får en samrådspliktig åtgärd påbörjas tidigast sex veckor efter anmälan, om inte tillsynsmyndigheten medger annat. Sexveckorsregeln är en startspärr, inte en generell slutlig beslutstid. Under handläggningen kan länsstyrelsen begära kompletteringar och besluta om försiktighetsmått som påverkar projektets utformning och starttid.",Miljöbalken anger en sexveckorsspärr före start men ingen generell frist för att avsluta handläggningen eller besluta om försiktighetsmått. Projektet behöver därför inhämta en aktuell tidsbedömning från den ansvariga länsstyrelsen och behandla den som en prognos för det konkreta ärendet.,B40-GE120 och B40-E130 samt överlämningen till B70 (byggberedskap).,"Skicka samrådsanmälan tidigt, med komplett underlag, och följ upp aktivt. Bygg in tidbuffert i genomförandeplanen för samrådets osäkra varaktighet.",MB,S0_current_2026,"{""causes"":[{""text"":""En samrådspliktig åtgärd får enligt 12 kap. 6 § miljöbalken påbörjas tidigast sex veckor efter anmälan, om inte tillsynsmyndigheten medger annat."",""basis"":""source"",""source_refs"":[""MB""]},{""text"":""Länsstyrelsen hanterar samrådsanmälan med låg prioritet eftersom bestämmelsen saknar lagfästa handläggningstider."",""basis"":""analysis"",""source_refs"":[]},{""text"":""Länsstyrelsen behöver kompletterande natur- eller åtgärdsuppgifter innan samrådet kan avslutas."",""basis"":""analysis"",""source_refs"":[]},{""text"":""Ärendet konkurrerar om samma specialistresurser som tillsyns- och tillståndsärenden hos länsstyrelsen."",""basis"":""analysis"",""source_refs"":[]}],""event"":{""rubrik"":""12:6-samrådet kan pågå längre än sexveckorsspärren""},""effects"":[{""text"":""Sexveckorsregeln är en startspärr men ingen generell tidsfrist för att avsluta myndighetens handläggning eller besluta om försiktighetsmått."",""basis"":""source"",""source_refs"":[""MB""]},{""text"":""Den vattenrättsliga prövningen och projektets planerade genomförande kan fördröjas i ärendet vid processteget ”Krävs 12:6-samråd?”."",""basis"":""analysis"",""source_refs"":[]},{""text"":""Projektet kan förlora det planerade arbetsfönstret för vattenarbetena."",""basis"":""analysis"",""source_refs"":[]},{""text"":""Den aktuella vattenrisken kan leda till merkostnad för omplanering av entreprenad."",""basis"":""analysis"",""source_refs"":[]}]}"
R-B40-GM100-01,B40-GM100,B40 – Vattenverksamhet,Är åtgärden markavvattning?,Gränsen mellan markavvattning och tillfällig sänkning dras fel,Rättslig osäkerhet,Sökande & ansökan,"Markavvattning definieras av syftet: att varaktigt öka en fastighets lämplighet för ändamålet genom avvattning, sänkning, urtappning eller skydd mot vatten. Gränsen mot tillfälliga byggåtgärder och mot annan vattenverksamhet är subtil och avgör vilken instans och vilket regelverk som gäller. En feltolkning kan innebära att projektet hamnar i tillståndsspåret hos MMD när länsstyrelsen är rätt instans – eller tvärtom – och att förbuds- och dispensreglerna i FVV 4–4 c §§ aldrig prövas trots att de gäller.",I M 6347-23 bedömde MÖD att den aktuella täckdikningen på jordbruksmark omfattades av undantaget från tillståndsplikt. Tillstånd krävdes endast om det var sannolikt att allmänna eller enskilda intressen skulle skadas. Avgörandet klargör därmed täckdikningsundantaget och beviskravet för skaderisk i den prövade situationen.,B40-GM100 och grenvalet mellan B40-GM110 och de övriga spåren.,"Analysera åtgärdens faktiska syfte och varaktighet dokumenterat. Vid tveksamhet: ansök om markavvattningstillstånd hos länsstyrelsen, som även kan överlämna till MMD vid behov.","MB | FVV | EXT: MÖD – M 6347-23, dom 13 september 2024 https://www.domstol.se/mark--och-miljooverdomstolen/mark--och-miljooverdomstolens-avgoranden/2024/149644/",S0_current_2026,"{""causes"":[{""text"":""Om en dräneringsåtgärd har ett varaktigt avvattningssyfte ska klassificeringen göras mot markavvattningsreglerna, oavsett att den tekniskt beskrivs som tillfällig."",""basis"":""source"",""source_refs"":[""MB"",""FVV""]},{""text"":""Åtgärden presenteras som tillfällig dränering trots att dess varaktiga syfte motsvarar markavvattning."",""basis"":""analysis"",""source_refs"":[]},{""text"":""Åtgärden beskrivs utifrån byggmetoden i stället för sitt varaktiga syfte och sin effekt på markens lämplighet."",""basis"":""analysis"",""source_refs"":[]},{""text"":""Nyttan och skadan för andra fastigheter identifieras inte i den första klassificeringen."",""basis"":""analysis"",""source_refs"":[]}],""event"":{""rubrik"":""Gränsen mellan markavvattning och tillfällig sänkning dras fel""},""effects"":[{""text"":""Om åtgärden är markavvattning avgör de särskilda tillstånds-, undantags- och förbudsreglerna vilken prövningsväg som krävs."",""basis"":""source"",""source_refs"":[""MB"",""FVV""]},{""text"":""Den aktuella vattenrisken kan leda till fel instans och fel regelverk, med avvisning."",""basis"":""analysis"",""source_refs"":[]},{""text"":""Den aktuella vattenrisken kan leda till omhandläggning."",""basis"":""analysis"",""source_refs"":[]},{""text"":""Tillsynsmyndigheten kan ingripa mot de utförda dikningsåtgärderna."",""basis"":""analysis"",""source_refs"":[]}]}"
R-B40-GM100-02,B40-GM100,B40 – Vattenverksamhet,Är åtgärden markavvattning?,Skydds- och nyttointressen i avvattningen bortfaller ur analysen,Intressekonflikt & markåtkomst,Sökande & ansökan,"Markavvattning är ett kollektivt institut: fastigheter som har nytta av avvattningen ska som huvudregel delta i verksamheten och kostnaderna, och väghållare kan räknas in om vägen har avsevärd inverkan. Klassificeringsnoden är därför inte bara en juridisk etikett utan startpunkten för en intressentanalys. Missar projektet att identifiera deltagande- och ersättningsintressena tidigt byggs ansökan på en felaktig bild av vem som ska bära kostnaderna, vilket garanterar tvister senare.","MÖD 2019:12, mål M 4651-18, gällde omprövning av en markavvattningssamfällighet efter ansökan av Trafikverket. MÖD ändrade den ersättning Trafikverket skulle betala för att inte behöva delta i dikningsföretaget och ändrade även Trafikverkets underhållsskyldighet. Avgörandet visar att deltagande, ersättning och underhåll kan behöva lösas uttryckligen i ett omprövningsmål.","B40-GM100, B40-GM140 (överlämnandefrågan) och B40-M150/B40-M160.",Kartlägg nytta och skador för samtliga berörda fastigheter och väghållare redan vid klassificeringen. Inled dialog om deltagande före ansökan.,"LVV | MB | EXT: MÖD 2019:12, mål M 4651-18 https://www.domstol.se/mark--och-miljooverdomstolen/mark--och-miljooverdomstolens-avgoranden/2019/65481/",S0_current_2026,"{""causes"":[{""text"":""MÖD 2019:12, mål M 4651-18, gällde omprövning av en markavvattningssamfällighet efter ansökan av Trafikverket."",""basis"":""source"",""source_refs"":[""EXT: MÖD 2019:12, mål M 4651-18 https://www.domstol.se/mark--och-miljooverdomstolen/mark--och-miljooverdomstolens-avgoranden/2019/65481/""]},{""text"":""Klassificeringen fokuserar på tekniken och missar att markavvattning per definition berör andra fastighetsägares nytta och skador, inklusive väghållare."",""basis"":""analysis"",""source_refs"":[]},{""text"":""Åtgärden beskrivs utifrån byggmetoden i stället för sitt varaktiga syfte och sin effekt på markens lämplighet."",""basis"":""analysis"",""source_refs"":[]},{""text"":""Nyttan och skadan för andra fastigheter identifieras inte i den första klassificeringen."",""basis"":""analysis"",""source_refs"":[]}],""event"":{""rubrik"":""Skydds- och nyttointressen i avvattningen bortfaller ur analysen""},""effects"":[{""text"":""Avgörandet visar att deltagande, ersättning och underhåll kan behöva lösas uttryckligen i ett omprövningsmål."",""basis"":""source"",""source_refs"":[""LVV""]},{""text"":""Den aktuella vattenrisken kan leda till kostnadsfördelningstvister."",""basis"":""analysis"",""source_refs"":[]},{""text"":""Den aktuella vattenrisken kan leda till överlämnande till MMD och förlängd process."",""basis"":""analysis"",""source_refs"":[]},{""text"":""Fel regelverk kan leda till att ärendet måste flyttas till en annan prövningsordning."",""basis"":""analysis"",""source_refs"":[]}]}"
R-B40-GM110-01,B40-GM110,B40 – Vattenverksamhet,Gäller täckdikningsundantag eller förbudsområde?,Täckdikningsundantagets 300 mm-gräns och jordbruksmarksrekvisit överskrids,Rättslig osäkerhet,Sökande & ansökan,"Undantaget för täckdikning i 11 kap. 13 § miljöbalken gäller täckdikning med dräneringsrör med en största diameter av 300 millimeter när det inte är sannolikt att allmänna eller enskilda intressen skadas. Gränsen mellan underhåll av befintlig dikning och en ny eller utvidgad markavvattningsåtgärd är avgörande; en förstärkning eller fördjupning som går utöver underhåll kan kräva tillstånd. Undantagets tillämplighet måste därför bedömas mot åtgärdens syfte, utformning och möjliga skada på allmänna eller enskilda intressen.",I M 6347-23 bedömde MÖD att den aktuella täckdikningen på jordbruksmark omfattades av undantaget från tillståndsplikt. Tillstånd krävdes endast om det var sannolikt att allmänna eller enskilda intressen skulle skadas.,B40-GM110 och grenvalet till B40-M130 respektive B40-E130.,"Dokumentera dimension, markslag och om åtgärden är underhåll eller nydikning. Vid fördjupning eller förstärkning: behandla som ny åtgärd och pröva tillståndsplikten.","MB | FVV | EXT: MÖD – M 6347-23, dom 13 september 2024 https://www.domstol.se/mark--och-miljooverdomstolen/mark--och-miljooverdomstolens-avgoranden/2024/149644/ | EXT: Naturvårdsverket – markavvattning https://www.naturvardsverket.se/vagledning-och-stod/branscher-och-verksamheter/markavvattning/",S0_current_2026,"{""causes"":[{""text"":""För dränering av jordbruksmark genom täckdikning med dräneringsrör vars största diameter är 300 millimeter krävs tillstånd endast om det är sannolikt att allmänna eller enskilda intressen skadas."",""basis"":""source"",""source_refs"":[""MB""]},{""text"":""Dräneringen dimensioneras större än 300 mm eller görs på mark som inte är jordbruksmark, men behandlas som undantagen täckdikning."",""basis"":""analysis"",""source_refs"":[]},{""text"":""Projekteringen utgår från fel ledningsdimension, markslag eller geografiskt förbudsområde."",""basis"":""analysis"",""source_refs"":[]},{""text"":""Flera närliggande dikningsåtgärder bedöms var för sig trots ett gemensamt avvattningssyfte."",""basis"":""analysis"",""source_refs"":[]}],""event"":{""rubrik"":""Täckdikningsundantagets 300 mm-gräns och jordbruksmarksrekvisit överskrids""},""effects"":[{""text"":""Om dimension- eller markrekvisitet inte är uppfyllt kan projektet inte förlita sig på täckdikningsregeln utan måste bedöma tillstånd och eventuell dispens."",""basis"":""source"",""source_refs"":[""MB"",""FVV""]},{""text"":""Den utförda avvattningen kan bedömas som otillåten markavvattning."",""basis"":""analysis"",""source_refs"":[]},{""text"":""Tillsynsmyndigheten kan ingripa och kräva att projektet ansöker om tillstånd eller dispens i efterhand."",""basis"":""analysis"",""source_refs"":[]},{""text"":""Projektet kan behöva både dispens och tillstånd innan markavvattningen får genomföras."",""basis"":""analysis"",""source_refs"":[]}]}"
R-B40-GM110-02,B40-GM110,B40 – Vattenverksamhet,Gäller täckdikningsundantag eller förbudsområde?,Markavvattningsförbudet i södra Sverige förbises,Rättslig osäkerhet,Sökande & ansökan,"Dispens kräver särskilda skäl och bedöms restriktivt. Låga naturvärden är inte ensamma ett särskilt skäl; platsens värden, hydrologi och åtgärdens omfattning ska bedömas samlat.","Länsstyrelsen Västra Götaland och Naturvårdsverket slår fast att markavvattning som kräver tillstånd är förbjuden i hela södra Sverige med dispens som enda väg, och att dispensmöjligheten är avsedd att användas restriktivt (Naturvårdsverkets rapport 7072).","B40-GM110, B40-M120 och B40-M130; dispensbeslutets utfall avgör om ansökan överhuvudtaget är meningsfull.",Kontrollera förbudsläget hos länsstyrelsen innan projektet dimensioneras. Där förbud gäller: utred dispensförutsättningarna först och ha alternativ utförandeplan utan avvattning.,MB | FVV | EXT: Naturvårdsverket – Styrmedel för markavvattning (rapport 7072) https://www.naturvardsverket.se/4acc02/globalassets/media/publikationer-pdf/7000/978-91-620-7072-4.pdf | EXT: Länsstyrelsen Västra Götaland – Markavvattning https://www.lansstyrelsen.se/vastra-gotaland/miljo-och-vatten/atgarder-och-verksamheter-i-vatten/markavvattning.html,S0_current_2026,"{""causes"":[{""text"":""Markavvattning är förbjuden i de områden som anges i förordningen om vattenverksamheter och kräver dispens innan ett eventuellt tillstånd kan ges."",""basis"":""source"",""source_refs"":[""MB"",""FVV""]},{""text"":""Projektet förbiser att den planerade markavvattningen ligger inom ett förbudsområde och därför kräver dispens utöver tillstånd."",""basis"":""analysis"",""source_refs"":[]},{""text"":""Projekteringen utgår från fel ledningsdimension, markslag eller geografiskt förbudsområde."",""basis"":""analysis"",""source_refs"":[]},{""text"":""Flera närliggande dikningsåtgärder bedöms var för sig trots ett gemensamt avvattningssyfte."",""basis"":""analysis"",""source_refs"":[]}],""event"":{""rubrik"":""Markavvattningsförbudet i södra Sverige förbises""},""effects"":[{""text"":""Markavvattning inom ett förbudsområde kräver dispens utöver det tillstånd som annars kan behövas."",""basis"":""source"",""source_refs"":[""MB"",""FVV""]},{""text"":""Den aktuella vattenrisken kan leda till extra processled med osäker utgång."",""basis"":""analysis"",""source_refs"":[]},{""text"":""Den vattenrättsliga prövningen och projektets planerade genomförande kan fördröjas i ärendet vid processteget ”Gäller täckdikningsundantag eller förbudsområde?”."",""basis"":""analysis"",""source_refs"":[]},{""text"":""Den planerade markavvattningen kan i sista hand hindras helt."",""basis"":""analysis"",""source_refs"":[]}]}"
R-B40-GM140-01,B40-GM140,B40 – Vattenverksamhet,Ska ärendet överlämnas till MMD?,Obligatoriskt överlämnande upptäcks sent och tillför en domstolsfas,Överklagande & rättsprocess,Extern & omvärld,"Överlämnandeplikten kan aktiveras av yrkanden om deltagande, särskild tvångsrätt, ersättning eller inlösen. Ett ärende som inletts hos länsstyrelsen kan därför behöva överlämnas till mark- och miljödomstolen. Länsstyrelsen ska bifoga ett yttrande, men domstolen gör en egen prövning. För sökanden innebär överlämnandet ett ytterligare prövningsled, inte att länsstyrelsens arbete saknar värde.","7 kap. 19 § LVV anger när länsstyrelsen ska eller får överlämna ett markavvattningsärende till mark- och miljödomstolen, bland annat när frågor om deltagande, tvångsrätt eller ersättning aktualiseras. Miljösamverkan Sveriges handläggarstöd beskriver hur ett överlämnat ärende handläggs.",B40-GM140 och B40-M160; ersätter B40-M150 som beslutsled.,"Kartlägg deltagande- och ersättningsfrågorna före ansökan och försök lösa dem i avtal, så att inga tvingande yrkanden framställs. Räkna i tidplanen med att överlämnande kan ske.",LVV | COURT_WV,S0_current_2026,"{""causes"":[{""text"":""7 kap. 19 § LVV anger när länsstyrelsen ska eller får överlämna ett markavvattningsärende till mark- och miljödomstolen, bland annat när frågor om deltagande, tvångsrätt eller ersättning aktualiseras."",""basis"":""source"",""source_refs"":[""LVV""]},{""text"":""Yrkanden om annans deltagande, tvångsrätt, ersättning eller inlösen tillkommer först under länsstyrelsens handläggning."",""basis"":""analysis"",""source_refs"":[]},{""text"":""Behovet av deltagande eller tvångsrätt framgår först när fastighets- och nyttobilden kompletteras."",""basis"":""analysis"",""source_refs"":[]},{""text"":""Påverkan på tredje mans fastighet upptäcks först när sakägare granskar det tekniska underlaget."",""basis"":""analysis"",""source_refs"":[]}],""event"":{""rubrik"":""Obligatoriskt överlämnande upptäcks sent och tillför en domstolsfas""},""effects"":[{""text"":""När ett yrkande enligt 7 kap. 19 § första stycket LVV framställs ska länsstyrelsen överlämna markavvattningsärendet till mark- och miljödomstolen."",""basis"":""source"",""source_refs"":[""LVV""]},{""text"":""Ärendet kan behöva fortsätta i mark- och miljödomstol med nya processkostnader."",""basis"":""analysis"",""source_refs"":[]},{""text"":""Projektets tidplan och resursbehov kan behöva omprövas i ärendet vid processteget ”Ska ärendet överlämnas till MMD?”."",""basis"":""analysis"",""source_refs"":[]}]}"
R-B40-GM140-02,B40-GM140,B40 – Vattenverksamhet,Ska ärendet överlämnas till MMD?,Diskretionärt överlämnande vid berörda tredje fastigheter skapar oförutsägbarhet,Rättslig osäkerhet,Myndighet & prövning,"Utöver den obligatoriska regeln får länsstyrelsen överlämna ärenden där andra fastigheter kan komma att beröras. Bedömningen är diskretionär och svår att förutse: samma typ av ärende kan stanna hos en länsstyrelse men skickas vidare av en annan. Osäkerheten gör att projektet inte kan lita på länsstyrelsespårets kortare ledtid, och beslutet att överlämna kan komma sent efter påbörjad handläggning.","7 kap. 19 § andra stycket LVV ger länsstyrelsen ett bedömningsutrymme i de fall bestämmelsen omfattar. Eftersom markavvattningens effekter kan sträcka sig över fastighetsgränser kan frågor om deltagande, tvångsrätt eller ersättning utlösa ett domstolsspår.",B40-GM140 och valet mellan B40-M150 och B40-M160.,"Fråga länsstyrelsen tidigt om överlämnande övervägs. Dimensionera tidplanen för domstolsspåret och se ett kvarhållet länsstyrelseärende som en bonus, inte en plan.",LVV | COURT_WV,S0_current_2026,"{""causes"":[{""text"":""7 kap. 19 § andra stycket LVV ger länsstyrelsen ett bedömningsutrymme i de fall bestämmelsen omfattar."",""basis"":""source"",""source_refs"":[""LVV""]},{""text"":""Länsstyrelsen utnyttjar möjligheten att överlämna ärendet till MMD eftersom andra fastigheter än sökandens kan beröras, trots att projektet planerat för ett länsstyrelsebeslut."",""basis"":""analysis"",""source_refs"":[]},{""text"":""Yrkanden om deltagande, tvångsrätt eller ersättning tillkommer först efter att länsstyrelsens handläggning har börjat."",""basis"":""analysis"",""source_refs"":[]},{""text"":""Påverkan på tredje mans fastighet upptäcks först när sakägare granskar det tekniska underlaget."",""basis"":""analysis"",""source_refs"":[]}],""event"":{""rubrik"":""Diskretionärt överlämnande vid berörda tredje fastigheter skapar oförutsägbarhet""},""effects"":[{""text"":""Eftersom markavvattningens effekter kan sträcka sig över fastighetsgränser kan frågor om deltagande, tvångsrätt eller ersättning utlösa ett domstolsspår."",""basis"":""source"",""source_refs"":[""LVV""]},{""text"":""Den fortsatta prövningen kan bli mer resurskrävande än projektet har planerat för."",""basis"":""analysis"",""source_refs"":[]},{""text"":""Ärendet kan behöva fortsätta i mark- och miljödomstol med nya processkostnader."",""basis"":""analysis"",""source_refs"":[]},{""text"":""Projektets tidplan och resursbehov kan behöva omprövas i ärendet vid processteget ”Ska ärendet överlämnas till MMD?”."",""basis"":""analysis"",""source_refs"":[]}]}"
R-B40-GN100-01,B40-GN100,B40 – Vattenverksamhet,Ryms åtgärden i anmälningslistan?,Tröskelvärdena i FVV 19 § feltolkas,Rättslig osäkerhet,Sökande & ansökan,"19 § FVV anger uppräknade verksamhetstyper och trösklar för bland annat yta, medelvattenföring och bortledd vattenvolym.","Prop. 2023/24:152 behandlar gränsdragningen mellan anmälan och tillstånd enligt FVV, och SOU 2025:21 föreslår en ny lydelse av 19 §. Materialet visar att trösklarna varit föremål för reformarbete. En felklassificering kan därför medföra att ärendet måste byta prövningsspår.",B40-GN100 och B40-P100 (omspår till tillstånd) samt hela anmälningsgrenen B40-N110–B40-N180.,"Mät åtgärden mot varje tröskel i FVV 19 § med projekterade mått, och dokumentera mätningarna. Vid gränsvärden: välj tillståndsspåret eller sök tillsynsmyndighetens skriftliga bekräftelse.",FVV | MB | EXT: Prop. 2023/24:152 Steg på vägen mot en mer effektiv miljöprövning https://www.riksdagen.se/sv/dokument-och-lagar/dokument/proposition/steg-pa-vagen-mot-en-mer-effektiv-miljoprovning_hb03152/html/,S0_current_2026,"{""causes"":[{""text"":""FVV 19 § anger vilka vattenverksamheter som omfattas av anmälningsplikt i stället för tillståndsplikt."",""basis"":""source"",""source_refs"":[""FVV""]},{""text"":""Åtgärdens art, storlek eller läge ligger nära anmälningsgränsen och klassificeras felaktigt som anmälningspliktig."",""basis"":""analysis"",""source_refs"":[]},{""text"":""Tröskelvärdet beräknas på ett enskilt delmoment i stället för åtgärdens samlade omfattning."",""basis"":""analysis"",""source_refs"":[]},{""text"":""Mätosäkerhet eller en senare projekteringsändring gör att åtgärden passerar anmälningsgränsen."",""basis"":""analysis"",""source_refs"":[]}],""event"":{""rubrik"":""Tröskelvärdena i FVV 19 § feltolkas""},""effects"":[{""text"":""En felklassificering kan därför medföra att ärendet måste byta prövningsspår."",""basis"":""source"",""source_refs"":[""FVV""]},{""text"":""Projektet kan behöva göra om underlaget och lämna in en tillståndsansökan."",""basis"":""analysis"",""source_refs"":[]},{""text"":""Projektet kan förlora handläggningstid genom att ärendet måste tas om i rätt prövningsspår."",""basis"":""analysis"",""source_refs"":[]},{""text"":""Tillsynsmyndigheten kan ingripa om arbetena redan har påbörjats."",""basis"":""analysis"",""source_refs"":[]}]}"
R-B40-GN100-02,B40-GN100,B40 – Vattenverksamhet,Ryms åtgärden i anmälningslistan?,Listningen garanterar inte att ärendet stannar i anmälningsspåret,Rättslig osäkerhet,Sökande & ansökan,"Även en korrekt anmäld åtgärd kan, om tillsynsmyndigheten bedömer att betydande miljöpåverkan kan antas, föreläggas att söka tillstånd enligt FVV 22 a–22 d §§. Det innebär att anmälningsspårets fördel i tid och kostnad är villkorad. Projekt som budgeterar och planerar byggstart efter anmälningsbeslutet utan riskmarginal för ett övergång till tillståndsspåret utsätter sig för en full domstolsprocess som oväntat tillägg i tidplanen. Osäkerheten är störst för åtgärder nära känsliga vatten eller fiskeintressen.",FVV 22 a–22 d §§ reglerar tillsynsmyndighetens bedömning av betydande miljöpåverkan för en anmäld vattenverksamhet. Att en åtgärd finns i anmälningslistan i 19 § ersätter inte den bedömningen. Om myndigheten finner att en annan prövningsform krävs kan projektet behöva byta spår.,"B40-GN100, B40-GN150 och möjligt omspår till B40-P100/B40-P120.",Gör en egen förhandsbedömning av betydande miljöpåverkan innan spårvalet. Planera tidplanen med ett alternativscenario där tillstånd krävs.,FVV | HAV_WV,S0_current_2026,"{""causes"":[{""text"":""FVV 22 a–22 d §§ reglerar tillsynsmyndighetens bedömning av betydande miljöpåverkan för en anmäld vattenverksamhet."",""basis"":""source"",""source_refs"":[""FVV""]},{""text"":""Projektet planerar tid och kostnad efter det snabba anmälningsspåret utan att räkna med att BMP-bedömningen kan tvinga fram tillståndsansökan."",""basis"":""analysis"",""source_refs"":[]},{""text"":""Tröskelvärdet beräknas på ett enskilt delmoment i stället för åtgärdens samlade omfattning."",""basis"":""analysis"",""source_refs"":[]},{""text"":""Mätosäkerhet eller en senare projekteringsändring gör att åtgärden passerar anmälningsgränsen."",""basis"":""analysis"",""source_refs"":[]}],""event"":{""rubrik"":""Listningen garanterar inte att ärendet stannar i anmälningsspåret""},""effects"":[{""text"":""Om myndigheten finner att en annan prövningsform krävs kan projektet behöva byta spår."",""basis"":""source"",""source_refs"":[""FVV""]},{""text"":""Den aktuella vattenrisken kan leda till ökade utredningskostnader."",""basis"":""analysis"",""source_refs"":[]},{""text"":""Projektet kan tvingas ersätta anmälningsspåret med en tillståndsansökan."",""basis"":""analysis"",""source_refs"":[]},{""text"":""Projektets tidplan och resursbehov kan behöva omprövas i ärendet vid processteget ”Ryms åtgärden i anmälningslistan?”."",""basis"":""analysis"",""source_refs"":[]}]}"
R-B40-GN130-01,B40-GN130,B40 – Vattenverksamhet,Är anmälan tillräcklig?,Kompletteringskrav triggar ändlös loop mot upprättandet,Myndighetskapacitet & handläggning,Myndighet & prövning,"Kompletteringsloopen mellan B40-GN130 och B40-N110 kan upprepas flera varv om underlaget inte är genomtänkt från början. Varje komplettering startar om granskningen, och nya uppgifter kan ändra myndighetens bedömning av om betydande miljöpåverkan kan antas. Det finns ingen begränsning i antalet kompletteringsturer, och processens slutdatum blir därmed oplanerbart. För projekt som redan annonserat startdatum uppstår trovärdighetsproblem mot entreprenörer och finansiärer.",En anmälan måste innehålla de uppgifter som behövs för tillsynsmyndighetens bedömning enligt förordningen om vattenverksamheter och miljöbedömningsreglerna. Om nya uppgifter förändrar bedömningen kan ytterligare komplettering behövas innan myndigheten kan ta ställning.,"Loopen B40-GN130→B40-N110 samt nedströms B40-N140, B40-GN150 och B40-N180.","Gör en intern 'myndighetsgranskning' av anmälan före inlämning med checklista mot FVV 20 § och MBD 8–9 §§. Besvara kompletteringskrav samlat och fullständigt, inte styckvis.",FVV | MBD | HAV_WV,S0_current_2026,"{""causes"":[{""text"":""En anmälan måste innehålla de uppgifter som behövs för tillsynsmyndighetens bedömning enligt förordningen om vattenverksamheter och miljöbedömningsreglerna."",""basis"":""source"",""source_refs"":[""FVV"",""MBD""]},{""text"":""Tillsynsmyndigheten begär komplettering av art, omfattning, sakägare eller miljöeffekter, och varje komplettering leder till nya frågor."",""basis"":""analysis"",""source_refs"":[]},{""text"":""Anmälan bygger på en tidigare utformning och uppdateras inte när arbetsmetod eller omfattning ändras."",""basis"":""analysis"",""source_refs"":[]},{""text"":""Sakägare, miljöeffekter eller skyddsåtgärder beskrivs på en nivå som inte medger myndighetens bedömning."",""basis"":""analysis"",""source_refs"":[]}],""event"":{""rubrik"":""Kompletteringskrav triggar ändlös loop mot upprättandet""},""effects"":[{""text"":""Om nya uppgifter förändrar bedömningen kan ytterligare komplettering behövas innan myndigheten kan ta ställning."",""basis"":""source"",""source_refs"":[""FVV""]},{""text"":""Den aktuella vattenrisken kan leda till oplanerbar fördröjning."",""basis"":""analysis"",""source_refs"":[]},{""text"":""Den aktuella vattenrisken kan leda till stigande konsultkostnader."",""basis"":""analysis"",""source_refs"":[]},{""text"":""Projektet riskerar att säsongsfönstret för arbetet missas."",""basis"":""analysis"",""source_refs"":[]}]}"
R-B40-GN130-02,B40-GN130,B40 – Vattenverksamhet,Är anmälan tillräcklig?,Kompletteringskraven avslöjar att åtgärden hör hemma i tillståndsspåret,Rättslig osäkerhet,Sökande & ansökan,"Tillräcklighetsgranskningen är den punkt där tillsynsmyndigheten första gången ser åtgärden i detalj. Visar det sig att åtgärden är större, annorlunda belägen eller mer påverkande än anmälan gav sken av kan myndigheten konstatera att tillstånd krävs direkt eller via BMP-beslutet längre fram. Projektet har då lagt tid och pengar på ett anmälningsunderlag som inte kan återanvändas rakt av i en ansökan till MMD, eftersom ansökningskraven i MB 22 kap. och LVV är betydligt tyngre.",FVV 19 och 22 a–22 d §§ innebär att tillsynsmyndigheten ska bedöma den anmälda åtgärdens miljöpåverkan. Om granskningen visar att förutsättningarna för anmälningsspåret inte är uppfyllda kan myndigheten hänvisa verksamhetsutövaren till tillståndsprövning.,B40-GN130 och omspår till B40-P100/B40-P110/B40-P120.,"Utforma anmälningsunderlaget så att det kan återanvändas som stomme i en ansökan (samma kartor, teknisk beskrivning och MKB-logik). Ha en förberedd omspårsplan.",FVV | MB | LVV,S0_current_2026,"{""causes"":[{""text"":""FVV 19 och 22 a–22 d §§ innebär att tillsynsmyndigheten ska bedöma den anmälda åtgärdens miljöpåverkan."",""basis"":""source"",""source_refs"":[""FVV""]},{""text"":""Granskningen visar att åtgärdens verkliga omfattning överskrider anmälningsspårets gränser eller kräver en fullständig prövning."",""basis"":""analysis"",""source_refs"":[]},{""text"":""Anmälan bygger på en tidigare utformning och uppdateras inte när arbetsmetod eller omfattning ändras."",""basis"":""analysis"",""source_refs"":[]},{""text"":""Sakägare, miljöeffekter eller skyddsåtgärder beskrivs på en nivå som inte medger myndighetens bedömning."",""basis"":""analysis"",""source_refs"":[]}],""event"":{""rubrik"":""Kompletteringskraven avslöjar att åtgärden hör hemma i tillståndsspåret""},""effects"":[{""text"":""Om granskningen visar att förutsättningarna för anmälningsspåret inte är uppfyllda kan myndigheten hänvisa verksamhetsutövaren till tillståndsprövning."",""basis"":""source"",""source_refs"":[""FVV""]},{""text"":""Den aktuella vattenrisken kan leda till full omläggning till domstolsspår med nya underlagskrav."",""basis"":""analysis"",""source_refs"":[]},{""text"":""Den aktuella vattenrisken kan leda till fördyrad utredning."",""basis"":""analysis"",""source_refs"":[]},{""text"":""Upprepade kompletteringar kan göra starttidpunkten oförutsebar."",""basis"":""analysis"",""source_refs"":[]}]}"
R-B40-GN150-01,B40-GN150,B40 – Vattenverksamhet,Kan betydande miljöpåverkan antas?,Positivt BMP-beslut tvingar fram tillståndsföreläggande,Rättslig osäkerhet,Myndighet & prövning,"Tillsynsmyndigheten ska enligt 22 a § FVV besluta om vattenverksamheten eller åtgärden kan antas medföra betydande miljöpåverkan. Om svaret är ja ska myndigheten enligt 22 d § förelägga den som gjort anmälan att ansöka om tillstånd. Bedömningen ska göras mot omständigheterna i 10–13 §§ MBD; lagens tröskel är kan antas medföra, inte att påverkan måste kunna uteslutas. Beslutet ska redovisa omständigheter för och emot, göras tillgängligt och fattas inom åtta veckor om fristen inte lagligen förlängs.","FVV 22 a–d §§ innehåller bedömningsregel, motiverings- och tillgänglighetskrav, en åttaveckorsfrist samt följden att ett positivt BMP-beslut ska leda till tillståndsföreläggande.",B40-GN150 och omspår till B40-P100–B40-P120; även B40-N180 om beslutet överklagas.,Utforma anmälningsunderlaget mot bedömningsfaktorerna i 10–13 §§ MBD. Planera för ett möjligt tillståndsspår och bevaka åttaveckorsfristen samt eventuell motiverad förlängning.,FVV | MBD | HAV_WV,S0_current_2026,"{""causes"":[{""text"":""FVV 22 a–d §§ innehåller bedömningsregel, motiverings- och tillgänglighetskrav, en åttaveckorsfrist samt följden att ett positivt BMP-beslut ska leda till tillståndsföreläggande."",""basis"":""source"",""source_refs"":[""FVV""]},{""text"":""Myndigheten bedömer att den anmälda vattenverksamheten kan medföra betydande miljöpåverkan och kräver en tillståndsansökan."",""basis"":""analysis"",""source_refs"":[]},{""text"":""Anmälan beskriver potentiellt betydande vatten- och natureffekter för översiktligt."",""basis"":""analysis"",""source_refs"":[]},{""text"":""Kumulativa effekter tillsammans med andra åtgärder gör att betydande miljöpåverkan inte kan uteslutas."",""basis"":""analysis"",""source_refs"":[]}],""event"":{""rubrik"":""Positivt BMP-beslut tvingar fram tillståndsföreläggande""},""effects"":[{""text"":""Ett positivt beslut om betydande miljöpåverkan ska följas av ett föreläggande att ansöka om tillstånd."",""basis"":""source"",""source_refs"":[""FVV""]},{""text"":""Den aktuella vattenrisken kan leda till nya underlagskrav och väsentligt ökade kostnader."",""basis"":""analysis"",""source_refs"":[]},{""text"":""Projektet kan behöva ta fram det mer omfattande underlag som en tillståndsprövning kräver."",""basis"":""analysis"",""source_refs"":[]},{""text"":""Projektets tidplan och resursbehov kan behöva omprövas i ärendet vid processteget ”Kan betydande miljöpåverkan antas?”."",""basis"":""analysis"",""source_refs"":[]}]}"
R-B40-GN150-02,B40-GN150,B40 – Vattenverksamhet,Kan betydande miljöpåverkan antas?,BMP-beslutet motiveras eller offentliggörs felaktigt,Myndighetskapacitet & handläggning,Myndighet & prövning,"Ett BMP-beslut enligt 22 a § FVV ska enligt 22 b § redovisa de omständigheter som talar för eller emot betydande miljöpåverkan och göras tillgängligt för allmänheten, med ett särskilt undantag för viss totalförsvarsverksamhet. Brister kan behöva rättas och kan få betydelse vid överklagande eller senare prövning. De medför däremot inte automatiskt att beslutet är ogiltigt eller ska upphävas; felets betydelse måste bedömas i det enskilda fallet.",FVV 22 b § anger krav på innehåll och tillgängliggörande. Följden av ett formfel bestäms inte i paragrafen och får därför inte beskrivas som automatisk nullitet.,B40-GN150 och B40-GN170 samt B40-N180 (startvillkoren blir osäkra).,"Kontrollera att beslutet redovisar omständigheter för och emot BMP och att tillgängliggörandet skett. Begär rättelse eller bedöm överklagande endast efter en konkret analys av felets betydelse, talerätt och processuella intresse.",FVV | FL | MB,S0_current_2026,"{""causes"":[{""text"":""FVV 22 b § anger krav på innehåll och tillgängliggörande."",""basis"":""source"",""source_refs"":[""FVV""]},{""text"":""Tillsynsmyndigheten brådskar och lämnar ett beslut utan tillräcklig motivering eller utan det offentliggörande som FVV kräver."",""basis"":""analysis"",""source_refs"":[]},{""text"":""Beslutet använder en standardmotivering som inte redovisar bedömningen i det enskilda ärendet."",""basis"":""analysis"",""source_refs"":[]},{""text"":""Myndighetens publicerings- eller expedieringsrutin tillämpas fel på BMP-beslutet."",""basis"":""analysis"",""source_refs"":[]}],""event"":{""rubrik"":""BMP-beslutet motiveras eller offentliggörs felaktigt""},""effects"":[{""text"":""Följden av ett formfel bestäms inte i paragrafen och får därför inte beskrivas som automatisk nullitet."",""basis"":""source"",""source_refs"":[""FVV""]},{""text"":""Den aktuella vattenrisken kan leda till upphävt eller ifrågasatt beslut."",""basis"":""analysis"",""source_refs"":[]},{""text"":""Den aktuella vattenrisken kan leda till förnyad handläggning och juridisk osäkerhet om åtgärdens status."",""basis"":""analysis"",""source_refs"":[]},{""text"":""Berörda får ett sämre underlag för att förstå, bedöma och angripa beslutet."",""basis"":""analysis"",""source_refs"":[]}]}"
R-B40-GN150-03,B40-GN150,B40 – Vattenverksamhet,Kan betydande miljöpåverkan antas?,BMP-begreppet är omdiskuterat och påverkas av pågående reform,Politisk & policyrisk,Extern & omvärld,"Begreppet 'betydande miljöpåverkan' är föremål för både doktrin, praxisutveckling och lagstiftningsarbete (SOU 2024:98, prop. 2023/24:152 och därpå följande förändringar). En myndighet som tillämpar en ny tolkningslinje kan komma till annat resultat än projektet räknat med när anmälan lämnades. Reformosäkerheten gör det svårt att förutsäga utgången, särskilt i ärenden som pågår över årsskiften då nya regler eller vägledningar träder i kraft.","Reglerna om bedömning av betydande miljöpåverkan och den beslutade reformen med Miljöprövningsmyndigheten innebär att behörig instans och tillämpliga övergångsregler kan variera över tid. För det enskilda projektet behöver därför trösklar, behörighet och övergångsbestämmelser kontrolleras mot det aktuella rättsläget.",B40-GN150 och strategin för hela anmälningsgrenen; även vägval B40-G070 retroaktivt.,Bevaka lagstiftnings- och vägledningsläget löpande. Dimensionera underlaget så att det håller även under en strängare tolkning av betydande-kriteriet.,FVV | NEW_AUTH | EXT: Betänkande 2025/26:MJU24 Ny myndighet för miljöprövning https://www.riksdagen.se/sv/dokument-och-lagar/dokument/betankande/ny-myndighet-for-miljoprovning_hd01mju24/,S0_current_2026,"{""causes"":[{""text"":""Reglerna om betydande miljöpåverkan och övergången till Miljöprövningsmyndigheten gör att behörig instans och processordning beror på ärendets start- och beslutsdatum."",""basis"":""source"",""source_refs"":[""FVV"",""NEW_AUTH""]},{""text"":""Reformarbetet med samordnad miljöbedömning och nya tröskelbegrepp ändrar tolkningsramverket medan ärendet pågår."",""basis"":""analysis"",""source_refs"":[]},{""text"":""Övergångsbestämmelserna ger ett annat behörighets- eller processutfall än projektet planerat för."",""basis"":""analysis"",""source_refs"":[]},{""text"":""Ny myndighetspraxis har ännu inte stabiliserats när bedömningen ska göras."",""basis"":""analysis"",""source_refs"":[]}],""event"":{""rubrik"":""BMP-begreppet är omdiskuterat och påverkas av pågående reform""},""effects"":[{""text"":""Tillämpliga övergångsbestämmelser avgör vilken myndighet som är behörig att handlägga ett pågående ärende."",""basis"":""source"",""source_refs"":[""FVV"",""NEW_AUTH""]},{""text"":""Projektet kan få svårare att förutse myndighetens bedömning och planera nästa processsteg."",""basis"":""analysis"",""source_refs"":[]},{""text"":""Anmälningsärendets fortsatta handläggning och projektets planerade start kan fördröjas i ärendet vid processteget ”Kan betydande miljöpåverkan antas?”."",""basis"":""analysis"",""source_refs"":[]},{""text"":""Projektet kan få behov av att omvärdera spårvalet mitt i ärendet."",""basis"":""analysis"",""source_refs"":[]}]}"
R-B40-GN170-01,B40-GN170,B40 – Vattenverksamhet,Ställningstagande enligt 23 §,Försiktighetsmått blir i praktiken en ny villkorsprövning,Myndighetskapacitet & handläggning,Myndighet & prövning,"Ställningstagandet enligt FVV 23 § kan innehålla försiktighetsmått som i praktiken styr åtgärdens utformning lika mycket som tillståndsvillkor skulle ha gjort. Skillnaden är att måtten beslutas i ett enklare förfarande utan domstols lika noggranna prövning, men med samma bindande verkan. Överdrivet långtgående mått kan göra projektet olönsamt eller tekniskt omöjligt att genomföra som planerat, och frågan om måttens laglighet kan bara lösas genom överklagande.","FVV 23 § ger tillsynsmyndigheten möjlighet att besluta om de förbud eller försiktighetsmått som behövs. Ett sådant beslut kan reglera exempelvis arbetstid, metod eller övervakning och kan överklagas enligt tillämpliga regler.",B40-GN170 och B40-N180 (startvillkoren) samt genomförandeekonomin i B70.,Föreslå själv väl avvägda försiktighetsmått i anmälan så att myndigheten kan bygga på dem. Granska beslutade mått mot proportionalitetsprincipen och överklaga vid uppenbart orimliga krav.,FVV | MB,S0_current_2026,"{""causes"":[{""text"":""FVV 23 § ger tillsynsmyndigheten möjlighet att besluta om de förbud eller försiktighetsmått som behövs."",""basis"":""source"",""source_refs"":[""FVV""]},{""text"":""Tillsynsmyndigheten beslutar om tekniskt eller ekonomiskt betungande försiktighetsmått, exempelvis övervakning eller arbetstidsbegränsningar."",""basis"":""analysis"",""source_refs"":[]},{""text"":""Tillsynsmyndigheten identifierar kvarstående osäkerheter om arbetsmetod, kontroll eller miljöpåverkan."",""basis"":""analysis"",""source_refs"":[]},{""text"":""Projektet behandlar en underrättelse om passivitet som om den gav samma rättsliga skydd som ett tillstånd."",""basis"":""analysis"",""source_refs"":[]}],""event"":{""rubrik"":""Försiktighetsmått blir i praktiken en ny villkorsprövning""},""effects"":[{""text"":""Ett sådant beslut kan reglera exempelvis arbetstid, metod eller övervakning och kan överklagas enligt tillämpliga regler."",""basis"":""source"",""source_refs"":[""FVV""]},{""text"":""Den aktuella vattenrisken kan leda till fördyrat eller försenat genomförande."",""basis"":""analysis"",""source_refs"":[]},{""text"":""Projektet kan behöva överklaga försiktighetsmåtten, vilket kan förlänga handläggningen."",""basis"":""analysis"",""source_refs"":[]},{""text"":""Nya försiktighetsmått kan kräva att entreprenadens metod eller ordningsföljd ändras."",""basis"":""analysis"",""source_refs"":[]}]}"
R-B40-GN170-02,B40-GN170,B40 – Vattenverksamhet,Ställningstagande enligt 23 §,Underrättelse om 'ingen åtgärd' ger falsk trygghet,Överklagande & rättsprocess,Sökande & ansökan,Efter negativt BMP-beslut och 23 §-utfall får verksamheten påbörjas först när även startreglerna i 11 kap. 9 b § MB och 22 e–f §§ FVV är uppfyllda.,Anmälningsinstitutet enligt FVV och 11 kap. 9 b § MB är inte ett tillstånd med motsvarande rättskraft. Om utförandet avviker från det anmälda kan tillsynsmyndigheten ingripa enligt sina tillsynsbefogenheter.,B40-GN170 och B40-N180 samt genomförandefasen i B70.,"Håll genomförandet strikt inom anmälan ramar, dokumentera utförandet löpande och gör en ny anmälan eller ansökan om omfattningen behöver ändras.",FVV | MB | HAV_WV,S0_current_2026,"{""causes"":[{""text"":""Anmälningsinstitutet enligt FVV och 11 kap. 9 b § MB är inte ett tillstånd med motsvarande rättskraft."",""basis"":""source"",""source_refs"":[""FVV"",""MB""]},{""text"":""Projektet bygger vidare på en underrättelse om att myndigheten inte avser vidta åtgärd, utan att beakta att underrättelsen inte är en tillståndsgaranti."",""basis"":""analysis"",""source_refs"":[]},{""text"":""Tillsynsmyndigheten identifierar kvarstående osäkerheter om arbetsmetod, kontroll eller miljöpåverkan."",""basis"":""analysis"",""source_refs"":[]},{""text"":""Den utförda metoden eller omfattningen avviker efter underrättelsen från den åtgärd som anmäldes."",""basis"":""analysis"",""source_refs"":[]}],""event"":{""rubrik"":""Underrättelse om 'ingen åtgärd' ger falsk trygghet""},""effects"":[{""text"":""Om utförandet avviker från det anmälda kan tillsynsmyndigheten ingripa enligt sina tillsynsbefogenheter."",""basis"":""source"",""source_refs"":[""FVV""]},{""text"":""Tillsynsmyndigheten kan ingripa med föreläggande eller förbud under pågående arbete."",""basis"":""analysis"",""source_refs"":[]},{""text"":""Tillsynsmyndigheten kan kräva att den otillåtna påverkan återställs i ärendet vid processteget ”Ställningstagande”."",""basis"":""analysis"",""source_refs"":[]},{""text"":""Den aktuella vattenrisken kan leda till förlorat förtroende för anmälan som dokumentation."",""basis"":""analysis"",""source_refs"":[]}]}"
R-B40-M120-01,B40-M120,B40 – Vattenverksamhet,Sök dispens från markavvattningsförbud,Dispens beviljas inte eftersom 'särskilda skäl' är en restriktiv prövning,Rättslig osäkerhet,Myndighet & prövning,"Dispens kräver särskilda skäl och bedöms restriktivt. Låga naturvärden är inte ensamma ett särskilt skäl; platsens värden, hydrologi och åtgärdens omfattning ska bedömas samlat.","Dispens från markavvattningsförbudet kräver särskilda skäl enligt 11 kap. 14 § miljöbalken. Naturvårdsverkets vägledning anger att förbudets syfte att kraftigt begränsa eller stoppa utarmningen av våtmarker är centralt i bedömningen och att låga naturvärden i sig inte är ett särskilt skäl. Dispensfrågan måste därför utredas mot platsens naturvärden, hydrologi och den planerade åtgärdens omfattning innan projektet räknar med att tillstånd kan ges.",B40-M120 och B40-M130; vid avslag faller hela markavvattningsgrenen.,Utred områdets naturvårdsvärden i förväg och bygg dispensansökan på att området saknar betydelse från naturvårdssynpunkt. Ha en färdig alternativlösning utan avvattning.,MB | EXT: Naturvårdsverket – Markavvattning https://www.naturvardsverket.se/vagledning-och-stod/branscher-och-verksamheter/markavvattning/,S0_current_2026,"{""causes"":[{""text"":""Dispens från markavvattningsförbudet kräver särskilda skäl enligt 11 kap. 14 § miljöbalken."",""basis"":""source"",""source_refs"":[""MB""]},{""text"":""Länsstyrelsen finner att området har naturvårdsvärden eller att skälen inte är tillräckligt starka, och avslår dispensansökan."",""basis"":""analysis"",""source_refs"":[]},{""text"":""Dispensansökan visar inte att det finns särskilda skäl som väger mot markavvattningsförbudets skyddsintresse."",""basis"":""analysis"",""source_refs"":[]},{""text"":""Projektet blandar ihop dispens från förbudet med den separata tillståndsprövningen av markavvattningen."",""basis"":""analysis"",""source_refs"":[]}],""event"":{""rubrik"":""Dispens beviljas inte eftersom 'särskilda skäl' är en restriktiv prövning""},""effects"":[{""text"":""Naturvårdsverkets vägledning anger att förbudets syfte att kraftigt begränsa eller stoppa utarmningen av våtmarker är centralt i bedömningen och att låga naturvärden i sig inte är ett särskilt skäl."",""basis"":""source"",""source_refs"":[""EXT: Naturvårdsverket – Markavvattning https://www.naturvardsverket.se/vagledning-och-stod/branscher-och-verksamheter/markavvattning/""]},{""text"":""Den aktuella vattenrisken kan leda till projektstopp för avvattningsåtgärden."",""basis"":""analysis"",""source_refs"":[]},{""text"":""Projektet kan få behov av omprojektering till lösning utan dikning."",""basis"":""analysis"",""source_refs"":[]},{""text"":""Den aktuella vattenrisken kan leda till förlorade utredningskostnader."",""basis"":""analysis"",""source_refs"":[]}]}"
R-B40-M120-02,B40-M120,B40 – Vattenverksamhet,Sök dispens från markavvattningsförbud,Dispensbeslutet misstas vara ett tillstånd,Rättslig osäkerhet,Sökande & ansökan,"Dispensen upphäver bara förbudet – den ersätter aldrig tillståndsprövningen enligt 11 kap. 13 § MB. Missförståndet är begripligt eftersom båda besluten fattas av länsstyrelsen, men konsekvensen av att slå samman dem är att arbeten utförs utan lagligt tillstånd. Tillsynen kan då förbjuda fortsatt arbete och kräva återställning trots att dispens faktiskt beviljats. Besluten måste hållas isär i tidplanen: först dispens, sedan ansökan och tillstånd.",Naturvårdsverkets vägledning anger att en dispens från markavvattningsförbudet inte ersätter kravet på tillstånd. Även efter beviljad dispens måste verksamhetsutövaren därför söka tillstånd till markavvattningen.,B40-M120 och B40-M130 samt hela genomförandet i förbudsområde.,Inför två tydliga milstolpar i tidplanen – dispensbeslut och tillståndsbeslut – med startspärr tills båda föreligger och har vunnit laga kraft.,MB | FVV | EXT: Naturvårdsverket – Markavvattning https://www.naturvardsverket.se/vagledning-och-stod/branscher-och-verksamheter/markavvattning/,S0_current_2026,"{""causes"":[{""text"":""Naturvårdsverkets vägledning anger att en dispens från markavvattningsförbudet inte ersätter kravet på tillstånd."",""basis"":""source"",""source_refs"":[""EXT: Naturvårdsverket – Markavvattning https://www.naturvardsverket.se/vagledning-och-stod/branscher-och-verksamheter/markavvattning/""]},{""text"":""Projektet påbörjar avvattningen efter beviljad dispens utan att ha sökt och fått markavvattningstillstånd."",""basis"":""analysis"",""source_refs"":[]},{""text"":""Dispensansökan visar inte att det finns särskilda skäl som väger mot markavvattningsförbudets skyddsintresse."",""basis"":""analysis"",""source_refs"":[]},{""text"":""Projektet blandar ihop dispens från förbudet med den separata tillståndsprövningen av markavvattningen."",""basis"":""analysis"",""source_refs"":[]}],""event"":{""rubrik"":""Dispensbeslutet misstas vara ett tillstånd""},""effects"":[{""text"":""Även efter beviljad dispens måste verksamhetsutövaren därför söka tillstånd till markavvattningen."",""basis"":""source"",""source_refs"":[""MB""]},{""text"":""Den aktuella vattenrisken kan leda till förbud mot pågående arbete."",""basis"":""analysis"",""source_refs"":[]},{""text"":""Tillsynsmyndigheten kan kräva att den otillåtna påverkan återställs i ärendet vid processteget ”Sök dispens från markavvattningsförbud”."",""basis"":""analysis"",""source_refs"":[]},{""text"":""Avvattningslösningen kan behöva ersättas med en utformning som bevarar våtmarkens hydrologi."",""basis"":""analysis"",""source_refs"":[]}]}"
R-B40-M130-01,B40-M130,B40 – Vattenverksamhet,Ge in markavvattningsansökan,Handläggningstiden för markavvattning är osäker,Myndighetskapacitet & handläggning,Myndighet & prövning,Markavvattningsärenden kan kräva vattenrättsligt och hydrologiskt underlag samt samordning med andra skyddsfrågor. Handläggningstiden behöver därför prognostiseras för det konkreta ärendet och följas upp mot länsstyrelsens besked.,Naturvårdsverkets statistik redovisar variationer i handläggningstider för miljötillståndsprövning. För ett markavvattningsärende som kräver specialistkompetens bör tillgången till kompetens och en aktuell handläggningsprognos kontrolleras hos den ansvariga länsstyrelsen.,"B40-M130 och nedströms B40-GM140, B40-M150/B40-M160 samt B40-ENDM.","Lämna ett komplett underlag för att minska behovet av komplettering, håll löpande kontakt med handläggaren och anpassa genomförandeplanen till myndighetens aktuella prognos.",FVV | EXT: Naturvårdsverket – Handläggningstid för miljötillståndsprövning https://www.naturvardsverket.se/vagledning-och-stod/miljobalken/handlaggningstid-for-miljotillstandsprovning/,S0_current_2026,"{""causes"":[{""text"":""Naturvårdsverkets statistik redovisar variationer i handläggningstider för miljötillståndsprövning."",""basis"":""source"",""source_refs"":[""EXT: Naturvårdsverket – Handläggningstid för miljötillståndsprövning https://www.naturvardsverket.se/vagledning-och-stod/miljobalken/handlaggningstid-for-miljotillstandsprovning/""]},{""text"":""Markavvattningsärendet behöver samordnas med andra uppgifter hos länsstyrelsen och handläggningstiden avviker från projektets prognos."",""basis"":""analysis"",""source_refs"":[]},{""text"":""Länsstyrelsen saknar tillgänglig specialistkapacitet för vattenrätt, hydrologi eller våtmarksekologi."",""basis"":""analysis"",""source_refs"":[]},{""text"":""Ärendet behöver samordnas mellan flera enheter eller myndigheter innan beslut kan fattas."",""basis"":""analysis"",""source_refs"":[]}],""event"":{""rubrik"":""Handläggningstiden för markavvattning är osäker""},""effects"":[{""text"":""Den officiella handläggningsstatistiken ger inte en bindande tidsprognos för det enskilda markavvattningsärendet."",""basis"":""source"",""source_refs"":[""EXT: Naturvårdsverket – Handläggningstid för miljötillståndsprövning https://www.naturvardsverket.se/vagledning-och-stod/miljobalken/handlaggningstid-for-miljotillstandsprovning/""]},{""text"":""Den aktuella vattenrisken kan leda till osäker handläggningstid."",""basis"":""analysis"",""source_refs"":[]},{""text"":""De planerade arbetsfönstren kan behöva flyttas."",""basis"":""analysis"",""source_refs"":[]},{""text"":""Kompletterande miljöutredningar kan flytta både beslut och planerade markarbeten."",""basis"":""analysis"",""source_refs"":[]}]}"
R-B40-M130-02,B40-M130,B40 – Vattenverksamhet,Ge in markavvattningsansökan,Miljöbedömningen i markavvattningsansökan möter strängare krav på våtmarks- och klimatanalys,Underlagsbrist & data,Sökande & ansökan,"Markavvattning berör ofta våtmarker och organogen mark där kunskapsläget har skärpts: dränering av torvmarker ger växthusgasutsläpp, och avvattning påverkar vattenkvalitet och näringsläckage i recipienten. En ansökan byggd på äldre analysnivå – bara lokal avvattningseffekt – möter numera förväntningar på klimat- och recipientanalys. Bristerna leder till kompletteringskrav eller, vid överklagande, till att beslutet undermineras av nya kunskapslägen.",SOU 2026:18 (Odlingstorv och klimatet) och Naturvårdsverkets omprövningsvägledning för markavvattning visar att klimat- och våtmarksfrågorna nu är centrala i prövningen; markavvattning kan enligt 24 kap. MB omprövas med hänsyn till nya miljöförhållanden.,B40-M130 och B40-M150 samt i förlängningen risk för framtida omprövning av beviljat tillstånd.,"Inkludera våtmarksinventering, klimatberäkning för organogen mark och recipientanalys i ansökan från början. Beskriv återvätning eller kompensationsåtgärder där det är relevant.",MB | FVV | EXT: SOU 2026:18 Odlingstorv och klimatet https://www.riksdagen.se/sv/dokument-och-lagar/dokument/statens-offentliga-utredningar/odlingstorv-och-klimatet_heb318/html/ | EXT: Naturvårdsverket – Omprövning och återkallelse av tillstånd till markavvattning https://www.naturvardsverket.se/vagledning-och-stod/miljobalken/omprovning-och-aterkallelse-av-tillstand-till-markavvattning/,S0_current_2026,"{""causes"":[{""text"":""SOU 2026:18 (Odlingstorv och klimatet) och Naturvårdsverkets omprövningsvägledning för markavvattning visar att klimat- och våtmarksfrågorna nu är centrala i prövningen."",""basis"":""source"",""source_refs"":[""EXT: SOU 2026:18 Odlingstorv och klimatet https://www.riksdagen.se/sv/dokument-och-lagar/dokument/statens-offentliga-utredningar/odlingstorv-och-klimatet_heb318/html/"",""EXT: Naturvårdsverket – Omprövning och återkallelse av tillstånd till markavvattning https://www.naturvardsverket.se/vagledning-och-stod/miljobalken/omprovning-och-aterkallelse-av-tillstand-till-markavvattning/""]},{""text"":""Ansökans miljöbedömning saknar analys av våtmarkens naturvärden, klimatpåverkan från dränerad torvmark och effekter på vattenkvalitet nedströms."",""basis"":""analysis"",""source_refs"":[]},{""text"":""Nedströms vatteneffekter och torvmarkens klimatpåverkan redovisas i separata bilagor utan ett gemensamt avvattningsscenario."",""basis"":""analysis"",""source_refs"":[]},{""text"":""Ett äldre miljöunderlag återanvänds trots att avvattningsområdet eller kunskapsläget har förändrats."",""basis"":""analysis"",""source_refs"":[]}],""event"":{""rubrik"":""Miljöbedömningen i markavvattningsansökan möter strängare krav på våtmarks- och klimatanalys""},""effects"":[{""text"":""Prövningsunderlaget måste göra det möjligt att bedöma markavvattningens relevanta miljöeffekter."",""basis"":""source"",""source_refs"":[""MB""]},{""text"":""Ansökan eller anmälan kan behöva kompletteras innan prövningen kan fortsätta i ärendet vid processteget ”Ge in markavvattningsansökan”."",""basis"":""analysis"",""source_refs"":[]},{""text"":""Markavvattningsärendets fortsatta handläggning och genomförande kan fördröjas."",""basis"":""analysis"",""source_refs"":[]},{""text"":""Kompletterande miljöutredningar kan flytta både beslut och planerade markarbeten."",""basis"":""analysis"",""source_refs"":[]}]}"
R-B40-M150-01,B40-M150,B40 – Vattenverksamhet,Länsstyrelsens prövning och beslut,Beslutet överklagas av sakägare eller miljöorganisationer,Överklagande & rättsprocess,Extern & omvärld,"Ett markavvattningsbeslut kan beröra fastighetsägare och andra intressen genom förändrade vattenförhållanden. Den som har klagorätt kan överklaga enligt den instanskedja som gäller för beslutet, och överinstansen kan ändra eller upphäva beslutet. Projektet behöver därför kontrollera laga kraft, verkställbarhet och eventuell inhibition innan arbetet påbörjas.","Vem som får överklaga ett markavvattningsbeslut och till vilken instans avgörs av beslutstypen och bestämmelserna i miljöbalken, förordningen om vattenverksamheter och lagen med särskilda bestämmelser om vattenverksamhet. En behörig klagande kan angripa beslutet inom den överklagandeordning som gäller i det enskilda fallet.",B40-M150 och B40-ENDM samt överlämningen till B70.,"Förankra beslutet hos berörda fastighetsägare före beslutet, dokumentera avvägningen noggrant för att stå emot överklagande och invänta lagakraft före arbetsstart där det är möjligt.",MB | FVV | LVV | COURT_APPEAL,S0_current_2026,"{""causes"":[{""text"":""Vem som får överklaga ett markavvattningsbeslut och till vilken instans avgörs av beslutstypen och bestämmelserna i miljöbalken, förordningen om vattenverksamheter och lagen med särskilda bestämmelser om vattenverksamhet."",""basis"":""source"",""source_refs"":[""FVV"",""LVV""]},{""text"":""Berörda fastighetsägare, väghållare eller naturvårdsorganisationer överklagar länsstyrelsens markavvattningsbeslut till MMD."",""basis"":""analysis"",""source_refs"":[]},{""text"":""Berörda fastighetsägare eller organisationer gör en annan bedömning av avvattningens nytta, skada eller naturpåverkan."",""basis"":""analysis"",""source_refs"":[]},{""text"":""Nya sakuppgifter under handläggningen ger en behörig klagande ytterligare invändningar mot beslutet."",""basis"":""analysis"",""source_refs"":[]}],""event"":{""rubrik"":""Beslutet överklagas av sakägare eller miljöorganisationer""},""effects"":[{""text"":""En behörig klagande kan angripa beslutet inom den överklagandeordning som gäller i det enskilda fallet."",""basis"":""source"",""source_refs"":[""MB""]},{""text"":""Beslutet kan vinna laga kraft senare än projektets genomförandeplan förutsätter."",""basis"":""analysis"",""source_refs"":[]},{""text"":""Den aktuella vattenrisken kan leda till osäkerhet om starttidpunkten."",""basis"":""analysis"",""source_refs"":[]},{""text"":""Beslutet eller dess villkor kan ändras i överinstansen."",""basis"":""analysis"",""source_refs"":[]}]}"
R-B40-M150-02,B40-M150,B40 – Vattenverksamhet,Länsstyrelsens prövning och beslut,Villkoren för avvattningen blir tekniskt ogenomförbara eller kostsamma,Teknisk komplexitet,Myndighet & prövning,"Prövningen enligt 11 kap. 13 § MB väger avvattningens nytta mot skador på allmänna och enskilda intressen, och länsstyrelsen kan föreskriva villkor för att begränsa skadorna. Villkor om anläggningsdimensionering, skydd av kvarvarande våtmarksdelar eller långsiktig övervakning kan förändra projektets ekonomi och teknik i grunden. Ett tillstånd med tung villkorsbörda kan vara värt mindre än inget tillstånd, men att överklaga för att få villkoren lindrade kostar ytterligare tid.","Villkor enligt miljöbalkens vattenregler är ett verktyg för att hantera motstående intressen. Villkor om exempelvis minsta vattenföring kan vara avgörande för projektets praktiska genomförbarhet, vilket vattenkraftens omprövning illustrerar.",B40-M150 och B40-ENDM samt genomförandeekonomin i B70.,"Föreslå själv realistiska villkor i ansökan, förankrade i underlaget, så att beslutet bygger på genomförbara nivåer. Simulera villkorskänslighet i projektets ekonomi före beslutet.",MB | FVV,S0_current_2026,"{""causes"":[{""text"":""Villkor enligt miljöbalkens vattenregler är ett verktyg för att hantera motstående intressen."",""basis"":""source"",""source_refs"":[""MB""]},{""text"":""Länsstyrelsen förenar tillståndet med villkor om flödesbegränsning, återvätning, skyddszoner eller övervakning som projektet inte räknat med."",""basis"":""analysis"",""source_refs"":[]},{""text"":""Osäkerheter i underlaget leder till villkor som begränsar flöde, metod, arbetstid eller uppföljning."",""basis"":""analysis"",""source_refs"":[]},{""text"":""Ansökan redovisar inte ett tekniskt genomförbart alternativ för de skyddskrav som prövningen aktualiserar."",""basis"":""analysis"",""source_refs"":[]}],""event"":{""rubrik"":""Villkoren för avvattningen blir tekniskt ogenomförbara eller kostsamma""},""effects"":[{""text"":""Villkor om exempelvis minsta vattenföring kan vara avgörande för projektets praktiska genomförbarhet."",""basis"":""source"",""source_refs"":[""MB""]},{""text"":""Den aktuella vattenrisken kan leda till fördyrat eller tekniskt förändrat genomförande."",""basis"":""analysis"",""source_refs"":[]},{""text"":""Ett överklagande av villkoren tillför handläggningstid och skjuter upp beslutets finalitet."",""basis"":""analysis"",""source_refs"":[]},{""text"":""Beslutets innehåll kan ändras i överinstans innan det får stabil rättsverkan."",""basis"":""analysis"",""source_refs"":[]}]}"
R-B40-M160-01,B40-M160,B40 – Vattenverksamhet,MMD prövar överlämnat ärende,Kostnadsfördelning och deltagandefrågor blåser upp processen,Intressekonflikt & markåtkomst,Extern & omvärld,"När ärendet överlämnats till MMD prövas deltagande och kostnadsfördelning enligt LVV 3 kap. i tvistemålsliknande form. Varje deltagare kan bestrida sin andel, nyttan måste bevisas fastighet för fastighet, och väghållares inverkan kan vara tekniskt komplicerad att beräkna. Domstolen ska vid tillstånd fördela kostnaderna efter skälighet, vilket kräver ett omfattande bevisprogram. Processen kan därmed bli betydligt tyngre än själva miljöprövningen och domineras av privaträttsliga intressekonflikter.","I mål M 4651-18 prövade Mark- och miljööverdomstolen frågor om deltagande och kostnadsfördelning i ett dikningsföretag, bland annat en väghållares ställning. Avgörandet visar att deltagarkretsen och kostnadsfördelningen kan bli centrala frågor vid omprövning av en markavvattningssamfällighet.",B40-M160 och B40-ENDM; utfallet avgör projektets ekonomi och genomförbarhet.,"Bygg deltagande- och nyttoanalysen på fastighetsspecifika hydrogeologiska data, förhandla om samverkansavtal före överlämnandet och anlita sakkunnig för kostnadsfördelningsberäkning.",LVV | COURT_WV | EXT: MÖD M 4651-18 https://www.domstol.se/globalassets/filer/domstol/markochmiljooverdomstolen/avgoranden/2019/m-4651-18.pdf,S0_current_2026,"{""causes"":[{""text"":""I mål M 4651-18 prövade Mark- och miljööverdomstolen frågor om deltagande och kostnadsfördelning i ett dikningsföretag, bland annat en väghållares ställning."",""basis"":""source"",""source_refs"":[""LVV"",""EXT: MÖD M 4651-18 https://www.domstol.se/globalassets/filer/domstol/markochmiljooverdomstolen/avgoranden/2019/m-4651-18.pdf""]},{""text"":""Fastighetsägare som ska delta i avvattningen bestrider nyttan, kostnadsfördelningen eller själva deltagandet, och väghållare dras in som part."",""basis"":""analysis"",""source_refs"":[]},{""text"":""Deltagarna värderar nyttan av avvattningen och kostnadsansvaret på oförenliga sätt."",""basis"":""analysis"",""source_refs"":[]},{""text"":""Deltagarkretsen är ofullständig eller bygger på en inaktuell fastighets- och väghållarbild."",""basis"":""analysis"",""source_refs"":[]}],""event"":{""rubrik"":""Kostnadsfördelning och deltagandefrågor blåser upp processen""},""effects"":[{""text"":""M 4651-18 visar att deltagarkrets och kostnadsfördelning kan vara centrala frågor vid omprövning av en markavvattningssamfällighet."",""basis"":""source"",""source_refs"":[""LVV"",""EXT: MÖD M 4651-18 https://www.domstol.se/globalassets/filer/domstol/markochmiljooverdomstolen/avgoranden/2019/m-4651-18.pdf""]},{""text"":""Den aktuella vattenrisken kan leda till lång och dyr domstolsprocess."",""basis"":""analysis"",""source_refs"":[]},{""text"":""Den aktuella vattenrisken kan leda till osäker kostnadsbild."",""basis"":""analysis"",""source_refs"":[]},{""text"":""Projektet kan få svårt att styrka nyckelfastigheternas deltagande."",""basis"":""analysis"",""source_refs"":[]}]}"
R-B40-M160-02,B40-M160,B40 – Vattenverksamhet,MMD prövar överlämnat ärende,Sent överlämnande till MMD förlänger den samlade prövningen,Myndighetskapacitet & handläggning,Myndighet & prövning,"När en överlämnandegrund identifieras sent har ärendet redan handlagts hos länsstyrelsen innan domstolsfasen börjar. Länsstyrelsens yttrande följer med, men mark- och miljödomstolen måste därefter genomföra den prövning som krävs för målet. Den samlade tiden omfattar därför både länsstyrelse- och domstolsledet.",Lagen med särskilda bestämmelser om vattenverksamhet anger när länsstyrelsen ska överlämna ett markavvattningsärende till mark- och miljödomstolen. Sveriges Domstolars information beskriver den fortsatta handläggningen av vattenverksamhetsmål. Den konkreta tidsåtgången måste bedömas i det enskilda målet.,B40-M160 och B40-ENDM samt hela markavvattningsspårets totala ledtid.,"Räkna från början med det kombinerade ledet (länsstyrelse + MMD) i tidplanen. Förbered domstolsunderlaget redan under länsstyrelsehandläggningen så att överlämnandet blir en formalitet, inte en omstart.",LVV | COURT_WV,S0_current_2026,"{""causes"":[{""text"":""Ett överlämnat markavvattningsärende prövas av mark- och miljödomstolen enligt den ordning som följer av LVV."",""basis"":""source"",""source_refs"":[""LVV"",""COURT_WV""]},{""text"":""Ärendet överlämnas först efter en längre länsstyrelsehandläggning, så domstolsfasen börjar senare än projektet planerat."",""basis"":""analysis"",""source_refs"":[]},{""text"":""Domstolens tillgängliga vattenrättsliga resurser är bundna i andra omfattande mål."",""basis"":""analysis"",""source_refs"":[]},{""text"":""Ärendet kräver en ny inläsning efter överlämnandet eftersom länsstyrelsens material inte motsvarar domstolens processupplägg."",""basis"":""analysis"",""source_refs"":[]}],""event"":{""rubrik"":""Sent överlämnande till MMD förlänger den samlade prövningen""},""effects"":[{""text"":""När ärendet överlämnas blir ett avgörande i mark- och miljödomstolen nödvändigt innan projektet kan få det sökta tillståndet."",""basis"":""source"",""source_refs"":[""LVV"",""COURT_WV""]},{""text"":""Markavvattningsärendets fortsatta handläggning och genomförande kan fördröjas."",""basis"":""analysis"",""source_refs"":[]},{""text"":""Delutfall i rättighets- eller ersättningsfrågorna kan göra den tillåtna lösningen ekonomiskt svår att genomföra."",""basis"":""analysis"",""source_refs"":[]},{""text"":""Projektets tidplan och resursbehov kan behöva omprövas i ärendet vid processteget ”MMD prövar överlämnat ärende”."",""basis"":""analysis"",""source_refs"":[]}]}"
R-B40-M160-03,B40-M160,B40 – Vattenverksamhet,MMD prövar överlämnat ärende,"Tvångsrätt, ersättning och inlösen prövas i samma mål och gör domen oförutsägbar",Rättslig osäkerhet,Extern & omvärld,"De överlämnade ärendena är just de som innehåller de rättsligt tyngsta instituten: tvångsrätt att få använda annans mark, ersättning för skador och inlösen av fastigheter eller rättigheter. Dessa frågor har egna beviskrav och prejudikat, och domstolen måste avgöra dem sammanhängande med tillståndsfrågan. Kombinationen gör utfallet svårprognostiserat – ett tillstånd kan förenas med ersättningsnivåer som underminerar ekonomin, eller tvångsrätten kan avslås trots beviljat tillstånd. Förlusten av en enda delfråga kan fälla hela genomförandet.","Enligt 7 kap. 19 § lagen med särskilda bestämmelser om vattenverksamhet ska länsstyrelsen överlämna ett markavvattningsärende till mark- och miljödomstolen när det framställs yrkande om någon annans deltagande, särskild tvångsrätt, ersättning eller inlösen. Om tillstånd meddelas i ett sådant mål fördelas sökandens kostnader mellan deltagarna enligt 25 kap. 10 § miljöbalken; om tillstånd inte meddelas svarar sökanden som huvudregel för kostnaderna.",B40-M160 och B40-ENDM samt projektets ekonomi och rättighetsläge i B70.,"Gör en scenarieanalys av möjliga domutfall per delfråga innan överlämnandet, och överväg att söka frivilliga lösningar (avtal, samverkan) som minskar antalet tvistiga institut i målet.",LVV | MB | COURT_WV,S0_current_2026,"{""causes"":[{""text"":""Enligt 7 kap. 19 § lagen med särskilda bestämmelser om vattenverksamhet ska länsstyrelsen överlämna ett markavvattningsärende till mark- och miljödomstolen när det framställs yrkande om någon annans deltagande, särskild tvångsrätt, ersättning eller inlösen."",""basis"":""source"",""source_refs"":[""LVV"",""MB""]},{""text"":""Målet omfattar samtidigt tillstånd, deltagande, tvångsrätt, ersättning och inlösen med motstridiga yrkanden."",""basis"":""analysis"",""source_refs"":[]},{""text"":""Parterna lägger fram oförenliga värderingar av intrång, nytta och kostnadsfördelning."",""basis"":""analysis"",""source_refs"":[]}],""event"":{""rubrik"":""Tvångsrätt, ersättning och inlösen prövas i samma mål och gör domen oförutsägbar""},""effects"":[{""text"":""Kostnadsansvaret i ett överlämnat markavvattningsmål följer bland annat av 25 kap. 10 § miljöbalken."",""basis"":""source"",""source_refs"":[""MB"",""LVV""]},{""text"":""Domens delutfall kan bli svåra att förutse och underminera projektets genomförbarhet."",""basis"":""analysis"",""source_refs"":[]},{""text"":""Ett avslag kan medföra att sökanden får bära betydande delar av processkostnaderna."",""basis"":""analysis"",""source_refs"":[]},{""text"":""Delutfall i rättighets- eller ersättningsfrågorna kan göra den tillåtna lösningen ekonomiskt svår att genomföra."",""basis"":""analysis"",""source_refs"":[]}]}"
R-B40-N110-01,B40-N110,B40 – Vattenverksamhet,Upprätta anmälan,Anmälningsunderlaget underdimensioneras i tron att 'det är bara en anmälan',Underlagsbrist & data,Sökande & ansökan,Ett otillräckligt underlag kan leda till komplettering. BMP-bedömningen ska göras mot kriteriet ”kan antas medföra” och omständigheterna i 10–13 §§ MBD.,"Havs- och vattenmyndighetens vägledning beskriver vilka uppgifter som behövs för att länsstyrelsen ska kunna bedöma den anmälda vattenverksamhetens art, omfattning och miljöpåverkan. Om underlaget inte medger den bedömningen kan länsstyrelsen begära komplettering eller besluta enligt de alternativ som följer av förordningen om vattenverksamheter.",B40-N110 och loopen B40-GN130→B40-N110 samt B40-GN150 (BMP-beslutet).,"Upprätta anmälan med samma struktur som ett tillståndsunderlag: tydliga kartor, åtgärdsbeskrivning, sakägarförteckning och egen BMP-analys. Låt sakkunnig kvalitetsgranska före inlämning.",FVV | MBD | HAV_WV,S0_current_2026,"{""causes"":[{""text"":""Havs- och vattenmyndighetens vägledning och FVV anger vilka uppgifter som behövs för att bedöma den anmälda vattenverksamhetens art, omfattning och miljöpåverkan."",""basis"":""source"",""source_refs"":[""FVV"",""HAV_WV""]},{""text"":""Projektet satsar minimalt på kartor, ritningar och miljöeffektbeskrivning eftersom anmälan uppfattas som enklare än en ansökan."",""basis"":""analysis"",""source_refs"":[]},{""text"":""Anmälan tilldelas mindre utredningsresurser än vad åtgärdens faktiska miljöpåverkan kräver."",""basis"":""analysis"",""source_refs"":[]},{""text"":""Kartor, fastighetsuppgifter eller tekniska ritningar hinner bli inaktuella före myndighetens granskning."",""basis"":""analysis"",""source_refs"":[]}],""event"":{""rubrik"":""Anmälningsunderlaget underdimensioneras i tron att 'det är bara en anmälan'""},""effects"":[{""text"":""Om underlaget inte medger den bedömningen kan länsstyrelsen begära komplettering eller besluta enligt de alternativ som följer av förordningen om vattenverksamheter."",""basis"":""source"",""source_refs"":[""FVV""]},{""text"":""Den aktuella vattenrisken kan leda till kompletteringsloopar som fördröjer start."",""basis"":""analysis"",""source_refs"":[]},{""text"":""Ett otillräckligt underlag kan leda till kompletteringskrav eller, om verksamheten bedöms kunna medföra betydande miljöpåverkan, föreläggande att ansöka om tillstånd."",""basis"":""source"",""source_refs"":[""FVV""]},{""text"":""Myndigheten kan behöva begära nytt underlag innan den kan ta ställning till åtgärden."",""basis"":""analysis"",""source_refs"":[]}]}"
R-B40-N110-02,B40-N110,B40 – Vattenverksamhet,Upprätta anmälan,Sakägar- och fastighetsuppgifter i anmälan är inaktuella eller felaktiga,Underlagsbrist & data,Sökande & ansökan,"Ett väsentligt underrättelse- eller kommuniceringsfel kan behöva rättas och kan, beroende på felets betydelse, medföra att avgörandet undanröjs.","Reglerna om kungörelse, underrättelse och kommunicering ska ge särskilt berörda möjlighet att delta i prövningen. Ett väsentligt fel kan kräva att handläggningen görs om eller att ett avgörande undanröjs.","B40-N110, B40-N120 och B40-N140 (remissen) samt B40-N180 vid överklagande.",Beställ färska registerutdrag nära inlämningen och komplettera med lokalkännedom om samfällda rättigheter. Dubbelkolla ägarläget vid varje processteg.,FVV | MB,S0_current_2026,"{""causes"":[{""text"":""Reglerna om kungörelse, underrättelse och kommunicering ska ge särskilt berörda möjlighet att delta i prövningen."",""basis"":""source"",""source_refs"":[""FVV""]},{""text"":""Fastighetsförteckningen bygger på äldre registerutdrag och ägarbyten eller nya avstyckningar har hunnit ske."",""basis"":""analysis"",""source_refs"":[]},{""text"":""Anmälan tilldelas mindre utredningsresurser än vad åtgärdens faktiska miljöpåverkan kräver."",""basis"":""analysis"",""source_refs"":[]},{""text"":""Kartor, fastighetsuppgifter eller tekniska ritningar hinner bli inaktuella före myndighetens granskning."",""basis"":""analysis"",""source_refs"":[]}],""event"":{""rubrik"":""Sakägar- och fastighetsuppgifter i anmälan är inaktuella eller felaktiga""},""effects"":[{""text"":""Ett väsentligt fel kan kräva att handläggningen görs om eller att ett avgörande undanröjs."",""basis"":""source"",""source_refs"":[""FVV""]},{""text"":""Den aktuella vattenrisken kan leda till återförvisning eller upphävt ställningstagande."",""basis"":""analysis"",""source_refs"":[]},{""text"":""Anmälningsärendets fortsatta handläggning och projektets planerade start kan fördröjas i ärendet vid processteget ”Upprätta anmälan”."",""basis"":""analysis"",""source_refs"":[]},{""text"":""Den aktuella vattenrisken kan leda till skärpt lokal opinion."",""basis"":""analysis"",""source_refs"":[]}]}"
R-B40-N120-01,B40-N120,B40 – Vattenverksamhet,Lämna anmälan till tillsynsmyndigheten,Anmälan lämnas till fel tillsynsmyndighet,Myndighetskapacitet & handläggning,Myndighet & prövning,Anmälan ska lämnas till behörig myndighet. Start får ske först när kraven i 11 kap. 9 b § MB och 22 e–f §§ FVV är uppfyllda.,"11 kap. 9 b § MB, FVV:s behörighetsregler och förordningen (2024:1212) om försvarsverksamheter skapar olika anmälnings- och beslutsvägar beroende på verksamhetstyp. Projektet måste därför kontrollera den aktuella behöriga myndigheten i stället för att utgå från ett generellt instansantagande.",B40-N120 och B40-GN130 samt tidskraven i B40-N180.,Verifiera behörig tillsynsmyndighet mot FVV:s behörighetsföreskrifter och kommunens delegeringsbeslut. Begär skriftlig bekräftelse på registrering och diarienummer.,MB | FVV | HAV_WV | EXT: Förordning (2024:1212) om anmälan av vissa försvarsverksamheter https://www.riksdagen.se/sv/dokument-och-lagar/dokument/svensk-forfattningssamling/forordning-20241212-med-sarskilda-bestammelser_sfs-2024-1212/,S0_current_2026,"{""causes"":[{""text"":""11 kap. 9 b § miljöbalken, FVV:s behörighetsregler och förordningen (2024:1212) skapar olika anmälnings- och beslutsvägar beroende på verksamhetstyp."",""basis"":""source"",""source_refs"":[""MB"",""FVV"",""EXT: Förordning (2024:1212) om anmälan av vissa försvarsverksamheter https://www.riksdagen.se/sv/dokument-och-lagar/dokument/svensk-forfattningssamling/forordning-20241212-med-sarskilda-bestammelser_sfs-2024-1212/""]},{""text"":""Behörighetsfördelningen mellan länsstyrelse, kommunal nämnd och Försvarsinspektören för hälsa och miljö feltolkas för åtgärdens plats eller karaktär."",""basis"":""analysis"",""source_refs"":[]},{""text"":""Projektet utgår från en generell instansordning utan att kontrollera verksamhetstyp, plats och eventuell försvarsanknytning."",""basis"":""analysis"",""source_refs"":[]},{""text"":""Ett delegerat kommunalt tillsynsansvar eller en särskild försvarsregel identifieras inte före inlämningen."",""basis"":""analysis"",""source_refs"":[]}],""event"":{""rubrik"":""Anmälan lämnas till fel tillsynsmyndighet""},""effects"":[{""text"":""Den behöriga tillsynsmyndigheten måste handlägga anmälan innan startreglerna för anmäld vattenverksamhet kan tillämpas."",""basis"":""source"",""source_refs"":[""MB"",""FVV""]},{""text"":""Projektet kan fördröjas och sakna klarhet om när åtgärden får påbörjas."",""basis"":""analysis"",""source_refs"":[]},{""text"":""Arbetet kan i värsta fall påbörjas utan att de rättsliga startvillkoren är uppfyllda."",""basis"":""analysis"",""source_refs"":[]},{""text"":""Osäkerheten om behörig myndighet kan skjuta fram den dag då arbetet får påbörjas."",""basis"":""analysis"",""source_refs"":[]}]}"
R-B40-N120-02,B40-N120,B40 – Vattenverksamhet,Lämna anmälan till tillsynsmyndigheten,Fördröjd initial handläggning äter upp åttaveckorsfristen,Myndighetskapacitet & handläggning,Myndighet & prövning,"För vattenanmälningar som omfattas av BMP-prövning ska beslut enligt 22 a § FVV fattas så snart som möjligt och senast åtta veckor från den dag anmälan gjordes. Fristen får förlängas på grund av verksamhetens eller åtgärdens art, komplexitet, lokalisering eller omfattning; myndigheten ska då ange skälen och nytt slutdatum. Sen registrering eller intern kö flyttar inte i sig startpunkten för den lagstadgade fristen.",Tidsregeln finns i 22 c § FVV.,B40-N120 och alla efterföljande noder i anmälningsgrenen (B40-GN130–B40-N180).,"Säkra mottagningsbevis med ankomstdatum, bevaka åttaveckorsfristen och begär skriftligt besked om skäl och slutdatum vid förlängning. Planera ett säsongsberoende arbete med marginal även inom fristen.",FVV | HAV_WV,S0_current_2026,"{""causes"":[{""text"":""Tidsregeln finns i 22 c § FVV."",""basis"":""source"",""source_refs"":[""FVV""]},{""text"":""Länsstyrelsen eller kommunen har handläggarkö och prioriterar tillståndsärenden och tillsyn före anmälningar."",""basis"":""analysis"",""source_refs"":[]},{""text"":""Den mottagande myndighetens kö fördröjer fördelningen till handläggare och den första sakgranskningen."",""basis"":""analysis"",""source_refs"":[]},{""text"":""Brister i anmälans grunduppgifter hindrar myndigheten från att snabbt påbörja den materiella handläggningen."",""basis"":""analysis"",""source_refs"":[]}],""event"":{""rubrik"":""Fördröjd initial handläggning äter upp åttaveckorsfristen""},""effects"":[{""text"":""Beslutet om betydande miljöpåverkan ska fattas inom den frist som följer av 22 c § FVV."",""basis"":""source"",""source_refs"":[""FVV""]},{""text"":""Den aktuella vattenrisken kan leda till förskjuten byggstart."",""basis"":""analysis"",""source_refs"":[]},{""text"":""Projektet kan förlora det planerade arbetsfönstret för vattenarbetena."",""basis"":""analysis"",""source_refs"":[]},{""text"":""Den aktuella vattenrisken kan leda till osäkerhet i entreprenadplaneringen."",""basis"":""analysis"",""source_refs"":[]}]}"
R-B40-N140-01,B40-N140,B40 – Vattenverksamhet,Remittera och inhämta yttranden,Fiske- och naturintressen mobiliserar motstånd vid remissen,Samråd & motstånd,Extern & omvärld,"Negativa yttranden kan behöva utredas eller bemötas och kan bidra till komplettering, försiktighetsmått eller tillståndsföreläggande, beroende på deras innehåll.","Fiske, vandringshinder och minsta vattenföring kan vara materiella remissfrågor i vattenverksamheter som påverkar fisk eller ekologisk konnektivitet. Den nationella planen för moderna miljövillkor visar frågornas betydelse i vattenkraftsomprövningen. Bedömningen ska knytas till den aktuella verksamheten och innebär inte att frågorna är centrala i alla vattenärenden.",B40-N140 och B40-GN150 samt B40-N180 (överklaganderisk).,"Involvera fiskevårds- och naturintressen före den formella remissen, anpassa åtgärden (t.ex. lektider, vandringsvägar) proaktivt och bemöt remisspunkter sakligt i kompletteringar.",FVV | HAV_WV | EXT: Energimyndigheten – Tillstånd för vattenkraft https://www.energimyndigheten.se/energisystem-och-analys/tillstand-och-provning/tillstandsprocesser/tillstand-for-vattenkraft/,S0_current_2026,"{""causes"":[{""text"":""Fiske, vandringshinder och minsta vattenföring kan vara materiella remissfrågor i vattenverksamheter som påverkar fisk eller ekologisk konnektivitet."",""basis"":""source"",""source_refs"":[""FVV""]},{""text"":""HaV, fiskevårdsorganisationer, Naturskyddsföreningen eller särskilt berörda lämnar negativa yttranden med krav på omprojektering eller tillståndsprövning."",""basis"":""analysis"",""source_refs"":[]},{""text"":""Anmälan underskattar påverkan på fiskvandring, lekbottnar eller ekologisk konnektivitet."",""basis"":""analysis"",""source_refs"":[]},{""text"":""Remissinstanserna använder nyare eller mer detaljerade naturdata än projektets underlag."",""basis"":""analysis"",""source_refs"":[]}],""event"":{""rubrik"":""Fiske- och naturintressen mobiliserar motstånd vid remissen""},""effects"":[{""text"":""Tillsynsmyndigheten får besluta om de förbud eller försiktighetsmått som behövs enligt FVV 23 §."",""basis"":""source"",""source_refs"":[""FVV""]},{""text"":""Myndigheten kan besluta om mer ingripande villkor än projektet har planerat för."",""basis"":""analysis"",""source_refs"":[]},{""text"":""Den aktuella vattenrisken kan leda till omarbetad åtgärdsutformning eller tvingad övergång till tillståndsspår."",""basis"":""analysis"",""source_refs"":[]},{""text"":""Anmälningsärendets fortsatta handläggning och projektets planerade start kan fördröjas i ärendet vid processteget ”Remittera och inhämta yttranden”."",""basis"":""analysis"",""source_refs"":[]}]}"
R-B40-N140-02,B40-N140,B40 – Vattenverksamhet,Remittera och inhämta yttranden,Remissinstanser svarar sent eller inte alls,Myndighetskapacitet & handläggning,Myndighet & prövning,"Tillsynsmyndigheten ska ge berörda statliga och kommunala myndigheter, organisationer och enskilda tillfälle att yttra sig enligt 21 § FVV. FVV 21–22 §§ anger inte en särskild svarsfrist för varje remissinstans. Myndigheten bestämmer en skälig svarstid inom ramen för handläggningen, samtidigt som BMP-beslutet omfattas av den övergripande åttaveckorsfristen i 22 c § om den inte förlängs på föreskrivet sätt.",Den tidsfrist som anges för länsstyrelsens beslut om betydande miljöpåverkan följer av 22 c § förordningen (1998:1388) om vattenverksamheter m.m. Tidplanen ska räknas från den utlösande tidpunkt som paragrafen anger i det konkreta ärendet.,"B40-N140 och nedströms B40-GN150, B40-GN170 och B40-N180.","Förbered remissinstanser före den formella remissen, men utgå inte från en lagstadgad svarstid som inte finns. Bevaka i stället myndighetens beslutade remisstid och den övergripande åttaveckorsfristen.",FVV | FL,S0_current_2026,"{""causes"":[{""text"":""Den tidsfrist som anges för länsstyrelsens beslut om betydande miljöpåverkan följer av 22 c § förordningen (1998:1388) om vattenverksamheter m.m. Tidplanen ska räknas från den utlösande tidpunkt som paragrafen anger i det konkreta ärendet."",""basis"":""source"",""source_refs"":[""FVV""]},{""text"":""Kommunal nämnd, HaV eller berörda myndigheter saknar kapacitet att yttra sig inom utsatt tid, och tillsynsmyndigheten förlänger eller inväntar svar."",""basis"":""analysis"",""source_refs"":[]},{""text"":""Remissbegäran är otydlig eller saknar det underlag som mottagaren behöver för sitt yttrande."",""basis"":""analysis"",""source_refs"":[]},{""text"":""Remissinstansen saknar tillgänglig specialistkapacitet inom den svarstid som myndigheten har angett."",""basis"":""analysis"",""source_refs"":[]}],""event"":{""rubrik"":""Remissinstanser svarar sent eller inte alls""},""effects"":[{""text"":""Tillsynsmyndighetens beslut om betydande miljöpåverkan omfattas av tidsregeln i FVV 22 c §."",""basis"":""source"",""source_refs"":[""FVV""]},{""text"":""Den aktuella vattenrisken kan leda till fördröjt beslut."",""basis"":""analysis"",""source_refs"":[]},{""text"":""Projektet kan förlora det planerade arbetsfönstret för vattenarbetena."",""basis"":""analysis"",""source_refs"":[]},{""text"":""Den aktuella vattenrisken kan leda till osäker tidplan för byggstart."",""basis"":""analysis"",""source_refs"":[]}]}"
R-B40-N180-01,B40-N180,B40 – Vattenverksamhet,Uppfyll startvillkor och hantera överklagande,Överklagande eller inhibition av ett överklagbart beslut i anmälningsärendet förskjuter starten,Överklagande & rättsprocess,Extern & omvärld,"Ett beslut i vattenanmälningsärendet kan överklagas enligt tillämplig miljöbalksordning. Ett överklagande innebär inte generellt att beslutet automatiskt upphör att gälla; verkställbarheten bestäms av beslutets innehåll, 35 § FL och eventuellt inhibitionsbeslut enligt 48 § FL eller motsvarande processregel. Överklagandetiden räknas inte generellt från kungörande utan enligt den regel som gäller för den klagande och beslutstypen, normalt tre veckor från den dag den klagande fick del av beslutet enligt 44 § FL.","FVV 22 e–f §§ reglerar startspärren för den anmälda vattenverksamheten. När förvaltningslagen är tillämplig reglerar 35, 44 och 48 §§ verkställighet, överklagandetid och inhibition. Om beslutet överklagas eller inhibition begärs behöver tidskonsekvensen bedömas utifrån omständigheterna i det enskilda ärendet.",B40-N180 och B40-ENDN samt överlämning till B70.,"Dokumentera delgivning, överklagandefrist och verkställbarhet för det konkreta beslutet. Bevaka överinstansens eventuella inhibition innan irreversibla arbeten påbörjas.",FVV | MB | FL | COURT_APPEAL,S0_current_2026,"{""causes"":[{""text"":""FVV 22 e–f §§ reglerar startspärren för den anmälda vattenverksamheten."",""basis"":""source"",""source_refs"":[""FVV""]},{""text"":""En granne, fiskevårdsförening eller miljöorganisation överklagar ställningstagandet eller BMP-beslutet till mark- och miljödomstolen."",""basis"":""analysis"",""source_refs"":[]},{""text"":""Projektet beställer entreprenad innan startspärrar, överklaganden och parallella beslut har kontrollerats samlat."",""basis"":""analysis"",""source_refs"":[]},{""text"":""Den anmälda utformningen ändras efter myndighetens ställningstagande men före byggstart."",""basis"":""analysis"",""source_refs"":[]}],""event"":{""rubrik"":""Överklagande eller inhibition av ett överklagbart beslut i anmälningsärendet förskjuter starten""},""effects"":[{""text"":""Överinstansen får besluta om inhibition enligt 48 § förvaltningslagen när ett överklagat beslut annars kan verkställas."",""basis"":""source"",""source_refs"":[""FL"",""COURT_APPEAL""]},{""text"":""Den aktuella vattenrisken kan leda till kostnader för stillastående entreprenad."",""basis"":""analysis"",""source_refs"":[]},{""text"":""Projektet kan förbli osäkert på om åtgärden överhuvudtaget får genomföras."",""basis"":""analysis"",""source_refs"":[]},{""text"":""Påbörjade arbeten kan behöva stoppas medan beslutets verkställbarhet prövas."",""basis"":""analysis"",""source_refs"":[]}]}"
R-B40-N180-02,B40-N180,B40 – Vattenverksamhet,Uppfyll startvillkor och hantera överklagande,Start sker före negativt BMP-beslut eller särskilt startdatum,Rättslig osäkerhet,Sökande & ansökan,En anmälningspliktig vattenverksamhet får enligt 22 e § FVV påbörjas först efter att tillsynsmyndigheten beslutat att den inte kan antas medföra betydande miljöpåverkan. Myndigheten får enligt 22 f § bestämma ett senare startdatum. Det finns ingen allmän bestämmelse i FVV om att en äldre anmälan automatiskt förfaller. Om projektet eller förhållandena ändras väsentligt kan det däremot krävas ett uppdaterat underlag eller en ny anmälan.,Startspärren för en anmäld vattenverksamhet följer av 22 e–f §§ förordningen om vattenverksamheter. När verksamheten får påbörjas behöver bedömas utifrån dessa bestämmelser och det beslut som har meddelats i det enskilda ärendet.,B40-N180 och B40-ENDN samt starten av byggberedskap i B70.,Lägg det negativa BMP-beslutet och varje särskilt startdatum som formella spärrar i tidplanen. Vid längre uppskov eller ändrad åtgärd ska aktualiteten bedömas med tillsynsmyndigheten och dokumenteras.,FVV | MB,S0_current_2026,"{""causes"":[{""text"":""Startspärren för en anmäld vattenverksamhet följer av 22 e–f §§ förordningen om vattenverksamheter."",""basis"":""source"",""source_refs"":[""FVV""]},{""text"":""Arbetet påbörjas innan den lagstadgade startspärren har löpt ut eller efter att anmälans aktualitet har blivit osäker."",""basis"":""analysis"",""source_refs"":[]},{""text"":""Projektet beställer entreprenad innan startspärrar, överklaganden och parallella beslut har kontrollerats samlat."",""basis"":""analysis"",""source_refs"":[]},{""text"":""Den anmälda utformningen ändras efter myndighetens ställningstagande men före byggstart."",""basis"":""analysis"",""source_refs"":[]}],""event"":{""rubrik"":""Start sker före negativt BMP-beslut eller särskilt startdatum""},""effects"":[{""text"":""När verksamheten får påbörjas behöver bedömas utifrån dessa bestämmelser och det beslut som har meddelats i det enskilda ärendet."",""basis"":""source"",""source_refs"":[""FVV""]},{""text"":""Tillsynsmyndigheten kan inleda ett tillsynsärende om åtgärden genomförs på fel rättslig grund."",""basis"":""analysis"",""source_refs"":[]},{""text"":""Den aktuella vattenrisken kan leda till ett möjligt vite."",""basis"":""analysis"",""source_refs"":[]},{""text"":""Projektet kan möta krav på förnyad anmälan med förnyad väntetid."",""basis"":""analysis"",""source_refs"":[]}]}"
R-B40-N180-03,B40-N180,B40 – Vattenverksamhet,Uppfyll startvillkor och hantera överklagande,Parallella beslut och rättigheter är inte synkade vid start,Sektorssamordning,Sökande & ansökan,"Startvillkorsnoden samlar alla parallella krav: negativ BMP, 23 §-utfall, tidskrav, försiktighetsmått, rättigheter och parallella beslut. Ett vanligt misslyckande är att anmälningsspåret löper färdigt snabbt medan sektorsspåren (strandskydd, artskydd, ledningsrätt) hänger efter. Startar projektet med bara anmälningsbeslutet i hand begås samma misstag som i undantagsspåret – arbeten som är olagliga trots att vattenspåret är avslutat. Koordinationen kräver en samlad startspärr, inte bara en färdig anmälan.","Byggstart kräver en samlad kontroll av att nödvändiga tillstånd, dispenser, planer och rättigheter är verkställbara och tidsmässigt samordnade.",B40-N180 och B40-ENDN samt B40-060 (matrisen) i efterhand.,Upprätta en samlad startspärrlista där varje parallellt beslut och varje rättighet bockas av med lagakraftstatus innan entreprenören får startbesked.,FVV | MB | STRAND | ARTSKYDD,S0_current_2026,"{""causes"":[{""text"":""Byggstart kräver en samlad kontroll av att nödvändiga tillstånd, dispenser, planer och rättigheter är verkställbara och tidsmässigt samordnade."",""basis"":""source"",""source_refs"":[""FVV""]},{""text"":""Anmälningsbeslutet är klart men strandskyddsdispens, rättighetsavtal eller andra sektorsbeslut saknas eller är överklagade."",""basis"":""analysis"",""source_refs"":[]},{""text"":""Projektet beställer entreprenad innan startspärrar, överklaganden och parallella beslut har kontrollerats samlat."",""basis"":""analysis"",""source_refs"":[]},{""text"":""Den anmälda utformningen ändras efter myndighetens ställningstagande men före byggstart."",""basis"":""analysis"",""source_refs"":[]}],""event"":{""rubrik"":""Parallella beslut och rättigheter är inte synkade vid start""},""effects"":[{""text"":""En åtgärd inom strandskyddsområde kräver dispens om inget tillämpligt undantag från strandskyddsreglerna finns."",""basis"":""source"",""source_refs"":[""MB"",""STRAND""]},{""text"":""De påbörjade arbetena kan bedömas som otillåtna och bli föremål för tillsyn."",""basis"":""analysis"",""source_refs"":[]},{""text"":""Tillsynsmyndigheten kan kräva att den otillåtna påverkan återställs i ärendet vid processteget ”Uppfyll startvillkor och hantera överklagande”."",""basis"":""analysis"",""source_refs"":[]},{""text"":""Anmälningsärendets fortsatta handläggning och projektets planerade start kan fördröjas i ärendet vid processteget ”Uppfyll startvillkor och hantera överklagande”."",""basis"":""analysis"",""source_refs"":[]}]}"
R-B40-P100-01,B40-P100,B40 – Vattenverksamhet,Verifiera specifik miljöbedömning eller förenklat underlag,B20:s miljöunderlag är föråldrat eller fel avgränsat för vattenfrågorna,Underlagsbrist & data,Sökande & ansökan,"B20:s generella miljöunderlag täcker inte nödvändigtvis vattenverksamhetens specifika frågor, exempelvis påverkan på vattenförhållanden, brunnar, fiske samt allmänna och enskilda intressen. Om artdata, hydrologiska serier eller andra förutsättningar har förändrats behöver aktualiteten bedömas. Om underlaget inte är aktuellt eller tillräckligt för vattenverksamheten kan MMD begära komplettering.","6 kap. MB kräver att miljökonsekvensbeskrivningen är anpassad till den verksamhet och de effekter som ska prövas. Kravet på skriftligt avgränsningsbesked i 6 kap. 32 a § MB, i lydelse enligt SFS 2026:400, gör det dessutom viktigt att kunna spåra hur MKB:n förhåller sig till avgränsningen. Ett inaktuellt eller generiskt underlag kan därför behöva kompletteras.",B40-P100 och B40-P110; brister följer med till B40-P120 och MMD:s prövning.,"Gör en gap-analys av B20-underlaget mot vattenrättens krav innan det återanvänds. Förnya kritiska data (grundvatten, arter, recipients) om underlaget är mer än ett par år gammalt.",MB | SFS2026_400 | NV_EIA,S0_current_2026,"{""causes"":[{""text"":""6 kap. MB kräver att miljökonsekvensbeskrivningen är anpassad till den verksamhet och de effekter som ska prövas."",""basis"":""source"",""source_refs"":[""MB""]},{""text"":""Tillståndsvägen återanvänder B20:s miljöbedömning, men den gjordes innan åtgärdens vattenpåverkan var känd eller med en avgränsning som inte täcker hydrologiska effekter."",""basis"":""analysis"",""source_refs"":[]},{""text"":""Miljöbedömningen färdigställs innan den slutliga vattenpåverkan eller ansökans avgränsning är känd."",""basis"":""analysis"",""source_refs"":[]},{""text"":""B20-underlaget beskriver verksamhetens miljöeffekter men saknar den hydrologiska detaljnivå som vattenmålet kräver."",""basis"":""analysis"",""source_refs"":[]}],""event"":{""rubrik"":""B20:s miljöunderlag är föråldrat eller fel avgränsat för vattenfrågorna""},""effects"":[{""text"":""Ett inaktuellt eller generiskt underlag kan därför behöva kompletteras."",""basis"":""source"",""source_refs"":[""MB""]},{""text"":""Ansökan eller anmälan kan behöva kompletteras innan prövningen kan fortsätta i ärendet vid processteget ”Verifiera specifik miljöbedömning eller förenklat underlag”."",""basis"":""analysis"",""source_refs"":[]},{""text"":""Den aktuella vattenrisken kan leda till projektspecifik fördröjning."",""basis"":""analysis"",""source_refs"":[]},{""text"":""Den aktuella vattenrisken kan leda till en svagare bevisposition i de frågor som underlaget inte täcker."",""basis"":""analysis"",""source_refs"":[]}]}"
R-B40-P100-02,B40-P100,B40 – Vattenverksamhet,Verifiera specifik miljöbedömning eller förenklat underlag,Nya 2026-regler om skriftlig MKB-avgränsning tillämpas fel,Politisk & policyrisk,Extern & omvärld,"SFS 2026:400 inför skyldighet för länsstyrelsen att vid avgränsningssamråd skriftligt redovisa bedömningen av MKB:ns innehåll, särskilt för förnybar energi men med systemeffekter för alla specifika miljöbedömningar. Övergångsfrågorna är delvis otydliga: pågående projekt kan behöva komplettera dokumentationen retroaktivt, och praxis för vad en tillräcklig skriftlig avgränsning är finns ännu inte. Felaktig tillämpning kan ge motparter en formell angreppspunkt mot MKB:n i domstolsprövningen.",Lag (2026:400) inför 6 kap. 32 a § miljöbalken om skriftlig redovisning vid avgränsningssamråd. När en ny bestämmelse börjar tillämpas behöver projektet följa hur myndigheternas rutiner och rättstillämpningen utvecklas.,B40-P100 och B40-P110 samt indirekt MMD-prövningen efter B40-P120.,"Dokumentera avgränsningssamrådet skriftligt även för äldre projekt, följ länsstyrelsens nya rutiner och begär skriftlig avgränsningsredovisning där samråd sker efter ikraftträdandet.",SFS2026_400 | MB | EXT: Miljöbalk (1998:808) aktuell lydelse https://www.riksdagen.se/sv/dokument-och-lagar/dokument/svensk-forfattningssamling/miljobalk-1998808_sfs-1998-808/,S0_current_2026,"{""causes"":[{""text"":""Lag (2026:400) inför 6 kap. 32 a § miljöbalken om skriftlig redovisning vid avgränsningssamråd."",""basis"":""source"",""source_refs"":[""SFS2026_400"",""MB""]},{""text"":""Ett projekt som inleddes före regeländringen saknar skriftlig dokumentation av det tidigare avgränsningssamrådet."",""basis"":""analysis"",""source_refs"":[]},{""text"":""Dokumentationen finns endast i spridda mötesanteckningar och visar inte vilka synpunkter som påverkade den slutliga avgränsningen."",""basis"":""analysis"",""source_refs"":[]},{""text"":""Projektet tillämpar fel ikraftträdande- eller övergångsregel på den aktuella ansökan."",""basis"":""analysis"",""source_refs"":[]}],""event"":{""rubrik"":""Nya 2026-regler om skriftlig MKB-avgränsning tillämpas fel""},""effects"":[{""text"":""Tillämpliga ärenden måste uppfylla kravet på skriftlig avgränsningsredovisning i 6 kap. 32 a § miljöbalken."",""basis"":""source"",""source_refs"":[""SFS2026_400"",""MB""]},{""text"":""Den aktuella vattenrisken kan leda till formella invändningar mot MKB:n."",""basis"":""analysis"",""source_refs"":[]},{""text"":""Ansökan eller anmälan kan behöva kompletteras innan prövningen kan fortsätta i ärendet vid processteget ”Verifiera specifik miljöbedömning eller förenklat underlag”."",""basis"":""analysis"",""source_refs"":[]},{""text"":""Projektet kan behöva hantera osäkerhet om vilket regelverk som ska tillämpas."",""basis"":""analysis"",""source_refs"":[]}]}"
R-B40-P110-01,B40-P110,B40 – Vattenverksamhet,Färdigställ vattenansökan,Oprecist yrkande försvårar eller fäller ansökan,Teknisk komplexitet,Sökande & ansökan,Ansökan ska precisera de sökta arbetena och driften samt innehålla relevanta kontrollförslag. Arbetstiden bestäms i tillståndsdomen enligt 22 kap. 25 § MB.,"Ansökans innehåll regleras i 22 kap. 1 och 1 a §§ miljöbalken samt, för vissa vattenmål, 7 kap. 4 § lagen med särskilda bestämmelser om vattenverksamhet. Förslag till övervakning och kontroll hör till ansökan enligt 22 kap. 1 § 5. Arbetstiden för vattenarbetena bestäms i tillståndsdomen enligt 22 kap. 25 § andra stycket miljöbalken.",B40-P110 och B40-P120 samt den slutliga domens användbarhet i B70.,"Låt jurist och tekniker formulera yrkandet gemensamt, med exakta nivåer, flöden, mått och tidsgränser. Kontrollera att yrkandet täcker hela det avgränsade prövningsobjektet från B40-010.",MB | LVV | COURT_WV | EXT: Miljösamverkan Sverige – Handläggarstöd domstolsprövning vattenverksamheter https://www.miljosamverkansverige.se/wp-content/uploads/handlaggarstod-domstolsprovning-vattenverksamheter.pdf,S0_current_2026,"{""causes"":[{""text"":""Ansökans innehåll regleras i 22 kap. 1 och 1 a §§ miljöbalken samt, för vissa vattenmål, 7 kap. 4 § lagen med särskilda bestämmelser om vattenverksamhet."",""basis"":""source"",""source_refs"":[""LVV"",""MB""]},{""text"":""Yrkandet beskriver åtgärden vagt ('dammbyggnad och reglering') utan exakta mått, nivåer, flöden och tidsgränser, eller omfattar inte hela avgränsade prövningsobjektet."",""basis"":""analysis"",""source_refs"":[]},{""text"":""Yrkanden, kartor och tekniska beskrivningar anger olika omfattning eller olika versioner av åtgärden."",""basis"":""analysis"",""source_refs"":[]},{""text"":""Ansökan utelämnar nivåer, flöden, arbetstid eller andra parametrar som behövs för ett verkställbart avgörande."",""basis"":""analysis"",""source_refs"":[]}],""event"":{""rubrik"":""Oprecist yrkande försvårar eller fäller ansökan""},""effects"":[{""text"":""Domstolen kan förelägga sökanden att komplettera en vattenansökan som inte uppfyller innehållskraven."",""basis"":""source"",""source_refs"":[""MB"",""COURT_WV""]},{""text"":""Ansökan eller anmälan kan behöva kompletteras innan prövningen kan fortsätta i ärendet vid processteget ”Färdigställ vattenansökan”."",""basis"":""analysis"",""source_refs"":[]},{""text"":""Den aktuella vattenrisken kan leda till förskjuten huvudförhandling eller en dom som inte täcker hela behovet."",""basis"":""analysis"",""source_refs"":[]},{""text"":""Projektet kan behöva lämna in en ny ändringsansökan."",""basis"":""analysis"",""source_refs"":[]}]}"
R-B40-P110-02,B40-P110,B40 – Vattenverksamhet,Färdigställ vattenansökan,Ersättnings- och sakägaravsnitt provocerar fram motstånd,Samråd & motstånd,Extern & omvärld,"Till skillnad från anmälan exponerar vattenansökan hela rättighets- och ersättningsbilden: vilka fastigheter som berörs, vilka skador som kan uppstå och vilken ersättning som erbjuds. Det är i detta steg som latent motstånd ofta aktiveras – grannar, fiskerättsinnehavare och samfälligheter får för första gången konkret besked om påverkan. En ansökan som bagatelliserar skador eller ersättningar skapar skarpa motparter som driver processen mot huvudförhandling och överklagande. Väl hanterat kan ersättningsavsnittet i stället användas för att bygga acceptans.","MÖD 2019:12, mål M 4651-18, gällde omprövning av en markavvattningssamfällighet. MÖD ändrade både den ersättning Trafikverket skulle betala för att inte behöva delta i dikningsföretaget och den underhållsskyldighet som underinstansen hade bestämt. Exemplet visar att ekonomiska anspråk och deltagandefrågor kan vara materiella delar av prövningen.",B40-P110 och MMD-processen efter B40-P120; överklaganderisken påverkar hela nedströms flödet mot B70.,"Förhandla ersättningsfrågor före ansökan där det är möjligt, presentera påverkan ärligt med planerade kompensationsåtgärder och använd sakkunnigvärdering som underlag.","MB | LVV | EXT: MÖD 2019:12, mål M 4651-18 https://www.domstol.se/mark--och-miljooverdomstolen/mark--och-miljooverdomstolens-avgoranden/2019/65481/",S0_current_2026,"{""causes"":[{""text"":""MÖD 2019:12, mål M 4651-18, gällde omprövning av en markavvattningssamfällighet."",""basis"":""source"",""source_refs"":[""EXT: MÖD 2019:12, mål M 4651-18 https://www.domstol.se/mark--och-miljooverdomstolen/mark--och-miljooverdomstolens-avgoranden/2019/65481/""]},{""text"":""Ansökan måste redovisa berörda fastigheter och ersättningsfrågor, och sakägare som ser sina intressen beskrivna mobiliserar invändningar."",""basis"":""analysis"",""source_refs"":[]},{""text"":""Sakägarförteckningen gör tidigare okända intrång och ersättningsanspråk synliga för de berörda."",""basis"":""analysis"",""source_refs"":[]},{""text"":""Projektets ersättningsmodell värderar nytta, skada eller underhållsansvar annorlunda än sakägarna."",""basis"":""analysis"",""source_refs"":[]}],""event"":{""rubrik"":""Ersättnings- och sakägaravsnitt provocerar fram motstånd""},""effects"":[{""text"":""MÖD 2019:12 visar att ekonomiska anspråk och deltagandefrågor kan vara materiella delar av prövningen."",""basis"":""source"",""source_refs"":[""LVV"",""EXT: MÖD 2019:12, mål M 4651-18 https://www.domstol.se/mark--och-miljooverdomstolen/mark--och-miljooverdomstolens-avgoranden/2019/65481/""]},{""text"":""Den aktuella vattenrisken kan leda till förlängd domstolsprocess."",""basis"":""analysis"",""source_refs"":[]},{""text"":""Den aktuella vattenrisken kan leda till fördyrad ersättningsbild."",""basis"":""analysis"",""source_refs"":[]},{""text"":""Den aktuella vattenrisken kan leda till ökad risk för överklagande av domen."",""basis"":""analysis"",""source_refs"":[]}]}"
R-B40-P110-03,B40-P110,B40 – Vattenverksamhet,Färdigställ vattenansökan,Kollision med pågående vattenkraftsomprövning i samma vattensystem,Sektorssamordning,Myndighet & prövning,"Sedan 2019 pågår en nationell omprövning av vattenkraftens miljötillstånd i en 20-årsperiod, där MMD ändrar vattenföring, regleringsgränser och miljövillkor för hela älvar. Ett projekt i samma vattensystem – t.ex. ett utskov, en vattentäkt eller en bro – kan få sina hydrologiska förutsättningar ändrade av omprövningen, och domstolen kan vilja avvakta eller samordna. Ansökan som inte tar höjd för detta riskerar att prövas mot förhållanden som snart ändras, med en dom som blir inaktuell eller som måste omprövas.","Den nationella planen för moderna miljövillkor och 11 kap. 27 § miljöbalken omfattar de vattenkraftsverksamheter som faller inom reglernas tillämpningsområde. En omprövning kan påverka flera verksamhetsutövare och intressen i samma avrinningsområde, vilket Energimyndighetens och SEI:s analyser belyser.",B40-P110 och B40-P120 samt villkorsbilden för hela projektets livslängd.,Kontrollera om vattendraget omfattas av den nationella planen och pågående omprövningsmål. Dimensionera åtgärden för förväntade framtida vattenföringsvillkor.,MB | EXT: Energimyndigheten – Tillstånd för vattenkraft https://www.energimyndigheten.se/energisystem-och-analys/tillstand-och-provning/tillstandsprocesser/tillstand-for-vattenkraft/ | EXT: SEI – Sames vattenkraft https://www.sei.org/wp-content/uploads/2022/05/entrugo-samers-vattenkraft-sei2022.015.pdf,S0_current_2026,"{""causes"":[{""text"":""Den nationella planen för moderna miljövillkor och 11 kap. 27 § miljöbalken omfattar de vattenkraftsverksamheter som faller inom reglernas tillämpningsområde."",""basis"":""source"",""source_refs"":[""MB""]},{""text"":""Ansökan berör ett vattensystem där vattenkraftens miljötillstånd samtidigt omprövas, och villkoren för det egna projektet hänger på omprövningens utfall."",""basis"":""analysis"",""source_refs"":[]},{""text"":""Det egna vattenmålet och vattenkraftsomprövningen handläggs samtidigt med beroende frågor i samma vattensystem."",""basis"":""analysis"",""source_refs"":[]},{""text"":""Förutsättningarna för flöde eller reglering ändras efter att det egna projektets underlag har färdigställts."",""basis"":""analysis"",""source_refs"":[]}],""event"":{""rubrik"":""Kollision med pågående vattenkraftsomprövning i samma vattensystem""},""effects"":[{""text"":""En omprövning kan påverka flera verksamhetsutövare och intressen i samma avrinningsområde."",""basis"":""source"",""source_refs"":[""MB""]},{""text"":""Den aktuella vattenrisken kan leda till avvaktan eller samordning i domstolen."",""basis"":""analysis"",""source_refs"":[]},{""text"":""Domstolsprövningen och projektets planerade genomförande kan fördröjas."",""basis"":""analysis"",""source_refs"":[]},{""text"":""Ett senare utfall i vattenkraftsomprövningen kan göra det egna tillståndets flödes- eller regleringsvillkor praktiskt mindre användbara."",""basis"":""analysis"",""source_refs"":[]}]}"
R-B40-P120-01,B40-P120,B40 – Vattenverksamhet,Ge in ansökan till MMD och betala avgift,Handläggningstiden i vattenmål påverkar projektets tidplan,Myndighetskapacitet & handläggning,Myndighet & prövning,Naturvårdsverkets statistik för 2024 anger en median på 356 dagar från ansökan till första avgörande för 193 första avgöranden i tillståndsmål om vattenverksamhet. För den population vattenverksamhetsmål som nådde ett slutligt avgörande i överinstans under 2024 var medianen 1 004 dagar från ansökan i första instans till lagakraftvunnet avgörande. Siffrorna beskriver dessa populationer och visar inte i sig orsaken till handläggningstiden i ett enskilt mål.,Naturvårdsverkets statistik för 2024 omfattar 193 första avgöranden i tillståndsmål om vattenverksamhet och anger en median på 356 dagar från ansökan till första avgörande. För vattenverksamhetsmål som fick ett slutligt avgörande i överinstans under 2024 var medianen 1 004 dagar från ansökan i första instans till lagakraftvunnet avgörande. Medianerna avser de mål som ingår i respektive redovisad population.,B40-P120 och hela tillståndsspåret fram till laga kraft; byggberedskapet i B70 förskjuts.,"Planera med realistiska ledtider från Naturvårdsverkets statistik, lämna fullständiga ansökningar för att undvika kompletteringsköer och följ upp ärendet aktivt hos domstolen.",COURT_WV | EXT: Naturvårdsverket – Samlad statistik om miljöprövning för år 2024 https://www.naturvardsverket.se/49e4ea/globalassets/vagledning/miljobalken/miljoprovning/samlad-statistik-om-miljoprovning-for-ar-2024.pdf,S0_current_2026 | S1_no_actor_change,"{""causes"":[{""text"":""Naturvårdsverkets statistik för 2024 omfattar 193 första avgöranden i tillståndsmål om vattenverksamhet och anger en median på 356 dagar från ansökan till första avgörande."",""basis"":""source"",""source_refs"":[""EXT: Naturvårdsverket – Samlad statistik om miljöprövning för år 2024 https://www.naturvardsverket.se/49e4ea/globalassets/vagledning/miljobalken/miljoprovning/samlad-statistik-om-miljoprovning-for-ar-2024.pdf""]},{""text"":""Domstolsprövningen och en eventuell överprövning tar längre tid än projektets planerade ledtid."",""basis"":""analysis"",""source_refs"":[]},{""text"":""Domstolens arbetsbelastning är hög när ansökan kommer in."",""basis"":""analysis"",""source_refs"":[]},{""text"":""Omfattande kompletteringar eller överprövning gör att projektets ursprungliga ledtidsantagande inte håller."",""basis"":""analysis"",""source_refs"":[]}],""event"":{""rubrik"":""Handläggningstiden i vattenmål påverkar projektets tidplan""},""effects"":[{""text"":""För vattenverksamhetsmål som fick ett slutligt avgörande i överinstans under 2024 var medianen 1 004 dagar från ansökan i första instans till lagakraftvunnet avgörande."",""basis"":""source"",""source_refs"":[""EXT: Naturvårdsverket – Samlad statistik om miljöprövning för år 2024 https://www.naturvardsverket.se/49e4ea/globalassets/vagledning/miljobalken/miljoprovning/samlad-statistik-om-miljoprovning-for-ar-2024.pdf""]},{""text"":""Domstolsprövningen och projektets planerade genomförande kan fördröjas."",""basis"":""analysis"",""source_refs"":[]},{""text"":""Projektets kapital kan förbli bundet medan den vattenrättsliga prövningen pågår."",""basis"":""analysis"",""source_refs"":[]},{""text"":""Marknads- eller finansieringsförutsättningarna kan ändras under processen."",""basis"":""analysis"",""source_refs"":[]}]}"
R-B40-P120-02,B40-P120,B40 – Vattenverksamhet,Ge in ansökan till MMD och betala avgift,Avgiftstvist eller underbetalning stoppar handläggningsstarten,Myndighetskapacitet & handläggning,Myndighet & prövning,"Handläggningen av vattenmål startar inte förrän avgiften är fastställd och betald. Avgiften kan vara betydande för stora vattenverksamheter, och osäkerhet om avgiftsgrund eller interna budgetprocesser hos sökanden kan fördröja starten utan att någon märker det – ärendet ligger still trots att projektet tror att klockan tickar. Avgiftsfrågan kan också bli tvistig om domstolen bedömer målet som mer omfattande än sökanden.",Sveriges Domstolars information om ansökan om vattenverksamhet beskriver att en ansökningsavgift tas ut enligt den tillämpliga avgiftsordningen. Om en begärd avgift eller komplettering inte hanteras kan handläggningen fördröjas och ansökans fortsatta behandling påverkas enligt de regler som gäller.,B40-P120 och hela den fortsatta domstolsprocessen.,"Budgetera avgiften tidigt, betala omedelbart vid fastställelse och bekräfta skriftligt att handläggningen påbörjats.",COURT_WV | MB,S0_current_2026 | S1_no_actor_change,"{""causes"":[{""text"":""Sveriges Domstolars information om ansökan om vattenverksamhet beskriver att en ansökningsavgift tas ut enligt den tillämpliga avgiftsordningen."",""basis"":""source"",""source_refs"":[""COURT_WV""]},{""text"":""Domstolens fastställda ansökningsavgift är högre än projektet budgeterat, eller betalningen dröjer, så att handläggningen inte formellt påbörjas."",""basis"":""analysis"",""source_refs"":[]},{""text"":""Ansökningsavgiften har budgeterats efter fel måltyp eller omfattning."",""basis"":""analysis"",""source_refs"":[]},{""text"":""Betalningen, betalningsreferensen eller hanteringen av domstolens avgiftsbesked fördröjs administrativt."",""basis"":""analysis"",""source_refs"":[]}],""event"":{""rubrik"":""Avgiftstvist eller underbetalning stoppar handläggningsstarten""},""effects"":[{""text"":""Om en begärd avgift eller komplettering inte hanteras kan handläggningen fördröjas och ansökans fortsatta behandling påverkas enligt de regler som gäller."",""basis"":""source"",""source_refs"":[""COURT_WV""]},{""text"":""Kapital och entreprenadresurser kan bindas medan ansökan ännu inte är materiellt prövad."",""basis"":""analysis"",""source_refs"":[]},{""text"":""Projektets tidplan och resursbehov kan behöva omprövas i ärendet vid processteget ”Ge in ansökan till MMD och betala avgift”."",""basis"":""analysis"",""source_refs"":[]}]}"
R-B40-P120-03,B40-P120,B40 – Vattenverksamhet,Ge in ansökan till MMD och betala avgift,Behörighets- och kungörelsefel ger återförvisning efter överklagande,Överklagande & rättsprocess,Myndighet & prövning,"Ett väsentligt behörighets-, kungörelse- eller underrättelsefel kan behöva rättas och kan, beroende på felets betydelse, leda till återförvisning eller annan kompletterad handläggning.",Korrekt kungörelse och underrättelse är en förutsättning för att berörda ska kunna delta i vattenmålet. Ett väsentligt fel kan leda till kompletterad handläggning eller återförvisning. Miljösamverkan Sveriges handläggarstöd beskriver de moment som behöver genomföras.,B40-P120 och förnyad handläggning med påverkan på alla nedströms steg mot B70.,"Verifiera behörig domstol mot lagen om mark- och miljödomstolar, granska kungörelsen mot sakägarförteckningen och protestera själv tidigt om fel upptäcks.",MMDL | COURT_WV | COURT_APPEAL | EXT: Miljösamverkan Sverige – Handläggarstöd domstolsprövning vattenverksamheter https://www.miljosamverkansverige.se/wp-content/uploads/handlaggarstod-domstolsprovning-vattenverksamheter.pdf,S0_current_2026 | S1_no_actor_change,"{""causes"":[{""text"":""Korrekt kungörelse och underrättelse är en förutsättning för att berörda ska kunna delta i vattenmålet."",""basis"":""source"",""source_refs"":[""MMDL""]},{""text"":""Ansökan registreras vid fel domstol, eller kungörandet når inte alla särskilt berörda, vilket motparter driver i överinstansen."",""basis"":""analysis"",""source_refs"":[]},{""text"":""Ansökan lämnas till fel behörig mark- och miljödomstol."",""basis"":""analysis"",""source_refs"":[]},{""text"":""Kungörelse- eller underrättelseunderlaget omfattar inte samtliga särskilt berörda."",""basis"":""analysis"",""source_refs"":[]}],""event"":{""rubrik"":""Behörighets- och kungörelsefel ger återförvisning efter överklagande""},""effects"":[{""text"":""Ett väsentligt fel kan leda till kompletterad handläggning eller återförvisning."",""basis"":""source"",""source_refs"":[""MMDL""]},{""text"":""Den aktuella vattenrisken kan leda till återförvisning eller kompletterad handläggning med en längre och dyrare process för parterna."",""basis"":""analysis"",""source_refs"":[]},{""text"":""Kapital och entreprenadresurser kan bindas medan ansökan ännu inte är materiellt prövad."",""basis"":""analysis"",""source_refs"":[]},{""text"":""Projektets tidplan och resursbehov kan behöva omprövas i ärendet vid processteget ”Ge in ansökan till MMD och betala avgift”."",""basis"":""analysis"",""source_refs"":[]}]}"
R-B40-START-01,B40-START,B40 – Vattenverksamhet,Vattenåtgärd initierad,Vattenpåverkan upptäcks för sent i genomförandekonceptet,Underlagsbrist & data,Sökande & ansökan,"När åtgärden initieras handlar fokus ofta om teknik och markåtkomst, inte om att även mindre ingrepp i vatten kan utlösa tillståndsplikt eller anmälningsplikt enligt 11 kap. miljöbalken. Om grundvattenbortledning, tillfälliga sänkningar eller arbete i vattenområde inte identifieras i detta läge byggs projektets tidplan på antagandet att inget vattenrättsligt spår behövs. Upptäcks påverkan först i samband med bygglov eller upphandling måste hela spårvalet göras om. Kostnader för redan beställda utredningar och projektering kan behöva kasseras. Åtgärden blir då också utsatt för tillsynsrisk om arbeten hunnit påbörjas.","11 kap. 3 § miljöbalken definierar flera typer av vattenverksamhet, bland annat arbete i vattenområde och bortledande av grundvatten. Om en sådan åtgärd identifieras först efter att projektets huvudspår har planerats kan ett separat tillstånds- eller anmälningsärende och kompletterande underlag behövas.","Noden själv och B40-010, med risk för återkoppling till B10/B20 om projektets omfattning ändras.","Gör en enkel vattenrättslig checklista redan vid initiering (vattenområde, grundvattennivå, diken, våtmarker). Involvera hydrogeolog tidigt och dokumentera screeningen som beslutsunderlag.",MB,S0_current_2026,"{""causes"":[{""text"":""11 kap. 3 § miljöbalken definierar flera typer av vattenverksamhet, bland annat arbete i vattenområde och bortledande av grundvatten."",""basis"":""source"",""source_refs"":[""MB""]},{""text"":""Projektets genomförandekoncept fastställs utan att någon vattenrättslig screening görs av grundvatten, diken, våtmarker eller vattenområden som berörs."",""basis"":""analysis"",""source_refs"":[]},{""text"":""Den vattenrättsliga screeningen genomförs först efter att projektets tekniska huvudkoncept har låsts."",""basis"":""analysis"",""source_refs"":[]},{""text"":""Grundvatten, diken, våtmarker och vattenområden saknar en gemensam ansvarig i den tidiga projekteringen."",""basis"":""analysis"",""source_refs"":[]}],""event"":{""rubrik"":""Vattenpåverkan upptäcks för sent i genomförandekonceptet""},""effects"":[{""text"":""Om en sådan åtgärd identifieras först efter att projektets huvudspår har planerats kan ett separat tillstånds- eller anmälningsärende och kompletterande underlag behövas."",""basis"":""source"",""source_refs"":[""MB""]},{""text"":""Den vattenrättsliga prövningen och projektets planerade genomförande kan fördröjas i ärendet vid processteget ”Vattenåtgärd initierad”."",""basis"":""analysis"",""source_refs"":[]},{""text"":""Den aktuella vattenrisken kan leda till merkostnad för kompletterande utredningar."",""basis"":""analysis"",""source_refs"":[]},{""text"":""Projektet kan behöva inleda ett anmälnings- eller tillståndsförfarande mitt i genomförandet."",""basis"":""analysis"",""source_refs"":[]}]}"
R-B50-E010-01,B50-E010,B50 – Tvärgående och sektorsspecifika spår,"Nätutredning, korridorstudier och miljöbedömning","Korridorvalet kolliderar med riksintressen, rennäring eller Natura 2000",Intressekonflikt & markåtkomst,Extern & omvärld,"Nätutredningen enligt ellagen ska behandla behov, teknik och alternativa sträckningar, och miljöbedömningen behöver göras medan relevanta alternativ fortfarande kan prövas. Om korridorsstudien är otillräcklig och motstående intressen upptäcks sent kan nätföretaget behöva utreda nya sträckningsalternativ, komplettera inventeringar eller genomföra ytterligare samråd. Ledningsprojektet kan också vara beroende av Natura 2000-prövning och markåtkomst.","Sträckningsvalet för en kraftledning måste bedömas mot bland annat lokaliseringsregeln i 2 kap. 6 § MB och, när skyddade områden berörs, tillämpliga Natura 2000- och artskyddskrav. Konflikter med rennäring eller skyddad natur kan därför kräva ytterligare alternativutredning eller en justerad sträckning.","B50-E010, nedströms B50-E020 (ansökan fördröjs eller måste göras om), samt korsvis B50-N010/B50-N020 i Natura-spåret och B50-G900.","Starta korridorstudierna med full GIS-konfliktanalys mot samtliga riksintressen, skyddade områden och renskötselområden innan en huvudsträckning förankras. Involvera länsstyrelsen, samebyar och berörda kommuner tidigt. Dokumentera alternativprövningen spårbart så att den håller vid både Ei:s prövning och överklagande.",MB | ELLAG | EI_GRID,S0_current_2026,"{""causes"":[{""text"":""Den studerade ledningskorridoren berör ett område med ett lagreglerat skydds- eller hushållningsintresse."",""basis"":""source"",""source_refs"":[""MB"",""ELLAG""]},{""text"":""Den tekniskt kortaste sträckningen sammanfaller med mark som används av rennäringen."",""basis"":""analysis"",""source_refs"":[]},{""text"":""Alternativa korridorer ger större kostnad eller sämre nätfunktion och har därför utretts för ytligt."",""basis"":""analysis"",""source_refs"":[]}],""event"":{""rubrik"":""Korridorvalet kolliderar med riksintressen, rennäring eller Natura 2000""},""effects"":[{""text"":""Koncessionsprövningen behöver beakta ledningens lokalisering och berörda allmänna intressen."",""basis"":""source"",""source_refs"":[""ELLAG"",""EI_GRID""]},{""text"":""Korridoren behöver flyttas eller utredas med fördjupade skyddsåtgärder."",""basis"":""analysis"",""source_refs"":[]},{""text"":""Nätbeslutet och projektets övriga tillstånd får en senare och mer osäker gemensam tidplan."",""basis"":""analysis"",""source_refs"":[]}]}"
R-B50-E010-02,B50-E010,B50 – Tvärgående och sektorsspecifika spår,"Nätutredning, korridorstudier och miljöbedömning",Anslutningskö och osäker framkomlighet underminerar nätutredningens antaganden,Sektorssamordning,Extern & omvärld,"En linjekoncession förutsätter ett påvisat behov: nya produktionsanläggningar, industrietableringar eller förstärkning av transmissionssystemet. I dagens läge är anslutningsköerna till stamnätet långa och flera stora industrisatsningar har skjutits upp eller dragits tillbaka. Om det underliggande behovet förändras under utredningstiden kan koncessionsansökans behovsgrund urholkas, och Ei kan ställa frågan om ledningen alls är lämplig ur allmän synpunkt. Nätföretaget riskerar då att ha investerat år av utredningsarbete i en ledning vars behov inte längre kan styrkas.","Behovsprövningen enligt 2 kap. ellagen bygger på det behov och de förutsättningar som kan visas i ärendet. Om anslutande industri- eller produktionsprojekt pausas, ändras eller faller bort kan behovsunderlaget för en planerad ledning behöva uppdateras.","B50-E010 och nedströms B50-E020–B50-E040 (behovsgrunden prövas av Ei och vid överklagande), samt B50-G900.",Förankra behovsunderlaget med skriftliga anslutningsbesked eller avtal med anslutande kunder. Bygg in scenarieanalys i nätutredningen (vad händer om anslutande produktion halveras eller försenas?) och håll löpande dialog med Svenska kraftnät om systemutvecklingsplanens status.,ELLAG | EI_GRID,S0_current_2026,"{""causes"":[{""text"":""Nätutredningen förutsätter en anslutningsvolym eller systemutveckling som ännu inte är beslutad eller genomförd."",""basis"":""source"",""source_refs"":[""ELLAG"",""EI_GRID""]},{""text"":""En planerad produktionsanläggning eller större kund senareläggs eller avbryts."",""basis"":""analysis"",""source_refs"":[]},{""text"":""Ett beroende ställverk eller en annan nätförstärkning får en annan utformning än prognosen."",""basis"":""analysis"",""source_refs"":[]}],""event"":{""rubrik"":""Anslutningskö och osäker framkomlighet underminerar nätutredningens antaganden""},""effects"":[{""text"":""Ledningens behov och lämplighet behöver fortfarande kunna visas i koncessionsprövningen."",""basis"":""source"",""source_refs"":[""ELLAG""]},{""text"":""Kapacitets-, sträcknings- och lönsamhetsantaganden behöver räknas om."",""basis"":""analysis"",""source_refs"":[]},{""text"":""Ansökan kan ändras eller återkallas och redan utförda utredningar förlora värde."",""basis"":""analysis"",""source_refs"":[]}]}"
R-B50-E020-01,B50-E020,B50 – Tvärgående och sektorsspecifika spår,Ansök om nätkoncession för linje,Ansökan bedöms som ofullständig och måste kompletteras innan sakprövningen går vidare,Underlagsbrist & data,Sökande & ansökan,"Ei ställer krav på att ansökan om nätkoncession ska innehålla miljöbeskrivning eller MKB, teknisk beskrivning av ledningen, uppgifter om berörda fastigheter och underlag om behov och alternativ. Om ansökan inte uppfyller Eis fullständighetskrav inleds en kompletteringsslinga innan ärendet ens kommer till remiss, vilket förskjuter hela koncessionsprocessen. För långa ledningar genom många fastigheter är sakägaravgränsningen i sig ett omfattande arbete där fel fastighetsbeteckningar eller saknade brukningsenheter ger omarbetning.",Energimarknadsinspektionens vägledning beskriver vilka uppgifter en ansökan om nätkoncession behöver innehålla. Om underlaget inte är komplett kan komplettering krävas innan sakprövningen går vidare.,"B50-E020, nedströms B50-E030 (remissen startar först vid komplett ärende) och därmed B50-E040, B50-E050 och B50-G900.",Använd Eis checklista och ansökningsvägledning vid sammanställningen och begär ett förhandsmöte med Ei innan inlämning. Verifiera fastighetsuppgifterna mot Lantmäteriets register i förväg. Kvalitetssäkra att MKB/förenklat underlag följer MBD:s krav redan i ansökningsversionen.,ELLAG | EI_GRID | MBD | FL,S0_current_2026,"{""causes"":[{""text"":""Koncessionsansökan saknar en miljöbedömning eller annan obligatorisk ansökningsuppgift."",""basis"":""source"",""source_refs"":[""ELLAG"",""MBD""]},{""text"":""Tekniska bilagor använder en annan ledningssträckning än miljöunderlaget."",""basis"":""analysis"",""source_refs"":[]},{""text"":""Sakägar- eller fastighetsförteckningen är ofullständig för den sökta korridoren."",""basis"":""analysis"",""source_refs"":[]}],""event"":{""rubrik"":""Ansökan bedöms som ofullständig och måste kompletteras innan sakprövningen går vidare""},""effects"":[{""text"":""Energimarknadsinspektionen behöver begära in tillräckligt underlag innan ansökan kan prövas."",""basis"":""source"",""source_refs"":[""ELLAG"",""EI_GRID""]},{""text"":""Koncessionsspårets sakberedning och beslut skjuts fram."",""basis"":""analysis"",""source_refs"":[]},{""text"":""Parallella miljö-, plan- och kulturmiljöspår kan behöva vänta eller uppdateras."",""basis"":""analysis"",""source_refs"":[]}]}"
R-B50-E030-01,B50-E030,B50 – Tvärgående och sektorsspecifika spår,"Komplettering, remiss och bemötande",Remissvaren kräver nya utredningar och omstart av materialet,Myndighetskapacitet & handläggning,Myndighet & prövning,"Ei remitterar koncessionsärendet till berörda myndigheter, kommuner, organisationer och sakägare. Remissvar kan aktualisera kompletteringar, exempelvis säsongsbundna artinventeringar, fördjupad alternativanalys eller en omarbetad MKB. Ett kompletterat underlag kan behöva kommuniceras på nytt, särskilt när ledningen berör flera län.","Förvaltningslagen, ellagen och de tillämpliga processreglerna kräver att ärendet utreds och att berörda får möjlighet att yttra sig. Ett omfattande remissvar eller ett nytt kompletteringskrav kan därför förlänga koncessionsärendet.","B50-E030, med återkoppling till B50-E020 (ansökan kan behöva byggas om) och nedströms B50-E040, B50-E050 och B50-G900.",Genomför informella förhandlingar med länsstyrelserna före remissen så att kravbilden är känd. Säkerställ att inventeringar täcker alla berörda län från start och att alternativanalysen redovisar förkastade sträckningar transparent. Planera säsongsberoende inventeringar med marginal så att kompletteringar inte kostar ett helt fältår.,ELLAG | EI_GRID,S0_current_2026,"{""causes"":[{""text"":""En remissinstans begär ytterligare utredning av en fråga som behövs för koncessionsprövningen."",""basis"":""source"",""source_refs"":[""ELLAG"",""EI_GRID""]},{""text"":""Remissvaret visar att alternativa sträckningar inte har jämförts på ett likvärdigt underlag."",""basis"":""analysis"",""source_refs"":[]},{""text"":""Nya uppgifter om kumulativ påverkan eller sakägare framkommer efter remissen."",""basis"":""analysis"",""source_refs"":[]}],""event"":{""rubrik"":""Remissvaren kräver nya utredningar och omstart av materialet""},""effects"":[{""text"":""Det nya underlaget behöver beredas och beaktas innan koncessionsärendet avgörs."",""basis"":""source"",""source_refs"":[""ELLAG"",""EI_GRID""]},{""text"":""Utrednings- och konsultkostnader ökar."",""basis"":""analysis"",""source_refs"":[]},{""text"":""Ledningens slutliga sträckning och villkor förblir osäkra längre."",""basis"":""analysis"",""source_refs"":[]}]}"
R-B50-E030-02,B50-E030,B50 – Tvärgående och sektorsspecifika spår,"Komplettering, remiss och bemötande",Sakägare nås inte – kännedomsprocessen haltar,Samråd & motstånd,Extern & omvärld,"Sakägare ska beredas tillfälle att yttra sig, och för en lång ledningsgata kan det röra sig om hundratals fastigheter, samfälligheter och renbeteslag. Felaktiga adresser, dödsbon, ägare bosatta utomlands och komplicerade samfällighetsförhållanden gör att kännedomen måste säkras med utdrag ur fastighetsregister, stämningar eller i sista hand kungörelseförfarande. Varje avbrott i kedjan ger Ei skäl att avvakta, och klagomål på bristande kännedom kan senare utgöra processrättslig grund i överklagande.","Sakägar- och underrättelsereglerna ska tillämpas på samtliga berörda i det enskilda ledningsärendet. Fel i hanteringen av delgivning, samfälligheter eller kännedom kan medföra komplettering eller att ett avgörande undanröjs.","B50-E030, nedströms B50-E040 (processfel kan återförvisa beslutet) och B50-E050 samt B50-G900.","Beställ aktuella fastighets- och samfällighetsutdrag tidigt, använd specialiserad delgivningshantering för svårnådda sakägare, och dokumentera varje kännedomsåtgärd. Överväg personliga informationsmöten längs sträckningen – de minskar både motstånd och senare överklaganden.",ELLAG | EI_GRID,S0_current_2026,"{""causes"":[{""text"":""En berörd fastighetsägare eller rättighetshavare kan inte nås genom den ordinarie handläggningen."",""basis"":""source"",""source_refs"":[""ELLAG"",""EI_GRID""]},{""text"":""Ägar- eller adressuppgifterna är inaktuella eller knutna till ett oskiftat dödsbo."",""basis"":""analysis"",""source_refs"":[]},{""text"":""Den sökta korridoren ändras utan att sakägarkretsen uppdateras."",""basis"":""analysis"",""source_refs"":[]}],""event"":{""rubrik"":""Sakägare nås inte – kännedomsprocessen haltar""},""effects"":[{""text"":""Ärendet behöver använda den delgivnings- eller underrättelseåtgärd som den tillämpliga processen kräver."",""basis"":""source"",""source_refs"":[""ELLAG""]},{""text"":""Beslutet senareläggs medan berörda identifieras och ges möjlighet att yttra sig."",""basis"":""analysis"",""source_refs"":[]},{""text"":""En utebliven kommunicering kan leda till att avgörandet angrips och återförvisas."",""basis"":""analysis"",""source_refs"":[]}]}"
R-B50-E040-01,B50-E040,B50 – Tvärgående och sektorsspecifika spår,Koncessionsbeslut och överklagande,Koncessionsbeslutet överklagas – lång överprövning hos regering eller domstol,Överklagande & rättsprocess,Extern & omvärld,"Ei:s beslut om nätkoncession överklagas enligt 13 kap. ellagen, beroende på beslutets art till allmän förvaltningsdomstol eller till regeringen, via Ei. En överklagad koncession vinner inte laga kraft förrän överprövningen är slutförd, och överprövningen kan omfatta både processfel och sakfrågan (lämplighet, sträckning, skyddsåtgärder). För samhällsviktiga ledningar finns ofta motstånd längs hela sträckningen, och även om överklagandena till slut ogillas binder de projektet under hela handläggningstiden.","Energimarknadsinspektionen meddelade den 6 december 2024 nätkoncession för 420 kV-ledningen Munga–Hamra. Beslutet överklagades, och regeringen avslog överklagandena den 4 juni 2026. Exemplet visar att ett koncessionsbeslut kan få en separat överklagandefas.","B50-E040, nedströms B50-E050 (ledningsrätt och byggstart kan inte slutföras före laga kraft) och B50-G900.","Bygg beslutsunderlaget så att det tål överprövning: motivera sträckningsvalet, bemöt varje remisskritik skriftligt och dokumentera alternativprövningen. Förbered överklagandeskedet parallellt med ansökan (svarsmodeller, juridiskt team) och kommunicera tidigt med sannolika klagogrupper för att avskilja och lösa enskilda sträckningskonflikter före beslut.",ELLAG | EI_GRID | EXT: Regeringens beslut KN2025/00130 om Munga–Hamra https://www.svk.se/49c69c/siteassets/2.utveckling-av-kraftsystemet/transmissionsnatet/utbyggnadsprojekt/munga-hamra/regeringsbeslut-koncession/kn2025-00130-overklagande-av-energimarknadsinspektionens-beslut-att-meddela-natkoncession-for-linje-for-en-420-kv-luftledning-fran-munga-till-hamra.pdf,S0_current_2026,"{""causes"":[{""text"":""Koncessionsbeslutet går en aktör med klagorätt emot i fråga om sträckning, intrång eller villkor."",""basis"":""source"",""source_refs"":[""ELLAG"",""EI_GRID""]},{""text"":""Markägare motsätter sig sträckningen eller intrångets omfattning."",""basis"":""analysis"",""source_refs"":[]},{""text"":""En kommun, myndighet eller organisation vill få andra skyddsvillkor eller ett annat lokaliseringsutfall."",""basis"":""analysis"",""source_refs"":[]}],""event"":{""rubrik"":""Koncessionsbeslutet överklagas – lång överprövning hos regering eller domstol""},""effects"":[{""text"":""Koncessionsbeslutet går vidare i den överklagandeordning som ellagen anger."",""basis"":""source"",""source_refs"":[""ELLAG""]},{""text"":""Anslutande verksamheter får osäkerhet om när ledningen kan byggas."",""basis"":""analysis"",""source_refs"":[]},{""text"":""Avgörandet kan ändras eller upphävas och ärendet kan behöva handläggas på nytt."",""basis"":""analysis"",""source_refs"":[]}]}"
R-B50-E040-02,B50-E040,B50 – Tvärgående och sektorsspecifika spår,Koncessionsbeslut och överklagande,Lämplighetsprövningen urholkas av förändrat behov eller ny politik,Politisk & policyrisk,Extern & omvärld,Koncessionsprövningen enligt 2 kap. ellagen omfattar ledningens lämplighet från allmän synpunkt. Om de faktiska förutsättningar som behovs- och lämplighetsbedömningen bygger på ändras under handläggningen kan underlaget behöva uppdateras och projektets utformning eller ansökan omprövas.,2 kap. ellagen reglerar nätkoncessionens prövning och villkor. Om de projektförutsättningar som behovsbedömningen bygger på ändras under handläggningen kan ansökan eller underlaget behöva justeras.,"B50-E040, uppströms B50-E010–B50-E030 (behovet kan behöva utredas om) och nedströms B50-E050 samt B50-G900.",Håll behovsunderlaget levande: uppdatera anslutningsavtal och prognoser under handläggningen och lämna kompletteringar proaktivt när förutsättningarna ändras. Följ lagstiftnings- och policyarbetet om elnätsutbyggnad och anpassa ansökningstidpunkten till regelverkets skick.,ELLAG | EI_GRID | EXT: Prop. 2020/21:188 Moderna tillståndsprocesser för elnät https://www.riksdagen.se/sv/dokument-och-lagar/dokument/proposition/moderna-tillstandsprocesser-for-elnat_h803188/,S0_current_2026,"{""causes"":[{""text"":""De faktiska förutsättningarna för ledningens behov eller lämplighet ändras under koncessionsprövningen."",""basis"":""source"",""source_refs"":[""ELLAG""]},{""text"":""Den produktion eller förbrukning som skulle anslutas genomförs inte enligt nätutredningen."",""basis"":""analysis"",""source_refs"":[]},{""text"":""Ett nytt regel- eller planeringsläge förändrar vilken nätlösning som framstår som motiverad."",""basis"":""analysis"",""source_refs"":[]}],""event"":{""rubrik"":""Lämplighetsprövningen urholkas av förändrat behov eller ny politik""},""effects"":[{""text"":""Koncessionsmyndigheten behöver pröva ansökan mot de krav på lämplighet som gäller vid avgörandet."",""basis"":""source"",""source_refs"":[""ELLAG""]},{""text"":""Behovsanalys, teknikval eller sträckning behöver kompletteras."",""basis"":""analysis"",""source_refs"":[]},{""text"":""Projektet kan begränsas, återkallas eller avslås och utredningskostnader gå förlorade."",""basis"":""analysis"",""source_refs"":[]}]}"
R-B50-E040-03,B50-E040,B50 – Tvärgående och sektorsspecifika spår,Koncessionsbeslut och överklagande,Villkor om skyddsåtgärder eller sträckning blir ogenomförbara i byggskedet,Teknisk komplexitet,Myndighet & prövning,"Ei kan förena koncessionen med villkor som väsentligt påverkar konstruktionen: partiell kabelläggning, omläggning av delsträckor, säsongsbegränsningar eller omfattande kompensationsåtgärder. Om villkoren inte prövats tekniskt under utredningen kan de i byggskedet kräva ny projektering, nya tillstånd (t.ex. vattenverksamhet för kabelgravar över vattendrag) eller ändringsansökan. Därmed uppstår en fördröjning efter det att koncessionen redan är vunnen.","Ellagen ger utrymme att förena en nätkoncession med villkor. Ett villkor om exempelvis sträckning, teknik eller skyddsåtgärd kan påverka kostnaden och kräva omprojektering i genomförandefasen.","B50-E040, nedströms B50-E050 (markåtkomst och ledningsrätt måste anpassas till villkoren), samt parallella spår B40 (vattenverksamhet) och B50-G900.",Låt konstruktörer granska tänkbara villkor redan i ansökningsskedet och lämna tekniska bilagor som visar genomförbarheten av både luftlednings- och kabelalternativ. Begär dialog med Ei om utkast till villkor före beslut och förbehåll möjligheten att precisera genomförandet i ledningsrättsskedet.,ELLAG | EI_GRID,S0_current_2026,"{""causes"":[{""text"":""Koncessionsbeslutet innehåller ett bindande villkor om sträckning eller skyddsåtgärd."",""basis"":""source"",""source_refs"":[""ELLAG""]},{""text"":""Detaljprojekteringen visar att den föreskrivna tekniken inte fungerar på platsen."",""basis"":""analysis"",""source_refs"":[]},{""text"":""Villkorets kostnad eller markbehov har underskattats i ansökan."",""basis"":""analysis"",""source_refs"":[]}],""event"":{""rubrik"":""Villkor om skyddsåtgärder eller sträckning blir ogenomförbara i byggskedet""},""effects"":[{""text"":""Ledningen måste byggas och drivas inom koncessionens räckvidd och villkor."",""basis"":""source"",""source_refs"":[""ELLAG""]},{""text"":""Byggstarten skjuts fram medan en genomförbar lösning tas fram."",""basis"":""analysis"",""source_refs"":[]},{""text"":""Koncessionen eller kompletterande beslut kan behöva ändras innan den nya lösningen används."",""basis"":""analysis"",""source_refs"":[]}]}"
R-B50-E050-01,B50-E050,B50 – Tvärgående och sektorsspecifika spår,Säkra markåtkomst och koncessionsgate,Ledningsrätt eller markupplåtelseavtal blir inte klart i tid – byggstart blockeras trots koncession,Intressekonflikt & markåtkomst,Extern & omvärld,"En nätkoncession ger inte i sig tillträde till all berörd mark. Nätföretaget behöver normalt frivilliga markupplåtelse- eller servitutsavtal eller ledningsrätt enligt ledningsrättslagen. Ledningsrättsförrättningen är en självständig process hos Lantmäteriet och förrättningsbeslut kan överklagas. Parallellt måste berörda dispenser, kulturmiljöbeslut och eventuella vattenbeslut vara klara för respektive delsträcka. Det finns inget rättsinstitut som heter traktat eller traktatförrättning i denna process.","Markåtkomst regleras genom avtal, jordabalkens servitutsregler och ledningsrättslagen. Enligt 2 kap. 44 § ellagen ska ledningen vara färdigställd inom fem år från det att nätkoncessionen fick laga kraft, om tiden inte har förlängts; det räcker inte att byggandet endast har påbörjats inom fem år.",B50-E050 och B50-G900; risken är direkt kopplad till byggberedskapen för hela ledningsprojektet och för anslutande verksamheter.,Starta avtalsförhandlingar parallellt med koncessionsprocessen och förbered ledningsrättsansökan för sträckor där frivillig upplåtelse inte kan nås. Skapa en sträckvis byggberedskapsmatris och bevaka femårsfristen för färdigställande samt möjligheten att ansöka om förlängning i tid.,ELLAG | LEDNINGSRATT | JB | EI_GRID,S0_current_2026,"{""causes"":[{""text"":""Frivilligt avtal om den mark som ledningen behöver kan inte träffas med en berörd ägare."",""basis"":""source"",""source_refs"":[""LEDNINGSRATT"",""JB""]},{""text"":""Parterna är oeniga om ersättning, sträckning eller villkor för tillträdet."",""basis"":""analysis"",""source_refs"":[]},{""text"":""Ledningsrättsförrättningen eller dess överprövning är inte klar när byggorganisationen ska mobiliseras."",""basis"":""analysis"",""source_refs"":[]}],""event"":{""rubrik"":""Ledningsrätt eller markupplåtelseavtal blir inte klart i tid – byggstart blockeras trots koncession""},""effects"":[{""text"":""Koncessionen ersätter inte den markåtkomst som måste säkras genom avtal eller ledningsrätt."",""basis"":""source"",""source_refs"":[""ELLAG"",""LEDNINGSRATT""]},{""text"":""Byggstarten för berörda sträckor skjuts fram."",""basis"":""analysis"",""source_refs"":[]},{""text"":""Projektet får högre kostnader för rättighetsprocess, ersättning och omplanering."",""basis"":""analysis"",""source_refs"":[]}]}"
R-B50-E050-02,B50-E050,B50 – Tvärgående och sektorsspecifika spår,Säkra markåtkomst och koncessionsgate,"Kompletterande miljö-, PBL- och KML-beslut faller inte på plats sträckvis",Sektorssamordning,Myndighet & prövning,"Byggande och underhåll av en starkströmsledning enligt en nätkoncession för linje är undantaget från strandskyddsförbuden genom 7 kap. 16 § 4 MB. Ett generellt krav på strandskyddsdispens för själva ledningen får därför inte läggas in i beslutsmatrisen. Ställverk, tillfartsvägar eller andra komponenter som inte omfattas av just detta undantag kan däremot kräva lov, dispens eller annan prövning beroende på utformning och plats. KML-beslut, vattenverksamhetsprövning och markrättigheter måste också bedömas komponent för komponent.","Nätkoncessionen bär strandskyddsundantaget för byggande och underhåll av själva starkströmsledningen enligt 7 kap. 16 § 4 MB. Den ersätter däremot inte automatiskt lov, KML-beslut, vattenverksamhetsprövning eller markrättigheter för andra anläggningsdelar och åtgärder.","B50-E050, B50-G900, samt uppströms kopplingar till B50-P040/B50-P070 (PBL-spåret), B50-K010 (KML) och B40 (vatten).","Upprätta tidigt en beslutsmatris per delsträcka och anläggningsdel med ansvarig myndighet, status och överklaganderisk. Driv PBL- och KML-ärendena parallellt med koncessionen. Prioritera besluten för kritiska noder (ställverk, stationer) före linjära sträckor.",MB | ELLAG | EI_GRID | PBL | KML,S0_current_2026,"{""causes"":[{""text"":""En delsträcka saknar ett annat beslut som lagen kräver utöver nätkoncessionen."",""basis"":""source"",""source_refs"":[""MB"",""PBL"",""KML""]},{""text"":""Ställverk, vägpassage eller vattenarbete har behandlats som en del av ledningen trots en egen prövningsplikt."",""basis"":""analysis"",""source_refs"":[]},{""text"":""Besluten täcker olika projektversioner eller geografiska gränser."",""basis"":""analysis"",""source_refs"":[]}],""event"":{""rubrik"":""Kompletterande miljö-, PBL- och KML-beslut faller inte på plats sträckvis""},""effects"":[{""text"":""Det berörda arbetet får inte utföras innan det kompletterande beslutet finns och kan användas."",""basis"":""source"",""source_refs"":[""MB"",""PBL"",""KML""]},{""text"":""Byggprogrammet behöver delas upp eller ordnas om."",""basis"":""analysis"",""source_refs"":[]},{""text"":""En blockerad kritisk nod kan senarelägga hela ledningens färdigställande."",""basis"":""analysis"",""source_refs"":[]}]}"
R-B50-G010-01,B50-G010,B50 – Tvärgående och sektorsspecifika spår,Vilka tvärgående spår är tillämpliga?,Ofullständig tillämpbarhetsmatris lämnar obligatoriska spår utanför,Rättslig osäkerhet,Sökande & ansökan,"I noden ska samtliga tillämpliga spår – Natura 2000, art- och områdesskydd, kulturmiljö, PBL, ellag, minerallag, väg- och järnvägslag och Seveso – identifieras. Trösklarna skiljer sig: ett projekt kan ligga utanför ett Natura 2000-område men ändå träffas av tillståndsplikt enligt 7 kap. 28 a § MB genom indirekt påverkan. För strandskydd ska matrisen samtidigt beakta undantagen i 7 kap. 16 §, bland annat för åtgärder som omfattas av miljöbalkstillstånd och för starkströmsledningar med linjekoncession, och pröva om någon separat komponent ändå faller utanför undantagen.","Natura 2000-spåret måste identifieras utifrån projektets möjliga påverkan, även utanför områdets gräns. M 5375-14 gällde SMA Minerals ansökan om täkt vid Stucks och M 5431-14 gällde Nordkalks ansökan vid Bunge; det är två skilda mål.","B50-G010 och alla åtta grenar nedströms (B50-N010, B50-X010, B50-K010, B50-P010, B50-E010, B50-M010, B50-T010, B50-S010) samt samlingsgaten B50-G900.","Arbeta med en checklista per regelverk och dokumentera varför varje spår bedöms icke tillämpligt, inte bara vilka som är tillämpliga. Låt extern expertis kvalitetssäkra matrisen i gränsfall och stäm av den med länsstyrelsens enheter för naturvård och kulturmiljö.","MB | NATURA | PBL | KML | ELLAG | MINERALLAG | EXT: MÖD – M 5375-14, SMA Mineral/Stucks https://www.domstol.se/mark--och-miljooverdomstolen/mark--och-miljooverdomstolens-avgoranden/2018/66855/ | EXT: MÖD – M 5431-14, Nordkalk/Bunge https://www.domstol.se/mark--och-miljooverdomstolen/mark--och-miljooverdomstolens-avgoranden/2018/66859/ | EXT: MÖD 2016:1, Klinthagen https://www.domstol.se/mark--och-miljooverdomstolen/mark--och-miljooverdomstolens-avgoranden/2016/74920/",S0_current_2026,"{""causes"":[{""text"":""Projektets lokalisering eller utformning aktiverar ett lagreglerat prövnings- eller förbudsspår som saknas i matrisen."",""basis"":""source"",""source_refs"":[""MB"",""PBL"",""KML""]},{""text"":""Den juridiska analysen görs innan detaljprojekteringen visar alla följdåtgärder."",""basis"":""analysis"",""source_refs"":[]},{""text"":""Ansvar för sektorsregler är splittrat mellan flera rådgivare utan gemensam kontroll."",""basis"":""analysis"",""source_refs"":[]}],""event"":{""rubrik"":""Ofullständig tillämpbarhetsmatris lämnar obligatoriska spår utanför""},""effects"":[{""text"":""Den förbisedda åtgärden kan inte genomföras lagligen förrän det saknade tillståndet, dispensen eller lovet har hanterats."",""basis"":""source"",""source_refs"":[""MB"",""PBL"",""KML""]},{""text"":""Ett helt parallellspår behöver startas sent och byggstarten förskjuts."",""basis"":""analysis"",""source_refs"":[]},{""text"":""Redan påbörjat arbete kan möta tillsyn, stopp eller krav på rättelse."",""basis"":""analysis"",""source_refs"":[]}]}"
R-B50-G010-02,B50-G010,B50 – Tvärgående och sektorsspecifika spår,Vilka tvärgående spår är tillämpliga?,Reformläget ändrar spårens regler och instanser mitt i processen,Politisk & policyrisk,Extern & omvärld,"Screeningen görs mot gällande rätt (S0), men flera tvärgående spår påverkas av pågående reformer. SFS 2026:400 ändrar delar av miljöbalken, lagen om verksamheter och åtgärder för förnybar energi (2026:399) inför särskilda regler som kan påverka vilka bedömningar som görs i resp. spår, och Miljöprövningsmyndigheten tar från 2027 över ärenden (S1). En matris som låser rättsläge och instanser vid ett tillfälle kan bli felaktig innan ansökningarna hinner lämnas, särskilt i långsamma spår som detaljplanering. S1-deltan är tom i noden men reformpaketets följdändringar (SFS 2026:1442–1444) kan ändå beröra samordningen.","SFS 2026:400, lag (2026:399) och SFS 2026:1442–1444 innehåller beslutade reformer med olika ikraftträdandetidpunkter. För ett pågående ärende måste projektet kontrollera de konkreta övergångsbestämmelserna; ett felaktigt antagande om tillämpligt regelverk kan skapa en processinvändning.",B50-G010 med samtliga nedströms spår; särskilt B50-N010–B50-N060 (förnybar energi och Natura 2000) och instansvalet i B50-N030.,Håll en levande rättslägesbevakning per spår med tydliga träd- och övergångsdatum. Dokumentera vilket rättsläge varje ansökan grundas på och begär skriftlig bekräftelse från berörd myndighet vid gränsfall om övergångsregler.,SFS2026_400 | RENEWABLE | SFS2026_1442 | SFS2026_1443 | NEW_AUTH,S0_current_2026,"{""causes"":[{""text"":""En beslutad lagändring ändrar behörighet eller processkrav för ett pågående eller planerat spår."",""basis"":""source"",""source_refs"":[""SFS2026_400"",""SFS2026_1442""]},{""text"":""Projektets klassificering bygger på rättsläget före reformens ikraftträdande."",""basis"":""analysis"",""source_refs"":[]},{""text"":""Övergångsreglernas anknytning till start- eller beslutsdatum registreras fel."",""basis"":""analysis"",""source_refs"":[]}],""event"":{""rubrik"":""Reformläget ändrar spårens regler och instanser mitt i processen""},""effects"":[{""text"":""Ärendet behöver följa den instans- och processordning som övergångsbestämmelserna anger."",""basis"":""source"",""source_refs"":[""SFS2026_1442"",""SFS2026_1443""]},{""text"":""Tillämpbarhetsmatris och ansökningsstrategi behöver göras om."",""basis"":""analysis"",""source_refs"":[]},{""text"":""Underlag kan behöva disponeras om eller överlämnas till en ny aktör innan prövningen fortsätter."",""basis"":""analysis"",""source_refs"":[]}]}"
R-B50-G900-01,B50-G900,B50 – Tvärgående och sektorsspecifika spår,Är alla tillämpliga parallellspår klara?,AND-gatens sista spår blir projektets kritiska linje,Sektorssamordning,Myndighet & prövning,"Konvergensnoden är en AND-gate: byggberedskapen beror på att samtliga aktiverade spår uppfyller sina gatekrav. Det spår som blir klart sist bestämmer därför tidpunkten för gemensam passage, oavsett om det är huvudtillståndet eller ett parallellt beslut.",I Munga–Hamra-spåret meddelade Energimarknadsinspektionen nätkoncession den 6 december 2024 och regeringen avslog överklagandena den 4 juni 2026. Exemplet visar att ett sidospår kan kvarstå efter ett första beslut och därför behöver ingå i den samlade lagakraftskontrollen.,"B50-G900 och därmed B50-END (hela delprocessens utflöde); risken materialiseras i det spår som är svagast – typiskt B50-P050, B50-E040, B50-M040 eller B50-T030.","Driv gaten som ett aktivt program: en samlad spårstatus med veckovis uppföljning, där varje spår har en prognos för 'slutligt eller byggstartsklart'. Identifiera det långsammaste spåret tidigt och omfördela resurser dit. Överväg etapperad byggstart där delar av projektet kan starta med en delmängd av spåren klara.",MB | PBL | ELLAG | MINERALLAG | EXT: Regeringens beslut KN2025/00130 om Munga–Hamra https://www.svk.se/49c69c/siteassets/2.utveckling-av-kraftsystemet/transmissionsnatet/utbyggnadsprojekt/munga-hamra/regeringsbeslut-koncession/kn2025-00130-overklagande-av-energimarknadsinspektionens-beslut-att-meddela-natkoncession-for-linje-for-en-420-kv-luftledning-fran-munga-till-hamra.pdf,S0_current_2026,"{""causes"":[{""text"":""Ett rättsligt nödvändigt parallellspår saknar fortfarande ett slutligt eller användbart avgörande."",""basis"":""source"",""source_refs"":[""MB"",""PBL"",""ELLAG"",""MINERALLAG""]},{""text"":""Projektets plan behandlar flera beroenden som parallella utan att identifiera den långsammaste gaten."",""basis"":""analysis"",""source_refs"":[]},{""text"":""Ett sent överklagande eller kompletteringskrav håller just det sista spåret öppet."",""basis"":""analysis"",""source_refs"":[]}],""event"":{""rubrik"":""AND-gatens sista spår blir projektets kritiska linje""},""effects"":[{""text"":""Projektet kan inte betraktas som samlat byggklart förrän varje tillämpligt rättsligt krav är uppfyllt."",""basis"":""source"",""source_refs"":[""MB"",""PBL"",""ELLAG"",""MINERALLAG""]},{""text"":""Huvudtillståndens praktiska värde skjuts fram trots att de har vunnits."",""basis"":""analysis"",""source_refs"":[]},{""text"":""Finansiering, entreprenad och interna investeringsbeslut behöver omplaneras."",""basis"":""analysis"",""source_refs"":[]}]}"
R-B50-G900-02,B50-G900,B50 – Tvärgående och sektorsspecifika spår,Är alla tillämpliga parallellspår klara?,Återkoppling till G010: ett sent upptäckt krav behöver hanteras,Rättslig osäkerhet,Sökande & ansökan,"Ett nyupptäckt krav kan kräva ett nytt ärende eller komplettering av ett befintligt spår, beroende på beslutstyp och handläggningsläge. Det kan exempelvis gälla ett förundersökningsfynd av fridlyst art, en omprojektering in i strandskyddat område eller en växling från anmälan till tillstånd i vattenspåret.","Designutveckling och fördjupade platsinventeringar kan identifiera skydds- eller tillståndsfrågor som inte framgick av den tidiga screeningen. Om ett nytt spår upptäcks sent kan samråd, utredning eller ansökan behöva kompletteras. Artskydd och strandskydd är exempel på sådana platsberoende frågor.","B50-G900 med återkoppling till B50-G010 och aktivering av B50-X-, B50-K-, B40- eller B50-P-spåren; förskjuter B50-END.","Frys designens yttergränser sent: behåll marginalzoner runt planerade åtgärder i tidiga screeningar så att små omflyttningar inte aktiverar nya spår. Gör uppföljande naturinventeringar i detaljprojekteringen, inte bara i MKB-skedet. Håll en levande tillämpbarhetsmatris som omprövas vid varje väsentlig designändring.",MB | ARTSKYDD | STRAND,S0_current_2026,"{""causes"":[{""text"":""Konvergenskontrollen visar att en åtgärd omfattas av ett ännu ohanterat tillstånds-, dispens- eller förbudskrav."",""basis"":""source"",""source_refs"":[""MB"",""ARTSKYDD"",""STRAND""]},{""text"":""Den slutliga projekteringen berör större yta eller andra skyddsvärden än den ursprungliga screeningen."",""basis"":""analysis"",""source_refs"":[]},{""text"":""En ändring i ett parallellspår skapar ett nytt följdkrav som inte återrapporterats till matrisen."",""basis"":""analysis"",""source_refs"":[]}],""event"":{""rubrik"":""Återkoppling till G010: ett sent upptäckt krav behöver hanteras""},""effects"":[{""text"":""Det nyupptäckta kravet behöver prövas eller hanteras innan den berörda åtgärden genomförs."",""basis"":""source"",""source_refs"":[""MB"",""ARTSKYDD"",""STRAND""]},{""text"":""Ett nytt ärende eller en komplettering öppnas sent i processen."",""basis"":""analysis"",""source_refs"":[]},{""text"":""Omprojektering och överprövning kan senarelägga hela konvergensen."",""basis"":""analysis"",""source_refs"":[]}]}"
R-B50-G900-03,B50-G900,B50 – Tvärgående och sektorsspecifika spår,Är alla tillämpliga parallellspår klara?,Tidsglapp mellan spåren urholkar tidiga beslut,Extern händelse,Extern & omvärld,"Besluten i de parallella spåren kan ha olika giltighets- och genomförandetider. En strandskyddsdispens upphör enligt 7 kap. 18 k § miljöbalken om åtgärden inte har påbörjats inom två år eller avslutats inom fem år från laga kraft. Miljötillstånd och andra beslut kan innehålla egna igångsättnings-, arbets- eller giltighetstider. Ändrad projektering eller nya sakförhållanden kan kräva komplettering eller ändringsprövning, men ett lagakraftvunnet miljötillstånd upphör inte enbart därför att det bakomliggande underlaget har blivit äldre.","Giltighet och möjlighet att ta ett beslut i anspråk följer av reglerna för respektive beslutstyp och av beslutets egna villkor. Strandskyddsdispensens två- och femårsfrister följer av 7 kap. 18 k § miljöbalken. För andra beslut ska projektet kontrollera bland annat laga kraft, igångsättnings- eller arbetstid och om en ändrad åtgärd ryms inom beslutet.","B50-G900, med återverkningar på samtliga uppströms spår (B50-P, B50-E, B50-M, B50-T, B50-X) om deras beslut måste förnyas; förskjuter B50-END.","Planera spårens måldatum mot en gemensam gate-punkt i stället för att avsluta varje spår så fort som möjligt. För beslut med tidsfrister: tidigarelägg ansökan inte mer än nödvändigt, eller säkra möjlighet till förlängning. Håll nyckelunderlag (inventeringar, prognoser) uppdaterade under väntetiden så att förnyelse vid behov går snabbt.",MB | STRAND | PBL_START,S0_current_2026,"{""causes"":[{""text"":""Ett tidigt beslut innehåller en giltighets-, start- eller genomförandetid som närmar sig sitt slut."",""basis"":""source"",""source_refs"":[""MB"",""PBL_START""]},{""text"":""Det sista parallellspåret tar längre tid än den tidsmässiga marginal som beslutspaketet byggde på."",""basis"":""analysis"",""source_refs"":[]},{""text"":""Projektets teknik ändras så att ett äldre beslut inte längre motsvarar den planerade utformningen."",""basis"":""analysis"",""source_refs"":[]}],""event"":{""rubrik"":""Tidsglapp mellan spåren urholkar tidiga beslut""},""effects"":[{""text"":""Ett beslut kan behöva förlängas, ändras eller sökas på nytt när föreskriven tid eller räckvidd inte längre bär projektet."",""basis"":""source"",""source_refs"":[""MB""]},{""text"":""Tidigt utförda utredningar och godkännanden behöver uppdateras."",""basis"":""analysis"",""source_refs"":[]},{""text"":""Konvergensen flyttas fram och nya beslut kan ge ytterligare överklaganderisk."",""basis"":""analysis"",""source_refs"":[]}]}"
R-B50-GN040-01,B50-GN040,B50 – Tvärgående och sektorsspecifika spår,Kan tillstånd lämnas utan skada eller betydande störning?,Kvarstående vetenskapligt tvivel leder till avslag,Rättslig osäkerhet,Myndighet & prövning,"Prövningen enligt MB 7 kap. 28 b § ställer ett strängt beviskrav: tillstånd får inte lämnas om det kvarstår vetenskapligt rimligt tvivel. Det är sökandens underlag som ska bära bevisbördan, och försiktighetsprincipen gör att osäkerhet slår mot projektet, inte mot skyddsintresset. Även väl underbyggda projekt kan därför avslås om påverkan är komplex, livsmiljön känslig eller data osäkra. Ett avslag i denna nod tvingar projektet till B50-N050 – omlokalisering, omprojektering eller den politiska undantagsvägen i 29 §.",I M 5375-14 prövades SMA Minerals ansökan om täkt vid Stucks efter att Natura 2000-området hade utvidgats så att bifall skulle innebära brytning inom området. Eftersom detta skulle medföra permanent förlust av skyddade livsmiljöer fann MÖD att Natura 2000-tillstånd inte kunde ges.,"B50-GN040, med gren till B50-N050 (omprojektering/undantag) istället för B50-N060; blockerar indirekt samlingsgaten B50-G900.",Kvantifiera osäkerheter i underlaget och visa med känslighetsanalys att slutsatserna håller även i ogynnsamma scenarier. Integrera skadeförebyggande åtgärder i själva projektet (inte som efterkonstruktion) så att prövningen kan konstatera att störningen inte är betydande.,"MB | NATURA | EXT: MÖD – M 5375-14, SMA Mineral/Stucks https://www.domstol.se/mark--och-miljooverdomstolen/mark--och-miljooverdomstolens-avgoranden/2018/66855/ | EXT: Regeringen – beslut om Blekinge Offshore https://www.regeringen.se/contentassets/5a5304ce813441b4b4bafe37d48300a4/beslut---ansokan-om-tillstand-enligt-miljobalken-till-uppforande-och-drift-av-gruppstation-for-vindkraft-i-hanobukten-i-slovesborgs-och-karlshamns-kommuner.pdf",S0_current_2026,"{""causes"":[{""text"":""Underlaget lämnar kvar rimligt vetenskapligt tvivel om skada på ett Natura 2000-områdes skyddade värden."",""basis"":""source"",""source_refs"":[""MB"",""NATURA""]},{""text"":""Fältdata täcker inte relevanta årstider, arter eller ekologiska samband."",""basis"":""analysis"",""source_refs"":[]},{""text"":""Föreslagna skyddsåtgärders effekt kan inte visas med tillräcklig säkerhet."",""basis"":""analysis"",""source_refs"":[]}],""event"":{""rubrik"":""Kvarstående vetenskapligt tvivel leder till avslag""},""effects"":[{""text"":""Natura 2000-tillstånd kan inte ges om förutsättningarna i 7 kap. miljöbalken inte är uppfyllda."",""basis"":""source"",""source_refs"":[""MB"",""NATURA""]},{""text"":""Projektet behöver flyttas, begränsas eller utredas vidare."",""basis"":""analysis"",""source_refs"":[]},{""text"":""Ett undantagsspår kan tillföra kompensationskrav och ett regeringsavgörande."",""basis"":""analysis"",""source_refs"":[]}]}"
R-B50-GN040-02,B50-GN040,B50 – Tvärgående och sektorsspecifika spår,Kan tillstånd lämnas utan skada eller betydande störning?,Instanserna landar i olika bedömningar av samma bevisning,Överklagande & rättsprocess,Myndighet & prövning,"Bedömningen av 'skada' och 'betydande störning' är en naturvetenskaplig-juridisk sammanblandad bedömning där instanser historiskt kommit till olika slut på samma material. Det innebär att även ett ställningstagande till projektets fördel i första instans inte ger stabilitet – motparten kan överklaga och få bedömningen ändrad i nästa instans. Osäkerheten ligger i själva prövningsstandarden: den är pålitlig i princip men skiftande i tillämpningen, särskilt vid hydrologisk påverkan, störningspåverkan på fågel och kumulativa effekter.","Överinstansen gör en självständig prövning inom överklagandets ram, vilket kan leda till en annan bedömning av bevisningen.",B50-GN040 och nedströms B50-N060; fördröjer hela Natura-grenen och kan blockera byggberedskap även efter positivt utfall i första instans.,"Skriv underlaget så att det är 'appell-säkert': adressera motargumenten explicit, redovisa expertmetodik och osäkerhetsintervall, och låt oberoende experter granska innan inlämning. Ta höjd för överklagande i projektets tids- och finansieringsplan.","MB | NATURA | EXT: MÖD – M 5375-14, SMA Mineral/Stucks https://www.domstol.se/mark--och-miljooverdomstolen/mark--och-miljooverdomstolens-avgoranden/2018/66855/ | EXT: MÖD – M 5431-14, Nordkalk/Bunge https://www.domstol.se/mark--och-miljooverdomstolen/mark--och-miljooverdomstolens-avgoranden/2018/66859/ | EXT: MÖD 2016:1, Klinthagen https://www.domstol.se/mark--och-miljooverdomstolen/mark--och-miljooverdomstolens-avgoranden/2016/74920/",S0_current_2026,"{""causes"":[{""text"":""Natura-underlaget innehåller osäkerhet om påverkan eller skyddsåtgärdernas effekt som olika instanser kan värdera olika."",""basis"":""source"",""source_refs"":[""EXT: MÖD – M 5375-14, SMA Mineral/Stucks https://www.domstol.se/mark--och-miljooverdomstolen/mark--och-miljooverdomstolens-avgoranden/2018/66855/"",""EXT: MÖD – M 5431-14, Nordkalk/Bunge https://www.domstol.se/mark--och-miljooverdomstolen/mark--och-miljooverdomstolens-avgoranden/2018/66859/""]},{""text"":""Sakkunniga använder skilda antaganden, modeller eller osäkerhetsmarginaler för samma ekologiska samband."",""basis"":""analysis"",""source_refs"":[]},{""text"":""Underinstansens bevisvärdering lämnar en rättslig eller vetenskaplig fråga öppen för överprövning."",""basis"":""analysis"",""source_refs"":[]}],""event"":{""rubrik"":""Instanserna landar i olika bedömningar av samma bevisning""},""effects"":[{""text"":""Natura-frågan kan prövas i flera instanser enligt den tillämpliga överklagandeordningen."",""basis"":""source"",""source_refs"":[""MB""]},{""text"":""Projektets slutliga villkor och genomförbarhet förblir osäkra längre."",""basis"":""analysis"",""source_refs"":[]},{""text"":""Juridiska och vetenskapliga expertkostnader ökar under instanskedjan."",""basis"":""analysis"",""source_refs"":[]}]}"
R-B50-GN040-03,B50-GN040,B50 – Tvärgående och sektorsspecifika spår,Kan tillstånd lämnas utan skada eller betydande störning?,Behörighetsregeln för Natura 2000 tillämpas fel i gräns- eller kombinationsfall,Rättslig osäkerhet,Myndighet & prövning,"Länsstyrelsen prövar som huvudregel Natura 2000-tillstånd. Om verksamheten omfattas av tillstånd eller dispens enligt 9 eller 11–15 kap. prövar samma myndighet även Natura 2000-frågan. I Sveriges ekonomiska zon gäller enligt 7 kap. 32 § hänvisningen till länsstyrelsen i det län vars sjöterritorium ligger närmast området. Risken är därför i första hand felaktig tillämpning av en uttrycklig behörighetsregel, inte en generellt oreglerad instansfråga.",Behörigheten följer av 7 kap. 29 b och 32 §§ miljöbalken. Äldre remissynpunkter eller regler före SFS 2024:325 ska inte beskrivas som dagens rättsläge.,B50-GN040 och B50-N060; i förlängningen huvudansökningsnoderna i B30-G110 och B40 där samma behörighetslogik gäller.,"Verifiera behörigheten skriftligt med berörda myndigheter före inlämning och bevaka pågående lagstiftning om Natura-instanserna. Vid osäkerhet, välj den instans som etablerad praxis pekar på och dokumentera ställningstagandet.",MB | NATURA | SFS2024_325,S0_current_2026,"{""causes"":[{""text"":""Natura 2000-ansökan lämnas till en annan instans än den som är behörig enligt 7 kap. 29 b eller 32 § miljöbalken."",""basis"":""source"",""source_refs"":[""MB""]},{""text"":""Projektet skiljer felaktigt Natura-frågan från en samtidig miljöbalksprövning."",""basis"":""analysis"",""source_refs"":[]},{""text"":""Verksamhetens geografiska läge eller kombination av prövningar bedöms mot fel behörighetsregel."",""basis"":""analysis"",""source_refs"":[]}],""event"":{""rubrik"":""Behörighetsregeln för Natura 2000 tillämpas fel i gräns- eller kombinationsfall""},""effects"":[{""text"":""Ärendet behöver handläggas av den behöriga instans som miljöbalken anger."",""basis"":""source"",""source_refs"":[""MB""]},{""text"":""Ett beslut kan undanröjas utan att Natura-frågan prövas i sak."",""basis"":""analysis"",""source_refs"":[]},{""text"":""Handlingar behöver överlämnas eller ges in på nytt och handläggningen börjar senare hos rätt aktör."",""basis"":""analysis"",""source_refs"":[]}]}"
R-B50-GX020-01,B50-GX020,B50 – Tvärgående och sektorsspecifika spår,Kvarstår förbud eller krävs dispens/tillstånd?,Fel behörig instans väljs för dispens eller tillstånd,Rättslig osäkerhet,Sökande & ansökan,"Strandskyddsdispens prövas av kommunen eller länsstyrelsen enligt miljöbalkens ansvarsfördelning. Projektanknuten dispens från förbuden i 4–9 §§ artskyddsförordningen prövas enligt 14 och 15 §§ av länsstyrelsen; Naturvårdsverkets dispensuppgifter enligt andra bestämmelser gäller andra typer av hantering och avgörs inte enbart av vilken art som berörs. Dispens från reservatsföreskrifter prövas enligt 7 kap. 7 § miljöbalken av den länsstyrelse eller kommun som meddelat föreskrifterna, inte generellt av reservatsförvaltaren. Artskyddsförordningen innehåller inte någon allmän dispensgrund benämnd särskilda skäl.","Behörighet och rekvisit ska hämtas från 7 kap. miljöbalken och den tillämpliga paragrafen i artskyddsförordningen. Kommunala strandskyddsbeslut skickas enligt 19 kap. 3 a § till länsstyrelsen, som enligt 3 b § beslutar om statlig överprövning ska ske.",B50-GX020 med nedströms B50-X030 och B50-X040; vid återförvisning försenas hela skyddsspåret mot B50-X050.,"Kartlägg behörighet per skyddsform och åtgärd innan ansökan, och verifiera med respektive myndighet. Analysera dispensgrunden mot rätt katalogrekvisit och begär förhandsbesked i gränsfall.",MB | ARTSKYDD | STRAND,S0_current_2026,"{""causes"":[{""text"":""Dispens- eller tillståndsansökan ges in till en myndighet som inte är behörig enligt den tillämpliga skyddsbestämmelsen."",""basis"":""source"",""source_refs"":[""MB"",""ARTSKYDD"",""STRAND""]},{""text"":""Ansökan använder rekvisit från en annan dispensgrund än det förbud som åtgärden träffar."",""basis"":""analysis"",""source_refs"":[]},{""text"":""Ett kombinerat skyddsärende delas inte upp efter de olika beslutsmyndigheternas behörighet."",""basis"":""analysis"",""source_refs"":[]}],""event"":{""rubrik"":""Fel behörig instans väljs för dispens eller tillstånd""},""effects"":[{""text"":""Ansökan behöver prövas av rätt myndighet och mot rätt materiella förutsättningar."",""basis"":""source"",""source_refs"":[""MB"",""ARTSKYDD"",""STRAND""]},{""text"":""Ärendet avvisas, överlämnas eller behöver startas om."",""basis"":""analysis"",""source_refs"":[]},{""text"":""Ett felaktigt beslut kan upphävas vid överprövning och byggberedskapen gå förlorad."",""basis"":""analysis"",""source_refs"":[]}]}"
R-B50-K010-01,B50-K010,B50 – Tvärgående och sektorsspecifika spår,Kontrollera fornlämningar och samråd med länsstyrelsen,Okända fornlämningar påträffas sent – Fornsök är inte uttömmande,Underlagsbrist & data,Sökande & ansökan,"KML 2 kap. 10 § förelägger den som planerar större markanläggningar att i god tid samråda med länsstyrelsen. Utgångspunkten är att alla fornlämningar – kända som okända – är skyddade. Fornsöks täckning speglar historiska inventeringsinsatser, inte faktisk förekomst: skogsmark och utmarker i norra Sverige är stora vitt fläckar i registren. Upptäcks en fornlämning efter att lokalisering låsts tvingas omprojektering, utredning eller ingreppsansökan – i värsta fall efter påbörjat arbete, som då måste stoppas omedelbart.",Enligt 2 kap. kulturmiljölagen är fornlämningar skyddade. Länsstyrelsen Dalarnas strategi för vindbruk och kulturmiljövård framhåller att skyddet omfattar både kända och okända fornlämningar. Screeningen behöver därför ta höjd för registerluckor.,B50-K010 med nedströms B50-K020–B50-K040; vid sent fynd direkt stopp av markarbete i B70 och återkoppling till B10-020 (lokalisering).,"Komplettera registersökning med fältindikatorer och tidig arkeologisk förstudie på konfliktkänsliga delar av projektområdet. Involvera länsstyrelsens kulturmiljöenhet redan vid lokaliseringsvalet, inte först i ansökningsfasen.",KML | EXT: Länsstyrelsen Dalarna – Strategi för vindbruk och kulturmiljövård https://www.lansstyrelsen.se/download/18.8cd5a1b19362fb4fc23934/1732539685148/Strategi%20f%C3%B6r%20vindbruk%20och%20kulturmilj%C3%B6v%C3%A5rd.pdf,S0_current_2026,"{""causes"":[{""text"":""En tidigare okänd fornlämning påträffas vid fältinventering eller markarbete."",""basis"":""source"",""source_refs"":[""KML""]},{""text"":""Register- och arkivscreeningen behandlas som fullständig trots att området inte inventerats systematiskt."",""basis"":""analysis"",""source_refs"":[]},{""text"":""Detaljprojekteringen flyttar schakt eller väg till mark som inte ingick i den tidiga kulturmiljökontrollen."",""basis"":""analysis"",""source_refs"":[]}],""event"":{""rubrik"":""Okända fornlämningar påträffas sent – Fornsök är inte uttömmande""},""effects"":[{""text"":""Arbetet vid fyndplatsen behöver hanteras enligt kulturmiljölagens regler om fornlämningar och fynd."",""basis"":""source"",""source_refs"":[""KML""]},{""text"":""Arkeologisk utredning eller omprojektering behöver genomföras innan markarbetet fortsätter."",""basis"":""analysis"",""source_refs"":[]},{""text"":""Entreprenadsekvens och kostnad påverkas av ett sent arbetsstopp."",""basis"":""analysis"",""source_refs"":[]}]}"
R-B50-K010-02,B50-K010,B50 – Tvärgående och sektorsspecifika spår,Kontrollera fornlämningar och samråd med länsstyrelsen,Samrådsplikten enligt KML iakttas för sent och förgiftar relationen med länsstyrelsen,Samråd & motstånd,Sökande & ansökan,"Samrådsplikten är utformad för att fornlämningsfrågorna ska kunna påverka planeringen medan handlingsfriheten finns kvar. Tar projektägaren kontakt sent framstår samrådet som en formalitet, och länsstyrelsen – som både är samrådspart, utredningsbeslutsfattare och senare tillståndsmyndighet för ingrepp – saknar då incitament att vara tillmötesgående. Det praktiska resultatet blir strängare utredningskrav, längre beslutsvägar och en kulturmiljöprocess som löper parallellt med, istället för integrerat i, övriga spår.",Boverkets PBL-kunskapsbank om samordning med kulturmiljölagen betonar att fornlämningsfrågor ska hanteras tidigt i planprocessen för att undvika konflikter i ett senare skede. Behovet av tidig hantering följer också av kraven i 2 kap. 10 § kulturmiljölagen.,B50-K010 med samtliga nedströms kulturmiljönoder B50-K020–B50-K040.,Boka samråd med länsstyrelsen direkt vid screeningen och dokumentera att samrådet hållits. Presentera alternativa lägen för känsliga punkter och visa genuin anpassningsvilja före låsning.,KML | EXT: Boverket – Fornlämningar (samordning PBL/KML) https://www.boverket.se/sv/PBL-kunskapsbanken/teman/kulturvarden/samordning-med-kulturmiljolagen/fornlamningar/,S0_current_2026,"{""causes"":[{""text"":""Projektägaren inleder samrådet med länsstyrelsen först efter att lokaliseringen har låsts."",""basis"":""source"",""source_refs"":[""KML""]},{""text"":""Kulturmiljökompetens kopplas in efter att tekniska och markrättsliga avtal redan utformats."",""basis"":""analysis"",""source_refs"":[]},{""text"":""Projektet underskattar att även kända och möjliga fornlämningar kan kräva tidig samordning."",""basis"":""analysis"",""source_refs"":[]}],""event"":{""rubrik"":""Samrådsplikten enligt KML iakttas för sent och förgiftar relationen med länsstyrelsen""},""effects"":[{""text"":""Samrådet och eventuell prövning behöver ändå genomföras enligt kulturmiljölagen."",""basis"":""source"",""source_refs"":[""KML""]},{""text"":""Länsstyrelsen får mindre utrymme att lösa frågan genom tidig lokalisering och kan behöva kräva mer underlag."",""basis"":""analysis"",""source_refs"":[]},{""text"":""Projektets förhandlingsläge och relation till berörda kulturmiljöaktörer försämras."",""basis"":""analysis"",""source_refs"":[]}]}"
R-B50-K020-01,B50-K020,B50 – Tvärgående och sektorsspecifika spår,Utred och avgränsa fornlämningar,Arkeologisk kapacitetsbrist och upphandlingskrav förlänger utredningskedjan,Myndighetskapacitet & handläggning,Extern & omvärld,"Efter screeningen beslutar länsstyrelsen vid behov om arkeologisk utredning och förundersökning enligt 2 kap. 11–13 §§ KML. Utförandet sker av uppdragsarkeologer i konkurrens, och när kostnaderna överstiger tillämpliga tröskelvärden krävs anbudsförfarande – en process som i sig tar månader. Fältarbetet är dessutom säsongsberoende (snöfri mark), vilket gör att ett beslut taget på hösten kan skjuta utredningen till nästa säsong. Utredningsresultatet ska sedan återföras till lokalisering och utformning, vilket gör fördröjningen multiplikativ.","Kungälvs kommun dokumenterade i samrådsredogörelsen för arenaområdet att kostnaderna för undersökning och borttagning av fornlämningar sannolikt överstiger 20 prisbasbelopp, att anbudsförfarande därmed krävs och att detta är 'en tidskrävande process' som planeringen måste ta höjd för.",B50-K020 med nedströms B50-K030; återkoppling till projektets lokalisering (B10-020) och samordning med detaljplanespåret B50-P020.,"Initiera utredningsbehovet så tidigt att fältarbetet kan läggas på kommande säsong, och förbered upphandlingsunderlag parallellt med länsstyrelsens beslutsprocess. Överväg etappvis utredning där projektets kritiska delar prioriteras.",KML | EXT: Kungälvs kommun – samrådsredogörelse arenaområdet https://www.kungalv.se/contentassets/c642667d98294c7b923f7b0e4dd38dbf/samradsredogorelse-arenaomradet.pdf | EXT: Kungälvs kommun – arkeologisk förundersökning arenaområdet https://www.kungalv.se/contentassets/c1a2b32eb6b64c8a91ca8f236fa31e5b/arkeologisk-forundersokning-2017-och-2022-arenaomradet.pdf,S0_current_2026,"{""causes"":[{""text"":""Länsstyrelsen beslutar att en arkeologisk utredning eller förundersökning ska genomföras."",""basis"":""source"",""source_refs"":[""KML""]},{""text"":""Lämpliga arkeologiska utförare saknar kapacitet under det planerade fältfönstret."",""basis"":""analysis"",""source_refs"":[]},{""text"":""Upphandling, tillstånd eller tillträde är inte klart när fältarbetet skulle börja."",""basis"":""analysis"",""source_refs"":[]}],""event"":{""rubrik"":""Arkeologisk kapacitetsbrist och upphandlingskrav förlänger utredningskedjan""},""effects"":[{""text"":""Den beslutade arkeologiska undersökningen behöver slutföras och rapporteras enligt kulturmiljöprocessen."",""basis"":""source"",""source_refs"":[""KML""]},{""text"":""Projektering och markarbete i berörda delar skjuts fram."",""basis"":""analysis"",""source_refs"":[]},{""text"":""Kostnader uppstår för upphandling, undersökning och omplanerad entreprenad."",""basis"":""analysis"",""source_refs"":[]}]}"
R-B50-K020-02,B50-K020,B50 – Tvärgående och sektorsspecifika spår,Utred och avgränsa fornlämningar,Utredningsresultatet visar större och värdefullare lämningar än väntat,Teknisk komplexitet,Extern & omvärld,"Syftet med utredningen är att avgränsa lämningarna, men resultatet är per definition osäkert förrän arbetet är gjort. Om förundersökningen visar högre vetenskapligt värde eller större utbredning än antaget försvåras förutsättningarna för ingreppstillstånd i nästa nod: länsstyrelsens rimlighetsbedömning ('hinder eller olägenhet som inte står i rimligt förhållande till fornlämningens betydelse') blir svårare att vinna. Projektet står då med ett låst läge som visar sig sitta på ett högvärdigt kulturlager.","Rimlighetsavvägningen vid ingrepp i fornlämningar är beroende av lämningens bedömda betydelse, och utredningens syfte är just att fastställa den betydelsen – osäkerheten är alltså inbyggd i processdesignen (2 kap. 11–13 §§ KML). Boverkets vägledning bekräftar att länsstyrelsen får besluta om förundersökning innan tillståndsfrågan prövas.","B50-K020, B50-K030 samt vid behov omprojektering via loop tillbaka till B50-K020 och lokalisering i B10-020.",Gör georadar- eller schaktningsundersökningar som försteg före definitiv låsning av kritiska anläggningsdelar. Behåll flexibla reservdragningar för ledningar och vägar tills utredningen är klar.,KML | EXT: Boverket – Fornlämningar (samordning PBL/KML) https://www.boverket.se/sv/PBL-kunskapsbanken/teman/kulturvarden/samordning-med-kulturmiljolagen/fornlamningar/,S0_current_2026,"{""causes"":[{""text"":""Förundersökningen visar att fornlämningen är mer omfattande eller har högre bevarandevärde än tidigare underlag angav."",""basis"":""source"",""source_refs"":[""KML""]},{""text"":""Registergeometrin underskattar lämningens faktiska utbredning."",""basis"":""analysis"",""source_refs"":[]},{""text"":""Bevarandeförhållandena är bättre än vad skrivbordsstudien förutsatte."",""basis"":""analysis"",""source_refs"":[]}],""event"":{""rubrik"":""Utredningsresultatet visar större och värdefullare lämningar än väntat""},""effects"":[{""text"":""Den fortsatta prövningen behöver utgå från den faktiska fornlämningens omfattning och betydelse."",""basis"":""source"",""source_refs"":[""KML""]},{""text"":""Projekterade anläggningsdelar behöver flyttas eller omarbetas."",""basis"":""analysis"",""source_refs"":[]},{""text"":""Tidigare projekteringskostnader skrivs av och ingreppsansökans utgång blir mer osäker."",""basis"":""analysis"",""source_refs"":[]}]}"
R-B50-K030-01,B50-K030,B50 – Tvärgående och sektorsspecifika spår,Undvik eller pröva ingrepp i fornlämning,Länsstyrelsen avslår ingreppsansökan – fornlämningen ska bevaras,Rättslig osäkerhet,Myndighet & prövning,"Utgångspunkten i KML är bevarande: tillstånd till ingrepp är undantaget och kräver att olägenheten av fornlämningen väger tyngre än dess kulturhistoriska betydelse. En ansökan som bygger på projektets ekonomi eller tidsplan, snarare än på en genuin omöjlighet att anpassa läget, avslås. Avslaget tvingar omprojektering (loop till B50-K020) eller överklagande, och är svår att förutse eftersom betydelsebedömningen är vetenskaplig och görs av länsstyrelsens egna experter.","KML 2 kap. 12 § stadgar rimlighetsbedömningen, och länsstyrelsernas praxis är att bevarande är utgångspunkten: 'Vår utgångspunkt är att fornlämningar ska bevaras, men vi kan i vissa fall ge tillstånd till ett ingrepp' (Länsstyrelsen Östergötland m.fl.).","B50-K030 med loop till B50-K020, och i förlängningen B50-K040 samt projektets kritiska linje om lämningen ligger i en funktionellt nödvändig del.","Utforma ansökan kring att undvikande verkligen prövats och visats ogenomförbart eller oproportionerligt, med dokumenterade alternativ. Lägg ingreppsdelarna utanför projektets tidkritiska linje tills beslutet föreligger.",KML | EXT: Länsstyrelsen Östergötland – Fornlämningar och fornfynd https://www.lansstyrelsen.se/ostergotland/samhalle/kulturmiljo/fornlamningar-och-fornfynd.html,S0_current_2026,"{""causes"":[{""text"":""Fornlämningens betydelse väger i KML-prövningen tyngre än den olägenhet som ett avslag medför för projektet."",""basis"":""source"",""source_refs"":[""KML""]},{""text"":""Den valda utformningen medför ett större ingrepp än vad projektets funktion kräver."",""basis"":""analysis"",""source_refs"":[]},{""text"":""Sökanden har inte visat att en lokalisering som bevarar lämningen saknas."",""basis"":""analysis"",""source_refs"":[]}],""event"":{""rubrik"":""Länsstyrelsen avslår ingreppsansökan – fornlämningen ska bevaras""},""effects"":[{""text"":""Den sökta ändringen eller borttagningen av fornlämningen får inte genomföras efter avslaget."",""basis"":""source"",""source_refs"":[""KML""]},{""text"":""Väg, ledning eller anläggning behöver omprojekteras."",""basis"":""analysis"",""source_refs"":[]},{""text"":""Ny projektering och eventuella följdprövningar förskjuter projektets byggstart."",""basis"":""analysis"",""source_refs"":[]}]}"
R-B50-K030-02,B50-K030,B50 – Tvärgående och sektorsspecifika spår,Undvik eller pröva ingrepp i fornlämning,Slutundersökningsvillkoren blir dyrare och långsammare än budgeterat,Underlagsbrist & data,Extern & omvärld,"När länsstyrelsen förenar ett tillstånd till ingrepp i en fornlämning med krav på arkeologisk undersökning ska undersökningen genomföras enligt beslutets villkor innan det berörda markarbetet påbörjas. Exploatören svarar normalt för kostnaden enligt kulturmiljölagen, inom de gränser och undantag som lagen anger. Kostnad och tid beror på den faktiska lämningens omfattning, undersökningsplanen och länsstyrelsens beslut och kan därför avvika från förundersökningens prognos.",Länsstyrelsens vägledning beskriver myndighetens ansvar för att besluta om och beställa arkeologiska undersökningar samt exploatörens kostnadsansvar. I Kungälvs arenaärende bedömde kommunen att den aktuella undersökningen översteg 20 prisbasbelopp och behövde hanteras genom anbudsförfarande. Beloppsuppgiften är projektspecifik och utgör inte en generell kostnadsnivå för arkeologiska undersökningar.,"B50-K030 och B50-K040 (förstartsvillkoren), med direkt koppling till markarbetets start i B70.",Budgetera slutundersökningen med betydande osäkerhetsmarginal redan i projektkalkylen och ta höjd för en fältsäsong i tidplanen. Förhandla om undersökningens avgränsning och etappindelning med länsstyrelsen i samband med tillståndet.,KML | EXT: Länsstyrelsen – Fornminnen: vägledning och tillståndsprövning https://www.lansstyrelsen.se/download/18.1b1d393819324610c3749ff3/1732518789572/Fornminnen%20-%20v%C3%A4gledning%20och%20tillst%C3%A5ndspr%C3%B6vning.pdf | EXT: Kungälvs kommun – samrådsredogörelse arenaområdet https://www.kungalv.se/contentassets/c642667d98294c7b923f7b0e4dd38dbf/samradsredogorelse-arenaomradet.pdf,S0_current_2026,"{""causes"":[{""text"":""Tillståndet till ingrepp förenas med krav på arkeologisk undersökning på exploatörens bekostnad."",""basis"":""source"",""source_refs"":[""KML""]},{""text"":""Förundersökningen har underskattat lämningens utbredning eller dokumentationsbehov."",""basis"":""analysis"",""source_refs"":[]},{""text"":""Fältarbetet kan inte genomföras enligt plan på grund av markförhållanden eller tillgänglig kapacitet."",""basis"":""analysis"",""source_refs"":[]}],""event"":{""rubrik"":""Slutundersökningsvillkoren blir dyrare och långsammare än budgeterat""},""effects"":[{""text"":""De arkeologiska villkoren behöver uppfyllas innan det villkorsbundna ingreppet genomförs."",""basis"":""source"",""source_refs"":[""KML""]},{""text"":""Kostnaden för undersökning och rapportering blir högre än projektets budget."",""basis"":""analysis"",""source_refs"":[]},{""text"":""Markarbetets start och entreprenadsekvens flyttas fram."",""basis"":""analysis"",""source_refs"":[]}]}"
R-B50-K040-01,B50-K040,B50 – Tvärgående och sektorsspecifika spår,Kulturmiljöbeslut slutligt och villkor planerade,Överklagat KML-beslut eller ohanterade förstartsvillkor blockerar markarbetet,Överklagande & rättsprocess,Extern & omvärld,"Beslut om ingrepp i fornlämning kan överklagas enligt 2 kap. 24 § KML, och fram till dess beslutet vunnit laga kraft är förutsättningarna osäkra. Samtidigt är de arkeologiska förstartsvillkoren operativa: slutundersökningen ska vara utförd och dokumenterad innan markarbetet får börja. Ett projekt som planerar byggstart mot ett överklagat beslut, eller som bokat entreprenad utan att räkna in undersökningstiden, riskerar både rättslig ogiltighet och konkret stopp av tillsyn eller polis vid olaga ingrepp.","Att bryta fornlämningsförbudet utan giltigt och fullgjort tillstånd är straffbelagt, och processlogiken – tillstånd, överklagandemöjlighet, villkorad slutundersökning före ingrepp – följer direkt av 2 kap. KML. Kungälv-fallet visar att undersöknings- och borttagningsfrågorna i praxis hanteras först efter att planen vunnit laga kraft, vilket förskjuter hela kedjan mot byggstarten.","B50-K040 och samlingsgaten B50-G900, med direkt blockering av berört markarbete i B70.","Gör laga kraft på KML-beslutet till ett uttryckligt kriterium i byggstartsbeslutet. Planera slutundersökningen som en egen aktivitet i huvudtidplanen med bokad arkeologisk utförare, och etappdela schaktområdena så att oklanderliga delar kan påbörjas.",KML | EXT: Kungälvs kommun – samrådsredogörelse arenaområdet https://www.kungalv.se/contentassets/c642667d98294c7b923f7b0e4dd38dbf/samradsredogorelse-arenaomradet.pdf,S0_current_2026,"{""causes"":[{""text"":""Ett beslut om ingrepp i fornlämning överklagas eller har ännu inte fått den rättsliga status som krävs för genomförande."",""basis"":""source"",""source_refs"":[""KML""]},{""text"":""Projektet har inte planerat in ett bindande villkor om undersökning före schakt."",""basis"":""analysis"",""source_refs"":[]},{""text"":""Byggledningen använder tillståndsbeslutet utan att kontrollera dess senaste överklagande- och villkorsstatus."",""basis"":""analysis"",""source_refs"":[]}],""event"":{""rubrik"":""Överklagat KML-beslut eller ohanterade förstartsvillkor blockerar markarbetet""},""effects"":[{""text"":""Markarbetet måste följa kulturmiljöbeslutet och dess förstartsvillkor."",""basis"":""source"",""source_refs"":[""KML""]},{""text"":""Schaktstarten skjuts upp eller ett påbörjat arbete stoppas."",""basis"":""analysis"",""source_refs"":[]},{""text"":""Projektet exponeras för tillsyn, avtalskrav och kostnader för ommobilisering."",""basis"":""analysis"",""source_refs"":[]}]}"
R-B50-M010-01,B50-M010,B50 – Tvärgående och sektorsspecifika spår,"Verifiera fyndighetsbevisning, företräde och koncessions-MKB",Fyndighetsbevisningen eller företrädet till koncession är otillräckligt,Rättslig osäkerhet,Sökande & ansökan,"För bearbetningskoncession kräver 4 kap. 2 § minerallagen att en fyndighet som sannolikt kan tillgodogöras ekonomiskt har påträffats och att fyndighetens belägenhet och art inte gör det olämpligt att sökanden får koncessionen. Ett giltigt undersökningstillstånd är inte ett generellt behörighetskrav för att ansöka. Det ger däremot företräde mellan flera sökande enligt 4 kap. 3 §, och ett befintligt undersökningstillstånd eller en koncession kan enligt 4 kap. 4 § hindra att någon annan beviljas koncession för samma mineral inom området.","Förutsättningarna och företrädesreglerna följer av 4 kap. 2–4 §§ minerallagen. HFD 2016 ref. 21 gällde den dåvarande koncessionsprövningens avgränsning och Natura 2000-bedömning, inte ett krav på giltigt undersökningstillstånd.","B50-M010, nedströms B50-M020 (ansökan kan inte lämnas eller avvisas), B50-M030 och hela gruvspåret in i B50-G900.","Dokumentera fyndighetens ekonomiska utvinningsbarhet och kontrollera konkurrerande ansökningar, undersökningstillstånd och koncessioner i Bergsstatens register. Skilj företrädesfrågan från den senare miljö- och Natura 2000-prövningen.",MINERALLAG | SGU_MINING | EXT: HFD 2016 ref. 21 (mål 2047-14) https://www.domstol.se/hogsta-forvaltningsdomstolen/avgoranden2/2016/43297/,S0_current_2026,"{""causes"":[{""text"":""Ansökan visar inte att en fyndighet som sannolikt kan tillgodogöras ekonomiskt har påträffats."",""basis"":""source"",""source_refs"":[""MINERALLAG"",""SGU_MINING""]},{""text"":""Provtagning, modellering eller ekonomiska antaganden ger inte ett tillräckligt sammanhängande fyndighetsunderlag."",""basis"":""analysis"",""source_refs"":[]},{""text"":""En konkurrerande ansökan eller befintlig mineralrätt påverkar sökandens företräde."",""basis"":""source"",""source_refs"":[""MINERALLAG""]}],""event"":{""rubrik"":""Fyndighetsbevisningen eller företrädet till koncession är otillräckligt""},""effects"":[{""text"":""Bearbetningskoncession kan inte beviljas utan att minerallagens koncessionsförutsättningar är uppfyllda."",""basis"":""source"",""source_refs"":[""MINERALLAG""]},{""text"":""Ytterligare undersökning och dokumentation behöver tas fram innan projektet kan gå vidare."",""basis"":""analysis"",""source_refs"":[]},{""text"":""En konkurrent kan få företräde eller den sökta ytan behöva begränsas."",""basis"":""analysis"",""source_refs"":[]}]}"
R-B50-M010-02,B50-M010,B50 – Tvärgående och sektorsspecifika spår,"Verifiera fyndighetsbevisning, företräde och koncessions-MKB",Koncessions-MKB:n täcker inte de frågor som ska prövas i koncessionsärendet,Underlagsbrist & data,Sökande & ansökan,"I koncessionsärendet ska en specifik miljöbedömning göras enligt 6 kap. 28–46 §§ miljöbalken, men uppgifterna behöver enligt 4 kap. 2 § minerallagen ha den omfattning och detaljeringsgrad som behövs för just koncessionsansökan. Sedan den 1 juli 2024 ska frågan om Natura 2000-tillstånd behövs och kan lämnas prövas självständigt i den senare miljöprövningen. Brister i de frågor som faktiskt hör till koncessionsärendet kan fortfarande medföra komplettering eller hinder mot koncession.",HFD 2016 ref. 21 upphävde ett beslut enligt den äldre ordningen eftersom markanvändningen för driftsanläggningarna och Natura 2000-påverkan inte hade prövats samlat. Genom SFS 2024:325 ändrades 4 kap. 2 § minerallagen så att Natura 2000-frågan prövas självständigt i den senare miljöprövningen. Avgörandet är därför historisk bakgrund men inte direkt tillämpligt på dagens prövningsordning.,"B50-M010, nedströms B50-M020–B50-M030, samt parallella spåret B50-N010/B50-N020 (Natura-prövningen) och B50-M040.","Avgränsa koncessions-MKB:n efter de frågor som faktiskt prövas enligt 4 kap. 2 § minerallagen och planera samtidigt ett separat, mer detaljerat underlag för den senare miljö- och Natura 2000-prövningen.",MINERALLAG | SGU_MINING | NATURA | SFS2024_325 | EXT: HFD 2016 ref. 21 (mål 2047-14) https://www.domstol.se/hogsta-forvaltningsdomstolen/avgoranden2/2016/43297/,S0_current_2026,"{""causes"":[{""text"":""Koncessions-MKB:n saknar underlag för den hushållningsprövning som ska göras i koncessionsärendet."",""basis"":""source"",""source_refs"":[""MINERALLAG""]},{""text"":""Underlaget lägger huvuddelen av analysen på den senare miljötillståndsprövningen i stället för koncessionsfrågorna."",""basis"":""analysis"",""source_refs"":[]},{""text"":""Projektets geografiska anspråk och följdanläggningar är inte tillräckligt tydliga för markanvändningsbedömningen."",""basis"":""analysis"",""source_refs"":[]}],""event"":{""rubrik"":""Koncessions-MKB:n täcker inte de frågor som ska prövas i koncessionsärendet""},""effects"":[{""text"":""Koncessionsmyndigheten behöver ett underlag som täcker de frågor som minerallagen hänför till koncessionsprövningen."",""basis"":""source"",""source_refs"":[""MINERALLAG"",""SGU_MINING""]},{""text"":""Ansökan behöver kompletteras och MKB-strukturen göras om."",""basis"":""analysis"",""source_refs"":[]},{""text"":""Koncessionen kan inte beviljas på det befintliga underlaget och efterföljande prövningar förskjuts."",""basis"":""analysis"",""source_refs"":[]}]}"
R-B50-M020-01,B50-M020,B50 – Tvärgående och sektorsspecifika spår,Ansök om bearbetningskoncession,Kungörelse och samråd med länsstyrelsen blir en konfliktarena,Samråd & motstånd,Extern & omvärld,"Bergmästaren ska kungöra ansökan och samråda med länsstyrelsen om den avvägning som ska göras enligt miljöbalkens riksintresse- och lokaliseringregler. I konfliktfyllda gruvärenden blir detta skedet en fullskalig opinionsprocess: samebyar aktiverar rennäringens riksintresse, kommuner splittras, och remissvaren pekar ut brister i MKB och alternativanalys. Varje kompletteringsrunda förlänger ärendet, och konfliktnivån påverkar senare om ärendet hänskjuts till regeringen.","Bearbetningskoncessionen för Kallak/Gállok hänsköts till regeringen och beviljades 2022. Högsta förvaltningsdomstolen rättsprövade regeringsbeslutet i HFD 2024 not. 36, mål 3893-22, och förklarade den 25 juni 2024 att beslutet skulle stå fast.","B50-M020, nedströms B50-M030 (regeringsspåret aktiveras oftare i konfliktlägen), B50-M040 och B50-M050 samt B50-G900.","Bedriv strukturerad dialog med samebyar, markägare och kommun långt före kungörelsen, och låt koncessions-MKB:n besvara de väntade invändningarna om rennäring, vatten och transporter. Dokumentera samrådet noggrant – det blir en del av regeringens och domstolarnas prövningsunderlag.","MINERALLAG | SGU_MINING | EXT: HFD 2024 not. 36, mål 3893-22 https://www.domstol.se/hogsta-forvaltningsdomstolen/avgoranden2/2024/146612/",S0_current_2026,"{""causes"":[{""text"":""Kungörelsen av koncessionsansökan ger berörda aktörer möjlighet att lämna synpunkter i ärendet."",""basis"":""source"",""source_refs"":[""MINERALLAG"",""SGU_MINING""]},{""text"":""Samebyar, markägare och kommuner invänder mot olika delar av lokaliseringen och markanvändningen."",""basis"":""analysis"",""source_refs"":[]},{""text"":""Synpunkterna visar kunskapsluckor som sökanden inte har förberett tekniska svar på."",""basis"":""analysis"",""source_refs"":[]}],""event"":{""rubrik"":""Kungörelse och samråd med länsstyrelsen blir en konfliktarena""},""effects"":[{""text"":""Bergmästaren behöver bereda relevanta synpunkter och det underlag som krävs för koncessionsprövningen."",""basis"":""source"",""source_refs"":[""MINERALLAG""]},{""text"":""Kompletterings- och kommuniceringsomgångar förlänger ärendet."",""basis"":""analysis"",""source_refs"":[]},{""text"":""Konflikten följer med till senare miljö-, mark- och genomförandeprövningar."",""basis"":""analysis"",""source_refs"":[]}]}"
R-B50-M020-02,B50-M020,B50 – Tvärgående och sektorsspecifika spår,Ansök om bearbetningskoncession,Kompletteringsbehov fördröjer koncessionsärendets sakprövning,Myndighetskapacitet & handläggning,Myndighet & prövning,"Bergmästaren handlägger bland annat undersökningstillstånd och bearbetningskoncessioner. Ett koncessionsärende med omfattande MKB, kompletteringar och remisser kan bli långvarigt, men tiden måste bedömas utifrån det enskilda ärendet och inte härledas till en obelagd generell kapacitetsbrist. Om ett ärende som en enskild har inlett inte har avgjorts inom sex månader kan parten enligt 12 § förvaltningslagen skriftligen begära att myndigheten avgör ärendet. Myndigheten ska då inom fyra veckor avgöra ärendet eller avslå begäran i ett särskilt beslut; regeln garanterar inte ett visst materiellt utfall.",Det äldre Norra Kärr-beslutet överklagades och regeringen avgjorde överklagandena den 16 januari 2014. HFD upphävde regeringens beslut den 22 februari 2016. GREENNA Mineral AB lämnade in en ny ansökan den 9 december 2024 och regeringen beviljade koncession den 25 juni 2026. Tidslinjen visar flera separata prövningsled men belägger inte en generell kapacitetsbrist hos Bergsstaten.,"B50-M020, nedströms B50-M030–B50-M050 och B50-G900; indirekt hela gruvprojektets finansiering som är beroende av koncessionen.","Följ Bergsstatens ansökningskrav, dokumentera kompletteringar och håll en aktuell ärendelogg. Om förutsättningarna i 12 § förvaltningslagen är uppfyllda, överväg en begäran om att ärendet ska avgöras och hantera ett eventuellt avslagsbeslut enligt 13 §.","MINERALLAG | SGU_MINING | FL | EXT: HFD 2016 ref. 21, mål 2047-14 https://www.domstol.se/hogsta-forvaltningsdomstolen/avgoranden2/2016/43297/ | EXT: Regeringsbeslut 2026-06-25, KN2026/00575 – bearbetningskoncession för Norra Kärr https://www.regeringen.se/contentassets/1a06d0a2615f476e89bee0f5dddf4472/regeringsbeslut.pdf",S0_current_2026,"{""causes"":[{""text"":""Ansökan eller miljöunderlaget saknar en uppgift som behövs för koncessionsprövningen."",""basis"":""source"",""source_refs"":[""MINERALLAG"",""SGU_MINING""]},{""text"":""Remissvaren aktualiserar ett alternativ eller en markanvändningsfråga som inte analyserats."",""basis"":""analysis"",""source_refs"":[]},{""text"":""Fyndighets-, projekt- och MKB-underlagen utgår från olika avgränsningar."",""basis"":""analysis"",""source_refs"":[]}],""event"":{""rubrik"":""Kompletteringsbehov fördröjer koncessionsärendets sakprövning""},""effects"":[{""text"":""Koncessionsärendet behöver kompletteras och beredas innan sakprövningen kan slutföras."",""basis"":""source"",""source_refs"":[""MINERALLAG"",""FL""]},{""text"":""Koncessionsbeslutet och beroende investeringsbeslut kommer senare."",""basis"":""analysis"",""source_refs"":[]},{""text"":""Projektets finansierings- och genomförandeplan behöver hållas öppen eller revideras."",""basis"":""analysis"",""source_refs"":[]}]}"
R-B50-M030-01,B50-M030,B50 – Tvärgående och sektorsspecifika spår,"Koncessionsbeslut, regeringsspår och överklagande",Hänskjutande till regeringen lägger till ett prövningsled med osäker tidsplan,Politisk & policyrisk,Extern & omvärld,"I dessa fall ska ärendet enligt 8 kap. 2 § minerallagen överlämnas till regeringen, som blir prövningsmyndighet och gör den rättsliga prövningen, bland annat enligt hushållningsbestämmelserna. Någon särskild lagstadgad handläggningsfrist för regeringens avgörande anges inte. Handläggningstid och utfall måste bedömas i det enskilda ärendet.","I HFD 2016 ref. 21, mål 2047-14, upphävdes regeringens tidigare beslut om bearbetningskoncession för Norra Kärr eftersom prövningen inte omfattade nödvändiga driftsanläggningar och någon samlad bedömning av påverkan på angränsande Natura 2000-områden därför inte hade gjorts. Den 25 juni 2026 beslutade regeringen i ärende KN2026/00575 att bevilja GREENNA Mineral AB en bearbetningskoncession för ett reviderat projekt. Regeringens pressmeddelande publicerades den 27 juni 2026.","B50-M030, nedströms B50-M040, B50-M050 och B50-G900; regeringsbeslutet blir dessutom utgångspunkt för efterföljande överklaganden.","Redovisa de hushållnings- och riksintressefrågor som regeringen ska pröva, dokumentera länsstyrelsens ställningstagande och planera efterföljande tillståndssteg utan att anta en bestämd beslutstid.","MINERALLAG | MB | NATURA | SGU_MINING | EXT: HFD 2016 ref. 21, mål 2047-14 (Norra Kärr) https://www.domstol.se/hogsta-forvaltningsdomstolen/avgoranden2/2016/43297/ | EXT: Regeringsbeslut 2026-06-25, KN2026/00575 – bearbetningskoncession för Norra Kärr https://www.regeringen.se/contentassets/1a06d0a2615f476e89bee0f5dddf4472/regeringsbeslut.pdf | EXT: Regeringens pressmeddelande 2026-06-27 – Norra Kärr https://www.regeringen.se/pressmeddelanden/2026/06/regeringen-beslutar-att-fyndigheten-i-norra-karr-far-undersokas-vidare/",S0_current_2026,"{""causes"":[{""text"":""Bergmästaren bedömer att koncessionsfrågan är särskilt betydelsefull från allmän synpunkt."",""basis"":""source"",""source_refs"":[""MINERALLAG""]},{""text"":""Bergmästaren avser att frångå länsstyrelsens förslag i en hushållningsfråga som omfattas av hänskjutanderegeln."",""basis"":""source"",""source_refs"":[""MINERALLAG"",""MB""]},{""text"":""Projektet har planerat processen som ett slutligt bergmästarbeslut och saknar marginal för regeringsberedning."",""basis"":""analysis"",""source_refs"":[]}],""event"":{""rubrik"":""Hänskjutande till regeringen lägger till ett prövningsled med osäker tidsplan""},""effects"":[{""text"":""Koncessionsfrågan överlämnas till regeringen i de fall minerallagen föreskriver det."",""basis"":""source"",""source_refs"":[""MINERALLAG""]},{""text"":""Tidpunkten och utgången för det slutliga beslutet blir svårare att prognostisera."",""basis"":""analysis"",""source_refs"":[]},{""text"":""Miljö-, mark- och finansieringssteg som förutsätter koncessionen skjuts fram."",""basis"":""analysis"",""source_refs"":[]}]}"
R-B50-M030-02,B50-M030,B50 – Tvärgående och sektorsspecifika spår,"Koncessionsbeslut, regeringsspår och överklagande",Koncessionsbeslut angrips genom överklagande eller rättsprövning,Överklagande & rättsprocess,Sökande & ansökan,"Bergmästarens beslut om meddelande av bearbetningskoncession överklagas till regeringen. Ett regeringsbeslut överklagas inte i vanlig ordning men kan, om rättsprövningslagens förutsättningar är uppfyllda, rättsprövas av Högsta förvaltningsdomstolen. Om HFD upphäver beslutet följer den fortsatta handläggningen av domens innebörd och den tillämpliga ordningen; ett automatiskt återförvisande till Bergmästaren ska inte förutsättas.","HFD 2016 ref. 21, mål 2047-14, upphävde regeringens beslut om bearbetningskoncession för Norra Kärr eftersom den avgränsade prövningen inte gav en samlad bedömning av bland annat driftsanläggningarnas påverkan. Regeringens koncessionsbeslut för Kallak/Gállok rättsprövades senare av Högsta förvaltningsdomstolen i HFD 2024 not. 36, mål 3893-22.","B50-M030, nedströms B50-M040 (miljötillstånd och markanvisning kan inte slutföras mot en osäker koncession), B50-M050 och B50-G900.","Avgränsa koncessionsunderlaget enligt dagens lydelse av 4 kap. 2 § minerallagen, dokumentera hur remissinvändningar har hanterats och skilj vanlig överklagandeprövning från rättsprövning av ett regeringsbeslut.","MINERALLAG | SGU_MINING | EXT: HFD 2016 ref. 21 https://www.domstol.se/hogsta-forvaltningsdomstolen/avgoranden2/2016/43297/ | EXT: HFD 2024 not. 36, mål 3893-22 https://www.domstol.se/hogsta-forvaltningsdomstolen/avgoranden2/2024/146612/ | RATTSPROVNING",S0_current_2026,"{""causes"":[{""text"":""Bergmästarens beslut går en taleberättigad part emot i en fråga som får överklagas till regeringen."",""basis"":""source"",""source_refs"":[""MINERALLAG""]},{""text"":""Regeringens koncessionsbeslut omfattas i det konkreta fallet av rättsprövningslagens tillämpningsområde."",""basis"":""source"",""source_refs"":[""EXT: HFD 2016 ref. 21 https://www.domstol.se/hogsta-forvaltningsdomstolen/avgoranden2/2016/43297/"",""EXT: HFD 2024 not. 36, mål 3893-22 https://www.domstol.se/hogsta-forvaltningsdomstolen/avgoranden2/2024/146612/""]},{""text"":""Avgörandets markanvändnings- eller processbedömning lämnar en central invändning olöst."",""basis"":""analysis"",""source_refs"":[]}],""event"":{""rubrik"":""Koncessionsbeslut angrips genom överklagande eller rättsprövning""},""effects"":[{""text"":""Överinstansen eller rättsprövningsdomstolen kan låta beslutet stå fast eller upphäva det inom processens ram."",""basis"":""source"",""source_refs"":[""MINERALLAG""]},{""text"":""Koncessionens slutliga användbarhet förblir osäker under prövningen."",""basis"":""analysis"",""source_refs"":[]},{""text"":""Ett upphävande kan kräva ny handläggning eller en omarbetad ansökan."",""basis"":""analysis"",""source_refs"":[]}]}"
R-B50-M030-03,B50-M030,B50 – Tvärgående och sektorsspecifika spår,"Koncessionsbeslut, regeringsspår och överklagande",Rikskonflikt enligt MB 3–4 kap. fäller avvägningen mot projektet,Rättslig osäkerhet,Extern & omvärld,"Koncessionsprövningen omfattar 3 kap., 4 kap. 1–7 §§ och 5 kap. 18 § miljöbalken. Riksintressen skyddas enligt respektive bestämmelses skade- eller försvåranderekvisit, och oförenliga riksintressen vägs mot varandra enligt 3 kap. 10 §. En koncession kan enligt 4 kap. 5 § minerallagen förenas med villkor till skydd för allmänna intressen eller enskild rätt. Först om förutsättningarna inte kan uppfyllas genom lämplig avgränsning eller tillåtna villkor kan konflikten leda till avslag eller omprojektering.","I regeringsbeslutet den 25 juni 2026, KN2026/00575, beviljades GREENNA Mineral AB bearbetningskoncession för ett reviderat Norra Kärr-projekt. Beslutet innehåller villkor till skydd för Hålaveden, dricksvattenförsörjningen från Vättern, Natura 2000-området Holkaberg och totalförsvaret. Regeringens pressmeddelande, publicerat den 27 juni 2026, beskriver också att den kemiska bearbetningen avses ske på en annan plats.","B50-M030, med återkoppling till B50-M010 (prövningsobjektet kan behöva avgränsas om) och nedströms B50-M040, B50-M050, B50-G900.","Gör riksintresse- och hushållningsanalysen till en kärnfråga redan i koncessions-MKB:n, med konkreta redovisningar av hur rennäring, vattentäkter och naturmiljö skyddas. Utforma projektet med marginaler (buffertzoner, alternativ placering av driftsanläggningar) som kan erbjudas i prövningen utan att projektets bärkraft bryts.","MINERALLAG | MB | NATURA | EXT: Regeringsbeslut 2026-06-25, KN2026/00575 – bearbetningskoncession för Norra Kärr https://www.regeringen.se/contentassets/1a06d0a2615f476e89bee0f5dddf4472/regeringsbeslut.pdf | EXT: Regeringens pressmeddelande 2026-06-27 – Norra Kärr https://www.regeringen.se/pressmeddelanden/2026/06/regeringen-beslutar-att-fyndigheten-i-norra-karr-far-undersokas-vidare/",S0_current_2026,"{""causes"":[{""text"":""Koncessionsområdet berör oförenliga hushållnings- eller riksintressen som ska bedömas enligt miljöbalken."",""basis"":""source"",""source_refs"":[""MINERALLAG"",""MB""]},{""text"":""Länsstyrelsens markanvändningsbedömning avviker från projektets lokaliseringsantaganden."",""basis"":""analysis"",""source_refs"":[]},{""text"":""Upplag, processanläggningar eller infrastruktur tar större markområden i anspråk än den tidiga intresseanalysen omfattade."",""basis"":""analysis"",""source_refs"":[]}],""event"":{""rubrik"":""Rikskonflikt enligt MB 3–4 kap. fäller avvägningen mot projektet""},""effects"":[{""text"":""Koncession kan vägras om de tillämpliga markanvändningsförutsättningarna inte är uppfyllda."",""basis"":""source"",""source_refs"":[""MINERALLAG"",""MB""]},{""text"":""Projektets lokalisering eller anläggningslayout behöver ändras väsentligt."",""basis"":""analysis"",""source_refs"":[]},{""text"":""Mindre utvinningsbarhet eller dyrare infrastruktur försämrar projektets ekonomi."",""basis"":""analysis"",""source_refs"":[]}]}"
R-B50-M040-01,B50-M040,B50 – Tvärgående och sektorsspecifika spår,"Slutför miljötillstånd, Natura 2000 och markanvisning",Koncessionen räcker inte – miljötillståndet blir den verkliga flaskhalsen,Sektorssamordning,Sökande & ansökan,"Bearbetningskoncessionen ger ensamrätt till fyndigheten men tillåter ingen drift: gruvverksamheten kräver tillstånd som miljöfarlig verksamhet enligt MB 9 kap. hos MMD, med full miljöprövning av utsläpp, dammar, avfallsanordningar och vattenpåverkan. MMD kan ställa villkor som gör koncessionens brytningsplan ogörlig, eller neka tillstånd. Att driva koncessionsspår och miljöprövning sekventiellt – i stället för parallellt förberett – fördubblar i praktiken tiden till byggstart, och ett miljötillstånd som avviker från koncessionsantagandena kan kräva omarbetning av båda spåren.",En bearbetningskoncession enligt minerallagen ersätter inte det miljötillstånd eller de andra beslut som krävs för att anlägga och driva gruvverksamheten. Den efterföljande miljöprövningen kan därför leda till villkor eller ett utfall som kräver att projektets tekniska upplägg ändras.,"B50-M040 och nedströms B50-M050, B50-G900; uppströms koppling till B30 (miljöprövningen, B30-100) och B50-N010 (Natura).",Förbered miljötillståndsansökan parallellt med koncessionsärendet och använd samma versionsstyrda tekniska grund. Vid en ny tillståndsansökan tillämpas de allmänna innehållskraven i 22 kap. 1 § MB. Kravet i 22 kap. 1 d § på redovisning av tidigare tillståndsbestämmelser gäller endast vid omprövning eller ansökan om att ändra en verksamhet.,MINERALLAG | MB | SGU_MINING | EXT: Riksdagen bet. 2020/21:NU16 Natura 2000-tillstånd vid ansökan om bearbetningskoncession https://data.riksdagen.se/dokument/H801NU16.html,S0_current_2026,"{""causes"":[{""text"":""En bearbetningskoncession ersätter inte det miljötillstånd som gruvverksamheten behöver enligt miljöbalken."",""basis"":""source"",""source_refs"":[""MINERALLAG"",""MB"",""SGU_MINING""]},{""text"":""Projektplanen behandlar koncessionens markanvändningsutfall som om miljöpåverkan redan vore slutligt godkänd."",""basis"":""analysis"",""source_refs"":[]},{""text"":""Miljötillståndsansökan visar större utsläpp, avfalls- eller vattenrisker än koncessionsunderlaget förutsatte."",""basis"":""analysis"",""source_refs"":[]}],""event"":{""rubrik"":""Koncessionen räcker inte – miljötillståndet blir den verkliga flaskhalsen""},""effects"":[{""text"":""Gruvverksamheten får inte bedrivas utan det självständiga miljötillstånd som krävs."",""basis"":""source"",""source_refs"":[""MB""]},{""text"":""Tillståndsprövningen kan ge avslag eller villkor som ändrar projektets tekniska och ekonomiska grund."",""basis"":""analysis"",""source_refs"":[]},{""text"":""Koncession, projektering och marklösning kan behöva anpassas till miljöprövningens utfall."",""basis"":""analysis"",""source_refs"":[]}]}"
R-B50-M040-02,B50-M040,B50 – Tvärgående och sektorsspecifika spår,"Slutför miljötillstånd, Natura 2000 och markanvisning",Natura 2000-tillståndet hänger inte ihop med koncessionens tidplan,Rättslig osäkerhet,Myndighet & prövning,"En bearbetningskoncession ersätter inte prövningen enligt 7 kap. 28 a–29 b §§ miljöbalken. Natura 2000-frågan kan, beroende på övrig tillståndsplikt och behörig myndighet, prövas tillsammans med en annan miljöbalksansökan men måste avgöras på sina egna materiella förutsättningar. Om förutsättningarna i 7 kap. 28 b § inte är uppfyllda kan tillstånd endast lämnas enligt undantagsregeln i 7 kap. 29 § med regeringens tillåtelse och de kompensationsåtgärder som krävs enligt 29 a §. En koncession kan därför finnas utan att projektet ännu får genomföras.",HFD 2016 ref. 21 slog fast att den aktuella bearbetningskoncessionen inte omfattade nödvändiga driftsanläggningar och att någon samlad bedömning av påverkan på angränsande Natura 2000-områden därför inte hade gjorts. När regeringen beviljade en ny koncession den 25 juni 2026 i ärende KN2026/00575 angav beslutet att miljöbalkens hushållningsbestämmelser skulle tillämpas i koncessionsärendet och förenade koncessionen med villkor. Regeringens pressmeddelande publicerades den 27 juni 2026 och beskrev den fortsatta miljöprövningen.,"B50-M040, parallella spåret B50-N010–B50-N060, nedströms B50-M050 och B50-G900.","Identifiera Natura-konflikten redan i B50-M010 och dimensionera alternativ (flytt av upplag, ändrad deponiteknik) som undanröjer skadan. Om undantag är oundvikligt: förbered regeringsärendet med kompensationspaket tidigt. Samordna tidsplanen för Natura-ansökan med 9 kap.-ansökan så att prövningarna kan hantera samma underlag.","MINERALLAG | MB | NATURA | EXT: HFD 2016 ref. 21, mål 2047-14 (Norra Kärr) https://www.domstol.se/hogsta-forvaltningsdomstolen/avgoranden2/2016/43297/ | EXT: Regeringsbeslut 2026-06-25, KN2026/00575 – bearbetningskoncession för Norra Kärr https://www.regeringen.se/contentassets/1a06d0a2615f476e89bee0f5dddf4472/regeringsbeslut.pdf | EXT: Regeringens pressmeddelande 2026-06-27 – Norra Kärr https://www.regeringen.se/pressmeddelanden/2026/06/regeringen-beslutar-att-fyndigheten-i-norra-karr-far-undersokas-vidare/",S0_current_2026,"{""causes"":[{""text"":""Gruvprojektets verksamhet eller följdåtgärder kan påverka ett Natura 2000-område på ett sätt som kräver tillstånd."",""basis"":""source"",""source_refs"":[""MB"",""NATURA""]},{""text"":""Koncessionens tidplan och utformning utgår från skyddsåtgärder som inte räcker i Natura-prövningen."",""basis"":""analysis"",""source_refs"":[]},{""text"":""Natura-underlaget lämnar kvar osäkerhet om skada eller kräver en undantagsbedömning."",""basis"":""analysis"",""source_refs"":[]}],""event"":{""rubrik"":""Natura 2000-tillståndet hänger inte ihop med koncessionens tidplan""},""effects"":[{""text"":""Koncessionen kan inte ersätta ett Natura 2000-tillstånd som miljöbalken kräver."",""basis"":""source"",""source_refs"":[""MINERALLAG"",""MB""]},{""text"":""Projektet behöver omprojekteras eller ta fram ytterligare skydds- och kompensationsunderlag."",""basis"":""analysis"",""source_refs"":[]},{""text"":""Gruvstarten förskjuts tills Natura-frågan har fått ett användbart slutligt utfall."",""basis"":""analysis"",""source_refs"":[]}]}"
R-B50-M040-03,B50-M040,B50 – Tvärgående och sektorsspecifika spår,"Slutför miljötillstånd, Natura 2000 och markanvisning",Markanvisning och fastighetsrättslig åtkomst halkar efter tillståndsspåren,Intressekonflikt & markåtkomst,Extern & omvärld,"Minerallagen ger koncessionsinnehavaren möjlighet att få utrymme för verksamheten genom markanvisning, men markanvisningen är ett eget formellt förfarande hos Bergmästaren och ersätter inte alla rättigheter som projektet kan behöva. Mark utanför koncessionsområdet för exempelvis vägar, ledningar eller industriytor kan kräva avtal eller andra fastighetsrättsliga beslut. Om dessa frågor inleds sent kan de därför förskjuta genomförandet även när koncession och miljötillstånd finns.","Minerallagens markanvisningsregler och andra markåtkomstregler skapar ett separat genomförandespår för upplag, logistik och infrastruktur. Om nödvändig markåtkomst inte är löst kan den frågan fördröja projektet även om koncessionen har beviljats.","B50-M040, nedströms B50-M050 och B50-G900; koppling även till B50-E-spåret om elledningar ska dras över tredje mans mark.",Kartlägg markbehovet för hela driften – inte bara fyndigheten – redan i koncessions-MKB:n. Starta avtalsförhandlingar och markanvisningsärende parallellt med tillståndsspåren. Säkra optioner på kritiska fastigheter tidigt för att minska exponeringen mot enskilda motståndare.,MINERALLAG | SGU_MINING,S0_current_2026,"{""causes"":[{""text"":""Koncessionsinnehavaren saknar avtal eller markanvisning för mark som behövs för gruvdriften."",""basis"":""source"",""source_refs"":[""MINERALLAG"",""SGU_MINING""]},{""text"":""Markägare och projekt är oeniga om ersättning, områdesgräns eller nyttjandets omfattning."",""basis"":""analysis"",""source_refs"":[]},{""text"":""Markbehovet ändras efter miljöprövning eller detaljprojektering och ryms inte i den pågående markprocessen."",""basis"":""analysis"",""source_refs"":[]}],""event"":{""rubrik"":""Markanvisning och fastighetsrättslig åtkomst halkar efter tillståndsspåren""},""effects"":[{""text"":""Koncessionen ger inte i sig faktisk rätt att ta all nödvändig mark i anspråk utan den markåtkomst som minerallagen kräver."",""basis"":""source"",""source_refs"":[""MINERALLAG""]},{""text"":""Byggstarten blockeras trots att koncession och miljötillstånd finns."",""basis"":""analysis"",""source_refs"":[]},{""text"":""Ersättnings-, markanvisnings- och fastighetsfrågor förlänger och fördyrar genomförandet."",""basis"":""analysis"",""source_refs"":[]}]}"
R-B50-M050-01,B50-M050,B50 – Tvärgående och sektorsspecifika spår,Samlad gruvbyggstartsgate,Beslutspaketet är inkonsistent – villkor biter inte på varandra,Sektorssamordning,Myndighet & prövning,"Den samlade gruvgaten kräver att alla beslut är förenliga och verkställbara samtidigt. I praktiken kan koncessionen avse en geometri som miljötillståndet beskurit, säkerhetsställandet för efterbehandling enligt miljötillståndet vara större än finansieringen antagit, eller PBL-lovets placering av byggnader avvika från MKB-bilagorna. Varje inkonsistens måste lösas genom ändringsansökan, komplettering eller nytt beslut i respektive spår – ofta i turordning, eftersom besluten refererar till varandra. Gaten blir därmed en kvalitetssäkring som kan avslöja fel skapade år tidigare.","Koncession, miljötillstånd, markåtkomst och PBL-beslut har olika rättsverkningar och beslutsunderlag och behöver därför kontrolleras mot varandra. Vid omprövning eller ansökan om att ändra verksamheten kräver 22 kap. 1 d § miljöbalken en redovisning av samtliga tidigare tillståndsbestämmelser och villkor. För andra ansökningar behöver konsistenskontrollen grundas på de regler och beslut som gäller för respektive prövningsspår.","B50-M050, B50-G900, samt uppströms B50-M040, B30-spåret och B50-P-spåret vid behov av rättelser.","Inför en beslutsdatabas som spårar varje villkor, områdesgräns och förstartskrav per beslut, med en formell konsistensgranskning före byggstart. Låt en juridisk samordnare ansvara för versionskontroll av handlingarna över spåren. Begär i varje beslut att det uttryckligen hänvisar till aktuella versioner av underliggande handlingar.",MINERALLAG | MB | SGU_MINING,S0_current_2026,"{""causes"":[{""text"":""Koncession, miljötillstånd eller markanvisning anger olika bindande områdesgränser eller skyldigheter."",""basis"":""source"",""source_refs"":[""MINERALLAG"",""MB""]},{""text"":""Säkerhets-, buller-, damm- eller tidsvillkor har projekterats var för sig utan en gemensam förenlighetskontroll."",""basis"":""analysis"",""source_refs"":[]},{""text"":""En senare dom eller villkorsändring har inte förts in i det samlade beslutspaketet."",""basis"":""analysis"",""source_refs"":[]}],""event"":{""rubrik"":""Beslutspaketet är inkonsistent – villkor biter inte på varandra""},""effects"":[{""text"":""Gruvstarten måste hålla sig inom samtliga tillämpliga beslut och villkor."",""basis"":""source"",""source_refs"":[""MINERALLAG"",""MB""]},{""text"":""Projektet kan inte få ett entydigt byggklarbesked trots att varje beslut formellt finns."",""basis"":""analysis"",""source_refs"":[]},{""text"":""Ändringsprövning eller omprojektering behövs för att göra beslutspaketet genomförbart."",""basis"":""analysis"",""source_refs"":[]}]}"
R-B50-N010-01,B50-N010,B50 – Tvärgående och sektorsspecifika spår,Kan Natura 2000 påverkas betydande?,Indirekt och kumulativ påverkan underskattas i screeningen,Rättslig osäkerhet,Sökande & ansökan,"Tröskeln i MB 7 kap. 28 a § – 'påverka på ett betydande sätt' – omfattar även indirekt och kumulativ påverkan mot områdets bevarandemål och skyddade värden. En screening som bygger på enkel kartöverlagring missar t.ex. grundvattenpåverkan nerströms, störningar på fågelliv utanför områdesgränsen eller samverkan med andra tillståndsgivna anläggningar. Om tillståndsplikten upptäcks först i huvudprövningen, på remiss eller efter överklagande, tvingas projektet till ett Natura 2000-spår i efterhand – ofta parallellt med en pågående domstolsprocess. Gränsdragningen är dessutom beroende av bevarandeplaner som kan vara inaktuella.","Indirekt påverkan utanför en täktgräns kan vara avgörande för Natura 2000-prövningen. NJA 2013 s. 613 gällde Nordkalks planerade täkt vid Bunge och ledde till återförvisning för en prövning som uppfyllde unionsrättens krav. M 5431-14 gällde därefter Nordkalk/Bunge, medan M 5375-14 gällde SMA Mineral/Stucks.",B50-N010 med nedströms B50-N020–B50-N060; sen upptäckt tvingar återföring från B50-G900 och kan pausa huvudspåren B30/B40.,"Screena alltid mot bevarandeplanens skyddade värden och störningsavstånd, inte bara arealöverlagring. Inkludera kumulativ påverkan med andra tillståndsgivna och planerade projekt. Dokumentera screeningen skriftligt så att den kan försvaras vid överklagande.","MB | NATURA | EXT: HD – NJA 2013 s. 613, mål T 3158-12 https://www.domstol.se/hogsta-domstolen/avgoranden2/2013/37066/ | EXT: MÖD – M 5431-14, Nordkalk/Bunge https://www.domstol.se/mark--och-miljooverdomstolen/mark--och-miljooverdomstolens-avgoranden/2018/66859/ | EXT: MÖD – M 5375-14, SMA Mineral/Stucks https://www.domstol.se/mark--och-miljooverdomstolen/mark--och-miljooverdomstolens-avgoranden/2018/66855/",S0_current_2026,"{""causes"":[{""text"":""Screeningen bedömer endast direkt arealintrång och utelämnar relevanta indirekta eller kumulativa effekter på Natura 2000."",""basis"":""source"",""source_refs"":[""MB"",""NATURA""]},{""text"":""Hydrologiska samband eller störningsavstånd sträcker sig utanför projektets redovisade arbetsområde."",""basis"":""analysis"",""source_refs"":[]},{""text"":""Andra befintliga eller planerade verksamheter saknas i den samlade påverkan."",""basis"":""analysis"",""source_refs"":[]}],""event"":{""rubrik"":""Indirekt och kumulativ påverkan underskattas i screeningen""},""effects"":[{""text"":""Natura 2000-tillståndsfrågan behöver bedömas utifrån verksamhetens relevanta samlade påverkan."",""basis"":""source"",""source_refs"":[""MB"",""NATURA""]},{""text"":""Projektet behöver öppna ett Natura-spår eller komplettera huvudprövningen sent."",""basis"":""analysis"",""source_refs"":[]},{""text"":""Ett tidigare beslut kan angripas och byggberedskapen gå förlorad om Natura-frågan inte hanterats korrekt."",""basis"":""analysis"",""source_refs"":[]}]}"
R-B50-N010-02,B50-N010,B50 – Tvärgående och sektorsspecifika spår,Kan Natura 2000 påverkas betydande?,Oklar rollfördelning i screeningen mellan projektägare och länsstyrelse,Myndighetskapacitet & handläggning,Myndighet & prövning,"Screeningsbeslutet görs av projektägare och/eller länsstyrelse beroende på spår, men det finns ingen formell tidsgräns för länsstyrelsens besked om tillståndsplikt i det inledande skedet. Länsstyrelsernas naturvårdsenheter är i flera län hårt belastade, och ett svagt screeningunderlag ger besked som inte håller vid överprövning. Projektägaren bär det slutliga ansvaret att inte bedriva tillståndspliktig verksamhet utan tillstånd, men praktiken att invänta informella besked gör noden till en flaskhals där båda parter väntar på varandra.",Länsstyrelsernas egen vägledning om Natura 2000-tillstånd visar att processen bygger på att sökanden själv tar fram samrådsunderlag och MKB innan myndigheten kan ta ställning – ett upplägg som förutsätter både tid och kapacitet hos båda parter.,B50-N010 och nedströms B50-N020 samt beroenden i B20-G010 (miljöbedömningsväg) som styr om separat BMP-undersökning behövs.,"Driv screeningen själv med egen expertis och lämna ett komplett screeningunderlag till länsstyrelsen istället för att fråga öppet. Begär skriftligt besked, sätt tydliga mötes- och svarstider i dialogen och eskalera via remissvägen om beskedet uteblir.",MB | NATURA | EXT: Länsstyrelsen Värmland – Tillstånd Natura 2000-område https://www.lansstyrelsen.se/varmland/natur-och-landsbygd/aktiviteter-och-atgarder-i-naturen/tillstand-natura-2000-omrade.html,S0_current_2026,"{""causes"":[{""text"":""Projektägaren saknar tillräckligt underlag för att bedöma om åtgärden kan påverka Natura 2000 på ett tillståndspliktigt sätt."",""basis"":""source"",""source_refs"":[""MB"",""NATURA""]},{""text"":""Projektet väntar på ett informellt ställningstagande i stället för att färdigställa sin egen screening."",""basis"":""analysis"",""source_refs"":[]},{""text"":""Länsstyrelsen saknar resurser eller projektdata för att lämna ett tydligt tidigt besked."",""basis"":""analysis"",""source_refs"":[]}],""event"":{""rubrik"":""Oklar rollfördelning i screeningen mellan projektägare och länsstyrelse""},""effects"":[{""text"":""Ett informellt besked från länsstyrelsen ersätter inte den Natura 2000-prövning som krävs om tillståndsplikten i 7 kap. miljöbalken är uppfylld."",""basis"":""source"",""source_refs"":[""MB"",""NATURA""]},{""text"":""Projektet saknar säkert mandat att välja mellan fortsatt projektering och full Natura-prövning."",""basis"":""analysis"",""source_refs"":[]},{""text"":""Ett informellt besked kan omvärderas när mer underlag kommer fram och tidplanen behöver göras om."",""basis"":""analysis"",""source_refs"":[]}]}"
R-B50-N020-01,B50-N020,B50 – Tvärgående och sektorsspecifika spår,Genomför specifik miljöbedömning för Natura 2000,Säsongsberoende inventeringar av skyddade värden försenas och förlänger Natura-MKB:n,Klimat & naturhändelse,Sökande & ansökan,"Natura-MKB:n behöver bygga på tillräcklig kunskap om de skyddade arter och livsmiljöer som kan påverkas. För vissa värden behöver fältinventering göras under en biologiskt relevant period. Om den perioden missas eller om väderförhållanden gör resultatet otillförlitligt kan ytterligare inventering behövas vid ett senare lämpligt tillfälle. Registeruppgifter, äldre inventeringar eller proxydata kan vara otillräckliga när de inte ger ett tillförlitligt underlag för den projektspecifika Natura-bedömningen.","Vid en Natura 2000-prövning behöver inventeringsunderlaget vara tillräckligt för att prövningsinstansen ska kunna bedöma påverkan på de skyddade arter och livsmiljöer som är relevanta för området. Om underlagets omfattning, metod eller tillförlitlighet inte räcker kan komplettering eller avslag aktualiseras.","B50-N020, loop tillbaka från B50-N050 vid omprojektering, samt nedströms B50-N030 och B50-GN040.","Lås inventeringsplanen minst två säsonger före planerad ansökan, med marginal för ett extra år. Använd ackrediterade/erfarna inventerare, dokumentera metodik och täckning, och stäm av metodiken med länsstyrelsen innan fältarbetet startar.",MB | NATURA | EXT: Naturvårdsverket – ärendelista vindkraft (Natura 2000-frågor) https://www.naturvardsverket.se/4a8e81/contentassets/3cfac512e28b4aa8b1e75c33781db056/arendelista-vindkraft.pdf,S0_current_2026,"{""causes"":[{""text"":""Natura-underlaget behöver beskriva de arter, livsmiljöer och ekologiska förhållanden som är relevanta för bevarandesyftet."",""basis"":""source"",""source_refs"":[""MB"",""NATURA""]},{""text"":""Projektstarten sker efter att ett relevant inventeringsfönster har passerat."",""basis"":""analysis"",""source_refs"":[]},{""text"":""Väder eller vattenföring gör planerad fältdata icke representativ."",""basis"":""analysis"",""source_refs"":[]}],""event"":{""rubrik"":""Säsongsberoende inventeringar av skyddade värden försenas och förlänger Natura-MKB:n""},""effects"":[{""text"":""Prövningen behöver ett tillräckligt Natura-underlag innan tillståndsfrågan kan avgöras positivt."",""basis"":""source"",""source_refs"":[""MB"",""NATURA""]},{""text"":""Fältarbete och ansökan skjuts till ett lämpligt inventeringstillfälle."",""basis"":""analysis"",""source_refs"":[]},{""text"":""Kompletteringar ökar kostnaden och ett svagare underlag höjer risken för avslag eller återförvisning."",""basis"":""analysis"",""source_refs"":[]}]}"
R-B50-N020-02,B50-N020,B50 – Tvärgående och sektorsspecifika spår,Genomför specifik miljöbedömning för Natura 2000,Bristfällig alternativ- och kumulativ analys håller inte vid prövning,Underlagsbrist & data,Sökande & ansökan,"Noden kräver analys av alternativ, kumulativa effekter och koppling till bevarandemålen. Om analysen är för tunn blir hela kedjan sårbar: prövningsmyndigheten kan inte undanröja rimligt tvivel i B50-GN040 och undantagsvägen i 29 § kräver dessutom att frånvaro av alternativa lösningar visas. En Natura-MKB som inte täcker detta tvingar antingen komplettering eller, i värsta fall, ett helt omtag efter avslag. Att separat BMP-undersökning inte krävs gör att det är lätt att underskatta underlagskraven – miljöbedömningen ska ändå motsvara den specifika miljöbedömningens kvalitet.",I M 5375-14 prövades SMA Minerals ansökan om täkt vid Stucks efter att Natura 2000-området hade utvidgats så att bifall skulle innebära brytning inom området. Eftersom detta skulle medföra permanent förlust av skyddade livsmiljöer fann MÖD att Natura 2000-tillstånd inte kunde ges. Avgörandet belyser behovet av att identifiera ändrade områdesgränser och bedöma deras konsekvenser.,"B50-N020 och nedströms B50-N030, B50-GN040 och B50-N050; vid avslag återkoppling till B10-020 (lokalisering) och B20 (miljöbedömning).","Bygg Natura-MKB:n explicit mot prövningsrekvisiten i MB 7 kap. 28 a–29 §§: alternativ, kumulativa effekter, bevarandemål, osäkerhetsanalys. Låt en oberoende granskare verifiera spårbarheten från data till slutsats innan ansökan lämnas.","MB | NATURA | EXT: MÖD – M 5375-14, SMA Mineral/Stucks https://www.domstol.se/mark--och-miljooverdomstolen/mark--och-miljooverdomstolens-avgoranden/2018/66855/",S0_current_2026,"{""causes"":[{""text"":""Natura-MKB:n saknar en tillräcklig analys av alternativ eller samverkande effekter."",""basis"":""source"",""source_refs"":[""MB"",""NATURA""]},{""text"":""Nollalternativet och realistiska lokaliseringar jämförs inte på samma ekologiska underlag."",""basis"":""analysis"",""source_refs"":[]},{""text"":""Andra verksamheters påverkan redovisas var för sig men inte i en gemensam bedömning."",""basis"":""analysis"",""source_refs"":[]}],""event"":{""rubrik"":""Bristfällig alternativ- och kumulativ analys håller inte vid prövning""},""effects"":[{""text"":""Underlaget behöver kompletteras så att Natura-prövningens lagkrav kan bedömas."",""basis"":""source"",""source_refs"":[""MB"",""NATURA""]},{""text"":""Kommunicering och ny expertgranskning förlänger handläggningen."",""basis"":""analysis"",""source_refs"":[]},{""text"":""Projektet kan behöva omprojekteras eller avslås om ett genomförbart alternativ saknas."",""basis"":""analysis"",""source_refs"":[]}]}"
R-B50-N030-01,B50-N030,B50 – Tvärgående och sektorsspecifika spår,Lämna och komplettera Natura 2000-ansökan,Natura 2000-frågan lämnas till fel instans eller samordnas inte med huvudprövningen,Sektorssamordning,Sökande & ansökan,Enligt 7 kap. 29 b § miljöbalken prövar länsstyrelsen Natura 2000-tillstånd som huvudregel. Om verksamheten eller åtgärden samtidigt omfattas av tillståndsplikt eller dispensprövning enligt 9 eller 11–15 kap. ska Natura 2000-frågan i stället prövas av den myndighet som prövar den andra frågan. Projektägaren kan alltså inte fritt välja mellan separat och samordnad prövning. Underlag och tidsplan behöver ändå samordnas mellan de beslut som enligt lagen ligger i skilda spår.,Behörighetsfördelningen följer av 7 kap. 29 b § miljöbalken. För bearbetningskoncessioner innebär 4 kap. 2 § minerallagen sedan den 1 juli 2024 att Natura 2000-frågan prövas självständigt i den senare miljöprövningen.,"B50-N030 med nedströms B50-GN040 och B50-N060, samt instansnoderna i B30-G110 och motsvarande i B40 (vatten) där huvudprövningen bedrivs.","Välj samordnad prövning när det är möjligt och begär det uttryckligen i ansökan. Synkronisera bevisningen mellan spåren så att samma Natura-MKB ligger till grund, och upprätta en gemensam tidsplan med alla berörda myndigheter och domstolar.",MB | MINERALLAG | NATURA | SFS2024_325,S0_current_2026,"{""causes"":[{""text"":""Natura 2000-ansökan lämnas till länsstyrelsen trots att en annan miljöbalksprövning enligt 7 kap. 29 b § ska omfatta frågan."",""basis"":""source"",""source_refs"":[""MB""]},{""text"":""Projektet utgår från organisatorisk närhet i stället för den konkreta behörighetsregeln."",""basis"":""analysis"",""source_refs"":[]},{""text"":""Huvud- och Natura-underlagen ges in parallellt utan gemensam avgränsning eller beslutsstrategi."",""basis"":""analysis"",""source_refs"":[]}],""event"":{""rubrik"":""Natura 2000-frågan lämnas till fel instans eller samordnas inte med huvudprövningen""},""effects"":[{""text"":""Natura-frågan behöver handläggas av den instans som miljöbalkens samordningsregel anger."",""basis"":""source"",""source_refs"":[""MB""]},{""text"":""Ärenden behöver överlämnas, samordnas eller göras om."",""basis"":""analysis"",""source_refs"":[]},{""text"":""Motstridiga eller tidsmässigt osynkroniserade beslut kan göra huvudtillståndet oanvändbart."",""basis"":""analysis"",""source_refs"":[]}]}"
R-B50-N030-02,B50-N030,B50 – Tvärgående och sektorsspecifika spår,Lämna och komplettera Natura 2000-ansökan,Kompletteringsloopar i Natura-ärendet återställer tidplanen,Myndighetskapacitet & handläggning,Myndighet & prövning,"Vilka uppgifter en Natura 2000-ansökan behöver innehålla följer av miljöbalkens och miljöbedömningsreglernas krav samt av den påverkan som ska bedömas. Om underlaget inte räcker för prövningen enligt 7 kap. 28 b § miljöbalken kan myndigheten begära komplettering, inklusive ytterligare inventering eller alternativanalys när det behövs.","Länsstyrelsens vägledning beskriver flera moment i en ansökan om Natura 2000-tillstånd, bland annat samråd och miljökonsekvensbeskrivning när det krävs. Om underlaget inte räcker för bedömningen enligt 7 kap. 28 b § miljöbalken kan komplettering eller omtag behövas.","B50-N030, med återkoppling till B50-N020, och fördröjning av B50-GN040 samt samlingsgaten B50-G900.",Gör en egen kompletthetskontroll mot myndighetens checklista och prövningsrekvisiten innan inlämning. Förhandla om kompletteringsfrågornas omfattning vid kompletteringsmöte och begär att flera brister hanteras i en enda kompletteringsrunda.,MB | NATURA | EXT: Länsstyrelsen Värmland – Tillstånd Natura 2000-område https://www.lansstyrelsen.se/varmland/natur-och-landsbygd/aktiviteter-och-atgarder-i-naturen/tillstand-natura-2000-omrade.html,S0_current_2026,"{""causes"":[{""text"":""Prövningsmyndigheten begär komplettering av Natura-underlaget."",""basis"":""source"",""source_refs"":[""MB"",""NATURA""]},{""text"":""Kompletteringen introducerar ny projektutformning eller nya miljöuppgifter som behöver kommuniceras."",""basis"":""analysis"",""source_refs"":[]},{""text"":""Varje svar lämnar kvar en annan kunskapslucka om påverkan eller skyddsåtgärd."",""basis"":""analysis"",""source_refs"":[]}],""event"":{""rubrik"":""Kompletteringsloopar i Natura-ärendet återställer tidplanen""},""effects"":[{""text"":""Det kompletterade materialet behöver beredas innan Natura-beslutet kan meddelas."",""basis"":""source"",""source_refs"":[""MB""]},{""text"":""Konsult-, fält- och expertkostnader ökar."",""basis"":""analysis"",""source_refs"":[]},{""text"":""Huvudprojektets byggstart förblir osäker medan kompletteringsloopen pågår."",""basis"":""analysis"",""source_refs"":[]}]}"
R-B50-N050-01,B50-N050,B50 – Tvärgående och sektorsspecifika spår,"Omlokalisera, omprojektera eller pröva undantagsväg",Omprojekteringen skapar ny kumulativ påverkan och nollställer underlaget,Teknisk komplexitet,Myndighet & prövning,En omprojektering kan kräva att berörda delar av MKB:n och teknikbeskrivningen uppdateras. Omfattningen beror på ändringens betydelse.,"En lokalisering som undviker ett skyddsintresse kan samtidigt beröra ett annat, eftersom Natura 2000, reservat, strandskydd och fornlämningsskydd har skilda rekvisit och geografiska avgränsningar. Kungälvs arenaområde belyser hur fornlämnings- och planfrågor kan påverka behovet av omprojektering.","B50-N050 med återkoppling till B50-N020, samt B50-X010, B50-K010 och B10-020 (lokaliseringsbeslut).",Gör omprojekteringen multi-kriteriebaserad: screena varje kandidatläge mot samtliga skyddsregelverk samtidigt innan nytt läge låses. Behåll ett reservläge och planera inventeringar så att de täcker båda alternativen.,MB | NATURA | KML | STRAND | EXT: Kungälvs kommun – samrådsredogörelse arenaområdet (arkeologi och anbudsprocess) https://www.kungalv.se/contentassets/c642667d98294c7b923f7b0e4dd38dbf/samradsredogorelse-arenaomradet.pdf,S0_current_2026,"{""causes"":[{""text"":""Den omprojekterade lokaliseringen berör ett annat skyddat område eller värde som kräver ny bedömning."",""basis"":""source"",""source_refs"":[""MB"",""NATURA"",""KML"",""STRAND""]},{""text"":""Den nya utformningen ligger utanför tidigare inventeringsområde."",""basis"":""analysis"",""source_refs"":[]},{""text"":""Flyttad påverkan samverkar med andra projekt på ett sätt som den gamla kumulativa analysen inte täcker."",""basis"":""analysis"",""source_refs"":[]}],""event"":{""rubrik"":""Omprojekteringen skapar ny kumulativ påverkan och nollställer underlaget""},""effects"":[{""text"":""Den nya utformningen behöver prövas mot de skyddsregler som gäller för den nya platsen."",""basis"":""source"",""source_refs"":[""MB"",""NATURA""]},{""text"":""Inventering, ansökan och samråd behöver delvis göras om."",""basis"":""analysis"",""source_refs"":[]},{""text"":""Upprepade omlokaliseringar kan visa att ingen praktiskt genomförbar korridor återstår."",""basis"":""analysis"",""source_refs"":[]}]}"
R-B50-N050-02,B50-N050,B50 – Tvärgående och sektorsspecifika spår,"Omlokalisera, omprojektera eller pröva undantagsväg",Undantagsvägen i 29 § är politisk och oförutsägbar,Politisk & policyrisk,Extern & omvärld,"Undantagsprövningen enligt MB 7 kap. 29 § kräver att det saknas alternativa lösningar, att det finns tvingande hänsyn av allmänt intresse och att kompensationsåtgärder säkerställer nätverkets sammanhållning. Avgörandet fattas politiskt av regeringen, inte av en domstol, och utgången beror på regeringens sammansättning, konjunkturläge och dagsaktuell politik snarare än enbart på underlagets kvalitet. Det finns ingen handläggningstid som skyddar sökanden, och beslutet kan bara rättsprövas i Högsta förvaltningsdomstolen på begränsade grunder.","Regeringen avslog Blekinge Offshore den 20 december 2016 på grund av konflikt med totalförsvarets intressen. I ett separat beslut den 4 november 2024 avslog regeringen 13 andra namngivna vindkraftsprojekt i Östersjön av försvarsskäl. Regeringens koncessionsbeslut för Kallak/Gállok rättsprövades i HFD 2024 not. 36, mål 3893-22, och skulle stå fast.",B50-N050 med nedströms B50-N060; hela projektets investeringsbeslut beroende av samlingsgaten B50-G900.,"Gå undantagsvägen bara som sista utväg och bygg då argumentationen kring det tvingande allmänintresset med samma noggrannhet som det naturvetenskapliga underlaget. Säkerställ att kompensationsåtgärderna är konkreta, finansierade och genomförbara före beslutet.","MB | NATURA | EXT: Regeringen – beslut om Blekinge Offshore https://www.regeringen.se/contentassets/5a5304ce813441b4b4bafe37d48300a4/beslut---ansokan-om-tillstand-enligt-miljobalken-till-uppforande-och-drift-av-gruppstation-for-vindkraft-i-hanobukten-i-slovesborgs-och-karlshamns-kommuner.pdf | EXT: Regeringen – avslag på 13 havsbaserade vindkraftparker i Östersjön https://www.regeringen.se/pressmeddelanden/2024/11/avslag-pa-13-havsbaserade-vindkraftparker-i-ostersjon/ | EXT: HFD 2024 not. 36, mål 3893-22 https://www.domstol.se/hogsta-forvaltningsdomstolen/avgoranden2/2024/146612/",S0_current_2026,"{""causes"":[{""text"":""Projektet kan inte uppfylla den ordinarie Natura 2000-förutsättningen och åberopar undantagsregeln i 7 kap. 29 § miljöbalken."",""basis"":""source"",""source_refs"":[""MB"",""NATURA""]},{""text"":""Sökanden bedömer att projektintresset är tvingande utan att tillräckligt visa alternativ och kompensation."",""basis"":""analysis"",""source_refs"":[]},{""text"":""Projektplanen saknar marginal för regeringens självständiga bedömning och ett eventuellt rättsprövningsspår."",""basis"":""analysis"",""source_refs"":[]}],""event"":{""rubrik"":""Undantagsvägen i 29 § är politisk och oförutsägbar""},""effects"":[{""text"":""Undantagsvägen kräver att samtliga lagstadgade förutsättningar, inklusive kompensation, är uppfyllda."",""basis"":""source"",""source_refs"":[""MB"",""NATURA""]},{""text"":""Regeringsberedning och möjlig efterföljande prövning förlänger osäkerheten."",""basis"":""analysis"",""source_refs"":[]},{""text"":""Ett avslag innebär omlokalisering, begränsning eller att projektet avbryts."",""basis"":""analysis"",""source_refs"":[]}]}"
R-B50-N050-03,B50-N050,B50 – Tvärgående och sektorsspecifika spår,"Omlokalisera, omprojektera eller pröva undantagsväg",Kompensationsåtgärdernas ekologiska effekt är osäker och kan undermineras i efterhand,Rättslig osäkerhet,Sökande & ansökan,"För att undantag enligt 29 § ska vara möjligt måste kompensationsåtgärderna säkerställa Natura 2000-nätverkets sammanhållning. I praktiken är ekologisk kompensation – nya våtmarker, flyttade livsmiljöer, skydd av ersättningsområden – ofta osäker i effekt, fördröjd i tid eller beroende av tredje parts mark. Om kompensationen inte kan visas realistisk faller undantagsgrundens sista rekvisit. Dessutom kan villkorade kompensationsåtgärder bli föremål för tvist vid uppföljning och tillsyn långt efter byggstart.","Art- och habitatdirektivets artikel 6.4, som 29 § genomför, kräver uttryckligen att alla kompensationsåtgärder som behövs för att säkerställa nätverkets sammanhållning vidtas. EU-rättens och svenska myndigheters vägledning understryker att kompensationen måste vara konkret och genomförbar – inte en avsiktsförklaring.",B50-N050 och nedströms B50-N060; villkoren följer med in i huvudtillståndets uppföljnings- och tillsynsfaser (B60).,Välj kompensationsåtgärder med dokumenterad ekologisk effekt och säkra markkontroll (avtal/servitut) tidigt. Beskriv tidsordningen – kompensation före eller samtidigt med skadan – och bygg in uppföljning med tydliga avbrottskriterier.,MB | NATURA | EXT: Naturvårdsverket – Natura 2000 i Sverige https://www.naturvardsverket.se/vagledning-och-stod/skyddad-natur/natura-2000-i-sverige/,S0_current_2026,"{""causes"":[{""text"":""Undantagsansökan bygger på kompensationsåtgärder vars ekologiska funktion behöver vara säkerställd enligt Natura-reglerna."",""basis"":""source"",""source_refs"":[""MB"",""NATURA""]},{""text"":""Den avsedda kompensationsplatsen saknar långsiktig rådighet eller rätt ekologiska förutsättningar."",""basis"":""analysis"",""source_refs"":[]},{""text"":""Tidsfördröjningen mellan skada och uppnådd kompensation har underskattats."",""basis"":""analysis"",""source_refs"":[]}],""event"":{""rubrik"":""Kompensationsåtgärdernas ekologiska effekt är osäker och kan undermineras i efterhand""},""effects"":[{""text"":""Tillåtelse kan inte grundas på kompensation som inte uppfyller Natura-reglernas krav."",""basis"":""source"",""source_refs"":[""MB"",""NATURA""]},{""text"":""Byggstarten skjuts fram medan åtgärden säkras, genomförs eller verifieras."",""basis"":""analysis"",""source_refs"":[]},{""text"":""Osäker funktion skapar långvariga kontroll-, tillsyns- och tvistfrågor."",""basis"":""analysis"",""source_refs"":[]}]}"
R-B50-N060-01,B50-N060,B50 – Tvärgående och sektorsspecifika spår,"Natura-beslut, överklagande och laga kraft",Överklagande i Natura-spåret kan förskjuta byggstarten,Överklagande & rättsprocess,Extern & omvärld,"Natura 2000-frågan kan prövas inom huvudmålet eller i ett separat beslut, och överklagandevägen följer den aktuella beslutstypen. Miljöorganisationer och andra kan ha klagorätt om lagens rekvisit är uppfyllda. Om en projektåtgärd kräver Natura 2000-tillstånd får den berörda delen inte påbörjas utan ett verkställbart tillstånd. Ett fortfarande överprövat Natura-beslut kan därför hålla tillbaka just den delen även om andra beslut har blivit slutliga.",I NJA 2013 s. 613 undanröjde Högsta domstolen underinstansernas avgöranden i tillståndsdelen för Nordkalks Bungeprojekt och återförvisade målet för en fullständig Natura 2000-prövning. Mark- och miljööverdomstolen avslog senare Nordkalks ansökan i M 5431-14 den 11 september 2018. M 5375-14 avsåg SMA Minerals separata täktansökan vid Stucks.,B50-N060 och samlingsgaten B50-G900; blockerar berört markarbete i B70 även när B30/B40-tillstånd vunnit laga kraft.,"Planera byggnationen i etapper så att arbete utanför den Natura-berörda delen kan fortsätta. Säkerställ att beslutets verkställbarhetsrekvisit uppfylls innan entreprenader tecknas, och för tidig dialog med tänkbara klagande för att minska överklagandeincitamentet.","MB | MMDL | NATURA | EXT: HD – NJA 2013 s. 613, mål T 3158-12 https://www.domstol.se/hogsta-domstolen/avgoranden2/2013/37066/ | EXT: MÖD – M 5431-14, Nordkalk/Bunge https://www.domstol.se/mark--och-miljooverdomstolen/mark--och-miljooverdomstolens-avgoranden/2018/66859/ | EXT: MÖD – M 5375-14, SMA Mineral/Stucks https://www.domstol.se/mark--och-miljooverdomstolen/mark--och-miljooverdomstolens-avgoranden/2018/66855/",S0_current_2026,"{""causes"":[{""text"":""En taleberättigad organisation eller enskild överklagar Natura-beslutet."",""basis"":""source"",""source_refs"":[""MB"",""MMDL"",""NATURA""]},{""text"":""Projektägaren överklagar ett avslag eller villkor som gör utformningen oanvändbar."",""basis"":""analysis"",""source_refs"":[]},{""text"":""Bevisvärderingen om skada eller skyddsåtgärd lämnar en fråga som kan ändras i högre instans."",""basis"":""analysis"",""source_refs"":[]}],""event"":{""rubrik"":""Överklagande i Natura-spåret kan förskjuta byggstarten""},""effects"":[{""text"":""Natura-frågan handläggs vidare i den tillämpliga domstolskedjan."",""basis"":""source"",""source_refs"":[""MB"",""MMDL""]},{""text"":""Den berörda åtgärdens byggberedskap skjuts fram eller blir villkorad av överprövningens utfall."",""basis"":""analysis"",""source_refs"":[]},{""text"":""Avgörandet kan kräva nya utredningar, omprojektering eller avslut av projektet."",""basis"":""analysis"",""source_refs"":[]}]}"
R-B50-N060-02,B50-N060,B50 – Tvärgående och sektorsspecifika spår,"Natura-beslut, överklagande och laga kraft",Natura-villkor kolliderar med huvudtillståndets villkor,Sektorssamordning,Myndighet & prövning,"När Natura-beslutet meddelas separat från huvudtillståndet finns ingen automatisk mekanism som säkerställer att villkoren är förenliga. Skyddsåtgärder, tidsbegränsningar för störande arbete och övervakningskrav kan överlappa eller motsäga varandra, och i tvister om vilket villkor som gäller är det den strängaste tolkningen som i praktiken styr driften. Avvikelser riskerar att bedömas som brott mot respektive beslut oberoende av varandra, med tillsynsärenden som följd.","Parallella beslut enligt exempelvis miljöbalkens regler om miljöfarlig verksamhet, vattenverksamhet, Natura 2000 och strandskydd kan innehålla villkor som behöver läsas tillsammans. Eftersom besluten har separata prövnings- och överklagandespår finns en risk för oklarheter eller konflikter vid uppföljning.","B50-N060, samlingsgaten B50-G900 samt drift- och tillsynsfaserna i B60.",Gör en villkorsmatris över alla meddelade beslut före byggstart och lös motsägelser genom begäran om förtydligande eller ändring. Arbeta för att samordnad prövning väljs i B50-N030 så att villkoren meddelas i samma ärende.,MB | MMDL | COURT_MFV | COURT_APPEAL,S0_current_2026,"{""causes"":[{""text"":""Natura-beslutet och huvudtillståndet innehåller bindande villkor som inte är inbördes förenliga."",""basis"":""source"",""source_refs"":[""MB""]},{""text"":""Besluten har meddelats av olika instanser utifrån olika projektversioner."",""basis"":""analysis"",""source_refs"":[]},{""text"":""Skyddstider, uppföljning eller tekniska åtgärder har inte jämförts före finalitet."",""basis"":""analysis"",""source_refs"":[]}],""event"":{""rubrik"":""Natura-villkor kolliderar med huvudtillståndets villkor""},""effects"":[{""text"":""Projektet måste följa samtliga tillämpliga villkor, även när kombinationen blir mer begränsande än ett enskilt beslut."",""basis"":""source"",""source_refs"":[""MB""]},{""text"":""Drift eller byggande behöver begränsas medan konflikten klarläggs."",""basis"":""analysis"",""source_refs"":[]},{""text"":""Villkorsändring eller omprövning kan behövas i ett eller flera spår."",""basis"":""analysis"",""source_refs"":[]}]}"
R-B50-N060-03,B50-N060,B50 – Tvärgående och sektorsspecifika spår,"Natura-beslut, överklagande och laga kraft",Beslutet är inte verkställbart – laga kraft missförstås och arbete stoppas,Myndighetskapacitet & handläggning,Sökande & ansökan,"Noden kräver att ett nödvändigt tillstånd är verkställbart före berört arbete. I praktiken missförstås ofta skillnaden mellan ett meddelat beslut, ett lagakraftvunnet beslut och ett beslut med verkställighetsförordnande. Ett påbörjat arbete utan verkställbart tillstånd kan stoppas av tillsynsmyndighet eller domstol (inhibition/interimistiskt beslut), vilket skapar både juridisk exponering och brutna entreprenader. Risken förstärks när flera beslut i olika spår har olika laga kraft-status samtidigt.","Om ett beslut får tas i anspråk före laga kraft beror på beslutstypen, tillämpliga verkställighetsregler, ett eventuellt uttryckligt verkställighetsförordnande och om överinstansen beslutar om inhibition. Frågan behöver därför analyseras särskilt för varje beslut i projektets tillståndspaket.","B50-N060 och samlingsgaten B50-G900, med direkt koppling till byggstartnoderna i B70.","Inför en lagakraft-checklista i projektets byggstartsbeslut som kvitterar status för varje berört beslut. Begär verkställighetsförordnande när tidplanen kräver det, och inhämta dispens för förberedande arbeten där det är möjligt.",MB | MMDL | COURT_APPEAL,S0_current_2026,"{""causes"":[{""text"":""Projektet planerar arbete med stöd av ett Natura-beslut som är överklagat och saknar tillämplig verkställighetsrätt."",""basis"":""source"",""source_refs"":[""MB"",""MMDL""]},{""text"":""Byggledningen likställer ett meddelat beslut med laga kraft."",""basis"":""analysis"",""source_refs"":[]},{""text"":""Överklagande- och inhibitionsstatus har inte uppdaterats i projektets startkontroll."",""basis"":""analysis"",""source_refs"":[]}],""event"":{""rubrik"":""Beslutet är inte verkställbart – laga kraft missförstås och arbete stoppas""},""effects"":[{""text"":""Åtgärden får inte genomföras innan beslutet kan användas enligt den tillämpliga processordningen."",""basis"":""source"",""source_refs"":[""MB"",""MMDL""]},{""text"":""Planerat eller påbörjat arbete behöver stoppas."",""basis"":""analysis"",""source_refs"":[]},{""text"":""Entreprenad-, återställnings- och tillsynskostnader kan uppstå under väntetiden."",""basis"":""analysis"",""source_refs"":[]}]}"
R-B50-P010-01,B50-P010,B50 – Tvärgående och sektorsspecifika spår,Krävs ny eller ändrad detaljplan?,Kommunens planmonopol: ovilja eller köstopp stoppar projektet i förhand,Politisk & policyrisk,Extern & omvärld,"Kommunen avgör om planarbete ska inledas och om en detaljplan ska antas. Den som avser att vidta en planberoende åtgärd kan begära planbesked enligt 5 kap. PBL; beskedet ska normalt lämnas inom fyra månader, är inte bindande och får inte överklagas. Ett positivt planbesked ger därför ingen rätt till en antagen detaljplan, och projektets fortsättning beror på kommunens fortsatta planläggning.",Kommunen beslutar om planläggning enligt plan- och bygglagen och kan därför påverka om och när ett planberoende projekt får planförutsättningar.,B50-P010 med nedströms B50-P020 och B50-P030; om planen uteblir blockeras hela PBL-spåret och därmed byggberedskapen i B70.,"Säkra politisk förankring tidigt genom dialog med kommunledning och nämnder, och erbjud att bekosta planarbetet (exploateringsavtal/medfinansiering) för att få plats i plankön. Dokumentera kommunens ställningstaganden skriftligt.",PBL | PBL_PLAN,S0_current_2026,"{""causes"":[{""text"":""Kommunen bedömer att projektet kräver detaljplan men beslutar inte att inleda eller fullfölja planläggningen."",""basis"":""source"",""source_refs"":[""PBL"",""PBL_PLAN""]},{""text"":""Kommunens politiska majoritet prioriterar andra markanvändningsintressen."",""basis"":""analysis"",""source_refs"":[]},{""text"":""Planorganisationens kapacitet läggs på andra ärenden trots projektets önskade tidplan."",""basis"":""analysis"",""source_refs"":[]}],""event"":{""rubrik"":""Kommunens planmonopol: ovilja eller köstopp stoppar projektet i förhand""},""effects"":[{""text"":""Projektägaren kan inte själv anta den detaljplan som åtgärden behöver enligt plan- och bygglagen."",""basis"":""source"",""source_refs"":[""PBL""]},{""text"":""Projektet behöver avvakta, ändras eller söka en annan lokalisering."",""basis"":""analysis"",""source_refs"":[]},{""text"":""Miljö-, mark- och investeringsarbete för den valda platsen tappar värde om planen inte drivs vidare."",""basis"":""analysis"",""source_refs"":[]}]}"
R-B50-P010-02,B50-P010,B50 – Tvärgående och sektorsspecifika spår,Krävs ny eller ändrad detaljplan?,Felbedömt planbehov: projektet bedöms inte kräva plan – och tvingas ändå till det sent,Rättslig osäkerhet,Myndighet & prövning,"Gränsdragningen mellan åtgärder som följer gällande plan, som kräver planändring och som kräver helt ny plan är tolkningsbar – särskilt för anläggningar utanför detaljplaneläge där PBL:s krav på att åtgärder ska vara förenliga med riksintressen och översiktsplan ändå gäller. Om planbedömningen görs optimistiskt för att spara tid, kan en senare instans (byggnadsnämnd, MMD vid överklagat bygglov, eller länsstyrelsen vid riksintressebevakning) kräva plan efter att miljöprövningen redan pågått. Då måste PBL-spåret köras i efterhand, utan samordning.",Planbehovet ska bedömas mot kriterierna i plan- och bygglagen och projektets konkreta omgivningspåverkan.,"B50-P010, B50-P020 samt huvudspåren B30/B40 vars prövning kan påverkas av planläget.","Låt kommunen ge ett skriftligt och motiverat ställningstagande till planbehovet tidigt, och testa bedömningen mot länsstyrelsens riksintressebevakning. Vid minsta tveksamhet, välj planvägen proaktivt istället för att chansa.","PBL | PBL_PLAN | EXT: MÖD – P 1151-23, dom 5 juni 2024 https://www.domstol.se/mark--och-miljooverdomstolen/mark--och-miljooverdomstolens-avgoranden/2024/145753/",S0_current_2026,"{""causes"":[{""text"":""Den slutliga åtgärdens omfattning eller omgivningspåverkan når den nivå där PBL:s planläggningskrav aktualiseras."",""basis"":""source"",""source_refs"":[""PBL"",""PBL_PLAN""]},{""text"":""Projektets omfattning eller omgivningspåverkan växer efter det informella beskedet."",""basis"":""analysis"",""source_refs"":[]},{""text"":""Befintlig plans användning, byggrätt eller genomförandeförutsättningar har tolkats för generöst."",""basis"":""analysis"",""source_refs"":[]}],""event"":{""rubrik"":""Felbedömt planbehov: projektet bedöms inte kräva plan – och tvingas ändå till det sent""},""effects"":[{""text"":""Den nödvändiga planprocessen måste genomföras innan de planberoende besluten kan bära projektet."",""basis"":""source"",""source_refs"":[""PBL""]},{""text"":""Lov eller andra beslut som byggt på fel planbedömning kan upphävas."",""basis"":""analysis"",""source_refs"":[]},{""text"":""PBL- och miljöspåren behöver samordnas på nytt mot den kommande planen."",""basis"":""analysis"",""source_refs"":[]}]}"
R-B50-P020-01,B50-P020,B50 – Tvärgående och sektorsspecifika spår,"Planbesked, planförslag, samråd och granskning",Lokal opinion och samrådsmotstånd förlänger eller omkullkastar planarbetet,Samråd & motstånd,Extern & omvärld,"Planprocessens samråds- och granskningsskeden ger berörda och allmänheten möjlighet att lämna synpunkter. Kommunen ska redovisa och bemöta synpunkterna enligt plan- och bygglagen, men invändningar medför inte automatiskt att planen ändras eller avbryts. Om synpunkterna visar på sakliga brister eller leder till en annan politisk bedömning kan förslaget behöva utredas, ändras eller avslutas.","Plan- och bygglagen reglerar samråd, granskning och kommunens redovisning av inkomna synpunkter. De citerade branschrapporterna ger bakgrund om överklaganden och ledtider för detaljplaner, men visar inte att lokal opinion är den huvudsakliga orsaken i varje enskilt projekt.",B50-P020 med nedströms B50-P030; loop tillbaka till B50-P020 vid omarbetning och fördröjning av hela PBL-spåret.,"Investera i tidig, genuin dialog med berörda innan formellt samråd: lokala möten, anpassningar och dokumenterad bemötande av synpunkter. Samordna budskap och underlag med miljöprövningens samråd i B20 så att allmänheten möter en enhetlig bild.",PBL | PBL_PLAN | EXT: Fastighetsägarna – Överklagande av detaljplaner (rapport 2023) https://www.fastighetsagarna.se/globalassets/bilder/nyheter/sverige/rapport-overklagande-av-detaljplaner-2023.pdf | EXT: Byggföretagen – Överklagande av detaljplaner (2023) https://byggforetagen.se/app/uploads/2023/04/Overklagande-av-detaljplaner-mars-2023.pdf,S0_current_2026,"{""causes"":[{""text"":""Samråd eller granskning ger in synpunkter som kommunen behöver ta ställning till i planprocessen."",""basis"":""source"",""source_refs"":[""PBL"",""PBL_PLAN""]},{""text"":""Många berörda motsätter sig lokalisering, trafik, störningar eller förändrad landskapsbild."",""basis"":""analysis"",""source_refs"":[]},{""text"":""Det politiska stödet minskar när motståndet blir synligt inför antagandebeslutet."",""basis"":""analysis"",""source_refs"":[]}],""event"":{""rubrik"":""Lokal opinion och samrådsmotstånd förlänger eller omkullkastar planarbetet""},""effects"":[{""text"":""Kommunen behöver behandla relevanta synpunkter innan detaljplanen antas."",""basis"":""source"",""source_refs"":[""PBL"",""PBL_PLAN""]},{""text"":""Planförslaget kompletteras eller omarbetas och processen förlängs."",""basis"":""analysis"",""source_refs"":[]},{""text"":""Kommunen kan välja att avbryta planarbetet eller anta en mer begränsad plan."",""basis"":""analysis"",""source_refs"":[]}]}"
R-B50-P020-02,B50-P020,B50 – Tvärgående och sektorsspecifika spår,"Planbesked, planförslag, samråd och granskning",Länsstyrelsens riksintressebevakning stoppar planförslaget,Intressekonflikt & markåtkomst,Extern & omvärld,"Länsstyrelsen ska under planprocessen bevaka de statliga intressena och kan efter kommunens antagandebeslut besluta om överprövning enligt 11 kap. 10 § PBL. Om någon av ingripandegrunderna är uppfylld ska länsstyrelsen enligt 11 kap. 11 § upphäva kommunens beslut helt eller, med kommunens medgivande, i viss del. Detta är en särskild statlig kontroll och inte ett vanligt överklagande av länsstyrelsen. En parts överklagande av kommunens antagandebeslut går direkt till MMD enligt 13 kap. 2 a § PBL. Länsstyrelsens beslut att upphäva planen överklagas till regeringen enligt 13 kap. 5 § PBL.",Länsstyrelsen ska inom planprocessen bevaka bland annat riksintressen och kan ingripa mot ett kommunalt antagandebeslut på de grunder som anges i plan- och bygglagen.,"B50-P020, B50-P030 samt indirekt B50-G010:s bedömning av vilka sektorsspår som aktiveras (rennäring/mineral via B50-M010).","Kartlägg ingripandegrunderna i 11 kap. 10 § PBL och lös frågor om riksintressen, miljökvalitetsnormer, strandskydd, mellankommunal samordning samt hälsa och säkerhet före antagandet. Håll isär länsstyrelsens kontrollspår från enskildas direkta planöverklagande till MMD.","PBL | PBL_PLAN | MB | EXT: HFD 2024 not. 36, mål 3893-22 https://www.domstol.se/hogsta-forvaltningsdomstolen/avgoranden2/2024/146612/ | EXT: MÖD – P 1151-23, dom 5 juni 2024 https://www.domstol.se/mark--och-miljooverdomstolen/mark--och-miljooverdomstolens-avgoranden/2024/145753/",S0_current_2026,"{""causes"":[{""text"":""Länsstyrelsen bedömer att planförslaget inte tillgodoser ett statligt intresse som ska bevakas enligt PBL."",""basis"":""source"",""source_refs"":[""PBL"",""MB""]},{""text"":""Kommunens underlag underskattar påverkan på rennäring, natur-, kultur- eller försvarsintresse."",""basis"":""analysis"",""source_refs"":[]},{""text"":""Planförslaget låser markanvändningen innan en konflikt mellan riksintressen har utretts."",""basis"":""analysis"",""source_refs"":[]}],""event"":{""rubrik"":""Länsstyrelsens riksintressebevakning stoppar planförslaget""},""effects"":[{""text"":""Kommunen behöver hantera länsstyrelsens invändning för att minska risken för statlig överprövning eller upphävande."",""basis"":""source"",""source_refs"":[""PBL""]},{""text"":""Planen omarbetas, begränsas eller läggs ned."",""basis"":""analysis"",""source_refs"":[]},{""text"":""Konflikten fortsätter in i parallella miljö-, mineral- eller genomförandespår."",""basis"":""analysis"",""source_refs"":[]}]}"
R-B50-P030-01,B50-P030,B50 – Tvärgående och sektorsspecifika spår,Anta detaljplan och hantera kontroll och överklagande,Antagen detaljplan överklagas och laga kraft skjuts upp,Överklagande & rättsprocess,Extern & omvärld,Antagandebeslutet kan överklagas av den som har klagorätt. Planen får inte laga kraft innan överklagandetiden har löpt ut och eventuella överklaganden har avgjorts. Om projektet förutsätter planen behöver bygglovs- och genomförandetidplanen därför knytas till den faktiska dagen för laga kraft.,Boverkets vägledning beskriver överklagandeordningen för kommunens antagandebeslut och den lagstadgade överklagandetiden. Om planen överklagas beror tiden till laga kraft på handläggningen i det konkreta målet.,B50-P030 med nedströms B50-P040 (bygglov/startbesked) och samlingsgaten B50-G900.,"Kvalitetssäkra planunderlaget mot de vanligaste överklagandegrunderna (förenlighet med översiktlig plan, riksintressen, buller/skuggor) före antagande. Arbeta för att berörda sakägare når uppgörelser före antagandet och planera tidplanen med explicit lagakraftpuffer.",PBL | PBL_PLAN | COURT_APPEAL | EXT: Boverket – Överklagande till mark- och miljödomstolen https://www.boverket.se/sv/PBL-kunskapsbanken/detaljplan/overklagande/overklagande-till-mark--och-miljodomstolen/,S0_current_2026,"{""causes"":[{""text"":""En person eller organisation med klagorätt överklagar detaljplanens antagandebeslut inom föreskriven tid."",""basis"":""source"",""source_refs"":[""PBL"",""PBL_PLAN""]},{""text"":""Samrådssynpunkter om lokalisering eller omgivningspåverkan har inte fått den ändring klaganden begärt."",""basis"":""analysis"",""source_refs"":[]},{""text"":""Kungörelse och intern finalitetskontroll ligger så nära varandra att ett sent överklagande missas."",""basis"":""analysis"",""source_refs"":[]}],""event"":{""rubrik"":""Antagen detaljplan överklagas och laga kraft skjuts upp""},""effects"":[{""text"":""Antagandebeslutets laga kraft avvaktar den fortsatta överklagandeprocessen."",""basis"":""source"",""source_refs"":[""PBL"",""COURT_APPEAL""]},{""text"":""Planberoende lov, startbesked och investeringsbeslut skjuts fram."",""basis"":""analysis"",""source_refs"":[]},{""text"":""Planen kan ändras eller upphävas och behöva tas om i kommunen."",""basis"":""analysis"",""source_refs"":[]}]}"
R-B50-P030-02,B50-P030,B50 – Tvärgående och sektorsspecifika spår,Anta detaljplan och hantera kontroll och överklagande,Detaljplanen upphävs i domstol och planarbetet måste göras om,Överklagande & rättsprocess,Myndighet & prövning,Om antagandebeslutet upphävs får kommunen bedöma om och hur planarbetet ska fortsätta. Domstolens prövning kan avse handläggningsfel och materiella frågor inom den ram som följer av plan- och bygglagen. Projektsteg som förutsätter en lagakraftvunnen plan behöver då omprövas mot det nya planläget.,"Ett överklagande av ett antagandebeslut kan leda till att planen upphävs, men utfallet beror på omständigheterna i det enskilda målet. I P 1151-23 upphävde MÖD mark- och miljödomstolens dom och fastställde en detaljplan för en friskvårdsanläggning. I P 5808-23 upphävde MÖD också underinstansens dom och fastställde bostadsplanen, eftersom det väsentliga samhällsintresset inte kunde tillgodoses på ett från allmän synpunkt tillfredsställande sätt på annan mark. Båda avgörandena meddelades 2024.","B50-P030 med loop till B50-P020; indirekt alla spår vars underlag förutsatt gällande plan (B30, B40, B50-P040).","Säkerställ formell korrekthet i varje led av handläggningen (samråd, granskning, kungörelse, justering) och dokumentera förenlighetsbedömningen mot översiktsplan och riksintressen uttryckligen. Låt extern PBL-expertis granska förslaget före antagande.","PBL | PBL_PLAN | MB | EXT: MÖD – P 1151-23, dom 5 juni 2024 https://www.domstol.se/mark--och-miljooverdomstolen/mark--och-miljooverdomstolens-avgoranden/2024/145753/ | EXT: MÖD – P 5808-23, dom 29 maj 2024 https://www.domstol.se/mark--och-miljooverdomstolen/mark--och-miljooverdomstolens-avgoranden/2024/145410/",S0_current_2026,"{""causes"":[{""text"":""Detaljplanens materiella innehåll eller handläggning uppfyller inte ett krav i PBL som kan medföra upphävande vid överprövning."",""basis"":""source"",""source_refs"":[""PBL""]},{""text"":""Planens anpassning till omgivningen eller riksintresseavvägning är otillräckligt underbyggd."",""basis"":""analysis"",""source_refs"":[]},{""text"":""Samråd, granskning eller beslutsunderlag har hanterats på ett sätt som kan ha påverkat utgången."",""basis"":""analysis"",""source_refs"":[]}],""event"":{""rubrik"":""Detaljplanen upphävs i domstol och planarbetet måste göras om""},""effects"":[{""text"":""Den upphävda detaljplanen kan inte användas som planstöd för projektets genomförande."",""basis"":""source"",""source_refs"":[""PBL""]},{""text"":""Kommunen behöver omarbeta och återuppta planprocessen om projektet ska fortsätta."",""basis"":""analysis"",""source_refs"":[]},{""text"":""Lov-, miljö- och projekteringssteg som byggt på planen måste ses över."",""basis"":""analysis"",""source_refs"":[]}]}"
R-B50-P030-03,B50-P030,B50 – Tvärgående och sektorsspecifika spår,Anta detaljplan och hantera kontroll och överklagande,Planens laga kraft avvaktar inte miljöprövningens – beroendekrock mellan spåren,Sektorssamordning,Myndighet & prövning,"Det finns ingen automatisk samordning mellan PBL-spårets laga kraft och miljöprövningens tidsplan. Miljötillståndet kan meddelas mot en plan som sedan upphävs, eller planen kan lagakraftvinnas för en utformning som miljöprövningen sedan villkorsändrar. När besluten i olika spår vilar på olika versioner av projektet uppstår en dokumentations- och giltighetsrisk som först uppdagas vid bygglov, startbesked eller tillsyn. Noden kräver därför en aktiv beroendehantering som inte finns inbyggd i något av regelverken.","Plan- och miljöprövning löper parallellt, och ett antagandebeslut är inte slutligt medan det kan överklagas.","B50-P030, B50-P040 samt huvudspåren B30-END60 och B40:s motsvarigheter och samlingsgaten B50-G900.","Upprätta en beroendematris som låser vilken planversion respektive tillståndsversion varje beslut vilar på, och uppdatera den vid varje händelse (antagande, överklagande, villkorsändring). Samordna beslutstidpunkterna aktivt med kommun och prövningsmyndighet.","PBL | PBL_PLAN | MB | EXT: MÖD – P 1151-23, dom 5 juni 2024 https://www.domstol.se/mark--och-miljooverdomstolen/mark--och-miljooverdomstolens-avgoranden/2024/145753/",S0_current_2026,"{""causes"":[{""text"":""Detaljplanen och miljötillståndet bygger på olika bindande plan- eller projektförutsättningar."",""basis"":""source"",""source_refs"":[""PBL"",""MB""]},{""text"":""Ett av besluten har vunnit laga kraft före en senare ändring i det andra spåret."",""basis"":""analysis"",""source_refs"":[]},{""text"":""Geografi, kapacitet eller skyddsåtgärder har inte versionssamordnats mellan plan- och miljöunderlagen."",""basis"":""analysis"",""source_refs"":[]}],""event"":{""rubrik"":""Planens laga kraft avvaktar inte miljöprövningens – beroendekrock mellan spåren""},""effects"":[{""text"":""Genomförandet behöver vara förenligt med både detaljplanen och miljötillståndet."",""basis"":""source"",""source_refs"":[""PBL"",""MB""]},{""text"":""Ett redan meddelat beslut kan behöva ändras eller ett nytt beslut sökas."",""basis"":""analysis"",""source_refs"":[]},{""text"":""Bygglov och startbesked förskjuts tills inkonsekvensen har lösts."",""basis"":""analysis"",""source_refs"":[]}]}"
R-B50-P040-01,B50-P040,B50 – Tvärgående och sektorsspecifika spår,"Ansök om bygg-, mark- eller rivningslov/anmälan",Lovansökan krockar med icke lagakraftvunnen plan eller kvarstående överklaganderisker,Rättslig osäkerhet,Sökande & ansökan,"Om ett beslut att anta, ändra eller upphäva en detaljplan eller områdesbestämmelser inte har fått laga kraft får bygg-, rivnings- eller marklov enligt 9 kap. 81 § PBL ges med villkor att planbeslutet får laga kraft. Åtgärden får då inte påbörjas innan planbeslutet vunnit laga kraft. Bestämmelsen är alltså en uttrycklig möjlighet till villkorat lov, inte ett undantag i 13 kap. PBL. Ett lov som vilar på ett öppet planbeslut medför samtidigt en praktisk och ekonomisk risk om planen senare upphävs.","Enligt 9 kap. 81 § PBL får lov ges med villkor att ett ännu inte lagakraftvunnet planbeslut får laga kraft, men åtgärden får då inte påbörjas dessförinnan. Risken ligger därför i planbeslutets öppna status och den möjliga påverkan på lovets användbarhet, inte i ett generellt förbud mot att pröva lovansökan.","B50-P040 samt nedströms B50-P050 (lovprövningen kan grundas på fel planläge), B50-P060 och B50-P070 (startbesked kan utebli trots meddelat lov) och i förlängningen B50-G900.","Verifiera planens status. Om lov söks före laga kraft, begär ett uttryckligt villkor enligt 9 kap. 81 § PBL och låt inte byggstart ske innan planbeslutet vunnit laga kraft. Anpassa entreprenad- och finansieringsvillkor till denna osäkerhet.","PBL | PBL_PLAN | EXT: MÖD – P 1151-23, dom 5 juni 2024 https://www.domstol.se/mark--och-miljooverdomstolen/mark--och-miljooverdomstolens-avgoranden/2024/145753/",S0_current_2026,"{""causes"":[{""text"":""Lovärendet bygger på ett planbeslut som ännu kan ändras eller upphävas, även om lov enligt 9 kap. 81 § PBL kan ges med villkor om att planen får laga kraft."",""basis"":""source"",""source_refs"":[""PBL"",""PBL_PLAN""]},{""text"":""Projektet underskattar sannolikheten att antagandebeslutet överklagas eller upphävs."",""basis"":""analysis"",""source_refs"":[]},{""text"":""Lovhandlingarna färdigställs mot en planversion som ändras under överprövningen."",""basis"":""analysis"",""source_refs"":[]}],""event"":{""rubrik"":""Lovansökan krockar med icke lagakraftvunnen plan eller kvarstående överklaganderisker""},""effects"":[{""text"":""Lovprövningen måste utgå från den plan- och rättsliga situation som gäller för beslutet."",""basis"":""source"",""source_refs"":[""PBL""]},{""text"":""Lovärendet kan vila, avslås eller behöva göras om mot en senare plan."",""basis"":""analysis"",""source_refs"":[]},{""text"":""Entreprenad- och kontraktsåtaganden behöver flyttas eller omförhandlas."",""basis"":""analysis"",""source_refs"":[]}]}"
R-B50-P040-02,B50-P040,B50 – Tvärgående och sektorsspecifika spår,"Ansök om bygg-, mark- eller rivningslov/anmälan",Kompletteringsföreläggande flyttar tioveckorsfristens startpunkt,Underlagsbrist & data,Sökande & ansökan,"Byggnadsnämnden ska enligt 9 kap. 99 § PBL normalt besluta i ett lov- eller förhandsbeskedsärende inom tio veckor. Fristen räknas som utgångspunkt från ansökningsdagen, men kan få en senare startpunkt i de situationer som anges i lagen, bland annat om sökanden lämnar ytterligare underlag eller ändrar ansökan eller om nämnden inom tre veckor förelägger sökanden enligt 9 kap. 91 § att avhjälpa en brist. Startpunkten ska därför bestämmas utifrån den konkreta handläggningen och lagens förutsättningar.",Startpunkterna för lovärenden och möjligheten till en engångsförlängning med högst tio veckor finns i 9 kap. 99 § PBL. Kontrollplanen och övrigt underlag för startbesked regleras huvudsakligen i 10 kap. PBL och hör till byggprocessens senare skede.,"B50-P040, nedströms B50-P050 (lovprövningen startar sent) och B50-P070 (startbeskedet försenas i motsvarande mån), samt hela PBL-grenen in i B50-G900.","Stäm av ansökningshandlingarna mot 9 kap. 86–91 §§ PBL före inlämning. Dokumentera ansökningsdag, varje sökandeinitierat tillägg och om ett kompletteringsföreläggande meddelats inom tre veckor, så att rätt startdag kan beräknas.",PBL | PBL_START,S0_current_2026,"{""causes"":[{""text"":""Lov- eller anmälningsärendet är inte komplett enligt de uppgifter som byggnadsnämnden behöver."",""basis"":""source"",""source_refs"":[""PBL"",""PBL_START""]},{""text"":""Ritningar, situationsplan och kontrollplansförslag beskriver olika projektversioner."",""basis"":""analysis"",""source_refs"":[]},{""text"":""Kommunens lokala kravbild eller begärda fackunderlag har inte verifierats före ingivandet."",""basis"":""analysis"",""source_refs"":[]}],""event"":{""rubrik"":""Kompletteringsföreläggande flyttar tioveckorsfristens startpunkt""},""effects"":[{""text"":""Beslutsfristens beräkning påverkas av när ett komplett underlag finns enligt PBL:s regler."",""basis"":""source"",""source_refs"":[""PBL""]},{""text"":""Lovbeslutet och den planerade byggstarten kommer senare."",""basis"":""analysis"",""source_refs"":[]},{""text"":""Kompletteringar skapar ytterligare projekterings- och samordningskostnader."",""basis"":""analysis"",""source_refs"":[]}]}"
R-B50-P050-01,B50-P050,B50 – Tvärgående och sektorsspecifika spår,"Lovprövning, beslut och överklagande",Överklagandekedjan länsstyrelse–MMD–MÖD stoppar byggstart,Överklagande & rättsprocess,Extern & omvärld,"Lov och förhandsbesked överklagas normalt från byggnadsnämnden till länsstyrelsen, därefter till MMD och, med prövningstillstånd, till MÖD. Ett beslut om bygg-, rivnings- eller marklov gäller enligt 9 kap. 114 § PBL som huvudregel omedelbart även om det överklagas. Byggnadsnämnden ska dock bestämma att lovet gäller först vid laga kraft när den lagstadgade risken för irreversibel skada på natur-, kultur- eller vissa totalförsvarsintressen finns. Överinstansen kan också besluta om inhibition, och startbesked krävs alltid innan en lov- eller anmälningspliktig åtgärd påbörjas.",Instanskedjan följer 13 kap. 3 § PBL och MMDL. Lovets omedelbara verkan följer av 9 kap. 114 § PBL och kan begränsas genom beslut enligt paragrafens andra stycke eller inhibition. Ett överklagande stoppar därför inte automatiskt varje byggstart.,"B50-P050, nedströms B50-P060 (tekniskt samråd kan inte äga rum mot ett beslut som inte står fast), B50-P070 och B50-G900; risken återverkar även på parallella spår som planerat bygglogistik efter lovutfallet.","Bevaka överklaganden och inhibition, men skilj laga kraft från omedelbar giltighet. Kontrollera dessutom att startbesked finns och att eventuella villkor enligt 9 kap. 81–82 eller 114 §§ PBL är uppfyllda innan arbete påbörjas.",PBL | MMDL | FL | EXT: Boverket – Överklagande av lov och förhandsbesked https://www.boverket.se/sv/PBL-kunskapsbanken/lov--byggande/overklagande/,S0_current_2026,"{""causes"":[{""text"":""En aktör med klagorätt överklagar byggnadsnämndens lovbeslut enligt PBL:s instansordning."",""basis"":""source"",""source_refs"":[""PBL"",""FL""]},{""text"":""Grannar eller sakägare invänder mot placering, omfattning eller omgivningspåverkan."",""basis"":""analysis"",""source_refs"":[]},{""text"":""Lovbeslutets motivering eller kommunicering lämnar ett processuellt angrepp öppet."",""basis"":""analysis"",""source_refs"":[]}],""event"":{""rubrik"":""Överklagandekedjan länsstyrelse–MMD–MÖD stoppar byggstart""},""effects"":[{""text"":""Lovfrågan går vidare genom länsstyrelse och, när förutsättningarna finns, mark- och miljödomstolskedjan."",""basis"":""source"",""source_refs"":[""PBL"",""MMDL""]},{""text"":""Byggstart och entreprenadplan blir osäkra under överprövningen."",""basis"":""analysis"",""source_refs"":[]},{""text"":""Lovet kan ändras eller upphävas och ärendet återförvisas till nämnden."",""basis"":""analysis"",""source_refs"":[]}]}"
R-B50-P050-02,B50-P050,B50 – Tvärgående och sektorsspecifika spår,"Lovprövning, beslut och överklagande",Lovprövningens avgränsning mot miljöprövningen skapar rättstvist,Rättslig osäkerhet,Sökande & ansökan,"För stora miljöfarliga verksamheter samexisterar miljötillståndets platsbestämning och villkor med bygglovets plan- och detaljprövning. Om lovansökningens tekniska utformning avviker från det som miljödomstolen prövat – placering av processbyggnader, dammar, bullervallar – uppstår frågan om bygglovet alls kan meddelas eller om en ändringsprövning enligt miljöbalken krävs först. Klaganden kan med framgång hävda att nämnden inte får medge lov som förutsätter en icke prövad ändring av den tillståndsgivna verksamheten.","Bygglovsprövningen enligt PBL ersätter inte miljöprövningen. Om lovritningar, MKB-bilagor och ett bindande tillstånd beskriver olika utformningar kan projektet behöva komplettera underlaget eller bedöma om en ändringsprövning krävs.","B50-P050 och uppströms koppling till B30 (miljöprövningens prövningsram, B30-060) samt nedströms B50-P060, B50-P070 och B50-G900.","Säkerställ konsistensgranskning mellan lovhandlingar och miljötillståndets handlingar innan ansökan: samma koordinater, höjder och bullerberäkningar. Vid behov av avvikelse: avgör tidigt om ändringen kräver anmälan/tillstånd enligt MPF 1 kap. 11 § innan lovärendet drivs vidare.",PBL | MB | MPF,S0_current_2026,"{""causes"":[{""text"":""Lovansökan avviker från ett bindande villkor eller den utformning som miljötillståndet omfattar."",""basis"":""source"",""source_refs"":[""PBL"",""MB""]},{""text"":""Byggnadsnämnden bedömer miljöfrågor utan att avgränsa vad som redan prövats och vad PBL fortfarande kräver."",""basis"":""analysis"",""source_refs"":[]},{""text"":""Projektets plan-, lov- och miljöhandlingar använder olika geometri eller kapacitet."",""basis"":""analysis"",""source_refs"":[]}],""event"":{""rubrik"":""Lovprövningens avgränsning mot miljöprövningen skapar rättstvist""},""effects"":[{""text"":""Lovet och miljötillståndet måste var för sig uppfylla de krav som gäller för respektive prövning."",""basis"":""source"",""source_refs"":[""PBL"",""MB""]},{""text"":""Lovet kan behöva kompletteras, ändras eller upphävas."",""basis"":""analysis"",""source_refs"":[]},{""text"":""En parallell ändringsprövning och dubbel utredning förskjuter byggstarten."",""basis"":""analysis"",""source_refs"":[]}]}"
R-B50-P050-03,B50-P050,B50 – Tvärgående och sektorsspecifika spår,"Lovprövning, beslut och överklagande",Kompetens- och kapacitetsbrist i byggnadsnämnd förlänger tio-veckorsfristen,Myndighetskapacitet & handläggning,Myndighet & prövning,"Tioveckorsfristen enligt 9 kap. 99 § PBL får förlängas en gång med högst tio veckor om det är nödvändigt på grund av handläggningen eller utredningen. Om fristen överskrids reduceras handläggningsavgiften enligt 12 kap. 8 a § PBL med en femtedel för varje påbörjad vecka, upp till hela avgiften. Det är en avgiftsreduktion, inte en byggsanktionsavgift, och den ger inte automatiskt sökanden ett positivt beslut.",Reglerna finns i 9 kap. 99 § och 12 kap. 8 a § PBL.,"B50-P050, nedströms B50-P060, B50-P070 och B50-G900.",Dokumentera fristens startdag och varje lagligt förlängningsbeslut. Begär att korrekt avgiftsreduktion tillämpas om fristen överskrids och använd förvaltningslagens dröjsmålsverktyg när deras förutsättningar är uppfyllda; kalla inte reduktionen byggsanktionsavgift.,PBL | FL,S0_current_2026,"{""causes"":[{""text"":""Byggnadsnämnden förlänger handläggningen inom den möjlighet som PBL ger eller meddelar inte beslut inom projektets prognos."",""basis"":""source"",""source_refs"":[""PBL""]},{""text"":""Nämnden saknar erfarenhet av den komplexa industri- eller anläggningstypen."",""basis"":""analysis"",""source_refs"":[]},{""text"":""Personalbrist, jäv eller behov av extern expertis gör att ärendet inte prioriteras."",""basis"":""analysis"",""source_refs"":[]}],""event"":{""rubrik"":""Kompetens- och kapacitetsbrist i byggnadsnämnd förlänger tio-veckorsfristen""},""effects"":[{""text"":""Lovfrågan förblir oavgjord till dess att byggnadsnämnden meddelar ett överklagbart beslut."",""basis"":""source"",""source_refs"":[""PBL"",""FL""]},{""text"":""Byggstarten förskjuts utan att projektet kan överklaga själva sakutfallet."",""basis"":""analysis"",""source_refs"":[]},{""text"":""Konsulter, entreprenad och finansiering behöver hållas beredda eller bokas om."",""basis"":""analysis"",""source_refs"":[]}]}"
R-B50-P060-01,B50-P060,B50 – Tvärgående och sektorsspecifika spår,"Tekniskt samråd, kontrollplan och handlingar",Kontrollansvarig saknas eller saknar behörighet för anläggningstypen,Myndighetskapacitet & handläggning,Sökande & ansökan,"Utan anmäld kontrollansvarig får byggnadsnämnden inte ge startbesked för åtgärder som kräver kontrollansvarig enligt PBL och dess förordning. För stora industri- och energianläggningar krävs KA med behörighet för komplicerade byggnader och i vissa fall flera specialister (grundförstärkning, brand, processtekniska system). Marknaden för certifierade kontrollansvariga med tung industriell erfarenhet är tunn, särskilt utanför storstadsregionerna, och en försenad anmälan stoppar hela startbeskedskedjan.",10 kap. PBL och PBF reglerar krav på kontrollansvarig och behörighetsnivå i de fall en kontrollansvarig krävs. Om projektet inte kan anlita en person med rätt behörighet i tid kan tekniskt samråd och startbesked försenas.,"B50-P060, nedströms B50-P070 (inget startbesked utan KA) och därmed B50-G900.","Kontraktera kontrollansvarig och biträdande KA redan i lovskedet. Klargör tidigt med nämnden vilken behörighetsnivå och vilka särskilda kontroller (t.ex. för anläggningsbyggande, dammar, högtryckssystem) som krävs, så att rätt kompetens anmäls från början.",PBL | PBL_START,S0_current_2026,"{""causes"":[{""text"":""Byggherren har inte anmält en certifierad kontrollansvarig med den behörighet som projektet kräver."",""basis"":""source"",""source_refs"":[""PBL"",""PBL_START""]},{""text"":""Tillgängliga kontrollansvariga saknar erfarenhet av anläggningens särskilda teknik eller riskbild."",""basis"":""analysis"",""source_refs"":[]},{""text"":""Den utsedda personen lämnar uppdraget eller förlorar sin tillgänglighet inför tekniskt samråd."",""basis"":""analysis"",""source_refs"":[]}],""event"":{""rubrik"":""Kontrollansvarig saknas eller saknar behörighet för anläggningstypen""},""effects"":[{""text"":""Startbesked kan inte ges förrän de krav på kontrollansvarig som gäller i ärendet är uppfyllda."",""basis"":""source"",""source_refs"":[""PBL"",""PBL_START""]},{""text"":""Tekniskt samråd och byggstart skjuts fram."",""basis"":""analysis"",""source_refs"":[]},{""text"":""Projektet pressas att byta kontrollorganisation och göra om förberedande handlingar."",""basis"":""analysis"",""source_refs"":[]}]}"
R-B50-P060-02,B50-P060,B50 – Tvärgående och sektorsspecifika spår,"Tekniskt samråd, kontrollplan och handlingar",Oenighet vid tekniskt samråd om kontrollplanens omfattning,Teknisk komplexitet,Myndighet & prövning,"Det tekniska samrådet ska enligt 10 kap. PBL fastställa förutsättningarna för åtgärden: kontrollplan, erforderliga utbildningsbevis, arbetsplatsbesök och eventuella avvikelser från föreskrifter om obligatorisk ventilationskontroll m.m. För anläggningar som inte ryms i standardmallarna – processindustrier, energianläggningar, anläggningsbyggen – finns inget enkelt facit, och nämndens krav kan växa under handläggningen. Varje oenighet kräver nytt samråd eller skriftligt beslut, vilket förskjuter startbeskedet.","10 kap. 10–14 §§ PBL och Boverkets vägledning beskriver kontrollplanen, det tekniska samrådet och underlaget för startbesked. I ett komplext projekt kan nämnden behöva ytterligare teknisk dokumentation innan startbesked lämnas. Det kan göra samrådet till en process i flera steg.","B50-P060, nedströms B50-P070 och B50-G900.",Skicka kontrollplansförslag och tekniska beskrivningar till nämnden i god tid före samrådet och begär skriftliga synpunkter i förväg. Involvera KA i förberedelserna. Dokumentera samrådsanteckningarna noggrant – de blir styrande för startbeskedet.,PBL | PBL_START,S0_current_2026,"{""causes"":[{""text"":""Byggnadsnämnden och byggherren bedömer kontrollplanens nödvändiga innehåll olika."",""basis"":""source"",""source_refs"":[""PBL"",""PBL_START""]},{""text"":""Anläggningens avvikande teknik saknar etablerad kontrollpraxis."",""basis"":""analysis"",""source_refs"":[]},{""text"":""Kontrollpunkter, dokumentation eller arbetsplatsbesök är inte kopplade till identifierade kritiska moment."",""basis"":""analysis"",""source_refs"":[]}],""event"":{""rubrik"":""Oenighet vid tekniskt samråd om kontrollplanens omfattning""},""effects"":[{""text"":""En godtagbar kontrollplan och övriga tekniska förutsättningar behöver finnas för startbeskedet."",""basis"":""source"",""source_refs"":[""PBL"",""PBL_START""]},{""text"":""Kompletterande projektering och utredning förlänger förstartsfasen."",""basis"":""analysis"",""source_refs"":[]},{""text"":""Entreprenader behöver omplaneras när kontrollkraven ändrar arbetsordningen."",""basis"":""analysis"",""source_refs"":[]}]}"
R-B50-P070-01,B50-P070,B50 – Tvärgående och sektorsspecifika spår,Startbesked och PBL-byggstartsgate,Startbesked uteblir trots lagakraftvunnet lov,Myndighetskapacitet & handläggning,Myndighet & prövning,"En lov- eller anmälningspliktig åtgärd får enligt 10 kap. 3 § PBL inte påbörjas innan byggnadsnämnden gett startbesked. Startbeskedet ska enligt 10 kap. 23 § bygga på prövning av kontrollplan, avfallshanteringsplan, behov av sakkunnigkontroll och det som kommit fram vid tekniskt samråd eller övrig handläggning. Beskedet gäller omedelbart enligt 10 kap. 24 a §. 10 kap. 23 § är alltså en regel om startbeskedets förutsättningar, inte en tillsynsbefogenhet mot olovligt byggande.","Startspärren, startbeskedets materiella förutsättningar och dess omedelbara giltighet följer av 10 kap. 3, 23–24 a §§ PBL. Påbörjande utan startbesked kan medföra tillsyn och byggsanktionsavgift enligt 11 kap. PBL och PBF.","B50-P070, nedströms B50-G900; indirekt hela projektets byggberedskap eftersom startbeskedet är den sista PBL-spärren.","Förbered kontrollplan, avfallshanteringsplan, tekniskt samråd och övrigt startbeskedsunderlag parallellt med lovprocessen. Verifiera både att lovet gäller och att ett startbesked som omfattar den aktuella delen har meddelats innan arbete påbörjas.",PBL | PBF | PBL_START,S0_current_2026,"{""causes"":[{""text"":""Ett tekniskt krav eller en annan förutsättning för startbesked enligt PBL är inte uppfylld."",""basis"":""source"",""source_refs"":[""PBL"",""PBF"",""PBL_START""]},{""text"":""Ett parallellt beslut som nämnden behöver för sin bedömning saknas eller har ändrats."",""basis"":""analysis"",""source_refs"":[]},{""text"":""Nämndens interna kapacitet gör att ett komplett ärende inte avgörs enligt projektets plan."",""basis"":""analysis"",""source_refs"":[]}],""event"":{""rubrik"":""Startbesked uteblir trots lagakraftvunnet lov""},""effects"":[{""text"":""Den lov- eller anmälningspliktiga åtgärden får inte påbörjas innan startbesked har getts."",""basis"":""source"",""source_refs"":[""PBL"",""PBL_START""]},{""text"":""Entreprenad och leveranser står still eller behöver omordnas."",""basis"":""analysis"",""source_refs"":[]},{""text"":""En för tidig start kan leda till byggsanktionsavgift och tillsynsingripande."",""basis"":""source"",""source_refs"":[""PBL"",""PBL_START""]}]}"
R-B50-P070-02,B50-P070,B50 – Tvärgående och sektorsspecifika spår,Startbesked och PBL-byggstartsgate,Sen inhibition eller länsstyrelseprövning stoppar arbetet trots startbesked,Överklagande & rättsprocess,Extern & omvärld,"Ett startbesked gäller omedelbart enligt 10 kap. 24 a § PBL, men det ersätter inte det underliggande lovet eller andra nödvändiga beslut. Ett lov kan inhiberas av överinstansen. En kommunal strandskyddsdispens ska granskas av länsstyrelsen enligt 19 kap. 3 a–3 b §§ MB och kan upphävas. Om ett bärande beslut inhiberas eller upphävs kan arbetet behöva avbrytas även om startbesked redan har getts. Det finns däremot ingen generell regel om att byggnadsnämnden kan återkalla ett startbesked enbart därför att ett annat ärende öppnas.","Startbeskedets verkan följer av 10 kap. 24 a § PBL. Inhibition av förvaltningsbeslut regleras bland annat i 48 § FL, och länsstyrelsens obligatoriska kontroll av kommunala strandskyddsdispenser i 19 kap. 3 a–3 b §§ MB.",B50-P070 och B50-G900; återverkningar uppströms på B50-P050 och på parallella skyddsspår (B50-X-grenen).,"Kontrollera inför varje delstart att lov, strandskyddsdispens och andra bärande beslut fortfarande gäller och inte har inhiberats. Avbryt berörda arbeten om ett sådant beslut sätts ur kraft och gör en beslutsspecifik bedömning i stället för att anta att startbeskedet automatiskt återkallas.",PBL | PBL_START | MB | FL | STRAND,S0_current_2026,"{""causes"":[{""text"":""Ett underliggande plan-, dispens- eller lovbeslut överklagas, inhiberas eller upphävs efter att startbesked har meddelats."",""basis"":""source"",""source_refs"":[""PBL"",""MB"",""STRAND""]},{""text"":""Projektet har mobiliserat innan överklagande- och inhibitionsrisken stabiliserats."",""basis"":""analysis"",""source_refs"":[]},{""text"":""Startkontrollen har inte uppdaterats med det senaste beslutet från länsstyrelse eller domstol."",""basis"":""analysis"",""source_refs"":[]}],""event"":{""rubrik"":""Sen inhibition eller länsstyrelseprövning stoppar arbetet trots startbesked""},""effects"":[{""text"":""Ett inhiberat eller upphävt underliggande beslut kan inte användas som rättslig grund för fortsatt arbete."",""basis"":""source"",""source_refs"":[""PBL"",""FL""]},{""text"":""Byggstarten skjuts upp eller redan inlett arbete avbryts."",""basis"":""analysis"",""source_refs"":[]},{""text"":""Återställning, kontraktstvist och kostnader för stillestånd kan följa."",""basis"":""analysis"",""source_refs"":[]}]}"
R-B50-S010-01,B50-S010,B50 – Tvärgående och sektorsspecifika spår,"Identifiera, initiera och verifiera övriga sektorsbeslut","Sent upptäckt sektorskrav – Seveso, livsmedel, försvar eller flyg – stoppar byggstart",Rättslig osäkerhet,Sökande & ansökan,"Noden fångar de sällsynta sektorskraven som inte ryms i de övriga grenarna – och dess karaktär gör att den är sårbar just för det okända. Ett Seveso-ärende kan t.ex. aktualisera krav på att detaljplanen inte får medge bebyggelse inom påverkansområden, vilket i sin tur kan fälla både plan och miljötillstånd. Skyddsföreskrifter för vattentäkter kan förbjuda åtgärder som miljöprövningen redan godkänt. Eftersom dessa krav ofta upptäcks av en annan myndighet än den som driver huvudprocessen (räddningstjänst, livsmedelsverk, försvarsmyndighet, Transportstyrelsen) kommer beskedet sent och kaskaderar bakåt genom redan fattade beslut.","Seveso-, livsmedels-, totalförsvars- och luftfartsregler kan skapa självständiga krav som måste identifieras i tillämpbarhetsmatrisen.",B50-S010 och B50-G900; vid Seveso-kollision även uppströms B50-P010–B50-P030 (plan) och B30 (miljötillstånd).,"Låt tillämpbarhetsmatrisen granskas av en specialist på sektorlagstiftning, inte bara miljörätt. Gör en systematisk genomlysning mot Seveso, livsmedels-, försvars-, flyg- och vattenskyddsregler redan i B10/B50-G010. Etablera kontaktpunkter hos berörda sektorsmyndigheter tidigt så att kravbilden är känd före ansökningarna.",SEVESO | MB | PBL,S0_current_2026,"{""causes"":[{""text"":""Projektets verksamhet eller lokalisering omfattas av ett sektorskrav som inte finns i tillämpbarhetsmatrisen."",""basis"":""source"",""source_refs"":[""SEVESO"",""MB"",""PBL""]},{""text"":""Kemikalier, skyddsavstånd eller dricksvattenpåverkan fastställs först i detaljprojekteringen."",""basis"":""analysis"",""source_refs"":[]},{""text"":""Flyg-, försvars- eller annan specialistkompetens saknas i den tidiga screeningen."",""basis"":""analysis"",""source_refs"":[]}],""event"":{""rubrik"":""Sent upptäckt sektorskrav – Seveso, livsmedel, försvar eller flyg – stoppar byggstart""},""effects"":[{""text"":""Det sektorsreglerade kravet behöver uppfyllas innan den berörda verksamheten genomförs."",""basis"":""source"",""source_refs"":[""SEVESO"",""MB"",""PBL""]},{""text"":""Andra beslut och projekteringen behöver ändras för att hantera det sena kravet."",""basis"":""analysis"",""source_refs"":[]},{""text"":""Projektets lokalisering kan bli ogenomförbar om skyddsavstånd eller förbud inte kan lösas."",""basis"":""analysis"",""source_refs"":[]}]}"
R-B50-S010-02,B50-S010,B50 – Tvärgående och sektorsspecifika spår,"Identifiera, initiera och verifiera övriga sektorsbeslut",Ingen äger uppföljningen – sektorsbeslut förverkar tyst,Myndighetskapacitet & handläggning,Sökande & ansökan,"Nodens uppgift är att följa de beslut som faktiskt blockerar byggstart tills de är slutliga – men många sektorsbeslut har egna livscykler: strandskyddsdispenser ska påbörjas inom två år och avslutas inom fem, bygglov har giltighetstider, vissa tillstånd kräver anmälan eller uppföljningsrapporter före idrifttagande. I ett projekt med dussintals beslut över flera år är risken stor att ett beslut föråldras, överklagas utan att projektet noterar det, eller att ett förstartskrav (t.ex. egenkontrollprogram, deposition) förbises. Felet upptäcks ofta först vid byggstart eller tillsyn.","Kommunal vägledning om strandskyddsdispens beskriver tidsfrister för att påbörja och avsluta en medgiven åtgärd, och Boverkets byggprocess beskriver start- och slutbesked. När ett projekt är beroende av flera beslut behöver projektägaren följa varje besluts giltighetstid och villkor för att undvika att ett beslut förfaller eller behöver förnyas.","B50-S010, B50-G900, samt de spår vars beslut förverkats (kan tvinga fram omprövning i B50-P-, B50-X- eller B40-spåren).","Upprätta ett beslutsregister med giltighetstider, förstartskrav och ansvarig per beslut, med larm före utgångsdatum. Gör en formell verkställbarhets- och giltighetskontroll av samtliga beslut inför varje byggetapp. Delegera tydligt vem i organisationen som äger varje sektorstillstånd över tid.",PBL | STRAND | PBL_START,S0_current_2026,"{""causes"":[{""text"":""Ett sektorsbeslut innehåller en tidsfrist eller ett förstartsvillkor som projektet inte bevakar."",""basis"":""source"",""source_refs"":[""PBL"",""STRAND"",""PBL_START""]},{""text"":""Ingen funktion äger uppdateringen av beslutets giltighets- och verkställighetsstatus."",""basis"":""analysis"",""source_refs"":[]},{""text"":""Projektförändringar aktiverar ett anmälnings- eller godkännandekrav utan att beslutsmatrisen uppdateras."",""basis"":""analysis"",""source_refs"":[]}],""event"":{""rubrik"":""Ingen äger uppföljningen – sektorsbeslut förverkar tyst""},""effects"":[{""text"":""Beslutet kan behöva sökas eller aktiveras på nytt om föreskriven tid eller förutsättning inte hålls."",""basis"":""source"",""source_refs"":[""PBL"",""STRAND""]},{""text"":""Påbörjat arbete kan möta tillsyn och krav på stopp eller rättelse."",""basis"":""analysis"",""source_refs"":[]},{""text"":""Ny prövning och överklagandeexponering förskjuter byggprogrammet."",""basis"":""analysis"",""source_refs"":[]}]}"
R-B50-START-01,B50-START,B50 – Tvärgående och sektorsspecifika spår,Parallella spår initierade,Osynliga spår blockerar byggstart trots färdigt huvudtillstånd,Sektorssamordning,Sökande & ansökan,"Noden utgår från att tillståndsmatrisen identifierat alla kompletterande tillstånd, planer, dispenser och rättigheter som kan blockera byggstart. Ett miljöbalkstillstånd medför strandskyddsundantag för de verksamheter och åtgärder som omfattas av tillståndet enligt 7 kap. 16 § 2 MB, men andra projektkomponenter kan falla utanför tillståndets omfattning och behöva en separat dispens eller prövning. KML-tillstånd, planändringar och andra självständiga krav måste bedömas på motsvarande sätt. Ett sent upptäckt spår kan stoppa ett i övrigt färdigprövat projekt.","Ett huvudtillstånd enligt 9 eller 11 kap. MB ersätter inte automatiskt KML-tillstånd, planer, lov eller andra självständiga beslut. För strandskydd gäller samtidigt det uttryckliga undantaget i 7 kap. 16 § 2 MB för den verksamhet eller åtgärd som omfattas av miljöbalkstillståndet. Matrisen ska därför identifiera både undantagets räckvidd och eventuella kompletterande projektmoment utanför den.","B50-START och hela B50: alla nedströms spår (B50-N010, B50-X010, B50-K010, B50-P010 m.fl.) samt samlingsgaten B50-G900 och byggberedskapen i B70.",Gör en strukturerad genomgång av samtliga tvärgående regelverk mot den låsta lokaliseringen innan spåren initieras. Versionshantera tillståndsmatrisen och koppla den till förändringshantering av projektet. Boka en tidig avstämning med länsstyrelse och kommun där matrisen kvitteras ut.,MB | PBL | KML | EXT: Boverket – Fornlämningar (samordning PBL/KML) https://www.boverket.se/sv/PBL-kunskapsbanken/teman/kulturvarden/samordning-med-kulturmiljolagen/fornlamningar/,S0_current_2026,"{""causes"":[{""text"":""Tillståndsmatrisen saknar ett parallellspår som projektets åtgärder kan omfattas av."",""basis"":""source"",""source_refs"":[""MB"",""PBL"",""KML""]},{""text"":""Lokalisering eller detaljutformning ändras efter att den första matrisen fastställts."",""basis"":""analysis"",""source_refs"":[]},{""text"":""Huvudtillståndet behandlas som ett komplett byggklarbesked utan ny sektorsscreening."",""basis"":""analysis"",""source_refs"":[]}],""event"":{""rubrik"":""Osynliga spår blockerar byggstart trots färdigt huvudtillstånd""},""effects"":[{""text"":""Varje tillämpligt lov-, tillstånds-, dispens- eller kulturmiljökrav behöver hanteras före den berörda åtgärden."",""basis"":""source"",""source_refs"":[""MB"",""PBL"",""KML""]},{""text"":""B50-G010 och ett eller flera parallellspår behöver öppnas sent."",""basis"":""analysis"",""source_refs"":[]},{""text"":""Byggstarten förskjuts och en ny förbudssituation kan kräva omprojektering."",""basis"":""analysis"",""source_refs"":[]}]}"
R-B50-T010-01,B50-T010,B50 – Tvärgående och sektorsspecifika spår,Planlägg väg eller järnväg,Alternativ- och korridorunderlaget håller inte för planprövningen,Samråd & motstånd,Extern & omvärld,Väg- och järnvägsplaneringen utvecklas från behov och åtgärdsval genom samråd och miljöbedömning till planförslag. Relevanta lokaliserings- och utformningsalternativ samt deras miljöeffekter behöver redovisas i den omfattning som lagstiftningen och projektets förutsättningar kräver. Om ett rimligt alternativ har avfärdats utan tillräckligt underlag kan planförslaget behöva kompletteras eller omarbetas innan det fastställs.,"Trafikverkets planeringsmodell för väg- och järnvägsåtgärder förutsätter att alternativa lokaliseringar och relevanta miljöeffekter utreds medan planen tas fram. Korridor- och samrådsfasen behöver därför dokumentera berörda allmänna och enskilda intressen, rimliga alternativ och de ställningstaganden som styr den fortsatta planläggningen.","B50-T010, nedströms B50-T020 (fastställelseprövningen) och B50-T030, samt B50-G900.","Investera i en genuin alternativutredning med dokumenterade avvägningar och utfallskriterier. Etablera förhandlingsbord med samebyar och kommuner tidigt, med konkreta anpassningsåtgärder (passager, stängsel, omdragningar). Låt samrådsredogörelsen visa hur kritik förändrat planförslaget.",VAGLAG | JARNVAGSLAG | TRAFIKVERKET_PLAN,S0_current_2026,"{""causes"":[{""text"":""Väg- eller järnvägsplanens alternativunderlag visar inte tillräckligt varför den valda korridoren ska läggas till grund för planen."",""basis"":""source"",""source_refs"":[""VAGLAG"",""JARNVAGSLAG"",""TRAFIKVERKET_PLAN""]},{""text"":""Motstående kommun-, sameby-, markägar- eller näringsintressen har bedömts med olika detaljeringsgrad."",""basis"":""analysis"",""source_refs"":[]},{""text"":""Ett tekniskt förstahandsval låses innan realistiska lokaliseringar har utretts."",""basis"":""analysis"",""source_refs"":[]}],""event"":{""rubrik"":""Alternativ- och korridorunderlaget håller inte för planprövningen""},""effects"":[{""text"":""Planprocessen behöver redovisa och bereda det alternativunderlag som tillämplig väg- eller järnvägslagstiftning kräver."",""basis"":""source"",""source_refs"":[""VAGLAG"",""JARNVAGSLAG""]},{""text"":""Korridorstudier och planförslag behöver omarbetas."",""basis"":""analysis"",""source_refs"":[]},{""text"":""Konflikten följer med in i granskning, fastställelse och markåtkomst."",""basis"":""analysis"",""source_refs"":[]}]}"
R-B50-T010-02,B50-T010,B50 – Tvärgående och sektorsspecifika spår,Planlägg väg eller järnväg,MKB och miljöbeskrivning i planen blir inaktuell under den utdragna planprocessen,Underlagsbrist & data,Extern & omvärld,"Under en lång planprocess kan naturinventeringar, prognoser och andra underlag behöva omprövas eller uppdateras. Vilka uppdateringar som krävs och när ett nytt fälttillfälle är lämpligt beror på underlagets ålder, förändrade förhållanden och frågans betydelse för beslutet.","Trafikverkets planeringsmodell och miljöbedömningsreglerna förutsätter att beslutsunderlaget är aktuellt för den plan som prövas. I en utdragen planprocess kan projektets utformning, omgivningsdata eller regelverk ändras så att underlaget behöver uppdateras. Behovet av uppdatering ska bedömas mot den aktuella planen och de miljöeffekter som ska prövas.","B50-T010, nedströms B50-T020 (granskningen kan kräva omarbetning) och B50-T030 (kompletterande tillstånd bygger på planens underlag).",Planera inventeringarna med en uppdateringsstrategi: identifiera vilka data som åldras snabbast och schemalägg förnyelse före granskning. Dokumentera datumstämplar och giltighetstider för allt underlag. För trafik- och samhällsprognoser: kör känslighetsanalyser så att planen inte hänger på punktprognoser.,VAGLAG | JARNVAGSLAG | TRAFIKVERKET_PLAN | MBD,S0_current_2026,"{""causes"":[{""text"":""Planens miljöunderlag bygger på inventeringar eller prognoser som inte längre beskriver relevanta förhållanden vid fastställelsen."",""basis"":""source"",""source_refs"":[""VAGLAG"",""JARNVAGSLAG"",""MBD""]},{""text"":""Projektets planprocess och tekniska utformning förändras efter att fältdata samlats in."",""basis"":""analysis"",""source_refs"":[]},{""text"":""Trafik-, samhälls- eller naturförhållanden ändras så att tidigare slutsatser inte längre är representativa."",""basis"":""analysis"",""source_refs"":[]}],""event"":{""rubrik"":""MKB och miljöbeskrivning i planen blir inaktuell under den utdragna planprocessen""},""effects"":[{""text"":""Fastställelseprövningen behöver ett aktuellt och tillräckligt plan- och miljöunderlag."",""basis"":""source"",""source_refs"":[""VAGLAG"",""JARNVAGSLAG""]},{""text"":""Nya inventeringar och prognoser måste tas fram."",""basis"":""analysis"",""source_refs"":[]},{""text"":""Granskning och fastställelse skjuts fram och beslutets rättsliga robusthet minskar om bristen lämnas oläkt."",""basis"":""analysis"",""source_refs"":[]}]}"
R-B50-T020-01,B50-T020,B50 – Tvärgående och sektorsspecifika spår,"Granskning, fastställelse och regeringsöverklagande",Länsstyrelsens granskningsyttrande eller oenighet stoppar fastställelsen,Myndighetskapacitet & handläggning,Myndighet & prövning,Ett väsentligt negativt granskningsyttrande kan medföra omarbetning av planen eller att ärendet behöver hanteras enligt reglerna om oenighet. Båda vägarna kan förlänga processen.,HFD 2020 not. 29 gällde järnvägsplanen för Västkustbanan på sträckan Varberg–Hamra.,"B50-T020, nedströms B50-T030 och B50-G900; regeringsprövningen påverkar även kompletterande spår (vatten, Natura) som hänger på planen.",Behandla granskningsyttrandet som en förhandlingsfas: möt länsstyrelsens kritik med konkreta planändringar eller fördjupade utredningar före fastställelseansökan. Bedöm tidigt om regeringsprövning är oundviklig och förbered det underlaget parallellt i stället för sekventiellt.,VAGLAG | JARNVAGSLAG | TRAFIKVERKET_PLAN | EXT: HFD 2020 not. 29 https://www.domstol.se/hogsta-forvaltningsdomstolen/avgoranden2/2020/57755/,S0_current_2026,"{""causes"":[{""text"":""Länsstyrelsen lämnar ett väsentligt kritiskt granskningsyttrande eller berörda länsstyrelser är oeniga om planen."",""basis"":""source"",""source_refs"":[""VAGLAG"",""JARNVAGSLAG""]},{""text"":""Planförslaget hanterar inte riksintresse, miljöpåverkan eller lokalisering på det sätt länsstyrelsen kräver."",""basis"":""analysis"",""source_refs"":[]},{""text"":""Projektet saknar en förhandlad lösning när granskningen avslutas."",""basis"":""analysis"",""source_refs"":[]}],""event"":{""rubrik"":""Länsstyrelsens granskningsyttrande eller oenighet stoppar fastställelsen""},""effects"":[{""text"":""Planen behöver hanteras enligt den fastställelse- eller hänskjutandeordning som väg- eller järnvägslagen anger."",""basis"":""source"",""source_refs"":[""VAGLAG"",""JARNVAGSLAG""]},{""text"":""Planförslaget och underlaget behöver omarbetas."",""basis"":""analysis"",""source_refs"":[]},{""text"":""Ett regeringssteg kan tillkomma och ändra tidplan eller materiella förutsättningar."",""basis"":""analysis"",""source_refs"":[]}]}"
R-B50-T020-02,B50-T020,B50 – Tvärgående och sektorsspecifika spår,"Granskning, fastställelse och regeringsöverklagande",Planöverklagande och separat byggstartsbeslut skapar två regeringsanknutna steg,Politisk & policyrisk,Extern & omvärld,Trafikverkets beslut att fastställa en väg- eller järnvägsplan kan överklagas till regeringen enligt respektive sektorslag. Regeringens prövning av överklagandet ska skiljas från senare beslut om vilka statliga infrastrukturprojekt som får byggstarta inom en viss planperiod. Ett projekt kan därför ha en lagakraftvunnen plan men ändå invänta ett separat byggstarts- eller finansieringsbeslut.,Den 11 februari 2025 beslutade regeringen vilka nationella infrastrukturprojekt Trafikverket fick byggstarta under 2025–2027. Beslutet omfattade Norrbotniabanan Dåva–Skellefteå utom deletappen mötesdriftplats Södra Grundfors. Exemplet visar att regeringens byggstartsbeslut har ett preciserat objekt och en egen beslutstidpunkt som måste finnas med i projektets beslutskedja.,"B50-T020, nedströms B50-T030 och B50-G900; hela infrastrukturprojektets genomförande är beroende av denna nod.",Förankra projektet i både planunderlag och regionalpolitik: bygg kommun- och näringslivsallianser som gör projektet politiskt kostsamt att skjuta upp. Fasindelning gör att delar kan få byggstart även om helheten väntar. Dokumentera samhällsekonomisk nytta löpande så att underlaget är aktuellt när regeringsbeslutet nalkas.,VAGLAG | JARNVAGSLAG | TRAFIKVERKET_PLAN | EXT: Regeringen 2025-02-11 – beslut om byggstarter https://www.regeringen.se/pressmeddelanden/2025/02/regeringen-beslutar-om-byggstarter-for-viktiga-projekt-inom-vag--och-jarnvag/ | EXT: Regeringsbeslut 2025-02-11 – byggstarter och uppdrag till Trafikverket https://www.regeringen.se/contentassets/02d7f010327f4884917a68562873fa88/beslut-om-byggstarter-och-uppdrag-till-trafikverket-att-ta-fram-fornyat-underlag.pdf,S0_current_2026,"{""causes"":[{""text"":""Fastställelsebeslutet överklagas till regeringen enligt väg- eller järnvägslagstiftningens ordning."",""basis"":""source"",""source_refs"":[""VAGLAG"",""JARNVAGSLAG""]},{""text"":""Projektorganisationen sammanblandar planens laga kraft med statens separata investerings- och byggstartsbeslut."",""basis"":""analysis"",""source_refs"":[]},{""text"":""Finansieringsplaneringen är inte färdig när den rättsliga planen blir slutlig."",""basis"":""analysis"",""source_refs"":[]}],""event"":{""rubrik"":""Planöverklagande och separat byggstartsbeslut skapar två regeringsanknutna steg""},""effects"":[{""text"":""Planens rättsliga status och regeringens separata beslut om byggstart eller finansiering behöver bedömas var för sig."",""basis"":""source"",""source_refs"":[""VAGLAG"",""JARNVAGSLAG""]},{""text"":""Laga kraft eller faktisk byggstart inträffar senare än projektets samlade prognos."",""basis"":""analysis"",""source_refs"":[]},{""text"":""Kontrakt och projektresurser behöver villkoras mot två skilda beslutspunkter."",""basis"":""analysis"",""source_refs"":[]}]}"
R-B50-T020-03,B50-T020,B50 – Tvärgående och sektorsspecifika spår,"Granskning, fastställelse och regeringsöverklagande","Överklaganden av planbeslutet från samebyar, markägare och organisationer",Överklagande & rättsprocess,Extern & omvärld,"Trafikverkets beslut att fastställa en väg- eller järnvägsplan kan överklagas till regeringen av den som har klagorätt enligt den tillämpliga regleringen. Planen får inte laga kraft medan ett överklagande fortfarande kan göras eller prövas. Handläggningstiden beror på det konkreta ärendet, antalet klagande och vilka frågor som behöver utredas; om ett relevant handläggningsfel konstateras kan beslutet upphävas eller ärendet återförvisas.","Järnvägsplaner kan överklagas av den som har klagorätt enligt den tillämpliga regleringen, och överklagandetiden måste ingå i tidplanen.","B50-T020, nedströms B50-T030 (kompletterande tillstånd kan inte slutföras mot en plan utan laga kraft) och B50-G900.","Förhandla med sannolika klagogrupper (samebyar, större markägare) före fastställelse och lös enskilda sträcknings- och ersättningsfrågor i avtal där det går. Kvalitetssäkra planens formella innehåll mot lagens krav för att undvika processrättsliga grunder. Förbered remiss- och svarsmaterial till regeringen i förväg.",VAGLAG | JARNVAGSLAG | EXT: HFD 2020 not. 29 https://www.domstol.se/hogsta-forvaltningsdomstolen/avgoranden2/2020/57755/,S0_current_2026,"{""causes"":[{""text"":""En berörd aktör överklagar fastställelsebeslutet enligt den instansordning som gäller för planen."",""basis"":""source"",""source_refs"":[""VAGLAG"",""JARNVAGSLAG""]},{""text"":""Klaganden bestrider sträckningen, miljöbedömningen eller hanteringen av intrånget."",""basis"":""analysis"",""source_refs"":[]},{""text"":""Samrådssynpunkter har inte lett till den korridorändring som den berörda aktören begärt."",""basis"":""analysis"",""source_refs"":[]}],""event"":{""rubrik"":""Överklaganden av planbeslutet från samebyar, markägare och organisationer""},""effects"":[{""text"":""Planens laga kraft avvaktar överklagandeprocessens utfall."",""basis"":""source"",""source_refs"":[""VAGLAG"",""JARNVAGSLAG""]},{""text"":""Markåtkomst och kompletterande tillstånd förskjuts."",""basis"":""analysis"",""source_refs"":[]},{""text"":""Ett upphävande kan kräva att planen bereds och fastställs på nytt."",""basis"":""analysis"",""source_refs"":[]}]}"
R-B50-T030-01,B50-T030,B50 – Tvärgående och sektorsspecifika spår,Slutför kompletterande tillstånd och markåtkomst,"Vatten-, Natura- och artskyddsbeslut ligger efter planen och blockerar etapper",Sektorssamordning,Myndighet & prövning,"Planen fastställer sträckning och markanvändning men ersätter inte alla andra beslut. Åtgärder i vatten kan kräva prövning enligt 11 kap. miljöbalken, påverkan på Natura 2000-områden ska prövas enligt 7 kap., fridlysta arter kan aktualisera artskyddsförordningen och ingrepp i fornlämningar kräver beslut enligt kulturmiljölagen. Om de nödvändiga besluten inte förbereds samordnat kan ett eller flera av dem bli den kritiska linjen mellan plan och byggstart; tidskonsekvensen beror på projektet och ärendet.",Väg- och järnvägsplanen och de beslut som krävs enligt miljöbalken eller kulturmiljölagen har olika rättsliga funktioner och måste kartläggas per byggetapp. Regeringens beslut den 11 februari 2025 om byggstarter omfattade Norrbotniabanan Dåva–Skellefteå med ett angivet undantag och visar att även ett separat regeringsbeslut kan ingå i genomförandekedjan. Beslutet belägger inte någon generell handläggningstid för de kompletterande miljöärendena.,"B50-T030, B50-G900, samt uppströms kopplingar till B40 (vatten), B50-N010 (Natura), B50-X010 (artskydd) och B50-K010 (KML).",Starta alla kompletterande tillståndsärenden så snart planförslaget är stabilt – vänta inte på laga kraft. Bygg en etapperad tillståndsmatris som visar vilka beslut varje byggetapp kräver. Samordna MKB-underlaget mellan plan och tillståndsansökningar för att undvika dubbelarbete och inkonsistens.,VAGLAG | JARNVAGSLAG | MB | NATURA | KML | EXT: Regeringen 2025-02-11 – beslut om byggstarter https://www.regeringen.se/pressmeddelanden/2025/02/regeringen-beslutar-om-byggstarter-for-viktiga-projekt-inom-vag--och-jarnvag/,S0_current_2026,"{""causes"":[{""text"":""Den fastställda väg- eller järnvägsplanen ersätter inte ett kompletterande miljö-, Natura- eller kulturmiljöbeslut som lagen kräver."",""basis"":""source"",""source_refs"":[""VAGLAG"",""JARNVAGSLAG"",""MB"",""KML""]},{""text"":""Kompletterande spår startas först när planens slutliga konstruktion och etapper redan är låsta."",""basis"":""analysis"",""source_refs"":[]},{""text"":""Olika delsträckor får olika överklagande- och beslutstidplaner."",""basis"":""analysis"",""source_refs"":[]}],""event"":{""rubrik"":""Vatten-, Natura- och artskyddsbeslut ligger efter planen och blockerar etapper""},""effects"":[{""text"":""Den berörda åtgärden måste avvakta det kompletterande beslut som krävs."",""basis"":""source"",""source_refs"":[""MB"",""NATURA"",""KML""]},{""text"":""Byggstarten behöver etapperas eller skjutas upp."",""basis"":""analysis"",""source_refs"":[]},{""text"":""Entreprenadlogistik och kostnader försämras när delsträckor inte kan öppnas i planerad ordning."",""basis"":""analysis"",""source_refs"":[]}]}"
R-B50-T030-02,B50-T030,B50 – Tvärgående och sektorsspecifika spår,Slutför kompletterande tillstånd och markåtkomst,Markinlösen och fastighetsbildning drar ut på tiden längs sträckan,Intressekonflikt & markåtkomst,Extern & omvärld,"Även med en lagakraftvunnen plan behöver byggherren säkerställa den markåtkomst och de rättigheter som genomförandet kräver. Tvister om ersättning, inlösen eller fastighetsbildning kan påverka tid och kostnad för berörda byggetapper.",Väg- och järnvägslagarnas markåtkomstregler samt expropriationslagen skapar särskilda processer för inlösen och ersättning. En ersättningstvist kan fortsätta parallellt med andra projektdelar och påverka projektets tid eller kostnad.,B50-T030 och B50-G900; indirekt projektets budget och byggprogram.,"Inled markförhandlingar längs hela sträckan direkt efter fastställelse, med prioritering av etapp 1:s markbehov. Använd planens inlösenmöjligheter tidigt där förhandlingar kört fast, och budgetera realistiskt för intrångsersättningar baserat på erfarenhetstal från liknande projekt.",VAGLAG | JARNVAGSLAG,S0_current_2026,"{""causes"":[{""text"":""Frivillig överenskommelse om markåtkomst nås inte med samtliga berörda fastighetsägare."",""basis"":""source"",""source_refs"":[""VAGLAG"",""JARNVAGSLAG""]},{""text"":""Ersättning, intrångsgräns eller tillfälligt nyttjande är omtvistat."",""basis"":""analysis"",""source_refs"":[]},{""text"":""Fastighetsbildning och rättighetsfrågor drivs separat för många delsträckor utan en gemensam kritisk linje."",""basis"":""analysis"",""source_refs"":[]}],""event"":{""rubrik"":""Markinlösen och fastighetsbildning drar ut på tiden längs sträckan""},""effects"":[{""text"":""Projektet behöver säkra markåtkomst enligt den ordning som gäller för väg- eller järnvägsbygget."",""basis"":""source"",""source_refs"":[""VAGLAG"",""JARNVAGSLAG""]},{""text"":""Bygget delas upp eller senareläggs där marken inte är tillgänglig."",""basis"":""analysis"",""source_refs"":[]},{""text"":""Ersättnings- och rättsprocesser ökar kostnaden och binder projektresurser."",""basis"":""analysis"",""source_refs"":[]}]}"
R-B50-X010-01,B50-X010,B50 – Tvärgående och sektorsspecifika spår,Screena artskydd och övrigt områdesskydd,Fridlysta arter missas i screeningen och dyker upp under byggskedet,Underlagsbrist & data,Sökande & ansökan,Ett sent artfynd ska bedömas mot det konkreta förbudets rekvisit. Om planerade arbeten skulle strida mot ett tillämpligt förbud och inte kan anpassas måste den berörda delen avvakta erforderlig prövning eller dispens.,"Naturvårdsverkets vägledning om artskydd i specifik miljöbedömning betonar att inventeringen ska omfatta arter som kan förekomma, inte bara redan registrerade fynd. Om en fridlyst art identifieras sent kan utformningen, skyddsåtgärderna eller prövningsunderlaget behöva omarbetas.",B50-X010 med nedströms B50-GX020–B50-X050; vid upptäckt under byggskedet direkt stopp i B70.,"Komplettera registerdata med fältinventering i rätt säsong för de arter som platsens biotoper kan hysa. Planera arbetstider efter artens känsliga perioder och ha en beredskapsplan för fynd under byggskedet (stopp, dokumentation, dispensanalys).",ARTSKYDD | ART | STRAND | MB | EXT: Naturvårdsverket – Artskydd i specifik miljöbedömning https://www.naturvardsverket.se/vagledning-och-stod/miljobalken/miljobedomningar/specifik-miljobedomning/biologisk-mangfald-i-miljobedomning/artskydd-i-specifik-miljobedomning/,S0_current_2026,"{""causes"":[{""text"":""En fridlyst art eller skyddad livsmiljö påträffas i den planerade arbetsytan efter den tidiga screeningen."",""basis"":""source"",""source_refs"":[""ARTSKYDD"",""ART"",""MB""]},{""text"":""Inventeringen har utförts vid fel säsong eller bygger endast på registeruppgifter."",""basis"":""analysis"",""source_refs"":[]},{""text"":""Projektområdet eller arbetsmetoden ändras utan att artscreeningen uppdateras."",""basis"":""analysis"",""source_refs"":[]}],""event"":{""rubrik"":""Fridlysta arter missas i screeningen och dyker upp under byggskedet""},""effects"":[{""text"":""Projektet behöver bedöma och följa tillämpliga artskyddsförbud innan den berörda åtgärden fortsätter."",""basis"":""source"",""source_refs"":[""ARTSKYDD"",""MB""]},{""text"":""Arbetet stoppas medan påverkan, skyddsåtgärder och eventuell prövning klarläggs."",""basis"":""analysis"",""source_refs"":[]},{""text"":""Omprojektering och nya inventeringar förskjuter byggstarten och ökar kostnaden."",""basis"":""analysis"",""source_refs"":[]}]}"
R-B50-X010-02,B50-X010,B50 – Tvärgående och sektorsspecifika spår,Screena artskydd och övrigt områdesskydd,Strandskydd och lokala skyddsföreskrifter upptäcks sent i detaljutformningen,Rättslig osäkerhet,Sökande & ansökan,"Strandskyddet omfattar normalt 100 meter och kan genom länsstyrelsebeslut utvidgas till högst 300 meter. LIS är ett planeringsunderlag och en möjlig dispensgrund, inte ett beslut om utvidgat strandskydd.",Naturvårdsverkets strandskyddsvägledning visar att dispensprövningen är individuell och att länsstyrelsen ska granska varje kommunalt dispensbeslut – en struktur som förutsätter att strandskyddskonflikter identifieras och hanteras som egna ärenden.,B50-X010 med nedströms B50-GX020 och B50-X030; i förlängningen B50-P020 (detaljplanen måste också förhålla sig till strandskyddet).,"Screena hela projektets funktionella fotavtryck – inklusive vägar, ledningar, depåer och arbetsområden – mot strandskydd, LIS, biotopskydd och kommunala föreskrifter. Stäm av med kommunens strandskyddshanterare och länsstyrelsens naturvårdsenhet.",STRAND | MB | EXT: Naturvårdsverket – Dispens från strandskyddet https://www.naturvardsverket.se/vagledning-och-stod/skyddad-natur/strandskydd/dispens-fran-strandskyddet/,S0_current_2026,"{""causes"":[{""text"":""En tillfart, ledning eller byggnadsdel ligger inom strandskydd eller ett annat lokalt reglerat skyddsområde."",""basis"":""source"",""source_refs"":[""STRAND"",""MB""]},{""text"":""Den tidiga screeningen omfattar huvudområdet men inte perifera följdåtgärder."",""basis"":""analysis"",""source_refs"":[]},{""text"":""Detaljprojekteringen flyttar anläggningen in i en skyddszon som saknade korrekt kartlager."",""basis"":""analysis"",""source_refs"":[]}],""event"":{""rubrik"":""Strandskydd och lokala skyddsföreskrifter upptäcks sent i detaljutformningen""},""effects"":[{""text"":""Den skyddade åtgärden behöver undvikas eller få den dispens eller prövning som lagen kräver."",""basis"":""source"",""source_refs"":[""STRAND"",""MB""]},{""text"":""Sena dispensansökningar förskjuter berörda byggmoment."",""basis"":""analysis"",""source_refs"":[]},{""text"":""Tillfarter och ledningsdragningar behöver flyttas och kan skapa nya mark- eller miljöfrågor."",""basis"":""analysis"",""source_refs"":[]}]}"
R-B50-X030-01,B50-X030,B50 – Tvärgående och sektorsspecifika spår,Omprojektera eller lämna dispens-/tillståndsansökan,Bristfällig alternativ- och skälredovisning leder till avslag på dispens,Underlagsbrist & data,Sökande & ansökan,"Redovisa prövningsgrunderna separat: strandskyddsdispens prövas mot 7 kap. MB:s särskilda skäl och syften, medan artskyddsdispens prövas mot rekvisiten i den tillämpliga bestämmelsen i artskyddsförordningen.","Kommunen ska enligt 19 kap. 3 a § miljöbalken skicka ett beslut om strandskyddsdispens till länsstyrelsen. Länsstyrelsen ska enligt 3 b § inom tre veckor besluta om beslutet ska överprövas och ska, om överprövning sker och dispensförutsättningarna saknas, upphäva kommunens beslut.",B50-X030 med nedströms B50-X040; vid avslag loop tillbaka till B50-X030 med omprojektering och försening av B50-X050.,"Behandla dispensansökan med samma noggrannhet som huvudansökan: dokumenterad alternativgivning, art-/skyddsvärdesanalys, konkreta åtgärder och tydlig koppling till vald dispensgrund. Involvera den prövande myndigheten före inlämning.",MB | ARTSKYDD | STRAND | EXT: Naturvårdsverket – vägledning strandskydd (978-91-620-0175-9) https://www.naturvardsverket.se/4ac151/globalassets/media/publikationer-pdf/0100/978-91-620-0175-9.pdf,S0_current_2026,"{""causes"":[{""text"":""Dispensansökan visar inte att de rekvisit som gäller för den aktuella skyddsbestämmelsen är uppfyllda."",""basis"":""source"",""source_refs"":[""MB"",""ARTSKYDD"",""STRAND""]},{""text"":""Alternativredovisningen utesluter genomförbara platser utan jämförbart underlag."",""basis"":""analysis"",""source_refs"":[]},{""text"":""Skydds- eller kompensationsåtgärdens effekt beskrivs utan verifierbar metod eller rådighet."",""basis"":""analysis"",""source_refs"":[]}],""event"":{""rubrik"":""Bristfällig alternativ- och skälredovisning leder till avslag på dispens""},""effects"":[{""text"":""Dispens kan inte ges om de lagstadgade förutsättningarna inte är uppfyllda."",""basis"":""source"",""source_refs"":[""MB"",""ARTSKYDD"",""STRAND""]},{""text"":""Ansökan avslås eller behöver omarbetas och kompletteras."",""basis"":""analysis"",""source_refs"":[]},{""text"":""Ett kommunalt strandskyddsbeslut kan upphävas vid länsstyrelsens kontroll och projektet behöva omprojekteras."",""basis"":""analysis"",""source_refs"":[]}]}"
R-B50-X030-02,B50-X030,B50 – Tvärgående och sektorsspecifika spår,Omprojektera eller lämna dispens-/tillståndsansökan,Omprojektering för att undvika förbudet urholkar projektets funktion eller ekonomi,Teknisk komplexitet,Sökande & ansökan,"Alternativet till dispens kan vara omprojektering. Om förbudet berör en funktionellt viktig del kan en ändring påverka kapacitet, drift, andra skyddsintressen eller underlaget i huvudansökan. Projektet behöver därför bedöma om en hållbar utformning kan nås utan upprepade växlingar mellan prövning och omprojektering.","En omprojektering för att undvika ett områdes- eller artskyddsförbud kan påverka projektets funktion, kapacitet och ekonomi.","B50-X030, B50-X040, samt återkoppling till B10-010 (projektdefinition) och B20 (MKB) när utformningen ändras.","Besluta tidigt om dispensväg eller undvikandeväg per konfliktpunkt, med en enkel kostnads- och riskavvägning per alternativ. Håll huvudansökan flexibel (kapacitetsintervall, alternativa dragningar) så att justeringar inte ogiltigförklarar den.",MB | ARTSKYDD | EXT: Vattenfall – Bruzaholms projekthistorik https://projekt.vattenfall.se/vindprojekt/projekt/land/bruzaholm,S0_current_2026,"{""causes"":[{""text"":""Den planerade åtgärden träffas av ett förbud som inte kan hanteras med den sökta dispensen."",""basis"":""source"",""source_refs"":[""MB"",""ARTSKYDD""]},{""text"":""En undvikandelösning kräver mindre kapacitet, sämre placering eller dyrare teknik."",""basis"":""analysis"",""source_refs"":[]},{""text"":""Varje ny utformning skapar följdändringar i huvudtillstånd, plan eller markåtkomst."",""basis"":""analysis"",""source_refs"":[]}],""event"":{""rubrik"":""Omprojektering för att undvika förbudet urholkar projektets funktion eller ekonomi""},""effects"":[{""text"":""Projektet behöver hålla sig utanför förbudet eller uppfylla en tillämplig laglig undantags- eller dispensgrund."",""basis"":""source"",""source_refs"":[""MB"",""ARTSKYDD""]},{""text"":""Teknisk funktion eller projektets ekonomi försämras genom omprojekteringen."",""basis"":""analysis"",""source_refs"":[]},{""text"":""Huvudspåret och andra beslut behöver ändras och den samlade tidplanen förlängs."",""basis"":""analysis"",""source_refs"":[]}]}"
R-B50-X040-01,B50-X040,B50 – Tvärgående och sektorsspecifika spår,"Pröva, besluta och överpröva skyddsärendet",Dispens- och skyddsbeslut överklagas och gaten skjuts upp,Överklagande & rättsprocess,Extern & omvärld,"Kommunala strandskyddsdispenser ska sändas till länsstyrelsen, som beslutar om de ska överprövas enligt 19 kap. 3 b § miljöbalken. Därutöver kan den som har klagorätt överklaga ett beslut enligt den instanskedja som gäller för beslutstypen; länsstyrelsens beslut enligt miljöbalken överklagas normalt till mark- och miljödomstol. Ett meddelat beslut ska därför inte behandlas som slutligt innan överprövnings- och överklagandefrågorna har klarlagts.",Kommunens underrättelseskyldighet och länsstyrelsens beslut om överprövning regleras i 19 kap. 3 a–3 b §§ miljöbalken. Klagorätten följer av 16 kap. 12–14 §§ och instanskedjan av reglerna för den aktuella beslutsmyndigheten. Naturvårdsverkets strandskyddsvägledning beskriver dessa skilda kontrollvägar.,B50-X040 med nedströms B50-X050 och samlingsgaten B50-G900; vid avslag loop till B50-X030.,"Dokumentera beslutstyp, beslutsmyndighet, underrättelser, överprövningsbeslut och överklagandetid. Passera inte B50-X050 förrän beslutets rättsliga status och eventuella villkor är verifierade.",MB | ARTSKYDD | COURT_APPEAL | EXT: Naturvårdsverket – vägledning strandskydd (978-91-620-0175-9) https://www.naturvardsverket.se/4ac151/globalassets/media/publikationer-pdf/0100/978-91-620-0175-9.pdf,S0_current_2026,"{""causes"":[{""text"":""Ett kommunalt strandskyddsbeslut tas upp till länsstyrelsens prövning eller ett skyddsbeslut överklagas enligt tillämplig ordning."",""basis"":""source"",""source_refs"":[""MB""]},{""text"":""En organisation eller sakägare angriper dispensens förutsättningar eller avgränsning."",""basis"":""analysis"",""source_refs"":[]},{""text"":""Beslutets motivering eller alternativanalys lämnar en fråga öppen för överprövning."",""basis"":""analysis"",""source_refs"":[]}],""event"":{""rubrik"":""Dispens- och skyddsbeslut överklagas och gaten skjuts upp""},""effects"":[{""text"":""Beslutets slutliga status avvaktar den föreskrivna kontroll- eller överklagandeprocessen."",""basis"":""source"",""source_refs"":[""MB"",""COURT_APPEAL""]},{""text"":""Skyddsgaten och den berörda byggstarten skjuts fram."",""basis"":""analysis"",""source_refs"":[]},{""text"":""Ett slutligt upphävande kräver omprojektering eller en ny ansökan."",""basis"":""analysis"",""source_refs"":[]}]}"
R-B50-X040-02,B50-X040,B50 – Tvärgående och sektorsspecifika spår,"Pröva, besluta och överpröva skyddsärendet",Inkonsekvent dispenspraxis mellan kommuner och län skapar oförutsägbarhet,Rättslig osäkerhet,Myndighet & prövning,"Utfallet i ett dispensärende beror på den konkreta åtgärden, platsen, underlaget och gällande rätt. Ett projekt som förlitar sig på ett avgörande från ett annat ärende utan att jämföra de rättsligt relevanta omständigheterna kan därför göra en felaktig prognos.","Strandskyddsdispens ska prövas individuellt mot rekvisiten i 7 kap. miljöbalken. Naturvårdsverkets vägledning beskriver hur bedömningen ska göras, och utfallet kan därför variera mellan ärenden med olika faktiska förhållanden.",B50-X040 och bedömningen i B50-GX020; indirekt lokaliseringssäkerheten i B10-020.,"Inhämta aktuell lokal praxis (inte bara lagtext) för just den kommunen/det länet, genom tidigare beslut och dialog med handläggare. Undvik att låsa projektets geometri innan dispensläget är testat.",MB | STRAND | ARTSKYDD | EXT: Naturvårdsverket – Strandskydd https://www.naturvardsverket.se/amnesomraden/skyddad-natur/olika-former-av-naturskydd/strandskydd/,S0_current_2026,"{""causes"":[{""text"":""Dispensprövningen görs mot lagrekvisiten och förhållandena i det enskilda fallet, så ett referensfall från en annan kommun eller region är inte nödvändigtvis jämförbart."",""basis"":""source"",""source_refs"":[""MB"",""STRAND"",""ARTSKYDD""]},{""text"":""Lokala naturvärden, planförhållanden eller tidigare beslut är inte jämförbara med projektets referensfall."",""basis"":""analysis"",""source_refs"":[]},{""text"":""Projektets prognos behandlar en skönsmässig och platsbunden bedömning som en enhetlig rutin."",""basis"":""analysis"",""source_refs"":[]}],""event"":{""rubrik"":""Inkonsekvent dispenspraxis mellan kommuner och län skapar oförutsägbarhet""},""effects"":[{""text"":""Varje dispens behöver prövas mot de lagstadgade rekvisiten och omständigheterna i det enskilda fallet."",""basis"":""source"",""source_refs"":[""MB"",""STRAND"",""ARTSKYDD""]},{""text"":""Projektet möter strängare villkor eller avslag än kalkylen förutsatte."",""basis"":""analysis"",""source_refs"":[]},{""text"":""Omprojektering eller byte av lokalisering kan bli nödvändigt."",""basis"":""analysis"",""source_refs"":[]}]}"
R-B50-X050-01,B50-X050,B50 – Tvärgående och sektorsspecifika spår,Natur- och områdesskyddsgate klar,Partiell gate: skyddsbeslut täcker inte hela det planerade markarbetet,Myndighetskapacitet & handläggning,Sökande & ansökan,En avvikelse ska bedömas mot beslutets omfattning och det aktuella förbudets rekvisit. Arbete utanför beslutets ram kan medföra tillsyn eller sanktion om rekvisiten är uppfyllda.,"Artskydds- och strandskyddsreglerna innehåller förbud, och överträdelser kan vara straffsanktionerade enligt 29 kap. miljöbalken. En dispens eller ett tillstånd omfattar endast den åtgärd och det område som har prövats. Om utförandet avviker från beslutsunderlaget kan ytterligare dispens, omprövning eller tillsynsåtgärder aktualiseras.",B50-X050 och samlingsgaten B50-G900; vid överträdelse direkt påverkan på byggarbetet i B70 och tillsyn i B60.,Frys arbetsytor gentemot beslutsunderlagen och inför en formell avvikelsekontroll före varje arbetsmoment: projekteringen jämförs mot dispensernas kartbilagor och villkor. Komplettera ansökan proaktivt vid förändringar.,MB | ARTSKYDD | STRAND,S0_current_2026,"{""causes"":[{""text"":""Ett skyddsbeslut eller en dispens omfattar en mindre yta eller annan åtgärd än den slutliga byggprojekteringen."",""basis"":""source"",""source_refs"":[""MB"",""ARTSKYDD"",""STRAND""]},{""text"":""Beslutsgeometrin och bygghandlingarna har inte jämförts i samma koordinatsystem eller version."",""basis"":""analysis"",""source_refs"":[]},{""text"":""Tillfälliga arbetsområden och följdåtgärder har utelämnats från dispensansökan."",""basis"":""analysis"",""source_refs"":[]}],""event"":{""rubrik"":""Partiell gate: skyddsbeslut täcker inte hela det planerade markarbetet""},""effects"":[{""text"":""Arbete utanför beslutets räckvidd saknar stöd av den befintliga dispensen eller prövningen."",""basis"":""source"",""source_refs"":[""MB"",""ARTSKYDD"",""STRAND""]},{""text"":""Det berörda arbetet stoppas och en ny ansökan behöver göras."",""basis"":""analysis"",""source_refs"":[]},{""text"":""Tillsyn, återställningskrav och straffrättslig exponering kan aktualiseras om arbete redan har utförts utanför beslutets räckvidd."",""basis"":""source"",""source_refs"":[""MB"",""ARTSKYDD"",""STRAND""]}]}"
R-B60-010-01,B60-010,"B60 – Ansökan, beslut och överprövning","Ge in, registrera och avgiftslägg ansökan",Avgifts- och formaliafel lägger ärendet på is innan prövning startat,Myndighetskapacitet & handläggning,Sökande & ansökan,"Första instans registrerar ärendet och hanterar eventuell prövningsavgift innan sakprövningen kan börja. Om avgiften är felaktig, inte erläggs i tid eller om ansökan kommit in via fel kanal kan instansen vägra att ta upp ärendet till handläggning. För mark- och miljödomstolarna och delegationerna gäller olika avgifts- och ingivningsordningar, vilket skapar felkällor när samma projekt berör flera instanser. Missade registreringsbesked försvårar dessutom den senare beräkningen av handläggningstider och frister.",Länsstyrelsernas e-tjänster för miljöprövningsdelegationerna och domstolarnas ingivningsordningar har olika formkrav. Om ansökan ges in genom fel kanal eller utan en obligatorisk uppgift eller avgift kan handläggningen avvakta rättelse eller komplettering.,B60-010 och nedströms B60-G020; ett registreringsfel kan också försena kungörelsen i B60-080.,Verifiera avgiftsklass och ingivningsväg mot aktuell instans före ingivning; begär skriftlig bekräftelse på diarieföring och registreringsdatum; dokumentera ingivningskvitton för senare fristberäkning.,MB | NV_PERMIT | COURT_MFV,S0_current_2026 | S1_actor_override_enacted_2027,"{""causes"":[{""text"":""Den föreskrivna prövningsavgiften har inte betalats när ansökan lämnas in."",""basis"":""source"",""source_refs"":[""MB""]},{""text"":""Projektet har klassificerat verksamheten i fel avgiftskategori och betalar därför fel belopp."",""basis"":""analysis"",""source_refs"":[]},{""text"":""Handlingar eller betalningsuppgifter förlorar sin koppling till ärendet mellan e-tjänsten och diariet."",""basis"":""analysis"",""source_refs"":[]}],""event"":{""rubrik"":""Avgifts- och formaliafel lägger ärendet på is innan prövning startat""},""effects"":[{""text"":""Prövningsinstansen behöver hantera ansökans formalia och avgiftsfråga innan den ordinarie sakberedningen går vidare."",""basis"":""source"",""source_refs"":[""MB"",""NV_PERMIT""]},{""text"":""Projektorganisationen belastas med kostnader medan ansökan inte går vidare."",""basis"":""analysis"",""source_refs"":[]},{""text"":""Ett formaliaomtag kan rubba samordningen med andra ansökningar och avtalade projektmilstolpar."",""basis"":""analysis"",""source_refs"":[]}]}"
R-B60-010-02,B60-010,"B60 – Ansökan, beslut och överprövning","Ge in, registrera och avgiftslägg ansökan",Aktörsbytet till Miljöprövningsmyndigheten skapar diarie- och behörighetsglapp,Politisk & policyrisk,Myndighet & prövning,"Övergångsbestämmelserna och myndigheternas praktiska instruktioner avgör hur ärenden kring ikraftträdandet ska lämnas in, överföras och registreras. Projektet behöver därför kontrollera behörig mottagare och bevara spårbarheten för akt, målnummer och frister.","Reformen med Miljöprövningsmyndigheten är beslutad genom betänkande 2025/26:MJU24 och SFS 2026:1442–1444. När pågående ärenden förs över till en ny organisation behöver diarier, ansvar och frister stämmas av mot övergångsreglerna.","B60-010, B60-G020 och hela förstainstanskedjan för B-ärenden, särskilt B60-080 (kungörelse) och B60-190 (beslut).",Följ Miljöprövningsmyndighetens ikraftträdande- och övergångsbesked noggrant; tidigarelägg ingivning före 2027-07-01 eller avvakta nya rutiner; begär skriftlig vägledning om rätt mottagare vid gränsfall.,NEW_AUTH | SFS2026_1442 | SFS2026_1443 | SFS2026_1444,S0_current_2026 | S1_actor_override_enacted_2027,"{""causes"":[{""text"":""Ett ärende har inletts före den nya myndighetens ikraftträdande men handläggs fortfarande vid övergången."",""basis"":""source"",""source_refs"":[""SFS2026_1442""]},{""text"":""Gamla och nya diarier använder olika ärendeidentiteter eller metadata för samma ansökan."",""basis"":""analysis"",""source_refs"":[]},{""text"":""Sökanden eller en remissinstans använder en inaktuell mottagar- eller behörighetsuppgift under övergången."",""basis"":""analysis"",""source_refs"":[]}],""event"":{""rubrik"":""Aktörsbytet till Miljöprövningsmyndigheten skapar diarie- och behörighetsglapp""},""effects"":[{""text"":""Ärendet kan behöva överlämnas till den instans som är behörig enligt övergångsreglerna."",""basis"":""source"",""source_refs"":[""SFS2026_1442""]},{""text"":""Registrering och behörighetskontroll tar längre tid än planerat."",""basis"":""analysis"",""source_refs"":[]},{""text"":""Handlingar riskerar att registreras dubbelt eller saknas i den akt som den nya myndigheten använder."",""basis"":""analysis"",""source_refs"":[]},{""text"":""Sökanden får osäkerhet om vilken myndighet som ska kontaktas och bevakas."",""basis"":""analysis"",""source_refs"":[]}]}"
R-B60-030-01,B60-030,"B60 – Ansökan, beslut och överprövning",Kontrollera materiell fullständighet,MKB-brister stjälper fullständighetsbedömningen,Underlagsbrist & data,Sökande & ansökan,"Fullständighetskontrollen testar om yrkanden, MKB, teknikbeskrivning, sakägarförteckning och specialunderlag räcker för prövning. En MKB som inte täcker de effekter instansen behöver bedöma leder till kompletteringskrav och i värsta fall avvisning. Särskilt känsligt är spårbarheten mellan samråd, avgränsning och slutligt underlag: om avgränsningsbedömningen (B20-050) inte följts kan instansen kräva omgjorda utredningar. Sakägarunderlag som är ofullständiga gör dessutom att kommuniceringen senare brister.","22 kap. 1 § miljöbalken anger vad en ansökan ska innehålla, och 22 kap. 2 § ger prövningsinstansen möjlighet att förelägga om komplettering och, om bristen inte avhjälps, avvisa ansökan. Miljökonsekvensbeskrivningen ska dessutom uppfylla kraven i 6 kap. miljöbalken och miljöbedömningsförordningen. Ett otillräckligt underlag kan därför leda till kompletteringsföreläggande och i sista hand avvisning.","B60-030, B60-G040, kompletteringsnoden B60-050 och i förlängningen miljöbedömningsgodkännandet i B60-170.",Kvalitetssäkra underlaget mot MB 22 kap. och MBD innan ingivning (jfr B20-090); använd instansens egna checklistor; håll samråds- och avgränsningsmaterial spårbart kopplat till MKB-kapitlen.,MB | MBD | NV_PERMIT | NV_EIA,S0_current_2026 | S1_actor_override_enacted_2027,"{""causes"":[{""text"":""Miljökonsekvensbeskrivningen redovisar inte rimliga alternativ i den omfattning som krävs."",""basis"":""source"",""source_refs"":[""MB"",""NV_EIA""]},{""text"":""Underlaget beskriver inte relevanta kumulativa miljöeffekter."",""basis"":""source"",""source_refs"":[""MB"",""MBD""]},{""text"":""Skyddsåtgärder eller uppföljning är otillräckligt redovisade i miljökonsekvensbeskrivningen."",""basis"":""source"",""source_refs"":[""MB"",""NV_EIA""]},{""text"":""Den tekniska ansökan och miljökonsekvensbeskrivningen utgår från olika projektversioner."",""basis"":""analysis"",""source_refs"":[]}],""event"":{""rubrik"":""MKB-brister stjälper fullständighetsbedömningen""},""effects"":[{""text"":""Prövningsinstansen kan förelägga sökanden att komplettera ansökan."",""basis"":""source"",""source_refs"":[""MB"",""NV_PERMIT""]},{""text"":""Flera kompletteringsomgångar förlänger tiden innan ansökan kan kungöras eller avgöras."",""basis"":""analysis"",""source_refs"":[]},{""text"":""Nya utredningar ökar kostnaderna och kan göra äldre underlag inaktuellt."",""basis"":""analysis"",""source_refs"":[]},{""text"":""En brist som inte läks kan leda till att ansökan inte prövas i sak."",""basis"":""analysis"",""source_refs"":[]}]}"
R-B60-030-02,B60-030,"B60 – Ansökan, beslut och överprövning",Kontrollera materiell fullständighet,Skiftande kravbild vid aktörsbyte skapar omprövning av underlaget,Myndighetskapacitet & handläggning,Myndighet & prövning,"Nodens s1_delta anger att aktörsbytet för MPD-kategorier sker utan att den processuella ramen ändras. I praktiken kan en ny myndighet ändå tillämpa annan praxis för vad som anses komplett – till exempel krav på digitalt format, uppdaterade utredningar eller nya bilagemallar. Ett ärende som var komplett hos delegationen kan då återfås för komplettering hos den nya myndigheten. Sökanden bär risken för att praxisglappet inte kompenseras i övergångsreglerna.","SFS 2026:1442 med följdändringar i SFS 2026:1443–1444 inrättar en ny prövningsmyndighet. Myndighetsspecifika handläggningsanvisningar, e-tjänster och rutiner kan därför ändras även om de materiella reglerna för ett ärende är desamma.",B60-030 med loop tillbaka till B60-050; påverkar även B60-080 om kommunicering redan hunnit påbörjas.,Dokumentera fullständighetsdialogen skriftligt med ursprungsinstansen; begär att övergångsbesked bekräftar att godkänt underlag består; följ den nya myndighetens publicerade praxis från dag ett.,MB | SFS2026_1442 | NEW_AUTH,S0_current_2026 | S1_actor_override_enacted_2027,"{""causes"":[{""text"":""Fullständighetsgranskningen pågår när ansvaret förs över till Miljöprövningsmyndigheten."",""basis"":""source"",""source_refs"":[""SFS2026_1442""]},{""text"":""Den mottagande myndigheten dokumenterar kompletthetskraven på ett annat sätt än den tidigare instansen."",""basis"":""analysis"",""source_refs"":[]},{""text"":""Tidigare muntliga besked om underlagets omfattning är inte spårbara i den överförda akten."",""basis"":""analysis"",""source_refs"":[]},{""text"":""Övergången sammanfaller med att tekniska eller miljömässiga förutsättningar i ansökan har förändrats."",""basis"":""analysis"",""source_refs"":[]}],""event"":{""rubrik"":""Skiftande kravbild vid aktörsbyte skapar omprövning av underlaget""},""effects"":[{""text"":""Den behöriga myndigheten ansvarar efter övergången för att föra den fortsatta fullständighetsgranskningen."",""basis"":""source"",""source_refs"":[""SFS2026_1442"",""NEW_AUTH""]},{""text"":""Sökanden behöver lämna ytterligare eller omstrukturerade kompletteringar."",""basis"":""analysis"",""source_refs"":[]},{""text"":""Tidskänsliga inventeringar och tekniska offerter kan behöva uppdateras."",""basis"":""analysis"",""source_refs"":[]},{""text"":""Kungörelse och fortsatt beredning senareläggs."",""basis"":""analysis"",""source_refs"":[]}]}"
R-B60-050-01,B60-050,"B60 – Ansökan, beslut och överprövning",Begär och lämna komplettering,Säsongsberoende kompletteringar missar fönstret,Klimat & naturhändelse,Myndighet & prövning,"Om en begärd komplettering kräver fältarbete under en viss biologisk eller hydrologisk period kan instansen behöva invänta ett senare lämpligt tillfälle. Om äldre, partiella eller alternativa data kan användas beror på metodkravet och den fråga som ska bedömas.",Miljökonsekvensbeskrivningen ska vara tillräcklig och relevant för den aktuella bedömningen. Vissa art- och naturvärdesinventeringar är beroende av biologisk säsong och lämpliga fältförhållanden. Om prövningsinstansen kräver ett sådant underlag efter att den relevanta perioden passerat kan kompletteringen behöva invänta ett senare genomförbart tillfälle.,B60-050 med återkoppling till B60-030; påverkar indirekt B60-170 (MKB-godkännande) och hela beslutstidplanen.,Förutse sannolika kompletteringsområden och samla in ett extra säsongsmarginal redan i B10-040/B20-planeringen; låt inventeringsprogrammet löpa under kompletteringsfasen; dokumentera metodavvikelser proaktivt om väder stoppar fältarbete.,MB | MBD | ART | NV_EIA,S0_current_2026,"{""causes"":[{""text"":""Ett kompletteringsföreläggande kräver artinventering under en biologiskt relevant årstid."",""basis"":""source"",""source_refs"":[""MB"",""NV_EIA""]},{""text"":""Hydrologiska eller akvatiska undersökningar behöver göras vid ett visst flödesförhållande."",""basis"":""analysis"",""source_refs"":[]},{""text"":""Föreläggandet meddelas efter att det relevanta fältfönstret har passerat."",""basis"":""analysis"",""source_refs"":[]},{""text"":""Väderförhållandena under fältfönstret gör att insamlade data inte blir representativa."",""basis"":""analysis"",""source_refs"":[]}],""event"":{""rubrik"":""Säsongsberoende kompletteringar missar fönstret""},""effects"":[{""text"":""Det efterfrågade miljöunderlaget behöver finnas innan prövningen kan slutföras."",""basis"":""source"",""source_refs"":[""MB"",""NV_EIA""]},{""text"":""Fältarbete och expertgranskning medför ytterligare utredningskostnader."",""basis"":""analysis"",""source_refs"":[]},{""text"":""Underlaget i andra sakfrågor kan hinna bli inaktuellt under väntetiden."",""basis"":""analysis"",""source_refs"":[]},{""text"":""Projektets samordning med parallella tillståndsprocesser försvåras."",""basis"":""analysis"",""source_refs"":[]}]}"
R-B60-050-02,B60-050,"B60 – Ansökan, beslut och överprövning",Begär och lämna komplettering,Kompletteringen väsentligt ändrar projektet och tvingar ny kommunicering,Rättslig osäkerhet,Sökande & ansökan,"En komplettering som väsentligt förändrar den ansökta verksamheten kan kräva att delar av samrådet eller kungörandet görs om, eftersom berörda ska ha haft möjlighet att yttra sig över det som faktiskt prövas. Gränsen mellan tillåten justering och ny ansökan är inte alltid given, och instansens bedömning kan bli överklagbar i sig. Om projektet ändras sent kan även parallella sektorsbeslut behöva uppdateras. Sökanden riskerar därmed att kompletteringsarbetet skapar nya processuella kretslopp i stället för att avsluta dem.","Processuell huvudregel: prövningen ska vila på kommunicerat underlag; vid väsentliga ändringar krävs förnyad kommunicering, vilket praxis från mark- och miljödomstolarna bekräftar i mål där yrkanden eller projektbeskrivningen ändrats under handläggningen.","B60-050, tillbaka till B60-080 (ny kungörelse) och B60-G110 (ytterligare skriftväxling).","Håll kompletteringarna inom ramen för det kommunicerade projektet; om ändringar är nödvändiga, gör dem som tydliga, avgränsade tillägg och föreslå själv riktad ny kommunicering för att behålla tempot.",MB,S0_current_2026,"{""causes"":[{""text"":""Sökanden lägger till en åtgärd som inte ingick i det kungjorda projektet."",""basis"":""source"",""source_refs"":[""MB""]},{""text"":""Ett nytt lokaliserings- eller teknikalternativ förs in först i kompletteringen."",""basis"":""analysis"",""source_refs"":[]},{""text"":""Kompletteringen visar miljöeffekter som berör en annan krets av sakägare än tidigare."",""basis"":""analysis"",""source_refs"":[]},{""text"":""De justerade yrkandena ökar verksamhetens omfattning i förhållande till samrådsunderlaget."",""basis"":""analysis"",""source_refs"":[]}],""event"":{""rubrik"":""Kompletteringen väsentligt ändrar projektet och tvingar ny kommunicering""},""effects"":[{""text"":""Nytt material av betydelse kan behöva kommuniceras innan ärendet avgörs."",""basis"":""source"",""source_refs"":[""MB""]},{""text"":""Ytterligare sakägare eller remissinstanser behöver ges möjlighet att yttra sig."",""basis"":""analysis"",""source_refs"":[]},{""text"":""Beredningen förlängs och tidigare planerade beslutsmoment flyttas fram."",""basis"":""analysis"",""source_refs"":[]},{""text"":""En alltför stor ändring kan kräva att projektet återgår till ett tidigare processkede."",""basis"":""analysis"",""source_refs"":[]}]}"
R-B60-060-01,B60-060,"B60 – Ansökan, beslut och överprövning","Avvisning, återkallelse eller processavslut",Återkallelse av strategiska skäl gör att det pågående ärendets processvärde går förlorat,Politisk & policyrisk,Extern & omvärld,"Processavslut utan materiellt tillstånd kan vara frivilligt men är sällan kostnadsfritt. En återkallad ansökan innebär att samråd, utredningar och handläggningsarbete delvis måste göras om vid ny ansökan, särskilt om rättsläget, BAT-slutsatserna eller planläget ändrats under tiden. Om avslutet sker för att undvika ett negativt prejudicerande utfall kan motparter och myndigheter i nästa runda hävda att frågan redan prövats. Beslutet att avsluta bör därför vägas mot vad som faktiskt kan återanvändas.","Preem återkallade 2020 ansökan för ROCC-projektet innan regeringen hade avgjort tillåtligheten i sak. Återkallelsen avslutade prövningen av den sökta utbyggnaden, medan raffinaderiets befintliga tillstånd bestod. Nedlagt processarbete för den sökta ändringen kunde därmed inte föras vidare till ett avgörande i det återkallade ärendet.","B60-060 som slutnod; påverkar indirekt alla uppströms investerade noder (B20, B30, B40) och B70:s byggberedskap.",Dokumentera och arkivera allt underlag versionsstyrt så att det kan återanvändas; analysera återkallelsens effekter på parallella spår innan beslut; överväg att låta ärendet avgöras i sak i stället om ett avslag inte skulle binda framtida ansökningar.,MB | EXT: Riksdagen – KU 2020/21:KU10 om Preemraffärendet https://www.riksdagen.se/sv/dokument-och-lagar/dokument/betankande/granskningsbetankande-hosten-2020_h801ku10/html/,S0_current_2026,"{""causes"":[{""text"":""Sökanden har processuell möjlighet att återkalla sin ansökan innan saken avgörs."",""basis"":""source"",""source_refs"":[""EXT: Riksdagen – KU 2020/21:KU10 om Preemraffärendet https://www.riksdagen.se/sv/dokument-och-lagar/dokument/betankande/granskningsbetankande-hosten-2020_h801ku10/html/""]},{""text"":""Ändrade marknadsförutsättningar gör den sökta utformningen ekonomiskt ointressant."",""basis"":""analysis"",""source_refs"":[]},{""text"":""Sökanden bedömer att ett väntat negativt avgörande skulle försvåra en omarbetad ansökan."",""basis"":""analysis"",""source_refs"":[]},{""text"":""Ägarens strategi eller investeringsprioritering ändras under handläggningen."",""basis"":""analysis"",""source_refs"":[]}],""event"":{""rubrik"":""Återkallelse av strategiska skäl gör att det pågående ärendets processvärde går förlorat""},""effects"":[{""text"":""Den återkallade ansökan leder inte till det sökta tillståndsavgörandet i det pågående ärendet."",""basis"":""source"",""source_refs"":[""EXT: Riksdagen – KU 2020/21:KU10 om Preemraffärendet https://www.riksdagen.se/sv/dokument-och-lagar/dokument/betankande/granskningsbetankande-hosten-2020_h801ku10/html/""]},{""text"":""Upplupna konsult- och ombudskostnader kan inte återvinnas genom det avslutade ärendet."",""basis"":""analysis"",""source_refs"":[]},{""text"":""En framtida ansökan behöver anpassas till då gällande rätt och aktuella miljöförhållanden."",""basis"":""analysis"",""source_refs"":[]},{""text"":""Rättigheter eller avtal som förutsätter ett pågående tillståndsärende kan behöva omförhandlas."",""basis"":""analysis"",""source_refs"":[]}]}"
R-B60-070-01,B60-070,"B60 – Ansökan, beslut och överprövning",Fastställ handläggningsplan och förbered deltagande,Utebliven eller slarvig tidsplan urholkar handläggningstempot,Myndighetskapacitet & handläggning,Myndighet & prövning,"I mål och ärenden av större omfattning kan instansen fastställa en tidsplan för beredningen. Utan en sådan plan saknar sökanden styrinstrument när handläggningen drar ut, och remissinstanser planerar inte sitt arbete. Resursbrist hos mark- och miljödomstolarna eller delegationerna – särskilt brist på tekniska råd och specialister – gör att även fastställda planer spricker. För projekt med externa finansieringsvillkor är en osäker beslutstidpunkt ofta lika skadlig som ett sent avslag.","Naturvårdsverkets årliga statistik över miljötillståndsprövningen visar stora skillnader i handläggningstid mellan instanser och måltyper, och att de längsta målen tar flera år i första instans; SOU 2025:122 om kortare instanskedja bygger på att ledtiderna är ett strukturellt problem.",B60-070 och hela den efterföljande beredningskedjan B60-080 till B60-190.,Aktivera möjligheten till tidsplan enligt 22 kap. 11 b § MB i god tid; föreslå själv en realistisk tidsplan; eskalera via instansens ledning och följ upp avvikelser skriftligt.,MB | EXT: Naturvårdsverket – Handläggningstid för miljötillståndsprövning https://www.naturvardsverket.se/vagledning-och-stod/miljobalken/handlaggningstid-for-miljotillstandsprovning/ | EXT: SOU 2025:122 En kortare instanskedja för mark- och miljöärenden https://www.riksdagen.se/sv/dokument-och-lagar/dokument/statens-offentliga-utredningar/en-kortare-instanskedja-for-mark-och-miljoarenden_hdb3122/html/,S0_current_2026,"{""causes"":[{""text"":""Instansen fastställer ingen handläggningsplan trots att ärendets fortsatta beredning behöver struktureras."",""basis"":""source"",""source_refs"":[""MB""]},{""text"":""Handläggningsplanen saknar ansvariga aktörer eller tydliga beroenden mellan processmomenten."",""basis"":""analysis"",""source_refs"":[]},{""text"":""Myndighets- eller domstolsresurser räcker inte för att hålla den kommunicerade planen."",""basis"":""analysis"",""source_refs"":[]},{""text"":""Nya kompletteringar eller remissbehov införs utan att tidsplanen revideras."",""basis"":""analysis"",""source_refs"":[]}],""event"":{""rubrik"":""Utebliven eller slarvig tidsplan urholkar handläggningstempot""},""effects"":[{""text"":""En handläggningsplan ska ge struktur åt den fortsatta beredningen när lagens förutsättningar är uppfyllda."",""basis"":""source"",""source_refs"":[""MB""]},{""text"":""Konsulter och interna specialister hålls i beredskap eller måste bokas om."",""basis"":""analysis"",""source_refs"":[]},{""text"":""Finansierings-, leverans- eller markavtal kan behöva förlängas eller omförhandlas."",""basis"":""analysis"",""source_refs"":[]},{""text"":""Försenade moment kan få följdeffekter i parallella prövningsspår."",""basis"":""analysis"",""source_refs"":[]}]}"
R-B60-080-01,B60-080,"B60 – Ansökan, beslut och överprövning",Kungör och remittera ansökan,Kungörelse- eller delgivningsfel gör prövningen sårbar för ogiltighet,Överklagande & rättsprocess,Myndighet & prövning,"Kungörandet är den processuella nyckelhändelse som ger berörda rätt att yttra sig och senare överklaga. Om en sakägare missas, adresserna är fel eller annonseringen inte sker enligt föreskrift kan utfallet angripas med processfel, och överinstansen kan upphäva och återförvisa målet. Felet upptäcks ofta först när den berörda sakägaren aktiverar sig sent, ibland först i överprövningen. I vattenmål med många fastighetsberörda är felkällorna särskilt många.",Deltagande- och underrättelsereglerna i 19 och 22 kap. MB ska följas för berörda sakägare. En väsentlig brist kan innebära att kommunicering eller annan handläggning måste göras om och i vissa fall leda till återförvisning.,"B60-080, B60-090 och i förlängningen B60-G210 (överklaganden) samt återförvisningsrisk i B60-G290.",Kvalitetssäkra sakägarförteckningen mot fastighetsregister och lantmäteriet före kungörande; dokumentera varje delgivningsmoment; använd kompletterande personlig delgivning för kritiska sakägare.,MB | NV_PERMIT,S0_current_2026 | S1_actor_override_enacted_2027,"{""causes"":[{""text"":""Sakägarförteckningen saknar en person eller fastighet som berörs av ansökan."",""basis"":""analysis"",""source_refs"":[]},{""text"":""Kungörelsen innehåller inte den information eller publicering som processen kräver."",""basis"":""source"",""source_refs"":[""MB""]},{""text"":""En delgivningsadress eller mottagaruppgift är felaktig."",""basis"":""analysis"",""source_refs"":[]},{""text"":""En väsentligt ändrad ansökan kommuniceras inte till den berörda kretsen."",""basis"":""analysis"",""source_refs"":[]}],""event"":{""rubrik"":""Kungörelse- eller delgivningsfel gör prövningen sårbar för ogiltighet""},""effects"":[{""text"":""Berörda ska ges den möjlighet till insyn och yttrande som kungörelse- och kommuniceringsreglerna kräver."",""basis"":""source"",""source_refs"":[""MB"",""NV_PERMIT""]},{""text"":""Beredningen kan behöva öppnas på nytt för kungörelse eller delgivning."",""basis"":""analysis"",""source_refs"":[]},{""text"":""Ett senare avgörande kan upphävas och återförvisas på grund av handläggningsfelet."",""basis"":""analysis"",""source_refs"":[]},{""text"":""Laga kraft och byggberedskap senareläggs även om sakprövningen i övrigt varit korrekt."",""basis"":""analysis"",""source_refs"":[]}]}"
R-B60-080-02,B60-080,"B60 – Ansökan, beslut och överprövning",Kungör och remittera ansökan,"Remissinstansernas kapacitet sätter takten, inte instansens plan",Myndighetskapacitet & handläggning,Myndighet & prövning,"En remissinstans kan begära förlängd svarstid. En beviljad förlängning eller ett yttrande som behöver följas upp kan påverka den fortsatta tidplanen, särskilt om uppgifterna är centrala för beslutsunderlaget.",I ett större tillståndsärende kan remissinstanser begära förlängd svarstid eller lämna synpunkter i flera steg. Tidplanen behöver därför ge utrymme för kommunicering och för de kompletteringar som relevanta remissynpunkter kan föranleda.,"B60-080, B60-090 och förskjuter B60-100 samt beslutstidpunkten i B60-190.",Bedriv förhandsdialog med nyckelremissinstanser före kungörandet så att yttrandena är förberedda; håll ansökningsunderlaget direkt svarbart för myndigheternas frågeställningar; bevaka remisstider och påminn via instansen.,MB | NV_PERMIT,S0_current_2026 | S1_actor_override_enacted_2027,"{""causes"":[{""text"":""En remissinstans lämnar inte sitt yttrande inom den remisstid som prövningsinstansen har satt ut."",""basis"":""source"",""source_refs"":[""MB"",""NV_PERMIT""]},{""text"":""Remissunderlaget är omfattande eller förändras under remisstiden."",""basis"":""analysis"",""source_refs"":[]},{""text"":""Flera remissinstanser behöver samordna ett gemensamt eller beroende svar."",""basis"":""analysis"",""source_refs"":[]},{""text"":""Remissinstansen begär förlängd svarstid för att inhämta internt beslutsunderlag."",""basis"":""analysis"",""source_refs"":[]}],""event"":{""rubrik"":""Remissinstansernas kapacitet sätter takten, inte instansens plan""},""effects"":[{""text"":""Prövningsinstansen behöver bereda relevant remissmaterial innan ansökan avgörs."",""basis"":""source"",""source_refs"":[""MB"",""NV_PERMIT""]},{""text"":""Sökandens bemötande kan inte färdigställas innan remissynpunkterna är kända."",""basis"":""analysis"",""source_refs"":[]},{""text"":""Försenade yttranden kan skapa ytterligare kommuniceringsomgångar."",""basis"":""analysis"",""source_refs"":[]},{""text"":""Handläggningsplanens efterföljande moment måste bokas om."",""basis"":""analysis"",""source_refs"":[]}]}"
R-B60-090-01,B60-090,"B60 – Ansökan, beslut och överprövning",Inhämta yttranden och invändningar,Motstridiga myndighetsyttranden låser beredningen,Intressekonflikt & markåtkomst,Myndighet & prövning,"I denna nod samlas sak- och villkorssynpunkter från myndigheter, kommuner och organisationer. Om relevanta yttranden pekar i olika riktningar behöver prövningsinstansen klarlägga sakfrågorna, kommunicera materialet när reglerna kräver det och göra den rättsliga avvägningen. Sökanden kan behöva komplettera underlaget eller justera ett villkorsförslag, men ett motstridigt yttrande medför inte automatiskt avslag eller en viss fördröjning.","I Kallak/Gállok-ärendet vägdes bland annat rennärings- och mineralintressen i regeringens koncessionsbeslut. Högsta förvaltningsdomstolen rättsprövade därefter beslutet i HFD 2024 not. 36, mål 3893-22, och förklarade att det skulle stå fast. Exemplet visar att en riksintressekonflikt kan behandlas i både regeringens prövning och en efterföljande rättsprövning.","B60-090, bemötandenoden B60-100 och den materiella prövningen i B60-180 där avvägningen landar.",Identifiera konfliktlinjerna redan i samrådsfasen (B20) och arbeta fram kompromissvillkor i förväg; begär särskilda sammanträden mellan motstridiga myndigheter; dokumentera egen avvägningsanalys som stöd för instansen.,"MB | EXT: HFD 2024 not. 36, mål 3893-22 https://www.domstol.se/hogsta-forvaltningsdomstolen/avgoranden2/2024/146612/",S0_current_2026,"{""causes"":[{""text"":""Remissmyndigheter bedömer samma projekt utifrån olika lagstadgade skydds- och sektorsintressen."",""basis"":""source"",""source_refs"":[""MB""]},{""text"":""Två myndigheter föreslår villkor som inte kan uppfyllas samtidigt i den sökta utformningen."",""basis"":""analysis"",""source_refs"":[]},{""text"":""Underlaget ger utrymme för skilda expertbedömningar av samma miljöeffekt."",""basis"":""analysis"",""source_refs"":[]},{""text"":""Ett riksintresse eller säkerhetsintresse står i konflikt med projektets lokalisering eller teknik."",""basis"":""analysis"",""source_refs"":[]}],""event"":{""rubrik"":""Motstridiga myndighetsyttranden låser beredningen""},""effects"":[{""text"":""Prövningsinstansen behöver göra och redovisa den rättsliga avvägning som avgörandet bygger på."",""basis"":""source"",""source_refs"":[""MB""]},{""text"":""Sökanden behöver ta fram alternativa utformningar eller fördjupad motbevisning."",""basis"":""analysis"",""source_refs"":[]},{""text"":""Slutliga villkor kan bli mer begränsande eller svårare att förena med projektets funktion."",""basis"":""analysis"",""source_refs"":[]},{""text"":""En myndighet som har uttrycklig klagorätt kan överklaga avgörandet om dess invändning inte får genomslag."",""basis"":""source"",""source_refs"":[""MB""]}]}"
R-B60-090-02,B60-090,"B60 – Ansökan, beslut och överprövning",Inhämta yttranden och invändningar,Många synpunkter kräver strukturerad kommunicering och bedömning,Samråd & motstånd,Extern & omvärld,"Relevanta invändningar kan behöva kommuniceras, utredas och bemötas i den utsträckning som krävs för ett tillräckligt beslutsunderlag.","Prövningsinstansen ska se till att beslutsunderlaget är tillräckligt och hantera relevanta synpunkter enligt de processregler som gäller för målet eller ärendet. Ett stort antal skrivelser är inte i sig ett rättsligt hinder, men materialet behöver struktureras så att sakfrågor, klagorätt och kommuniceringsbehov kan bedömas korrekt.","B60-090, B60-100 (bemötandebördan) och B60-G210 (sannolikhet för överklaganden).",Ta opinionen på allvar redan i samrådet; etablera löpande dialog med nyckelorganisationer; förbered bemötandestruktur och expertresurser innan kungörelsen går ut.,MB | NV_PERMIT,S0_current_2026,"{""causes"":[{""text"":""Projektet berör många fastigheter, organisationer eller lokala intressen."",""basis"":""analysis"",""source_refs"":[]},{""text"":""Kungörelsen väcker flera tekniskt skilda invändningar som kräver olika sakkunniga svar."",""basis"":""analysis"",""source_refs"":[]},{""text"":""Flera yttranden innehåller nytt faktaunderlag som behöver kommuniceras innan det läggs till grund för avgörandet."",""basis"":""source"",""source_refs"":[""MB""]},{""text"":""Likartade synpunkter lämnas i olika format utan gemensam struktur eller hänvisning."",""basis"":""analysis"",""source_refs"":[]}],""event"":{""rubrik"":""Många synpunkter kräver strukturerad kommunicering och bedömning""},""effects"":[{""text"":""Prövningsinstansen behöver beakta relevanta yttranden och invändningar i beredningen."",""basis"":""source"",""source_refs"":[""MB"",""NV_PERMIT""]},{""text"":""Behovet av flera specialistbemötanden ökar ombuds- och expertkostnaderna."",""basis"":""analysis"",""source_refs"":[]},{""text"":""Ytterligare kommunicering förlänger beredningen."",""basis"":""analysis"",""source_refs"":[]},{""text"":""Fler sakfrågor kan följa med in i en överklagandeprocess."",""basis"":""analysis"",""source_refs"":[]}]}"
R-B60-100-01,B60-100,"B60 – Ansökan, beslut och överprövning",Sökanden bemöter och justerar,Justerade yrkanden underminerar den processuella ramen,Rättslig osäkerhet,Sökande & ansökan,"Bemötandefasen är sökandens möjlighet att anpassa projektet till synpunkterna, men justeringar som går utöver det kommunicerade kan skapa processuell osäkerhet. Instansen måste avgöra om ändringarna kräver ny kommunicering, och motparter kan invända att de inte fått tala över den slutliga utformningen. Samtidigt kan passiva bemötanden lämna bristande bevisning kvar till den materiella prövningen. Balansen mellan att anpassa och att hålla ramen är nodens kärnrisk.",Avgörandet ska bygga på ett underlag som parterna har fått möjlighet att bemöta enligt tillämpliga kommuniceringsregler. Om yrkanden eller projektbeskrivningen ändras väsentligt sent i processen kan förnyad kommunicering eller en annan processuell åtgärd behövas.,"B60-100, med loop till B60-G110 och möjlig återgång till B60-080.",Testa varje justering mot det ursprungliga kommuniceringsunderlaget; kommunicera väsentliga ändringar frivilligt och riktat; behåll en versionsstyrd yrkandelogg som visar att ramen hålls.,MB,S0_current_2026,"{""causes"":[{""text"":""Sökanden ändrar den sökta verksamhetens omfattning under den pågående prövningen."",""basis"":""source"",""source_refs"":[""MB""]},{""text"":""Ett nytt villkorsförslag förändrar teknik eller drift på ett sätt som inte tidigare utretts."",""basis"":""analysis"",""source_refs"":[]},{""text"":""Projektbeskrivningen justeras så att en ny krets av sakägare eller miljöeffekter berörs."",""basis"":""analysis"",""source_refs"":[]},{""text"":""Flera successiva mindre ändringar får tillsammans en väsentlig betydelse för prövningsramen."",""basis"":""analysis"",""source_refs"":[]}],""event"":{""rubrik"":""Justerade yrkanden underminerar den processuella ramen""},""effects"":[{""text"":""Nytt material av betydelse kan behöva kommuniceras innan avgörandet."",""basis"":""source"",""source_refs"":[""MB""]},{""text"":""Instansen kan avgränsa prövningen till den del som ryms inom den ursprungliga ansökan."",""basis"":""analysis"",""source_refs"":[]},{""text"":""Den ändrade delen kan behöva prövas i ett nytt eller kompletterande ärende."",""basis"":""analysis"",""source_refs"":[]},{""text"":""Projektets tillståndsutfall blir mer begränsat än den senast önskade utformningen."",""basis"":""analysis"",""source_refs"":[]}]}"
R-B60-120-01,B60-120,"B60 – Ansökan, beslut och överprövning","Genomför sakkunnig-, plats- eller annan utredning",Instansens egen sakkunnigutredning flyttar bevisbördan och tidplanen,Teknisk komplexitet,Myndighet & prövning,"När underlaget är otillräckligt kan instansen själv komplettera bevisningen. Det är rättssäkert men tar tid: upphandling eller utnämning av sakkunnig, utredningsarbete och ny kommunicering av resultatet. Sökanden förlorar delvis kontrollen över bevisbilden, och utredningens resultat kan peka åt annat håll än ansökan. Utredningskostnader kan dessutom komma att belasta sökanden eller komplicera fördelningen av processkostnader.",Enligt 22 kap. 12 § miljöbalken kan MMD förordna en sakkunnig och enligt 22 kap. 13 § kan domstolen inhämta yttrande från en myndighet eller annan sakkunnig. Ett sådant utredningssteg kan kräva nytt material och kommunikation med parterna.,B60-120 och förskjuter B60-G130 samt den materiella prövningen i B60-180.,Leverera från början ett underlag som gör extern utredning onödig; erbjud välrenommerade experter och gemensamma faktaunderlag; följ upp sakkunnigutredningens direktiv och delta aktivt vid syn.,MB | MMDL,S0_current_2026,"{""causes"":[{""text"":""Parternas sakkunnigutlåtanden ger oförenliga slutsatser i en avgörande fråga."",""basis"":""analysis"",""source_refs"":[]},{""text"":""Ansökningsunderlaget saknar verifierbara data för den bedömning som instansen måste göra."",""basis"":""analysis"",""source_refs"":[]},{""text"":""Domstolen bedömer att syn eller särskild utredning behövs för att kunna avgöra målet."",""basis"":""source"",""source_refs"":[""MMDL""]},{""text"":""En ny teknisk fråga uppkommer efter kommunicering som inte täcks av parternas experter."",""basis"":""analysis"",""source_refs"":[]}],""event"":{""rubrik"":""Instansens egen sakkunnigutredning flyttar bevisbördan och tidplanen""},""effects"":[{""text"":""Instansens beslutade syn eller särskilda utredning blir ett ytterligare handläggningsmoment före avgörandet."",""basis"":""source"",""source_refs"":[""MB"",""MMDL""]},{""text"":""Parterna behöver granska och bemöta det nya sakkunnigunderlaget."",""basis"":""analysis"",""source_refs"":[]},{""text"":""Sökanden belastas med ytterligare expert- och ombudskostnader."",""basis"":""analysis"",""source_refs"":[]},{""text"":""Instansens utredning kan ge stöd för strängare villkor eller ett negativt avgörande."",""basis"":""analysis"",""source_refs"":[]}]}"
R-B60-120-02,B60-120,"B60 – Ansökan, beslut och överprövning","Genomför sakkunnig-, plats- eller annan utredning",Väder och årstid försenar syn och platsbesök,Klimat & naturhändelse,Extern & omvärld,"Syn och platsbesök ska ge instansen en riktig bild av förhållandena på platsen. Vinterförhållanden kan dölja markförhållanden, medan översvämningar eller torka kan förvrida bilden av vattenförhållanden. Ett inställt besök i fel säsong kan behöva vänta till nästa år för att bli rättvisande. För fjäll- och kustprojekt är fönstren ibland mycket korta.","Beslutsunderlaget ska avse de faktiska förhållanden som prövningen gäller. Snö, höga flöden, torka eller andra säsongsförhållanden kan begränsa när en syn ger ett representativt underlag. Om synen behöver flyttas kan handläggningen förlängas.",B60-120 och förskjuter förhandlings- och beslutstidpunkter i B60-140 och B60-190.,Planera syn tidigt i beredningen med säsongsmarginal; komplettera med drönar- och fotodokumentation från rätt årstid; ha reservdatum inbokade.,MB,S0_current_2026,"{""causes"":[{""text"":""Snö eller is döljer de förhållanden som synen ska klarlägga."",""basis"":""analysis"",""source_refs"":[]},{""text"":""Höga vattenflöden eller översvämning gör platsen otillgänglig eller missvisande."",""basis"":""analysis"",""source_refs"":[]},{""text"":""Brandrisk eller annan säkerhetsrisk hindrar ett planerat platsbesök."",""basis"":""analysis"",""source_refs"":[]},{""text"":""Instansen har bedömt att syn eller platsanknuten utredning behövs som underlag för avgörandet."",""basis"":""source"",""source_refs"":[""MB""]}],""event"":{""rubrik"":""Väder och årstid försenar syn och platsbesök""},""effects"":[{""text"":""Den beslutade synen behöver genomföras eller ersättas med tillräckligt underlag innan den berörda bedömningen slutförs."",""basis"":""source"",""source_refs"":[""MB""]},{""text"":""Efterföljande förhandling eller avgörande senareläggs om observationen behövs som underlag."",""basis"":""analysis"",""source_refs"":[]},{""text"":""Parter och sakkunniga får kostnader för ombokning och förnyade förberedelser."",""basis"":""analysis"",""source_refs"":[]},{""text"":""Förändrade platsförhållanden kan kräva kompletterande dokumentation i stället för enbart syn."",""basis"":""analysis"",""source_refs"":[]}]}"
R-B60-140-01,B60-140,"B60 – Ansökan, beslut och överprövning",Håll huvudförhandling eller sammanträde,Sakkunniga ledamöters tillgång och jäv stoppar sammanträdet,Myndighetskapacitet & handläggning,Myndighet & prövning,Om en ledamot inte kan delta eller en jävsfråga behöver prövas kan sammanträdet behöva flyttas eller sammansättningen ändras. Tidseffekten beror på domstolens eller myndighetens möjlighet att ordna en ny behörig sammansättning.,Jäv ska bedömas utifrån den berörda personens konkreta uppdrag och relationer. I beslut dnr 6455-2009 kritiserade JO SGU för att myndigheten inte hade beaktat jävsrisken när en geolog som hade konsulterat för Nordkalk deltog i SGU:s remissarbete. Exemplet gäller en expertmyndighet och motiverar en tidig roll- och jävsinventering; domstolens sammansättning regleras separat i lagen om mark- och miljödomstolar.,B60-140 och förskjuter avgörandet i B60-190.,Bevaka sammanträdesbokning aktivt och begär reservtid; granska ledamöternas tilldelning tidigt och anmäl jävsskäl omedelbart i stället för vid sammanträdet; håll förhandlingsmaterialet färdigt så att ny tid kan tas snabbt.,"FL | MMDL | EXT: JO, dnr 6455-2009 (SGU och jävsrisk) https://www.jo.se/besluten/kritik-mot-sveriges-geologiska-undersokning-sgu-som-inte-beaktat-riskerna-for-jav-nar-myndigheten-yttrat-sig-som-remissinstans/",S0_current_2026,"{""causes"":[{""text"":""En ledamot har en relation eller tidigare medverkan som aktualiserar jävsreglerna."",""basis"":""source"",""source_refs"":[""FL""]},{""text"":""En teknisk ledamot eller annan nödvändig specialist blir otillgänglig inför sammanträdet."",""basis"":""analysis"",""source_refs"":[]},{""text"":""En sen jävsinvändning kräver att instansen utreder om sammansättningen är behörig."",""basis"":""analysis"",""source_refs"":[]},{""text"":""Ersättare med rätt sakkompetens kan inte kallas med bibehållen förhandlingsdag."",""basis"":""analysis"",""source_refs"":[]}],""event"":{""rubrik"":""Sakkunniga ledamöters tillgång och jäv stoppar sammanträdet""},""effects"":[{""text"":""Sammanträdet eller huvudförhandlingen behöver skjutas upp."",""basis"":""analysis"",""source_refs"":[]},{""text"":""En konkret jävsfråga behöver prövas innan ledamoten deltar vidare i handläggningen."",""basis"":""source"",""source_refs"":[""FL""]},{""text"":""En ny ledamot behöver sätta sig in i ett omfattande tekniskt och processuellt material."",""basis"":""analysis"",""source_refs"":[]},{""text"":""Parter, ombud och experter får omboknings- och förberedelsekostnader."",""basis"":""analysis"",""source_refs"":[]}]}"
R-B60-140-02,B60-140,"B60 – Ansökan, beslut och överprövning",Håll huvudförhandling eller sammanträde,Nya yrkanden och bevis vid förhandlingen spränger ramen,Överklagande & rättsprocess,Extern & omvärld,Nytt material kan kräva kommunicering eller att förhandlingen skjuts upp. Följden bestäms av processreglerna och innebär inte automatiskt att hela förhandlingen börjar om.,"Dispositionsprincipen i miljöprocessen tillåter parterna att vid vissa punkter komplettera, men praxis kräver att motparten får reell möjlighet att bemöta; uppskjutna huvudförhandlingar på grund av nytt material är ett känt fenomen i stora miljömål.","B60-140, med återkoppling till skriftväxlingen (B60-G110) och förskjutning av B60-180/B60-190.",Begär att domstolen sätter en sista tidpunkt för nytt material före förhandlingen; förbered bemötanden även för tänkbara nya invändningar; dokumentera invändningar mot sent material direkt på protokollet.,MB | COURT_MFV,S0_current_2026,"{""causes"":[{""text"":""En part presenterar ett nytt yrkande först vid huvudförhandlingen."",""basis"":""source"",""source_refs"":[""MB"",""COURT_MFV""]},{""text"":""Ny teknisk bevisning åberopas utan att motparterna kunnat förbereda ett bemötande."",""basis"":""analysis"",""source_refs"":[]},{""text"":""Ett nytt alternativ eller en ny skyddsåtgärd förs in i den muntliga argumentationen."",""basis"":""analysis"",""source_refs"":[]},{""text"":""Ett sent myndighetsyttrande förändrar vilka frågor som behöver behandlas vid förhandlingen."",""basis"":""analysis"",""source_refs"":[]}],""event"":{""rubrik"":""Nya yrkanden och bevis vid förhandlingen spränger ramen""},""effects"":[{""text"":""Material av betydelse behöver hanteras så att berörda parter får möjlighet att bemöta det före avgörandet."",""basis"":""source"",""source_refs"":[""MB"",""COURT_MFV""]},{""text"":""Förhandlingen kan behöva ajourneras eller fortsätta vid ett senare tillfälle."",""basis"":""analysis"",""source_refs"":[]},{""text"":""Ombud och sakkunniga behöver utföra ytterligare arbete."",""basis"":""analysis"",""source_refs"":[]},{""text"":""Avgörandet senareläggs medan kompletterande skriftväxling genomförs."",""basis"":""analysis"",""source_refs"":[]}]}"
R-B60-160-01,B60-160,"B60 – Ansökan, beslut och överprövning",Regeringen prövar tillåtligheten,Regeringsprövningen är ett separat beslutssteg utan lagstadgad handläggningsfrist,Politisk & policyrisk,Extern & omvärld,"Regeringens tillåtlighetsprövning enligt 17 kap. miljöbalken har ingen särskild lagstadgad handläggningsfrist. Ärendet bereds i Regeringskansliet och kan kräva ytterligare yttranden eller underlag. När tillåtlighetsfrågan är förbehållen regeringen får prövningsmyndigheten inte avgöra den frågan före regeringens beslut, även om andra delar av beredningen kan fortsätta. Tidsbehov och utfall måste bedömas i det konkreta ärendet.","Regeringen beviljade bearbetningskoncession för Kallak/Gállok 2022 och Högsta förvaltningsdomstolen rättsprövade beslutet i HFD 2024 not. 36. I Blekinge Offshore-ärendet avslog regeringen ansökan den 20 december 2016 i ärende M2013/00540/Me. Exemplen visar skilda tidpunkter för regeringens sakprövning och en eventuell efterföljande rättsprövning, men ger inte underlag för en generell handläggningstid.","B60-160 och blockerar B60-170, B60-180, B60-190 samt hela nedströmskedjan till B70.",Bygg affärsplanen med scenario för flerårig regeringsväntan; håll underlaget aktuellt genom planerade uppdateringar; upprätthåll dialog med departementet och berörda myndigheter under beredningen.,"MB | EXT: HFD 2024 not. 36, mål 3893-22 https://www.domstol.se/hogsta-forvaltningsdomstolen/avgoranden2/2024/146612/ | EXT: Regeringsbeslut 2016-12-20 – Blekinge Offshore https://www.regeringen.se/contentassets/5a5304ce813441b4b4bafe37d48300a4/beslut---ansokan-om-tillstand-enligt-miljobalken-till-uppforande-och-drift-av-gruppstation-for-vindkraft-i-hanobukten-i-slovesborgs-och-karlshamns-kommuner.pdf",S0_current_2026,"{""causes"":[{""text"":""Verksamheten omfattas av obligatorisk tillåtlighetsprövning enligt miljöbalken."",""basis"":""source"",""source_refs"":[""MB""]},{""text"":""Regeringen förbehåller sig att pröva verksamhetens tillåtlighet enligt miljöbalken."",""basis"":""source"",""source_refs"":[""MB""]},{""text"":""Tillåtlighetsfrågan aktualiseras först efter att förstainstansen redan lagt omfattande tid på beredningen."",""basis"":""analysis"",""source_refs"":[]}],""event"":{""rubrik"":""Regeringsprövningen är ett separat beslutssteg utan lagstadgad handläggningsfrist""},""effects"":[{""text"":""Tillståndsinstansen kan inte slutföra tillståndsavgörandet innan regeringens tillåtlighetsbeslut finns."",""basis"":""source"",""source_refs"":[""MB""]},{""text"":""Projektets beslutsdatum blir svårare att prognostisera."",""basis"":""analysis"",""source_refs"":[]},{""text"":""Finansierings-, leverans- och markavtal kan behöva förlängas under regeringens beredning."",""basis"":""analysis"",""source_refs"":[]},{""text"":""Fortsatt teknisk projektering sker med osäkerhet om den sökta verksamheten alls blir tillåten."",""basis"":""analysis"",""source_refs"":[]}]}"
R-B60-160-02,B60-160,"B60 – Ansökan, beslut och överprövning",Regeringen prövar tillåtligheten,Regeringen når ett annat resultat än prövningsinstansens yttrande,Politisk & policyrisk,Extern & omvärld,"Regeringens tillåtlighetsprövning enligt 17 kap. miljöbalken är ett förvaltningsbeslut, inte en domstolsdom. Regeringen ska tillämpa den relevanta lagstiftningen och kan inom prövningsramen beakta bland annat totalförsvarets intressen. Ett regeringsbeslut kan i förekommande fall rättsprövas av Högsta förvaltningsdomstolen enligt lagen om rättsprövning; rättsprövningen avser beslutets laglighet och är inte en ny lämplighetsprövning.","I Blekinge Offshore-ärendet hade mark- och miljödomstolen föreslagit att regeringen skulle tillåta en gruppstation med högst 700, alternativt 350, vindkraftverk. Regeringen avslog den 20 december 2016 ansökan med hänvisning till att anläggningen skulle ligga inom Försvarsmaktens övningsområde och riskera påtaglig skada på totalförsvarets intresse. Exemplet visar att regeringen kan nå ett annat slutligt resultat än domstolens yttrande i en tillåtlighetsfråga.",B60-160 och hela projektet; nedströms noder B60-170–B60-190 får aldrig en chans att producera tillstånd.,"Kartlägg de politiska motintressena (totalförsvar, riksintressen) tidigt och anpassa lokalisering och utformning innan ansökan; bedriv förhand med Försvarsmakten och berörda sektorsmyndigheter; överväg alternativa lokaliseringar som kan läggas fram vid avslag.",MB | RATTSPROVNING | EXT: Regeringsbeslut 2016-12-20 – Blekinge Offshore https://www.regeringen.se/contentassets/5a5304ce813441b4b4bafe37d48300a4/beslut---ansokan-om-tillstand-enligt-miljobalken-till-uppforande-och-drift-av-gruppstation-for-vindkraft-i-hanobukten-i-slovesborgs-och-karlshamns-kommuner.pdf,S0_current_2026,"{""causes"":[{""text"":""Regeringen gör en självständig tillåtlighetsprövning enligt 17 kap. miljöbalken."",""basis"":""source"",""source_refs"":[""MB""]},{""text"":""Riksintressen, försvarsintressen eller andra övergripande intressen bedöms väga tyngre än projektintresset."",""basis"":""analysis"",""source_refs"":[]},{""text"":""Regeringen bedömer att den prövade lokaliseringen eller utformningen inte kan accepteras trots föreslagna villkor."",""basis"":""analysis"",""source_refs"":[]},{""text"":""Prövningsinstansens positiva yttrande bygger på en annan intresseavvägning än regeringens."",""basis"":""analysis"",""source_refs"":[]}],""event"":{""rubrik"":""Regeringen når ett annat resultat än prövningsinstansens yttrande""},""effects"":[{""text"":""Den prövade utformningen kan avslås genom regeringens tillåtlighetsbeslut."",""basis"":""source"",""source_refs"":[""MB""]},{""text"":""Projektet behöver avbrytas, flyttas eller omarbetas för att kunna gå vidare."",""basis"":""analysis"",""source_refs"":[]},{""text"":""Ett regeringsbeslut kan rättsprövas när förutsättningarna i rättsprövningslagen är uppfyllda."",""basis"":""source"",""source_refs"":[""RATTSPROVNING""]},{""text"":""Investerat utrednings- och projekteringsarbete förlorar helt eller delvis sitt värde."",""basis"":""analysis"",""source_refs"":[]}]}"
R-B60-160-03,B60-160,"B60 – Ansökan, beslut och överprövning",Regeringen prövar tillåtligheten,Rättsprövning skapar fortsatt processrisk utan automatisk inhibition,Överklagande & rättsprocess,Extern & omvärld,"Vissa regeringsbeslut kan rättsprövas av HFD enligt lagen (2006:304) om rättsprövning av vissa regeringsbeslut. För ansökningar enligt lagens 1 eller 2 § är fristen tre månader från dagen för regeringsbeslutet. Regeringsbeslutet gäller även om rättsprövning söks, om inte HFD beslutar att det tills vidare inte ska gälla. En ansökan om rättsprövning skapar alltså inte automatiskt inhibition eller samma slags uppskjutna laga kraft som ett vanligt överklagande.","Regeringens koncessionsbeslut för Kallak/Gállok rättsprövades i HFD 2024 not. 36, mål 3893-22. Högsta förvaltningsdomstolen förklarade att regeringens beslut skulle stå fast. Avgörandet visar rättsprövningens funktion men ger inte en generell handläggningstid för andra ärenden.",B60-160 och indirekt B70-byggberedskapen som inte kan fastställas med säkerhet under pågående rättsprövning.,"Bevaka tremånadersfristen, kontrollera om rättsprövning sökts och om HFD har beslutat om inhibition. Beskriv i finansierings- och byggbeslut att regeringsbeslutet gäller under prövningen om inhibition inte har meddelats.",RATTSPROVNING | MB | EXT: HFD 2024 not. 36 (Kallak) https://www.domstol.se/globalassets/filer/domstol/hogstaforvaltningsdomstolen/2024/notiser/hfd-2024-not.-36.pdf,S0_current_2026,"{""causes"":[{""text"":""En person eller organisation som uppfyller rättsprövningslagens krav ansöker om rättsprövning."",""basis"":""source"",""source_refs"":[""RATTSPROVNING""]},{""text"":""Ansökan gör gällande att regeringsbeslutet strider mot en rättsregel eller att handläggningen varit felaktig."",""basis"":""analysis"",""source_refs"":[]},{""text"":""En ansökan om rättsprövning stoppar inte automatiskt regeringens beslut; inhibition kräver ett särskilt beslut av Högsta förvaltningsdomstolen."",""basis"":""source"",""source_refs"":[""RATTSPROVNING""]}],""event"":{""rubrik"":""Rättsprövning skapar fortsatt processrisk utan automatisk inhibition""},""effects"":[{""text"":""Högsta förvaltningsdomstolen kan förklara att regeringens beslut ska stå fast."",""basis"":""source"",""source_refs"":[""RATTSPROVNING""]},{""text"":""Högsta förvaltningsdomstolen kan upphäva regeringens beslut om lagens förutsättningar är uppfyllda."",""basis"":""source"",""source_refs"":[""RATTSPROVNING""]},{""text"":""Projektets slutliga rättsläge förblir osäkert under rättsprövningen."",""basis"":""analysis"",""source_refs"":[]},{""text"":""Avtal och investeringsbeslut kan behöva villkoras av rättsprövningens utfall."",""basis"":""analysis"",""source_refs"":[]}]}"
R-B60-170-01,B60-170,"B60 – Ansökan, beslut och överprövning",Slutför och godkänn miljöbedömningen,MKB:n godkänns inte – återförvisning eller avslag i stället för villkor,Underlagsbrist & data,Sökande & ansökan,"Miljöbedömningen ska inte bara finnas utan vara tillräcklig för att ligga till grund för avgörandet. Om instansen bedömer MKB:n som otillräcklig kan den inte kompensera det med villkor; bristen får i stället konsekvensen att ansökan inte kan bifallas utan komplettering. EU-rättens krav på miljöbedömningar har skärpt granskningen, särskilt av alternativ och kumulativa effekter. En MKB som klarat förhandsgranskningen kan alltså ändå falla i slutbedömningen när motparter riktat in sig på svagheterna.",Prövningsinstansen ska enligt 6 kap. miljöbalken ta ställning till om miljökonsekvensbeskrivningen uppfyller innehållskraven och beakta miljöbedömningen i avgörandet. Om underlaget inte kan bära en materiell prövning kan komplettering eller avvisning aktualiseras; om sökanden inte visar att hänsynskraven är uppfyllda kan ansökan avslås. NJA 2009 s. 321 avsåg den snävare situationen att en väsentlig initial brist i alternativredovisningen utgjorde processhinder.,"B60-170, B60-180 (materiell prövning kan inte avslutas) och risk för återförvisning via B60-G290.",Granska MKB:n mot MBD:s innehållskrav och EU-domstolens krav före ingivning; låt oberoende granskare testa alternativ- och kumulativdelarna; håll MKB:n levande och uppdatera den under handläggningen.,"MB | MBD | NV_EIA | EXT: HD – NJA 2009 s. 321, mål T 3126-07 https://rattspraxis.etjanst.domstol.se/sok/publicering/307705c6-6147-40c7-880f-4fd734a8519a",S0_current_2026,"{""causes"":[{""text"":""Miljökonsekvensbeskrivningen saknar en tillräcklig redovisning av rimliga alternativ."",""basis"":""source"",""source_refs"":[""MB"",""NV_EIA""]},{""text"":""Relevanta kumulativa effekter har inte identifierats eller bedömts i underlaget."",""basis"":""source"",""source_refs"":[""MB"",""MBD""]},{""text"":""Miljökonsekvensbeskrivningen redovisar inte nödvändiga skydds- eller uppföljningsåtgärder."",""basis"":""source"",""source_refs"":[""MB"",""NV_EIA""]},{""text"":""Väsentliga delar av projektet har ändrats utan att miljökonsekvensbeskrivningen uppdaterats."",""basis"":""analysis"",""source_refs"":[]}],""event"":{""rubrik"":""MKB:n godkänns inte – återförvisning eller avslag i stället för villkor""},""effects"":[{""text"":""Prövningsinstansen kan begära att bristerna kompletteras innan miljöbedömningen slutförs."",""basis"":""source"",""source_refs"":[""MB""]},{""text"":""Ett sent kompletteringsbehov förskjuter avgörandet och kan kräva ny kommunicering."",""basis"":""analysis"",""source_refs"":[]},{""text"":""Ett avgörande som bygger på ett otillräckligt underlag kan upphävas vid överprövning."",""basis"":""analysis"",""source_refs"":[]},{""text"":""Om bristen inte kan läkas kan den sökta verksamheten inte tillåtas på det befintliga underlaget."",""basis"":""analysis"",""source_refs"":[]}]}"
R-B60-170-02,B60-170,"B60 – Ansökan, beslut och överprövning",Slutför och godkänn miljöbedömningen,Samrådsresultatet beaktas inte dokumenterbart i avgörandet,Överklagande & rättsprocess,Myndighet & prövning,"Om ett väsentligt beaktande- eller motiveringsfel konstateras kan överinstansen, beroende på felets betydelse och möjlighet till rättelse, ändra, upphäva eller återförvisa avgörandet.",Miljöbedömningsreglernas beaktande- och motiveringskrav har stöd i EU-rätten. Om avgörandet inte redovisar hur relevanta synpunkter och miljöbedömningen har beaktats kan bristen medföra att avgörandet upphävs eller återförvisas.,"B60-170, B60-190 (avgörandets motivering) och överprövningskedjan B60-250–B60-270.",Bygg en synpunktsmatris som spårar varje väsentlig invändning till avgörandets resonemang; kräv att förslaget till avgörande refererar samrådsredogörelsen uttryckligen; kvalitetssäkra motiveringen före beslut.,MB | NV_EIA,S0_current_2026,"{""causes"":[{""text"":""Avgörandet redovisar inte hur relevanta samrådssynpunkter har beaktats i miljöbedömningen."",""basis"":""source"",""source_refs"":[""MB""]},{""text"":""Samrådsredogörelsen och beslutsmotiveringen använder olika kategorier så att spårbarheten bryts."",""basis"":""analysis"",""source_refs"":[]},{""text"":""En väsentlig invändning behandlas endast i akten men inte i den redovisade bedömningen."",""basis"":""analysis"",""source_refs"":[]},{""text"":""Projektet har förändrats efter samrådet utan att beslutet förklarar hur tidigare synpunkter förhåller sig till ändringen."",""basis"":""analysis"",""source_refs"":[]}],""event"":{""rubrik"":""Samrådsresultatet beaktas inte dokumenterbart i avgörandet""},""effects"":[{""text"":""Resultatet av samrådet ska beaktas i miljöbedömningen och prövningen."",""basis"":""source"",""source_refs"":[""MB"",""NV_EIA""]},{""text"":""Överinstansen kan behöva pröva om motiverings- eller handläggningsbristen påverkat utgången."",""basis"":""analysis"",""source_refs"":[]},{""text"":""Avgörandet kan undanröjas och ärendet återförvisas för en ny eller tydligare bedömning."",""basis"":""analysis"",""source_refs"":[]},{""text"":""En ny prövning innebär ytterligare kommunicering och senarelagd finalitet."",""basis"":""analysis"",""source_refs"":[]}]}"
R-B60-180-01,B60-180,"B60 – Ansökan, beslut och överprövning","Pröva tillåtlighet, villkor, säkerhet och genomförandetid",Natura 2000- eller artskyddskraven kan inte uppfyllas,Rättslig osäkerhet,Sökande & ansökan,"För Natura 2000 innebär risk för betydande påverkan först att tillstånd och en fullständig bedömning enligt 7 kap. 28 a–28 b §§ krävs. Om tillstånd inte kan lämnas enligt 28 b § kan undantagsregeln i 29 § aktualiseras, med krav på avsaknad av alternativ, tvingande orsaker av väsentligt allmänintresse, kompensation och regeringens tillåtelse. Artskydd ska prövas separat mot den tillämpliga lydelsen av 14 eller 15 § artskyddsförordningen; rekvisiten är inte identiska med Natura 2000-reglerna. Skyddsåtgärder och villkor kan beaktas när de enligt rättsreglerna är tillräckligt säkra och genomförbara.",I NJA 2013 s. 613 undanröjde Högsta domstolen underinstansernas avgöranden i tillståndsdelen för Nordkalks Bungeprojekt och återförvisade målet för en Natura 2000-prövning som uppfyllde unionsrättens krav. Mark- och miljööverdomstolen avslog därefter Nordkalks ansökan i M 5431-14 år 2018. M 5375-14 avsåg ett separat mål om SMA Minerals täkt vid Stucks.,"B60-180, B60-190 (avslag i stället för tillstånd) och återförvisningsloopen B60-G290.","Pröva Natura 2000- och artskyddsfrågorna först i utredningsordningen, inte sist; utred alternativ och kompensation på allvar redan i B20; överväg omprövning av lokalisering innan ansökan om kollisionen är verklig.","MB | NATURA | ART | ARTSKYDD | EXT: HD – NJA 2013 s. 613, mål T 3158-12 https://www.domstol.se/hogsta-domstolen/avgoranden2/2013/37066/ | EXT: MÖD – M 5431-14, Nordkalk/Bunge https://www.domstol.se/mark--och-miljooverdomstolen/mark--och-miljooverdomstolens-avgoranden/2018/66859/ | EXT: MÖD – M 5375-14, SMA Mineral/Stucks https://www.domstol.se/mark--och-miljooverdomstolen/mark--och-miljooverdomstolens-avgoranden/2018/66855/",S0_current_2026,"{""causes"":[{""text"":""Underlaget lämnar kvar rimligt vetenskapligt tvivel om att en Natura 2000-verksamhet inte skadar den skyddade livsmiljön eller arten."",""basis"":""source"",""source_refs"":[""MB"",""NATURA""]},{""text"":""Den sökta åtgärden träffas av ett förbud i artskyddsförordningen."",""basis"":""source"",""source_refs"":[""ARTSKYDD""]},{""text"":""Förutsättningarna för artskyddsdispens enligt den tillämpliga bestämmelsen är inte uppfyllda."",""basis"":""source"",""source_refs"":[""ARTSKYDD""]},{""text"":""Föreslagna skyddsåtgärder är inte tillräckligt konkreta eller säkra för att bära prövningen."",""basis"":""analysis"",""source_refs"":[]}],""event"":{""rubrik"":""Natura 2000- eller artskyddskraven kan inte uppfyllas""},""effects"":[{""text"":""Natura 2000-tillstånd kan inte ges om förutsättningarna i miljöbalken inte är uppfyllda."",""basis"":""source"",""source_refs"":[""MB"",""NATURA""]},{""text"":""En förbjuden artskyddsåtgärd får inte genomföras utan tillämpligt undantag eller dispens."",""basis"":""source"",""source_refs"":[""ARTSKYDD""]},{""text"":""Projektet behöver omformas, flyttas eller begränsas för att minska påverkan."",""basis"":""analysis"",""source_refs"":[]},{""text"":""Ett tillstånd som meddelats på otillräckligt underlag kan upphävas vid överprövning."",""basis"":""analysis"",""source_refs"":[]}]}"
R-B60-180-02,B60-180,"B60 – Ansökan, beslut och överprövning","Pröva tillåtlighet, villkor, säkerhet och genomförandetid",BAT-/IED-nivån flyttas under pågående prövning,Teknisk komplexitet,Extern & omvärld,För IED-verksamheter finns tidsbundna krav kopplade till offentliggjorda BAT-slutsatser enligt industriutsläppsförordningen. Om nya BAT-slutsatser publiceras medan ett mål handläggs måste deras betydelse bedömas mot de regler och övergångsbestämmelser som gäller för verksamheten; publiceringen ändrar inte automatiskt prövningens rättsliga utgångspunkt. I den mån slutsatserna är tillämpliga kan underlaget och villkorsförslagen behöva uppdateras.,"IED-regleringen genomförs i svensk rätt bland annat genom industriutsläppsförordningen. Offentliggörande av BAT-slutsatser utlöser tidsbundna skyldigheter enligt det regelverket, men den konkreta betydelsen för ett pågående mål beror på vilka slutsatser och övergångsbestämmelser som är tillämpliga.","B60-180, villkorsformuleringen i B60-190 och kompletteringsloopen B60-050.",Bevaka kommande BAT-revideringar och designa tekniken med marginal mot förväntade nivåer; formulera villkorsförslag dynamiskt; föra dialog med instansen om vilken BAT-nivå som ska gälla så tidigt som möjligt.,MB | IUF | NV_IED,S0_current_2026,"{""causes"":[{""text"":""Nya BAT-slutsatser offentliggörs eller börjar gälla medan ansökan handläggs."",""basis"":""source"",""source_refs"":[""IUF"",""NV_IED""]},{""text"":""Tillämpliga industriutsläppsregler ändras innan prövningsinstansen avgör ärendet."",""basis"":""source"",""source_refs"":[""IUF""]},{""text"":""Projektets teknik är projekterad mot en äldre prestandanivå och kan inte utan vidare verifieras mot den nya nivån."",""basis"":""analysis"",""source_refs"":[]},{""text"":""Ansökan saknar ett alternativ som visar hur den sökta verksamheten kan anpassas till det förändrade kravet."",""basis"":""analysis"",""source_refs"":[]}],""event"":{""rubrik"":""BAT-/IED-nivån flyttas under pågående prövning""},""effects"":[{""text"":""Tillämpliga BAT-slutsatser och industriutsläppsregler behöver beaktas i prövningen."",""basis"":""source"",""source_refs"":[""IUF"",""NV_IED""]},{""text"":""Nya teknikval eller reningssteg ökar investerings- och projekteringskostnaderna."",""basis"":""analysis"",""source_refs"":[]},{""text"":""Kompletteringen förlänger beredningen och kan kräva ny kommunicering."",""basis"":""analysis"",""source_refs"":[]},{""text"":""Den sökta utformningen kan behöva begränsas eller avslås om den inte kan uppfylla tillämpliga krav."",""basis"":""analysis"",""source_refs"":[]}]}"
R-B60-180-03,B60-180,"B60 – Ansökan, beslut och överprövning","Pröva tillåtlighet, villkor, säkerhet och genomförandetid",Säkerhets- och efterbehandlingsfrågor underblåser oenighet om vem som bär risken,Rättslig osäkerhet,Myndighet & prövning,"Ekonomisk säkerhet regleras generellt i 16 kap. 3 § MB och, för vissa verksamheter, genom särskilda obligatoriska säkerhetskrav såsom 9 kap. 6 e § och 15 kap. 58–60 §§ MB. En säkerhet enligt 16 kap. 3 § kan göras till villkor för tillståndets giltighet och ska godtas om den är betryggande för sitt ändamål. Nivå, form och upptrappning kan vara tvistiga, men regleringen finns inte i 5 kap. MB.",16 kap. 3 § MB anger den generella säkerhetsregeln och medger successivt ställande enligt en plan som hela tiden täcker det aktuella behovet. Särreglerna för bland annat avfall och utvinningsverksamhet finns i 15 kap. MB.,"B60-180, B60-190 (säkerhetsvillkoret) och överprövningskedjan där beloppet prövas om.","Knyt kalkylen till rätt säkerhetsbestämmelse och till beslutets exakta villkor. Redovisa belopp, kostnadsantaganden, form och eventuell stegvis uppbyggnad så att säkerheten vid varje tidpunkt är betryggande för sitt ändamål.",MB,S0_current_2026,"{""causes"":[{""text"":""Parterna bedömer det belopp som behövs för efterbehandling på olika sätt."",""basis"":""source"",""source_refs"":[""MB""]},{""text"":""Osäkerhet om framtida kostnader, avfallsmängder eller skadeförlopp ger stora skillnader mellan beräkningsmodellerna."",""basis"":""analysis"",""source_refs"":[]},{""text"":""Förslaget till säkerhet har en form eller giltighetstid som myndigheten inte anser tillräcklig."",""basis"":""analysis"",""source_refs"":[]},{""text"":""Ansvarstid och kontroll efter avslutad verksamhet är inte tydligt avgränsade i ansökan."",""basis"":""analysis"",""source_refs"":[]}],""event"":{""rubrik"":""Säkerhets- och efterbehandlingsfrågor underblåser oenighet om vem som bär risken""},""effects"":[{""text"":""Prövningen förlängs genom komplettering och argumentation om beräkningsunderlaget."",""basis"":""analysis"",""source_refs"":[]},{""text"":""Prövningsinstansen kan fastställa ett säkerhetsvillkor vars belopp eller form avviker från sökandens förslag."",""basis"":""source"",""source_refs"":[""MB""]},{""text"":""Ett högre säkerhetskrav binder kapital eller påverkar projektets finansieringsvillkor."",""basis"":""analysis"",""source_refs"":[]},{""text"":""Otydligt efterbehandlingsansvar kan leda till senare tvist om villkorens innebörd."",""basis"":""analysis"",""source_refs"":[]}]}"
R-B60-190-01,B60-190,"B60 – Ansökan, beslut och överprövning",Meddela beslut eller dom,Otydliga eller overkställbara villkor föder nya processer efter beslutet,Rättslig osäkerhet,Myndighet & prövning,"Avgörandets villkorsdel ska vara tillräckligt preciserad för tillsyn och uppföljning. Otydliga villkor – om spridningsområden, bullergränser, efterbehandlingskrav eller uppskjutna frågor – skapar konflikter vid tillsyn, ändringsanmälningar och omprövningar år efter beslutet. De kan också angripas i överprövning som otillräckligt motiverade. En skyndsam slutformulering under tidspress är därför en risk som materialiseras långt efter laga kraft.",Villkor behöver vara tillräckligt tydliga och kontrollerbara för att kunna tillämpas i tillsynen. Ett otydligt villkor kan skapa en senare tvist om vad verksamhetsutövaren ska göra eller hur efterlevnaden ska mätas.,B60-190 och hela eftermarknaden: B70-byggberedskap samt framtida tillsyns- och omprövningsärenden.,"Förhandla fram konkreta, mätbara villkorsformuleringar under beredningen; testa varje villkor mot frågan 'hur kontrolleras detta?'; begär domstolens/instansens villkorsutkast i god tid före beslutet om möjligt.",MB | COURT_MFV,S0_current_2026 | S1_actor_override_enacted_2027,"{""causes"":[{""text"":""Tillståndet innehåller ett bindande villkor vars ordalydelse anger ett allmänt mål men saknar en mätbar skyldighet."",""basis"":""source"",""source_refs"":[""MB""]},{""text"":""Tekniska begrepp används utan definition eller hänvisning till en bestämd mätmetod."",""basis"":""analysis"",""source_refs"":[]},{""text"":""Villkoret fördelar inte tydligt ansvar, kontrollpunkt eller tidpunkt för efterlevnad."",""basis"":""analysis"",""source_refs"":[]},{""text"":""Olika delar av domen eller beslutet ger motstridiga besked om samma krav."",""basis"":""analysis"",""source_refs"":[]}],""event"":{""rubrik"":""Otydliga eller overkställbara villkor föder nya processer efter beslutet""},""effects"":[{""text"":""Tillståndshavaren är bunden av tillståndsvillkoret även när dess närmare innebörd blir omtvistad."",""basis"":""source"",""source_refs"":[""MB""]},{""text"":""Tillsynen försvåras när efterlevnaden inte kan verifieras objektivt."",""basis"":""analysis"",""source_refs"":[]},{""text"":""Tolkningstvisten kan leda till förelägganden, överklaganden eller ansökan om ändrade villkor."",""basis"":""analysis"",""source_refs"":[]},{""text"":""En överinstans kan behöva ändra eller undanröja en bristfällig villkorsdel."",""basis"":""analysis"",""source_refs"":[]}]}"
R-B60-190-02,B60-190,"B60 – Ansökan, beslut och överprövning",Meddela beslut eller dom,Fel i överklagandehänvisning eller verkställighetsbesked skapar fristkaos,Överklagande & rättsprocess,Myndighet & prövning,"Överklagandehänvisningen ska ange hur beslutet överklagas. Om informationen är felaktig kan ett sent överklagande i vissa fall ändå tas upp enligt 45 § förvaltningslagen, och en skrivelse som lämnas till överinstansen kan omfattas av lagens undantag. Verkställbarheten ska bedömas separat enligt reglerna för beslutstypen och eventuella inhibitionsbeslut.","Överklagandehänvisningen ska ange hur beslutet överklagas. För beslut som omfattas av förvaltningslagen är fristen normalt tre veckor enligt 44 §, och ett sent överklagande ska enligt 45 § inte avvisas om förseningen beror på felaktig information från myndigheten. Andra avgöranden följer sina respektive processregler; någon gemensam treveckorsregel ska inte anges för alla beslut.","B60-190, B60-200 (delgivning och fristberäkning) och B60-220 (rättidighetskontroll).",Granska hänvisningen mot aktuell instanskedja direkt vid beslutet; begär rättelse av uppenbara fel enligt rättelsebestämmelserna; dokumentera beslutets exakta delgivnings- och kungörelsedatum.,MB | MMDL | FL | NV_PERMIT,S0_current_2026 | S1_actor_override_enacted_2027,"{""causes"":[{""text"":""Överklagandehänvisningen anger fel instans eller fel sätt att ge in överklagandet."",""basis"":""source"",""source_refs"":[""FL""]},{""text"":""Överklagandehänvisningen anger en felaktig sista dag."",""basis"":""source"",""source_refs"":[""FL""]},{""text"":""Avgörandet skiljer inte tydligt mellan laga kraft och möjligheten att verkställa beslutet tidigare."",""basis"":""analysis"",""source_refs"":[]},{""text"":""Ett särskilt verkställighetsförordnande eller en begränsning återges inte konsekvent i domslut och bilagor."",""basis"":""analysis"",""source_refs"":[]}],""event"":{""rubrik"":""Fel i överklagandehänvisning eller verkställighetsbesked skapar fristkaos""},""effects"":[{""text"":""Ett överklagande behöver ges in på det sätt och inom den tid som följer av den tillämpliga processordningen."",""basis"":""source"",""source_refs"":[""FL"",""MMDL""]},{""text"":""Rättidigheten kan behöva bedömas i en särskild process."",""basis"":""analysis"",""source_refs"":[]},{""text"":""Tidpunkten för laga kraft blir osäker för projektets avtals- och finansieringsbeslut."",""basis"":""analysis"",""source_refs"":[]},{""text"":""Projektet riskerar att börja för tidigt eller avstå från tillåten verkställighet på felaktig grund."",""basis"":""analysis"",""source_refs"":[]}]}"
R-B60-200-01,B60-200,"B60 – Ansökan, beslut och överprövning",Delge/kungör avgörandet och beräkna överklagandetid,Fel i delgivning eller kungörelse försvårar beräkningen av överklagandetiden,Överklagande & rättsprocess,Myndighet & prövning,"Överklagandefristens längd och startpunkt beror på beslutstyp och processform. För ett förvaltningsmyndighetsbeslut som omfattas av FL är fristen normalt tre veckor från den dag klaganden fick del av beslutet enligt 44 § FL. För domstolsavgöranden och kungörelsedelgivna avgöranden gäller i stället reglerna i bland annat lagen om domstolsärenden, rättegångsbalken, MMDL och miljöbalkens specialbestämmelser. Ett delgivnings- eller kungörelsefel kan därför förskjuta eller göra finalitetsbedömningen osäker, men det är inte korrekt att ange en gemensam treveckorsregel från delgivning respektive kungörelse för alla beslut.","Frist och startpunkt ska bestämmas genom en beslutstypsmatris. FL 44–47 §§ reglerar myndighetsbeslut, medan MMDL hänvisar till olika processlagar beroende på om MMD är första instans eller överinstans.","B60-200, B60-G210 (laga kraft-kontrollen) och B70-G020 (finalitetsstatus).","Registrera för varje avgörande beslutsinstans, tillämplig processlag, delgivnings- eller kungörelsedatum, klagandekategori, frist och sista överklagandedag. Begär finalitetsbevis först när samtliga relevanta frister har kontrollerats enligt rätt regelverk.",MB | MMDL | FL | ARENDELAG,S0_current_2026,"{""causes"":[{""text"":""En part eller känd sakägare som ska nås av avgörandet saknas i delgivningslistan."",""basis"":""source"",""source_refs"":[""MB"",""FL""]},{""text"":""Delgivningen skickas till en inaktuell eller felaktig adress."",""basis"":""analysis"",""source_refs"":[]},{""text"":""Kungörelsen genomförs inte på det sätt som gäller för avgörandet."",""basis"":""source"",""source_refs"":[""MB""]},{""text"":""Akten saknar tillförlitlig dokumentation om när mottagaren fick del av avgörandet."",""basis"":""analysis"",""source_refs"":[]}],""event"":{""rubrik"":""Fel i delgivning eller kungörelse försvårar beräkningen av överklagandetiden""},""effects"":[{""text"":""Överklagandetidens början behöver bestämmas enligt den delgivnings- eller kungörelseregel som gäller för avgörandet."",""basis"":""source"",""source_refs"":[""MB"",""FL""]},{""text"":""Ett påstått sent överklagande kan utlösa en separat rättidighetsprövning."",""basis"":""analysis"",""source_refs"":[]},{""text"":""Avgörandets laga kraft och projektets byggberedskap fördröjs."",""basis"":""analysis"",""source_refs"":[]},{""text"":""Kungörelse eller delgivning kan behöva göras om."",""basis"":""analysis"",""source_refs"":[]}]}"
R-B60-200-02,B60-200,"B60 – Ansökan, beslut och överprövning",Delge/kungör avgörandet och beräkna överklagandetid,"Helger, semester och postlogistik rubbar fristberäkningen",Myndighetskapacitet & handläggning,Myndighet & prövning,"Fristberäkningen ser enkel ut på pappret men påverkas av helgdagsregler, allmänna helger och hur myndigheten hanterar elektronisk kontra fysisk delgivning. Ett avgörande som kungörs mitt i sommarperioden ger motparter mer effektiv tid att organisera överklaganden, medan ett felaktigt hanterat e-delgivningskvitto kan ogiltigförklara hela friststarten. För projekt med säsongsberoende bygglogistik kan några veckors förskjutning av laga kraft flytta byggstarten ett helt år.","Fristreglerna i förvaltningsprocessen är formbundna. Följden av ett fel i delgivning, kungörelse eller överklagandehänvisning ska bedömas enligt den processregel och praxis som gäller för beslutstypen; ett sådant fel kan påverka när fristen börjar löpa eller om ett sent överklagande ska godtas. Sommar- eller julperioden förlänger inte i sig en lagstadgad frist.",B60-200 och B70:s byggberedskapsbedömning.,Planera för att beslut som kommer nära semesterperioder har fördröjd laga kraft; samla alla delgivnings- och kungörelsebevis i projektets beslutslogg; räkna konservativt på tidigast möjliga byggstart.,MB,S0_current_2026,"{""causes"":[{""text"":""Den frist som styr beslutets finalitet börjar löpa enligt tillämplig kungörelse- eller delgivningsregel."",""basis"":""source"",""source_refs"":[""MB""]},{""text"":""En fysisk försändelse når mottagaren senare än den normala postgången."",""basis"":""analysis"",""source_refs"":[]},{""text"":""En e-tjänst registrerar eller aviserar delgivningen på ett sätt som skapar osäkerhet om mottagningsdagen."",""basis"":""analysis"",""source_refs"":[]},{""text"":""Projektets interna fristbevakning använder kalenderdagar och arbetsdagar inkonsekvent."",""basis"":""analysis"",""source_refs"":[]}],""event"":{""rubrik"":""Helger, semester och postlogistik rubbar fristberäkningen""},""effects"":[{""text"":""Överklagandetiden måste beräknas enligt den regel som gäller för det aktuella avgörandet."",""basis"":""source"",""source_refs"":[""MB""]},{""text"":""Laga kraft kan inträda senare än projektplanen antagit."",""basis"":""analysis"",""source_refs"":[]},{""text"":""Bygg-, leverans- eller finansieringsbeslut behöver flyttas fram."",""basis"":""analysis"",""source_refs"":[]},{""text"":""Ett felaktigt antagande om fristens utgång kan leda till otillåten byggstart."",""basis"":""analysis"",""source_refs"":[]}]}"
R-B60-220-01,B60-220,"B60 – Ansökan, beslut och överprövning",Kontrollera rättidighet och överlämna akten,Rättidighetsprövningen blir en juridisk sidoprocess,Överklagande & rättsprocess,Extern & omvärld,Den myndighet som meddelade beslutet prövar enligt 45 § förvaltningslagen om överklagandet kom in i rätt tid. Bedömningen utgår från när handlingen kom in och från vilken dag fristen började löpa för klaganden; övriga frågor om klagorätt och prövningshinder bedöms av överinstansen. Om beslutsmyndigheten avvisar ett överklagande som för sent kan avvisningsbeslutet överklagas i samma ordning som huvudbeslutet.,"Rättidighetsprövningen och dess undantag regleras i 45 § förvaltningslagen. Länsstyrelsens information om överklagande av MPD-beslut beskriver att överklagandet ges in till länsstyrelsen, som kontrollerar att det har kommit in i rätt tid innan handlingarna lämnas vidare. Klagorätt och andra prövningsförutsättningar hör till överinstansens bedömning.",B60-220 och förskjuter B60-G230 samt hela överprövningens start.,Dokumentera ingivningsdatum och kanal för varje överklagande; begär att instansen hanterar rättidighetsprövningen samlat och skyndsamt; bevaka om avvisade överklaganden överklagas separat.,MB | MMDL | FL | EXT: Länsstyrelsen Norrbotten om överklagande av MPD-beslut https://www.lansstyrelsen.se/norrbotten/miljo-och-vatten/miljofarlig-verksamhet/provning-av-miljofarlig-verksamhet/overklaga-beslut-fran-miljoprovningsdelegationen.html,S0_current_2026,"{""causes"":[{""text"":""Ett överklagande kommer in så nära fristens slut att ankomstdagen behöver klarläggas."",""basis"":""source"",""source_refs"":[""FL""]},{""text"":""Överklagandet skickas till en annan myndighet eller kanal än den som anges i beslutet."",""basis"":""analysis"",""source_refs"":[]},{""text"":""Delgivningsunderlaget ger motstridiga uppgifter om när klaganden fick del av beslutet."",""basis"":""analysis"",""source_refs"":[]},{""text"":""Frågan om klagandens rätt att överklaga blandas samman med kontrollen av om skrivelsen kom in i tid."",""basis"":""analysis"",""source_refs"":[]}],""event"":{""rubrik"":""Rättidighetsprövningen blir en juridisk sidoprocess""},""effects"":[{""text"":""Beslutsmyndigheten behöver pröva om överklagandet kommit in i rätt tid innan akten överlämnas."",""basis"":""source"",""source_refs"":[""FL""]},{""text"":""Överlämnandet till överinstansen fördröjs medan ankomst- och delgivningsuppgifter utreds."",""basis"":""analysis"",""source_refs"":[]},{""text"":""Ett avvisningsbeslut kan överklagas och skapa ett särskilt processled."",""basis"":""analysis"",""source_refs"":[]},{""text"":""Övriga parter får längre osäkerhet om avgörandet kommer att vinna laga kraft."",""basis"":""analysis"",""source_refs"":[]}]}"
R-B60-220-02,B60-220,"B60 – Ansökan, beslut och överprövning",Kontrollera rättidighet och överlämna akten,Akten överlämnas ofullständig eller till fel instans,Myndighetskapacitet & handläggning,Myndighet & prövning,"Överlämnandet är en administrativ nyckelpunkt: överinstansen kan inte börja handlägga förrän hela akten finns på plats. Vid kombinerade mål kan delar av överklagandet höra till olika instanser, och ett felriktat överlämnande måste korrigeras med nytt överlämnande. I övergången till Miljöprövningsmyndigheten finns dessutom risk att rutiner för aktöverlämning mellan länsstyrelse, ny myndighet och domstol inte är etablerade. Varje administrativt avbrott ger överinstansen skäl att parkera målet.",Handläggning i överinstans förutsätter att akten och det överklagade beslutet kan överlämnas korrekt. Ett bristfälligt eller fördröjt överlämnande kan skapa väntetid. Reformen med en ny prövningsmyndighet enligt SFS 2026:1442–1444 innebär dessutom att ansvarsfördelningen måste kontrolleras mot övergångsreglerna.,"B60-220, B60-G230 och mottagande instans B60-240/B60-250.",Begär skriftlig bekräftelse från överinstansen att akten mottagits komplett; säkerställ att beslutsinstansen känner till rätt överprövningsväg för varje del av målet; följ upp status aktivt efter överlämnandet.,MB | MMDL | SFS2026_1442,S0_current_2026,"{""causes"":[{""text"":""Överlämnandet till överinstansen saknar en bilaga, ett yttrande eller ett delgivningsbevis som ingår i akten."",""basis"":""source"",""source_refs"":[""MMDL""]},{""text"":""Handlingar har registrerats under olika diarienummer utan fullständig korsreferens."",""basis"":""analysis"",""source_refs"":[]},{""text"":""Akten skickas till fel överinstans på grund av en felbedömd instanskedja."",""basis"":""analysis"",""source_refs"":[]},{""text"":""Övergången till en ny prövningsmyndighet skapar oklarhet om vem som ansvarar för att sammanställa akten."",""basis"":""analysis"",""source_refs"":[]}],""event"":{""rubrik"":""Akten överlämnas ofullständig eller till fel instans""},""effects"":[{""text"":""Överinstansen behöver ha tillgång till den relevanta akten för att kunna handlägga överklagandet."",""basis"":""source"",""source_refs"":[""MMDL""]},{""text"":""Målet kan behöva överlämnas vidare till rätt instans."",""basis"":""analysis"",""source_refs"":[]},{""text"":""Parter riskerar att bemöta ett ofullständigt eller felversionerat material."",""basis"":""analysis"",""source_refs"":[]},{""text"":""Överprövningens faktiska start och efterföljande avgörande senareläggs."",""basis"":""analysis"",""source_refs"":[]}]}"
R-B60-240-01,B60-240,"B60 – Ansökan, beslut och överprövning",Länsstyrelsen prövar överklagat kommunalt beslut,Länsstyrelsens tidigare medverkan kräver en konkret jävsprövning,Myndighetskapacitet & handläggning,Myndighet & prövning,"Länsstyrelsen kan i olika ärenden ha roller som remissinstans, samordnare, tillsynsmyndighet eller överinstans. Rollkombinationen innebär inte i sig jäv, men konkreta tidigare ställningstaganden eller personkopplingar måste bedömas enligt jävsreglerna. Överprövningen ska vara fristående och dess tidsbehov bedömas i det konkreta ärendet.","Länsstyrelsen kan i olika ärenden ha roller som remissinstans, samordnare, tillsynsmyndighet eller överinstans. SOU 2024:98 diskuterar roll- och samordningsfrågor i en reformerad prövningsorganisation. I det enskilda överklagandet behöver konkreta omständigheter bedömas mot jävsreglerna i 16–18 §§ förvaltningslagen; rollkombinationen innebär inte i sig att jäv föreligger.",B60-240 och vidare till B60-250 där utfallet kan prövas om.,Kartlägg länsstyrelsens tidigare engagemang i ärendet och anmäl jävsskäl tidigt om de finns; bygg beslutsunderlaget så att det håller oavsett överinstans; förbered alltid för vidare överklagande i denna kedja.,MB | PBL | EXT: SOU 2024:98 https://www.riksdagen.se/sv/dokument-och-lagar/dokument/statens-offentliga-utredningar/en-ny-samordnad-miljobedomnings-och_hcb398/html/ | FL,S0_current_2026,"{""causes"":[{""text"":""Länsstyrelsen har haft en tidigare roll i sakfrågan och ska därefter pröva det kommunala beslutet som överinstans."",""basis"":""source"",""source_refs"":[""PBL"",""EXT: SOU 2024:98 https://www.riksdagen.se/sv/dokument-och-lagar/dokument/statens-offentliga-utredningar/en-ny-samordnad-miljobedomnings-och_hcb398/html/""]},{""text"":""Länsstyrelsen har tidigare drivit en tydlig sakståndpunkt och ska därefter överpröva det kommunala beslutet."",""basis"":""analysis"",""source_refs"":[]},{""text"":""Rollfördelningen mellan samråd, tillsyn, remiss och överprövning är inte dokumenterad på individnivå."",""basis"":""analysis"",""source_refs"":[]},{""text"":""En part framför en konkret jävsinvändning först efter att överprövningen har kommit långt."",""basis"":""analysis"",""source_refs"":[]}],""event"":{""rubrik"":""Länsstyrelsens tidigare medverkan kräver en konkret jävsprövning""},""effects"":[{""text"":""En konkret jävsinvändning behöver bedömas enligt de jävsregler som gäller för handläggningen."",""basis"":""source"",""source_refs"":[""MB""]},{""text"":""En jävig person måste ersättas i den fortsatta handläggningen."",""basis"":""analysis"",""source_refs"":[]},{""text"":""Om jäv har påverkat handläggningen kan beslutet behöva undanröjas eller ärendet handläggas om."",""basis"":""analysis"",""source_refs"":[]},{""text"":""Även när jäv inte föreligger kan en otillräckligt förklarad rollfördelning minska parternas förtroende."",""basis"":""analysis"",""source_refs"":[]}]}"
R-B60-240-02,B60-240,"B60 – Ansökan, beslut och överprövning",Länsstyrelsen prövar överklagat kommunalt beslut,Återförvisning till kommunen startar om den lokala politiska processen,Överklagande & rättsprocess,Myndighet & prövning,"Handläggningens omfattning efter återförvisning styrs av överinstansens skäl; ett avgränsat fel kan rättas punktvis, medan ett större processfel kan kräva ny kommunicering eller kungörelse.","När ett beslut återförvisas till en kommunal nämnd beror den fortsatta handläggningens omfattning på överinstansens skäl. Ett processuellt fel kan kräva ny kommunicering eller annan beredning, medan ett mer avgränsat fel kan rättas punktvis.","B60-240 med loop utanför diagrammet till kommunens förstainstansprocess, och indirekt B70:s byggberedskap för kommunala delbeslut.",Följ upp återförvisningsdirektiven punkt för punkt med nämnden; säkerställ att den nya beredningen korrigerar exakt det länsstyrelsen pekat ut; upprätthåll dialog med kommunens politiska ledning om projektets betydelse.,MB | PBL,S0_current_2026,"{""causes"":[{""text"":""Länsstyrelsen konstaterar ett handläggnings- eller bedömningsfel i det kommunala beslutet."",""basis"":""source"",""source_refs"":[""PBL""]},{""text"":""Felet är av ett slag som bör rättas av kommunen som första instans."",""basis"":""source"",""source_refs"":[""PBL""]},{""text"":""Kommunens beslutsunderlag har förändrats eller blivit inaktuellt när återförvisningen sker."",""basis"":""analysis"",""source_refs"":[]}],""event"":{""rubrik"":""Återförvisning till kommunen startar om den lokala politiska processen""},""effects"":[{""text"":""Efter återförvisning behöver kommunen handlägga och avgöra den återförvisade frågan på nytt."",""basis"":""source"",""source_refs"":[""PBL""]},{""text"":""Nya ledamöter eller ändrade lokala prioriteringar kan ge en annan bedömning än tidigare."",""basis"":""analysis"",""source_refs"":[]},{""text"":""Ett nytt kommunalt avgörande kan överklagas på nytt."",""basis"":""analysis"",""source_refs"":[]},{""text"":""Projektets tillstånds- och byggtidplan skjuts fram."",""basis"":""analysis"",""source_refs"":[]}]}"
R-B60-250-01,B60-250,"B60 – Ansökan, beslut och överprövning",MMD prövar överklagat myndighetsbeslut,Överklagandets ram och domstolens utredningsansvar bedöms fel,Överklagande & rättsprocess,Myndighet & prövning,"I mål som överklagats till MMD tillämpas enligt 5 kap. 1 § MMDL lagen om domstolsärenden. Enligt 27 § lagen om domstolsärenden får avgörandet inte gå utöver det som yrkats. Domstolens utredningsansvar innebär därför inte att den fritt kan försämra en ensam klagandes ställning eller ompröva hela tillståndet utan processuell ram. Prövningsutrymmet beror på yrkandena, beslutstypen, motparternas talan och om MMD är första instans eller överinstans.",MMDL 5 kap. 1 § och 27 § lagen (1996:242) om domstolsärenden sätter ramen i överklagade mål. Domstolen får besluta till det bättre för en enskild utan yrkande endast vid särskilda skäl och inte till nackdel för ett motstående enskilt intresse. Detta skiljer sig från MMD:s ansökningsmål i första instans.,"B60-250, B60-260 (MÖD-steget) och utfallet som matas till B70.",Kartlägg samtliga yrkanden och motyrkanden innan överklaganderisken bedöms. Skilj överklagade myndighetsbeslut från ansökningsmål i första instans och bygg inte strategin på att domstolen får göra en obegränsad helhetsomprövning.,MMDL | ARENDELAG | MB,S0_current_2026 | S1_appeal_actor_delta_enacted_2027,"{""causes"":[{""text"":""Domstolens processram och utredningsansvar bestäms av den lag som gäller för det överklagade målet."",""basis"":""source"",""source_refs"":[""MMDL"",""ARENDELAG""]},{""text"":""Sökanden bedömer inte risken att överprövningen påverkar andra villkor som hänger samman med den överklagade delen."",""basis"":""analysis"",""source_refs"":[]},{""text"":""Yrkanden och argument formuleras utan att skilja mellan processram, utredningsansvar och förbud mot ändring till enskild parts nackdel."",""basis"":""analysis"",""source_refs"":[]},{""text"":""Akten innehåller nya omständigheter som gör den materiella prövningens räckvidd omtvistad."",""basis"":""analysis"",""source_refs"":[]}],""event"":{""rubrik"":""Överklagandets ram och domstolens utredningsansvar bedöms fel""},""effects"":[{""text"":""Mark- och miljödomstolen ska handlägga överklagandet enligt den tillämpliga processordningen."",""basis"":""source"",""source_refs"":[""MMDL"",""ARENDELAG""]},{""text"":""Tillståndets villkor eller omfattning kan få ett annat utfall än projektet har prognostiserat."",""basis"":""analysis"",""source_refs"":[]},{""text"":""Ett processuellt misstag kan leda till ytterligare skriftväxling eller återförvisning."",""basis"":""analysis"",""source_refs"":[]},{""text"":""Projektets riskbedömning av ett eget eller motparts överklagande blir missvisande."",""basis"":""analysis"",""source_refs"":[]}]}"
R-B60-250-02,B60-250,"B60 – Ansökan, beslut och överprövning",MMD prövar överklagat myndighetsbeslut,Överprövningens handläggningstid påverkar projektet,Myndighetskapacitet & handläggning,Myndighet & prövning,"Överprövningen kan omfatta ny beredning, kommunicering och förhandling. Handläggningstiden varierar med målets omfattning, processledning och domstolens aktuella planering och behöver därför bedömas för det konkreta målet.",Naturvårdsverkets samlade statistik över miljötillståndsprövningen och regeringens årliga uppdrag om handläggningstider dokumenterar att domstolsledtiderna i större mål ligger på flera år; SOU 2025:122 om kortare instanskedja utgår från att instanskedjans längd är ett erkänt problem.,B60-250 och förskjuter B60-260 samt hela B70-byggberedskapen.,"Leverera ett direkt prövbart underlag för att minska behovet av komplettering, begär en plan för den fortsatta handläggningen och anpassa finansieringen till den projektspecifika tidsprognosen.",MMDL | EXT: Naturvårdsverket – Handläggningstid för miljötillståndsprövning https://www.naturvardsverket.se/vagledning-och-stod/miljobalken/handlaggningstid-for-miljotillstandsprovning/ | EXT: SOU 2025:122 https://www.riksdagen.se/sv/dokument-och-lagar/dokument/statens-offentliga-utredningar/en-kortare-instanskedja-for-mark-och-miljoarenden_hdb3122/html/,S0_current_2026 | S1_appeal_actor_delta_enacted_2027,"{""causes"":[{""text"":""Överprövningen kräver den beredning och kommunicering som följer av den tillämpliga domstolsprocessen."",""basis"":""source"",""source_refs"":[""MMDL""]},{""text"":""Flera parter behöver kommunicera omfattande teknisk bevisning."",""basis"":""analysis"",""source_refs"":[]},{""text"":""Domstolen bedömer att sammanträde, syn eller sakkunniginsats behövs."",""basis"":""analysis"",""source_refs"":[]},{""text"":""Målet samordnas med andra mål eller avvaktar ett närliggande avgörande."",""basis"":""analysis"",""source_refs"":[]}],""event"":{""rubrik"":""Överprövningens handläggningstid påverkar projektet""},""effects"":[{""text"":""Det överklagade avgörandets slutliga status förblir öppen till dess att domstolen meddelar beslut eller dom."",""basis"":""source"",""source_refs"":[""MMDL""]},{""text"":""Projektorganisation, konsulter och finansiering belastas under den förlängda osäkerheten."",""basis"":""analysis"",""source_refs"":[]},{""text"":""Leverans-, mark- eller entreprenadavtal kan behöva omförhandlas."",""basis"":""analysis"",""source_refs"":[]},{""text"":""Faktaunderlag och kostnadskalkyler kan behöva uppdateras innan målet avgörs."",""basis"":""analysis"",""source_refs"":[]}]}"
R-B60-250-03,B60-250,"B60 – Ansökan, beslut och överprövning",MMD prövar överklagat myndighetsbeslut,Ny myndighetsmotpart saknar processvana i domstol,Politisk & policyrisk,Myndighet & prövning,"Nodens s1_delta visar att den nya myndigheten blir motpart vid enskildas överklaganden. En nybildad myndighet ska då bygga upp processjuridisk kompetens, ombudsstruktur och rutiner för att föra talan i domstol – samtidigt som länsstyrelsen kvarstår med talerätt för allmänna intressen. Rollfördelningen mellan myndigheten och länsstyrelsen kan bli omdiskuterad i konkreta mål, och en ovan motpart kan försvara besluten svagt eller inkonsekvent, vilket paradoxalt nog kan skada även sökanden som vunnit i första instans.",SFS 2026:1442–1444 innebär att beslutsfunktionen flyttas till en ny myndighet. Det medför också att ansvar för att företräda besluten i överklagade mål måste fördelas enligt de nya reglerna och övergångsbestämmelserna.,B60-250 och indirekt B60-260/B60-270 där myndighetens processuella agerande följer med uppåt.,Förbered egna processombud på att bära bevisbördan även om myndigheten är svag motpart; bevaka myndighetens publicerade processrutiner från start; dokumentera förstainstansbeslutets grunder så att de kan återanvändas oavsett motpartens insats.,SFS2026_1442 | SFS2026_1443 | SFS2026_1444 | NEW_AUTH,S0_current_2026 | S1_appeal_actor_delta_enacted_2027,"{""causes"":[{""text"":""Miljöprövningsmyndigheten blir part när dess beslut överklagas enligt den nya ordningen."",""basis"":""source"",""source_refs"":[""SFS2026_1442"",""SFS2026_1443""]},{""text"":""Den nya myndigheten saknar etablerade rutiner för att överlämna processpositioner från beslutsfasen till domstolsfasen."",""basis"":""analysis"",""source_refs"":[]},{""text"":""Ansvar mellan beslutsfattare, processförare och tekniska experter är oklart i ett tidigt övergångsskede."",""basis"":""analysis"",""source_refs"":[]},{""text"":""Äldre ärendeakter är inte strukturerade för den nya myndighetens roll som motpart."",""basis"":""analysis"",""source_refs"":[]}],""event"":{""rubrik"":""Ny myndighetsmotpart saknar processvana i domstol""},""effects"":[{""text"":""Miljöprövningsmyndigheten ska föra den partsroll som följer av den nya överklagandeordningen."",""basis"":""source"",""source_refs"":[""SFS2026_1442"",""SFS2026_1443""]},{""text"":""Ett beviljat tillstånd kan försvaras mindre sammanhållet än beslutsunderlaget medger."",""basis"":""analysis"",""source_refs"":[]},{""text"":""Processuella kompletteringar eller rättelser förlänger överprövningen."",""basis"":""analysis"",""source_refs"":[]},{""text"":""Inkonsekvent argumentation kan öka osäkerheten om villkorens eller beslutets bestånd."",""basis"":""analysis"",""source_refs"":[]}]}"
R-B60-260-01,B60-260,"B60 – Ansökan, beslut och överprövning",MÖD meddelar prövningstillstånd?,Uteblivet prövningstillstånd lämnar MMD:s avgörande stående utan sakprövning i MÖD,Överklagande & rättsprocess,Myndighet & prövning,I mål där prövningstillstånd krävs prövar MÖD först om någon av grunderna för prövningstillstånd är uppfylld. Om prövningstillstånd inte meddelas står MMD:s avgörande fast utan att MÖD gör en fullständig sakprövning av överklagandet. Tiden fram till beslutet varierar mellan mål och ska beaktas i projektets tidplan utan att anges som en generell fast väntetid.,Lagen om mark- och miljödomstolar innehåller krav på prövningstillstånd för vissa mål i Mark- och miljööverdomstolen. Naturvårdsverkets statistik redovisar handläggningstid fram till beslut att inte meddela prövningstillstånd. Prövningen av tillståndsfrågan kan därför tillföra väntetid även när målet inte tas upp till sakprövning.,B60-260; utgången styr om B60-270 aktiveras eller om målet går till B60-END/B70.,Räkna PT-väntan in i laga kraft-planeringen; som klagande: fokusera PT-ansökan på prejudikatintresse och processfel som faller inom PT-grunderna; som vinnande part: bevaka inkomna PT-ansökningar aktivt.,MMDL | COURT_APPEAL | EXT: Naturvårdsverket – samlad statistik om miljöprövning https://www.naturvardsverket.se/49e4ea/globalassets/vagledning/miljobalken/miljoprovning/samlad-statistik-om-miljoprovning-for-ar-2024.pdf,S0_current_2026,"{""causes"":[{""text"":""Överklagandet visar inte något av de skäl som krävs för prövningstillstånd i Mark- och miljööverdomstolen."",""basis"":""source"",""source_refs"":[""MMDL"",""COURT_APPEAL""]},{""text"":""Klaganden koncentrerar överklagandet på sakargument men förklarar inte varför prövningstillstånd bör ges."",""basis"":""analysis"",""source_refs"":[]},{""text"":""Underinstansens dom är tillräckligt klar och väcker ingen prejudikat- eller granskningsfråga."",""basis"":""analysis"",""source_refs"":[]}],""event"":{""rubrik"":""Uteblivet prövningstillstånd lämnar MMD:s avgörande stående utan sakprövning i MÖD""},""effects"":[{""text"":""Mark- och miljödomstolens avgörande står fast om prövningstillstånd inte meddelas."",""basis"":""source"",""source_refs"":[""COURT_APPEAL""]},{""text"":""Mark- och miljööverdomstolen prövar då inte överklagandet fullt ut i sak."",""basis"":""source"",""source_refs"":[""COURT_APPEAL""]},{""text"":""Projektet får vänta på tillståndsbeskedet innan den fortsatta finalitetsbedömningen kan slutföras."",""basis"":""analysis"",""source_refs"":[]},{""text"":""Arbete och kostnad som lagts på fullständig materiell argumentation får mindre processuell nytta när målet stannar vid prövningstillståndsbedömningen."",""basis"":""analysis"",""source_refs"":[]}]}"
R-B60-260-02,B60-260,"B60 – Ansökan, beslut och överprövning",MÖD meddelar prövningstillstånd?,Uppskjutet PT-besked håller målet svävande,Myndighetskapacitet & handläggning,Myndighet & prövning,"MÖD kan skjuta upp prövningstillståndsbeslutet när utgången beror på pågående rättsutveckling. Under uppskovet vet ingen part om målet över huvud taget kommer att prövas i överinstans, och projektet står still trots att förstainstans- och MMD-leden är avslutade. Uppskovet är inte tidsreglerat och kan förlängas vid nya avgöranden i EU-domstolen eller Högsta domstolen som berör samma rättsfråga.","När prövningstillstånd krävs kan väntan på PT-beslut bli en egen tidsfas, och projektets tidplan bör inte förutsätta att frågan avgörs omedelbart.",B60-260 och hela kedjan eftersom inget nedströms kan avgöras förrän PT-frågan är löst.,Bevaka MÖD:s och HD:s pågående mål inom samma rättsområde för att förutse uppskov; håll underlag och organisation redo för båda utfallen; räkna aldrig med laga kraft förrän PT-frågan formellt är avslutad.,MMDL | COURT_APPEAL,S0_current_2026,"{""causes"":[{""text"":""Mark- och miljööverdomstolen måste ta ställning till prövningstillstånd innan överklagandet tas upp till full prövning."",""basis"":""source"",""source_refs"":[""MMDL"",""COURT_APPEAL""]},{""text"":""En unionsrättslig utveckling kan påverka om målet behöver tas upp och hur frågan ska avgränsas."",""basis"":""analysis"",""source_refs"":[]},{""text"":""Flera relaterade överklaganden behöver samordnas innan domstolen kan bedöma prövningstillståndet."",""basis"":""analysis"",""source_refs"":[]},{""text"":""Akten behöver kompletteras för att domstolen ska kunna bedöma riktigheten av underinstansens avgörande."",""basis"":""analysis"",""source_refs"":[]}],""event"":{""rubrik"":""Uppskjutet PT-besked håller målet svävande""},""effects"":[{""text"":""Överklagandet får en full prövning i Mark- och miljööverdomstolen först om prövningstillstånd meddelas."",""basis"":""source"",""source_refs"":[""COURT_APPEAL""]},{""text"":""Laga kraft och byggberedskap förskjuts under väntetiden."",""basis"":""analysis"",""source_refs"":[]},{""text"":""Projektets finansierings- och avtalsbeslut behöver hållas öppna längre."",""basis"":""analysis"",""source_refs"":[]},{""text"":""Faktiska förutsättningar kan förändras innan domstolen tar ställning till fortsatt prövning."",""basis"":""analysis"",""source_refs"":[]}]}"
R-B60-270-01,B60-270,"B60 – Ansökan, beslut och överprövning",MÖD prövar saken,Återförvisning från MÖD leder till ny handläggning i underinstansen,Överklagande & rättsprocess,Myndighet & prövning,"När MÖD återförvisar ett mål ska underinstansen handlägga det på nytt i den omfattning som följer av upphävandeskälen. Det kan innebära ny beredning, kommunicering och ett nytt avgörande som i sin tur kan överklagas.","I NJA 2013 s. 613 undanröjde HD underinstansernas avgöranden i tillståndsdelen för Nordkalks Bungeprojekt och återförvisade målet för en fullständig Natura 2000-prövning. MÖD avslog senare Nordkalks ansökan i M 5431-14 år 2018. M 5375-14 gällde separat SMA Mineral/Stucks. Det var alltså HD:s avgörande 2013, inte ett nekat prövningstillstånd 2010, som medförde återförvisningen.","B60-270, B60-G290 (återförvisningsbeslutet) och loopen tillbaka till B60-030.","Kvalitetssäkra den processuella kedjan i första instans (kungörelse, kommunicering, motivering) eftersom återförvisningsgrunderna oftast är processuella; vid återförvisning: avgränsa den nya handläggningen strikt till upphävandegrunden.","MMDL | COURT_APPEAL | EXT: HD – NJA 2013 s. 613, mål T 3158-12 https://www.domstol.se/hogsta-domstolen/avgoranden2/2013/37066/ | EXT: MÖD – M 5431-14, Nordkalk/Bunge https://www.domstol.se/mark--och-miljooverdomstolen/mark--och-miljooverdomstolens-avgoranden/2018/66859/ | EXT: MÖD – M 5375-14, SMA Mineral/Stucks https://www.domstol.se/mark--och-miljooverdomstolen/mark--och-miljooverdomstolens-avgoranden/2018/66855/",S0_current_2026,"{""causes"":[{""text"":""Mark- och miljööverdomstolen konstaterar ett handläggningsfel som underinstansen behöver rätta."",""basis"":""source"",""source_refs"":[""MMDL"",""COURT_APPEAL""]},{""text"":""Utredningen är så ofullständig att överinstansen inte kan göra en säker slutlig sakprövning."",""basis"":""analysis"",""source_refs"":[]},{""text"":""En part har inte fått möjlighet att yttra sig över material som haft betydelse för avgörandet."",""basis"":""analysis"",""source_refs"":[]},{""text"":""Underinstansens domskäl eller domslut gör det oklart vilken prövning som faktiskt genomförts."",""basis"":""analysis"",""source_refs"":[]}],""event"":{""rubrik"":""Återförvisning från MÖD leder till ny handläggning i underinstansen""},""effects"":[{""text"":""Ett återförvisat mål ska återupptas av den underinstans som överinstansen har angett."",""basis"":""source"",""source_refs"":[""MMDL""]},{""text"":""Kommunicering, utredning eller förhandling behöver upprepas eller kompletteras."",""basis"":""analysis"",""source_refs"":[]},{""text"":""Faktiska och rättsliga förutsättningar kan behöva bedömas enligt ett senare läge."",""basis"":""analysis"",""source_refs"":[]},{""text"":""Det nya avgörandet kan överklagas och förlänga instanskedjan ytterligare."",""basis"":""analysis"",""source_refs"":[]}]}"
R-B60-270-02,B60-270,"B60 – Ansökan, beslut och överprövning",MÖD prövar saken,Prejudicerande avgörande flyttar rättsläget för hela branschen,Rättslig osäkerhet,Myndighet & prövning,"Ett mål kan tas upp av något av de tillämpliga skälen för prövning. Ett vägledande avgörande kan förändra eller precisera rättsläget och därmed påverka det egna projektets underlag, yrkanden eller villkor.",Mark- och miljööverdomstolen publicerar vägledande avgöranden som används i senare rättstillämpning. M 5375-14 och M 5431-14 är två separata tillståndsmål om kalkstenstäkter på Gotland där MÖD avslog ansökningarna efter att Natura 2000-områdets gränser hade ändrats. Exemplen visar att ett vägledande avgörande kan påverka senare prövningar; varje avgörandes prejudikatvärde måste dock bedömas utifrån dess frågor och skäl.,"B60-270, B60-180 (materiell prövning vid eventuell återförvisning) och parallella projekt utanför nodlistan.",Bevaka MÖD:s prövningstillståndsbesked inom branschen löpande; bygg ansökningar på konservativa tolkningar där rättsläget är i rörelse; analysera snabbt prejudikatets konsekvenser för det egna målet.,"MMDL | COURT_APPEAL | EXT: MÖD M 5375-14, dom 11 september 2018 https://www.domstol.se/mark--och-miljooverdomstolen/mark--och-miljooverdomstolens-avgoranden/2018/66855/ | EXT: MÖD M 5431-14, dom 11 september 2018 https://www.domstol.se/mark--och-miljooverdomstolen/mark--och-miljooverdomstolens-avgoranden/2018/66859/",S0_current_2026,"{""causes"":[{""text"":""Mark- och miljööverdomstolen tar upp en rättsfråga som har betydelse utanför det enskilda målet."",""basis"":""source"",""source_refs"":[""COURT_APPEAL""]},{""text"":""Tidigare praxis ger inte ett klart svar om hänsynsregel, riksintresseavvägning eller villkorsteknik."",""basis"":""analysis"",""source_refs"":[]},{""text"":""Liknande projekt har tillämpat olika tolkningar och behöver vägledning."",""basis"":""analysis"",""source_refs"":[]},{""text"":""Målet blir bärare av en ny rättslig fråga som inte förutsågs när ansökan utformades."",""basis"":""analysis"",""source_refs"":[]}],""event"":{""rubrik"":""Prejudicerande avgörande flyttar rättsläget för hela branschen""},""effects"":[{""text"":""Mark- och miljööverdomstolens vägledande avgörande får betydelse för hur den aktuella rättsfrågan ska tillämpas."",""basis"":""source"",""source_refs"":[""COURT_APPEAL""]},{""text"":""Liknande pågående ansökningar kan behöva kompletteras eller omformuleras."",""basis"":""analysis"",""source_refs"":[]},{""text"":""Tillstånd och villkor kan bedömas annorlunda än enligt tidigare branschpraxis."",""basis"":""analysis"",""source_refs"":[]},{""text"":""En tydligare prejudikatlinje kan samtidigt minska osäkerheten i framtida ärenden."",""basis"":""analysis"",""source_refs"":[]}]}"
R-B60-270-03,B60-270,"B60 – Ansökan, beslut och överprövning",MÖD prövar saken,EU-rättslig osäkerhet tvingar fram förhandsavgörande eller avvaktan,Rättslig osäkerhet,Extern & omvärld,I mål med unionsrättsliga frågor ska MÖD beakta EU-domstolens praxis och bedöma om ett förhandsavgörande behöver inhämtas. Om en fråga hänskjuts till EU-domstolen vilar den nationella prövningen i den delen i avvaktan på svaret; tidskonsekvensen är ärendespecifik.,"I M 5431-14 begärdes att MÖD skulle inhämta ett förhandsavgörande från EU-domstolen, men MÖD avslog begäran.",B60-270 och i förlängningen alla EU-berörda materiella frågor i B60-180.,Analysera EU-rättsliga argument redan i första instans och bemöt dem där; bedöm strategiskt om förhandsavgörande ska yrkas eller motarbetas; följ EU-domstolens praxis inom habitat- och EIA-området löpande.,"MMDL | EXT: MÖD – M 5431-14, Nordkalk/Bunge https://www.domstol.se/mark--och-miljooverdomstolen/mark--och-miljooverdomstolens-avgoranden/2018/66859/",S0_current_2026,"{""causes"":[{""text"":""Avgörandet beror på hur ett unionsrättsligt miljökrav ska tolkas i den nationella prövningen."",""basis"":""source"",""source_refs"":[""EXT: MÖD – M 5431-14, Nordkalk/Bunge https://www.domstol.se/mark--och-miljooverdomstolen/mark--och-miljooverdomstolens-avgoranden/2018/66859/""]},{""text"":""Relevant unionsrättslig praxis ger inte ett tillräckligt klart svar för den nationella prövningen."",""basis"":""analysis"",""source_refs"":[]},{""text"":""En part begär förhandsavgörande och visar att frågan kan vara avgörande för målet."",""basis"":""analysis"",""source_refs"":[]},{""text"":""Ett annat mål i EU-domstolen behandlar en närliggande fråga som domstolen bedömer bör avvaktas."",""basis"":""analysis"",""source_refs"":[]}],""event"":{""rubrik"":""EU-rättslig osäkerhet tvingar fram förhandsavgörande eller avvaktan""},""effects"":[{""text"":""Den unionsrättsliga miljöfrågan behöver klarläggas och tillämpas innan målet kan avgöras på den punkten."",""basis"":""source"",""source_refs"":[""EXT: MÖD – M 5431-14, Nordkalk/Bunge https://www.domstol.se/mark--och-miljooverdomstolen/mark--och-miljooverdomstolens-avgoranden/2018/66859/""]},{""text"":""Parterna behöver utveckla argumentation och underlag om unionsrättens innebörd."",""basis"":""analysis"",""source_refs"":[]},{""text"":""Det slutliga utfallet förblir osäkert tills frågan har besvarats."",""basis"":""analysis"",""source_refs"":[]},{""text"":""Ett unionsrättsligt svar kan kräva en annan miljöbedömning eller materiell prövning än den tidigare svenska tillämpningen."",""basis"":""analysis"",""source_refs"":[]}]}"
R-B60-280-01,B60-280,"B60 – Ansökan, beslut och överprövning",Eventuell HD-prövning för MMD som första instans,Överklagande till Högsta domstolen tillför ett möjligt instansled,Överklagande & rättsprocess,Myndighet & prövning,"En dom från MÖD i ett ansökningsmål kan överklagas till Högsta domstolen när den aktuella processordningen medger det. HD prövar först frågan om prövningstillstånd och, om sådant meddelas, målet inom den ram som följer av överklagandet och prövningstillståndet. Under en pågående överprövning måste projektet kontrollera domens laga kraft, verkställbarhet och eventuell inhibition.",NJA 2013 s. 613 visar att ett miljömål som når Högsta domstolen kan få ett nytt processled: HD undanröjde underinstansernas avgöranden i tillståndsdelen för Nordkalks Bungeprojekt och återförvisade målet för en Natura 2000-prövning som uppfyllde unionsrättens krav.,"B60-280, B60-G290 och B70:s slutliga finalitetsbedömning.",Räkna med HD-fasen i tidplanen för A-mål; som vinnande part: argumentera aktivt mot PT med hänvisning till avsaknad av prejudikatintresse; håll finansieringsavtal öppna för slutinstansväntan.,"MMDL | COURT_APPEAL | EXT: HD – NJA 2013 s. 613, mål T 3158-12 https://www.domstol.se/hogsta-domstolen/avgoranden2/2013/37066/",S0_current_2026,"{""causes"":[{""text"":""Mark- och miljödomstolen har varit första instans i ett mål där Mark- och miljööverdomstolens avgörande får överklagas."",""basis"":""source"",""source_refs"":[""MMDL"",""COURT_APPEAL""]},{""text"":""En part överklagar Mark- och miljööverdomstolens avgörande till Högsta domstolen."",""basis"":""source"",""source_refs"":[""MMDL""]},{""text"":""Överklagandet aktualiserar en prejudikatfråga eller ett påstått allvarligt processfel."",""basis"":""analysis"",""source_refs"":[]}],""event"":{""rubrik"":""Överklagande till Högsta domstolen tillför ett möjligt instansled""},""effects"":[{""text"":""Högsta domstolen prövar först om prövningstillstånd ska meddelas."",""basis"":""source"",""source_refs"":[""COURT_APPEAL""]},{""text"":""Finaliteten för det överklagade avgörandet och projektets fortsatta planering kan förskjutas."",""basis"":""analysis"",""source_refs"":[]},{""text"":""Om prövningstillstånd meddelas behöver parterna genomföra ytterligare ett överprövningsled."",""basis"":""analysis"",""source_refs"":[]},{""text"":""Högsta domstolens avgörande kan ändra, undanröja eller lämna det tidigare avgörandet bestående beroende på processens ram."",""basis"":""analysis"",""source_refs"":[]}]}"
R-B60-280-02,B60-280,"B60 – Ansökan, beslut och överprövning",Eventuell HD-prövning för MMD som första instans,HD-prejudikat kan upphäva åratal av handläggning i efterhand,Rättslig osäkerhet,Myndighet & prövning,Ett HD-avgörande i miljömål är sällsynt men får därför desto större genomslag. Om HD finner att underinstanserna tolkat miljöbalken eller EU-rätten fel kan hela prövningen – från samråd till MÖD-dom – behöva göras om under den nya tolkningen. Eftersom HD-prövningen kommer sist upptäcks felet först när hela kedjan är genomförd. Det är den mest extrema formen av rättslig osäkerhet i processen.,I NJA 2013 s. 613 (mål T 3158-12) undanröjde HD underinstansernas avgöranden i tillståndsdelen och återförvisade Nordkalks mål för en Natura 2000-prövning som uppfyllde unionsrättens krav. Avgörandet visar att ett HD-avgörande kan undanröja tidigare handläggningsresultat i det egna målet.,B60-280 och via B60-G290 potentiellt hela kedjan från B60-030.,Bygg underlaget så att det håller under flera tänkbara rättstolkningar; bevaka HD:s miljömål löpande; vid återförvisning efter HD: gör en ärlig omvärdering av projektets bärkraft innan omstart.,"MMDL | COURT_APPEAL | EXT: HD – NJA 2013 s. 613, mål T 3158-12 https://www.domstol.se/globalassets/filer/domstol/hogstadomstolen/avgoranden/2013/t-3158-12.pdf",S0_current_2026,"{""causes"":[{""text"":""Högsta domstolen meddelar prövningstillstånd i en rättsfråga som påverkat underinstansernas avgöranden."",""basis"":""source"",""source_refs"":[""COURT_APPEAL""]},{""text"":""Domstolarna längre ned i kedjan har byggt prövningen på en rättstillämpning som Högsta domstolen bedömer som felaktig."",""basis"":""analysis"",""source_refs"":[]},{""text"":""Rättsfelet kan inte rättas enbart genom en begränsad ändring av domslutet."",""basis"":""analysis"",""source_refs"":[]},{""text"":""Det saknas tillräckligt underlag för att Högsta domstolen själv ska slutföra sakprövningen."",""basis"":""analysis"",""source_refs"":[]}],""event"":{""rubrik"":""HD-prejudikat kan upphäva åratal av handläggning i efterhand""},""effects"":[{""text"":""Det tidigare avgörandet kan undanröjas och målet återförvisas för fortsatt handläggning."",""basis"":""source"",""source_refs"":[""MMDL""]},{""text"":""Väsentliga processmoment kan behöva göras om efter en lång instanskedja."",""basis"":""analysis"",""source_refs"":[]},{""text"":""Utredningar, teknikval och projektavtal kan ha blivit inaktuella under tiden."",""basis"":""analysis"",""source_refs"":[]},{""text"":""Projektet kan behöva omarbetas eller överges om en ny prövning inte längre är genomförbar."",""basis"":""analysis"",""source_refs"":[]}]}"
R-B60-G020-01,B60-G020,"B60 – Ansökan, beslut och överprövning",Är instansen och prövningsramen rätt?,Fel första instans leder till överlämnande eller avvisning,Rättslig osäkerhet,Myndighet & prövning,"Instansen ska kontrollera behörighet och prövningsram innan handläggningen fortsätter. För kombinerade mål – till exempel en A-verksamhet med vattenverksamhet eller strandskyddsdispens – kan det vara oklart om hela målet hör till mark- och miljödomstolen eller om delar ska splittras till delegation eller kommun. En felaktig bedömning leder till överlämnande enligt förvaltningsprocessreglerna eller avvisning, och tiden i fel instans är förlorad. Behörighetsgränserna mellan MMD och delegation påverkas dessutom av kommande följdändringar för Miljöprövningsmyndigheten.","Behörighetsfördelningen mellan mark- och miljödomstol och miljöprövningsdelegation följer av miljöprövningsförordningen och lagen om mark- och miljödomstolar; i praktiken prövas behörigheten först i målet och fel leder till överlämnande, vilket Naturvårdsverkets statistik över prövningstider visar fördyrar totala ledtider för komplexa mål.",B60-G020 själv samt nedströms B60-030 och B60-060 (avvisning som alternativutgång).,Låt juridisk sakkunskap verifiera instanskarta och sambandsprövningsmöjligheter innan ingivning (jfr B10-080); begär förhandsbesked från tänkt instans om behörigheten är tveksam; dokumentera behörighetsanalysen i ansökan.,MB | MMDL | MPF | MPD | SFS2026_1442,S0_current_2026 | S1_optional_joint_handling_enacted_2027,"{""causes"":[{""text"":""Ansökan lämnas till en instans som saknar behörighet för den aktuella verksamhets- eller måltypen."",""basis"":""source"",""source_refs"":[""MB"",""MMDL""]},{""text"":""Verksamheten kombinerar miljöfarlig verksamhet och vattenverksamhet på ett sätt som gör behörigheten svårbedömd."",""basis"":""analysis"",""source_refs"":[]},{""text"":""En sektorsprövning eller geografisk anknytning pekar mot en annan instans än den sökanden valt."",""basis"":""analysis"",""source_refs"":[]},{""text"":""Övergångsreglerna för den nya Miljöprövningsmyndigheten tillämpas på fel ärendekategori."",""basis"":""analysis"",""source_refs"":[]}],""event"":{""rubrik"":""Fel första instans leder till överlämnande eller avvisning""},""effects"":[{""text"":""Ärendet kan behöva överlämnas eller avvisas om den valda instansen saknar behörighet."",""basis"":""source"",""source_refs"":[""MB"",""MMDL""]},{""text"":""Registrering och materiell granskning börjar senare hos rätt instans."",""basis"":""analysis"",""source_refs"":[]},{""text"":""Avgifter, fullmakter och ansökningsstruktur kan behöva anpassas till det korrekta forumet."",""basis"":""analysis"",""source_refs"":[]},{""text"":""Samordningen med parallella prövningar och projektmilstolpar rubbas."",""basis"":""analysis"",""source_refs"":[]}]}"
R-B60-G020-02,B60-G020,"B60 – Ansökan, beslut och överprövning",Är instansen och prövningsramen rätt?,Utesluten sambandsprövning splittrar målet i parallella processer,Sektorssamordning,Myndighet & prövning,"Vägvalet avgör om ansökan kan hanteras samlat eller om delar måste brytas ut till egna spår. Om sambandsprövning avslås måste sökanden driva flera ansökningar parallellt med olika instanser, kommuniceringar och överklagandekedjor. Det ökar både ledtid och risken för motstridiga utfall – till exempel att huvudtillståndet beviljas medan dispensdelen avslås. S1:s möjlighet till gemensam handläggning hos den nya myndigheten (framtida MB 19 kap. 2 a §) kan mildra detta men är frivillig och villkorad.","Enligt 21 kap. 3 § miljöbalken får mark- och miljödomstolen handlägga ansökningsmål gemensamt när de har samma sökande och avser verksamheter som har samband med varandra. SOU 2024:98 beskriver samordningsproblem mellan miljöbedömning och tillståndsprövning, men bestämmelsens tillämplighet måste bedömas för de konkreta målen.","B60-G020, nedströms B60-030 och indirekt hela parallella spår (B40, B50) vars utfall ska konsolideras i B70.",Ansök uttryckligen om sambandsprövning med motivering; samordna tidplaner med berörda instanser via tidig dialog; håll tekniska beskrivningar identiska mellan spåren så att villkor inte kolliderar.,MB | SFS2026_1442 | EXT: SOU 2024:98 En ny samordnad miljöbedömnings- och tillståndsprövningsprocess https://www.riksdagen.se/sv/dokument-och-lagar/dokument/statens-offentliga-utredningar/en-ny-samordnad-miljobedomnings-och_hcb398/html/,S0_current_2026 | S1_optional_joint_handling_enacted_2027,"{""causes"":[{""text"":""Förutsättningarna för sambandsprövning enligt miljöbalken bedöms inte vara uppfyllda för alla ansökningsdelar."",""basis"":""source"",""source_refs"":[""MB""]},{""text"":""Vatten-, Natura 2000-, strandskydds- eller sektorsfrågan ligger hos en annan behörig instans."",""basis"":""analysis"",""source_refs"":[]},{""text"":""Ansökningsdelarna har olika sakägarkretsar eller är inte tillräckligt beroende av varandra."",""basis"":""analysis"",""source_refs"":[]},{""text"":""Den nya myndighetsordningen förändrar vilken del som kan hanteras i samma process."",""basis"":""analysis"",""source_refs"":[]}],""event"":{""rubrik"":""Utesluten sambandsprövning splittrar målet i parallella processer""},""effects"":[{""text"":""De ansökningsdelar som inte kan sambandsprövas behöver hanteras i den behöriga prövningsordningen."",""basis"":""source"",""source_refs"":[""MB""]},{""text"":""Liknande underlag behöver lämnas och kommuniceras i flera ärenden."",""basis"":""analysis"",""source_refs"":[]},{""text"":""Besluten kan få olika tidplaner och därmed förskjuta den samlade byggberedskapen."",""basis"":""analysis"",""source_refs"":[]},{""text"":""Villkor eller geografiska avgränsningar kan bli svåra att förena mellan besluten."",""basis"":""analysis"",""source_refs"":[]}]}"
R-B60-G040-01,B60-G040,"B60 – Ansökan, beslut och överprövning",Är ansökan tillräckligt komplett?,Kompletteringskraven blir en ändlös pingisrunda,Myndighetskapacitet & handläggning,Myndighet & prövning,"Beslutspunkten styr mellan komplettering och att gå vidare mot kungörelse. Om bristerna är diffust angivna, eller om sökandens svar skapar nya frågor, kan rundan upprepas flera gånger utan tydlig slutpunkt. Varje runda binder projektorganisationen och kan trigga behov av nya fältundersökningar om säsongen hinner passera. Instansen har samtidigt diskretionärt utrymme att kräva det som behövs för prövningen, vilket gör att sökanden sällan kan tvinga fram ett avslut på rundan.",22 kap. 2 § miljöbalken ger prövningsinstansen möjlighet att förelägga sökanden att komplettera ansökan och att avvisa den om föreläggandet inte följs. Naturvårdsverkets redovisning för 2024 beskriver att en kompletteringsrunda inte är obligatorisk men förekommer i de flesta tillståndsprövningar. Om svaren aktualiserar nya relevanta brister kan ytterligare kompletteringsrundor behövas.,B60-G040 med loop via B60-050 tillbaka till B60-030; blockerar B60-070 och all efterföljande beredning.,"Begär skriftliga, specificerade kompletteringsförelägganden; genomför statusmöten med handläggaren efter varje inskick; sätt intern spärr: inga delvisa svar som skapar nya rundor utan samlad komplettering.",MB | NV_PERMIT | EXT: Naturvårdsverket – Samlad statistik om miljöprövning för år 2024 https://www.naturvardsverket.se/49e4ea/globalassets/vagledning/miljobalken/miljoprovning/samlad-statistik-om-miljoprovning-for-ar-2024.pdf,S0_current_2026,"{""causes"":[{""text"":""Instansen bedömer att ansökan fortfarande behöver kompletteras för att kunna prövas."",""basis"":""source"",""source_refs"":[""MB"",""NV_PERMIT""]},{""text"":""Varje komplettering visar ett nytt beroende eller en ny kunskapslucka i ansökan."",""basis"":""analysis"",""source_refs"":[]},{""text"":""Kompletteringarna utgår från olika projektversioner och skapar nya inkonsekvenser."",""basis"":""analysis"",""source_refs"":[]},{""text"":""Föreläggandet anger inte tillräckligt tydligt vilken uppgift eller kvalitet som krävs för att frågan ska anses besvarad."",""basis"":""analysis"",""source_refs"":[]}],""event"":{""rubrik"":""Kompletteringskraven blir en ändlös pingisrunda""},""effects"":[{""text"":""Instansen kan utfärda ytterligare kompletteringsförelägganden innan prövningen fortsätter."",""basis"":""source"",""source_refs"":[""MB""]},{""text"":""Handläggningen stannar kvar i fullständighetsfasen."",""basis"":""analysis"",""source_refs"":[]},{""text"":""Konsult- och expertkostnader ökar för varje ny omgång."",""basis"":""analysis"",""source_refs"":[]},{""text"":""Inventeringar, offerter och basdata kan behöva uppdateras när processen drar ut på tiden."",""basis"":""analysis"",""source_refs"":[]}]}"
R-B60-G040-02,B60-G040,"B60 – Ansökan, beslut och överprövning",Är ansökan tillräckligt komplett?,Avvisning efter upprepade brister tvingar full omstart,Överklagande & rättsprocess,Sökande & ansökan,"Om en väsentlig brist inte avhjälps efter föreläggande kan ansökan avvisas enligt den tillämpliga processregeln. Avskrivning aktualiseras på andra grunder, exempelvis återkallelse.","Processreglerna medger föreläggande om komplettering och, när förutsättningarna är uppfyllda, avvisning om bristen inte avhjälps. Ett tydligt kompletteringsföreläggande och dess tidsfrist är därför en faktisk sanktionspunkt i processen.",B60-G040 och B60-060 (processavslut); indirekt B70-byggberedskapen som då saknar huvudbeslut.,Hantera kompletteringsfrister som kritiska milstolpar med intern marginal; begär förlängning skriftligt i god tid om utredningar inte hinner slutföras; eskalera till instansens ledning vid otydliga krav.,MB,S0_current_2026,"{""causes"":[{""text"":""Sökanden följer inte ett kompletteringsföreläggande inom den frist som instansen har bestämt."",""basis"":""source"",""source_refs"":[""MB""]},{""text"":""De kvarstående bristerna gäller grundläggande uppgifter som behövs för att avgränsa eller bedöma verksamheten."",""basis"":""analysis"",""source_refs"":[]},{""text"":""Kompletteringen ändrar inte den brist som föreläggandet uttryckligen avsåg."",""basis"":""analysis"",""source_refs"":[]},{""text"":""Sökanden kan inte ta fram nödvändigt underlag inom den pågående ansökans ram."",""basis"":""analysis"",""source_refs"":[]}],""event"":{""rubrik"":""Avvisning efter upprepade brister tvingar full omstart""},""effects"":[{""text"":""Ansökan kan avvisas när den inte kan läggas till grund för prövning."",""basis"":""source"",""source_refs"":[""MB""]},{""text"":""Det pågående prövningsspåret avslutas utan materiellt tillståndsavgörande."",""basis"":""analysis"",""source_refs"":[]},{""text"":""En ny ansökan behöver ställas i ordning och ges in för ny registrering och beredning."",""basis"":""analysis"",""source_refs"":[]},{""text"":""Tidigare utredningar och samråd kan behöva uppdateras innan omstarten."",""basis"":""analysis"",""source_refs"":[]}]}"
R-B60-G110-01,B60-G110,"B60 – Ansökan, beslut och överprövning",Behövs ytterligare skriftväxling?,Skriftväxlingsloopen etablerar sig som permanent beredningstillstånd,Myndighetskapacitet & handläggning,Myndighet & prövning,"Beslutspunkten kan i stor mål mål fungera som en loopmaskin: ny skriftväxling leder tillbaka till kungörande eller yttrandenas nod, och rundan kan upprepas så länge nya frågor dyker upp. Utan en aktiv handläggningsledning som avgränsar vad som är tillräckligt utrett finns ingen inbyggd stoppregel. För sökanden är det avgörande att instansen någon gång konstaterar att underlaget räcker, annars konsumerar loopen både tidplan och fältdata som hinner åldras.","Efter kungörelse och inkomna yttranden får sökanden möjlighet att bemöta synpunkterna, och ytterligare skriftväxling kan ske innan målet är färdigberett. Om varje bemötande väcker en ny relevant sakfråga kan processen behöva upprepas och handläggningstiden förlängas.",B60-G110 med loop till B60-080/B60-090; blockerar B60-120 och allt efterföljande.,Begär att instansen fastställer en slutpunkt för skriftväxlingen i tidsplanen; lämna fullständiga samlade bemötanden i stället för delvisa svar; föreslå sammanträde för att samla upp kvarstående frågor muntligt.,MB | EXT: Naturvårdsverket – Samlad statistik om miljöprövning för år 2024 https://www.naturvardsverket.se/49e4ea/globalassets/vagledning/miljobalken/miljoprovning/samlad-statistik-om-miljoprovning-for-ar-2024.pdf,S0_current_2026,"{""causes"":[{""text"":""Ett bemötande innehåller nya sakuppgifter av betydelse som behöver kommuniceras före avgörandet."",""basis"":""source"",""source_refs"":[""MB""]},{""text"":""Parternas tekniska experter ger motstridiga svar som kräver ytterligare replik."",""basis"":""analysis"",""source_refs"":[]},{""text"":""Sökanden ändrar villkorsförslag efter varje invändning utan att stabilisera den sökta lösningen."",""basis"":""analysis"",""source_refs"":[]},{""text"":""Instansen avgränsar inte vilka frågor som är färdigberedda och vilka som fortfarande kräver kommunicering."",""basis"":""analysis"",""source_refs"":[]}],""event"":{""rubrik"":""Skriftväxlingsloopen etablerar sig som permanent beredningstillstånd""},""effects"":[{""text"":""Ytterligare skriftväxling genomförs när det behövs för att bereda relevanta uppgifter före avgörandet."",""basis"":""source"",""source_refs"":[""MB""]},{""text"":""Utredningsdata och kostnadsantaganden riskerar att bli inaktuella."",""basis"":""analysis"",""source_refs"":[]},{""text"":""Ombuds- och expertkostnader ackumuleras."",""basis"":""analysis"",""source_refs"":[]},{""text"":""Planerade förhandlings- och beslutsdatum behöver flyttas fram."",""basis"":""analysis"",""source_refs"":[]}]}"
R-B60-G130-01,B60-G130,"B60 – Ansökan, beslut och överprövning",Ska avgörandet föregås av förhandling/sammanträde?,Fel avgörandeform blir ett processfel i efterhand,Överklagande & rättsprocess,Myndighet & prövning,"Valet av avgörandeform påverkar både rättssäkerhet och tempo. Om parter inte beretts muntlig behandling där det varit nödvändigt för att utreda tvistiga bevisfrågor kan utfallet angripas som processfel i överprövningen. Å andra sidan låser ett beslut om huvudförhandling målet till domstolens sammanträdeskalender, som i mark- och miljödomstolarna kan vara bokad långt fram. Valet är därmed både en rättssäkerhets- och en tidsplanfråga.","De tillämpliga muntlighets- och kommuniceringsreglerna ska ge parterna ett tillfredsställande tillfälle att utveckla och bemöta talan. Om det krävs ett sammanträde eller en huvudförhandling måste tid sättas ut, vilket kan påverka handläggningstiden.","B60-G130, B60-140 och risk för återförvisning via B60-G290.",Yrka uttryckligen på lämplig avgörandeform med motivering; begär sammanträdestid tidigt; säkerställ att alla bevisfrågor redovisats skriftligt så att skriftlig handläggning inte riskerar processfel.,MB | COURT_MFV | COURT_WV,S0_current_2026,"{""causes"":[{""text"":""En part begär muntlig förhandling eller sammanträde i en process där instansen måste bedöma behovet enligt tillämpliga regler."",""basis"":""source"",""source_refs"":[""COURT_MFV""]},{""text"":""Trovärdighets-, syn- eller bevisfrågor kan inte bedömas tillräckligt tydligt enbart på handlingarna."",""basis"":""analysis"",""source_refs"":[]},{""text"":""Instansen underskattar behovet av muntlig handläggning och avgör målet skriftligt."",""basis"":""analysis"",""source_refs"":[]},{""text"":""Instansen bokar ett omfattande sammanträde trots att den kvarstående frågan kan avgöras skriftligt."",""basis"":""analysis"",""source_refs"":[]}],""event"":{""rubrik"":""Fel avgörandeform blir ett processfel i efterhand""},""effects"":[{""text"":""Ett felaktigt val mellan skriftlig och muntlig handläggning kan utgöra ett processfel som påverkar parternas möjlighet att föra sin talan."",""basis"":""source"",""source_refs"":[""COURT_MFV"",""COURT_WV""]},{""text"":""En utebliven muntlig handläggning kan begränsa en parts möjlighet att lägga fram sin talan."",""basis"":""analysis"",""source_refs"":[]},{""text"":""Överinstansen kan undanröja avgörandet om handläggningsfelet kan ha påverkat utgången."",""basis"":""analysis"",""source_refs"":[]},{""text"":""Målet kan behöva återförvisas för ny handläggning i korrekt form."",""basis"":""analysis"",""source_refs"":[]}]}"
R-B60-G150-01,B60-G150,"B60 – Ansökan, beslut och överprövning",Krävs regeringens tillåtlighetsprövning?,Sent förbehåll från regeringen kastar om hela beslutskedjan,Politisk & policyrisk,Extern & omvärld,"Förbehållsbeslutet kan komma när som helst innan tillståndet avgjorts och flyttar då den avgörande tillåtlighetsfrågan från prövningsinstansen till regeringen. Hela det handläggningsarbete som lagts på tillåtligheten omvandlas till underlag för en politisk prövning utan tidsfrist. För projekt i känsliga områden – totalförsvarsintressen, riksintressen, Natura 2000 – är risken reell även när projektet initialt bedömts som en normal delegationssak. Förbehållet kan dessutom signalera att regeringen är skeptisk, vilket påverkar finansiärers bedömning.","HFD 2014 not. 23, mål 2907-13, var en rättsprövning av regeringens beslut om tillåtlighetsprövning enligt 17 kap. miljöbalken av en gruppstation för vindkraft på Lunnekullen. Avgörandet visar att ett sådant regeringsbeslut kan följas av rättsprövning i Högsta förvaltningsdomstolen. Om och när regeringen förbehåller sig ett visst ärende måste bedömas enligt 17 kap. miljöbalken i det konkreta projektet.",B60-G150 och B60-160; avbryter den normala kedjan B60-170/B60-180/B60-190 tills regeringen avgjort.,Analysera 17 kap.-risken redan i förstudien (B10) för projekt i känsliga lägen; bedriv tidig dialog med berört departement via länsstyrelsen; håll ansökningsunderlaget regeringsklart så att inget extra underlagsarbete behövs om förbehåll sker.,"MB | RATTSPROVNING | EXT: HFD, mål 2907-13 (HFD 2014 not. 23, Lunnekullen) https://www.domstol.se/hogsta-forvaltningsdomstolen/avgoranden2/2014/45303/",S0_current_2026,"{""causes"":[{""text"":""Regeringen förbehåller sig tillåtlighetsprövningen enligt 17 kap. 3 § miljöbalken."",""basis"":""source"",""source_refs"":[""MB""]},{""text"":""En myndighet eller kommun uppmärksammar regeringen på att verksamheten kan omfattas av förbehållsregeln."",""basis"":""analysis"",""source_refs"":[]},{""text"":""Projektets konflikt med nationella intressen blir tydlig först efter remiss eller förhandling."",""basis"":""analysis"",""source_refs"":[]},{""text"":""Förbehållet beslutas efter att förstainstansen redan har berett huvuddelen av ansökan."",""basis"":""analysis"",""source_refs"":[]}],""event"":{""rubrik"":""Sent förbehåll från regeringen kastar om hela beslutskedjan""},""effects"":[{""text"":""När regeringen förbehåller sig tillåtlighetsprövningen ska den frågan avgöras i den ordning som 17 kap. miljöbalken anger."",""basis"":""source"",""source_refs"":[""MB""]},{""text"":""Tidpunkten för slutligt tillståndsavgörande blir svårare att prognostisera."",""basis"":""analysis"",""source_refs"":[]},{""text"":""Regeringsspåret tillför nytt berednings- och ombudsarbete vid sidan av förstainstansen."",""basis"":""analysis"",""source_refs"":[]},{""text"":""Finansiering och leveransåtaganden kan behöva villkoras eller flyttas fram."",""basis"":""analysis"",""source_refs"":[]}]}"
R-B60-G150-02,B60-G150,"B60 – Ansökan, beslut och överprövning",Krävs regeringens tillåtlighetsprövning?,Obligatorisk tillåtlighetsprövning och regeringens förbehåll blandas ihop,Rättslig osäkerhet,Myndighet & prövning,"Obligatorisk tillåtlighetsprövning enligt 17 kap. 1 § MB gäller endast de verksamhetstyper som anges där. För andra verksamheter får regeringen i ett enskilt fall förbehålla sig prövningen om någon grund i 17 kap. 3 § är uppfylld. Dessutom kan kommunfullmäktige enligt 17 kap. 4 a § begära förbehåll för vissa uppräknade verksamheter, under lagens förutsättningar. Ett felaktigt spårval kan fördröja prövningen, men det ska inte beskrivas som att alla nya eller omdiskuterade verksamhetstyper omfattas av 17 kap. 1 §.","17 kap. 1 § MB innehåller den uttömmande obligatoriska kategorin, medan 17 kap. 3 och 4 a §§ reglerar förbehåll. En myndighet eller kommun som får kännedom om en verksamhet som kan bli föremål för förbehåll ska underrätta regeringen enligt 17 kap. 5 § MB och 26 § MBD.","B60-G150, B60-160 samt risk för upphävande av B60-190:s avgörande i överprövningen.","Gör en separat analys av 17 kap. 1, 3 och 4 a §§ MB. Dokumentera vilken kategori som är aktuell och säkerställ att prövningsmyndigheten eller kommunen fullgör eventuell underrättelse enligt 17 kap. 5 § MB och 26 § MBD.",MB | MBD,S0_current_2026,"{""causes"":[{""text"":""Verksamhetens art eller lokalisering aktualiserar gränsdragningen för obligatorisk tillåtlighetsprövning enligt 17 kap. miljöbalken."",""basis"":""source"",""source_refs"":[""MB""]},{""text"":""Projektet blandar samman obligatorisk tillåtlighetsprövning med regeringens möjlighet att förbehålla sig ett enskilt ärende."",""basis"":""analysis"",""source_refs"":[]},{""text"":""Underlaget beskriver inte tillräckligt tydligt de kapacitets- eller lokaliseringsuppgifter som avgör om regeln träffar verksamheten."",""basis"":""analysis"",""source_refs"":[]},{""text"":""Olika aktörer gör skilda bedömningar av om ett nationellt intresse aktualiserar regeringens medverkan."",""basis"":""analysis"",""source_refs"":[]}],""event"":{""rubrik"":""Obligatorisk tillåtlighetsprövning och regeringens förbehåll blandas ihop""},""effects"":[{""text"":""En obligatorisk tillåtlighetsprövning måste genomföras i den ordning som miljöbalken föreskriver."",""basis"":""source"",""source_refs"":[""MB""]},{""text"":""Ärendet kan behöva beredas för ett regeringsbeslut som inte ingick i projektplanen."",""basis"":""analysis"",""source_refs"":[]},{""text"":""Ett tillstånd som meddelats utan ett nödvändigt tillåtlighetsbeslut riskerar att angripas."",""basis"":""analysis"",""source_refs"":[]},{""text"":""Projektets tidplan och beslutspunkter behöver göras om."",""basis"":""analysis"",""source_refs"":[]}]}"
R-B60-G210-01,B60-G210,"B60 – Ansökan, beslut och överprövning",Överklagas avgörandet i tid?,Ett överklagande startar en separat överprövningskedja,Samråd & motstånd,Extern & omvärld,Beslutspunkten avgör om avgörandet vinner laga kraft eller går vidare till överprövning. Varje överklagande prövas mot reglerna om klagorätt och rätt tid. Ett enda rättidigt överklagande från en taleberättigad klagande kan vara tillräckligt för att inleda nästa processled. Hur många som överklagar och hur lång handläggningen blir beror på det enskilda ärendet.,"I HFD 2024 not. 36, mål 3893-22, rättsprövade Högsta förvaltningsdomstolen regeringens beslut om bearbetningskoncession för Kallak/Gállok och förklarade att beslutet skulle stå fast. Avgörandet visar att ett regeringsbeslut om bearbetningskoncession kan bli föremål för rättsprövning.",B60-G210 och hela överprövningskedjan B60-220 till B60-G290; blockerar B70:s byggberedskap.,"Planera för ett möjligt överklagande, dokumentera vilka aktörer som kan ha talerätt och håll bygg- och finansieringsplaner anpassningsbara under överprövningen.","MB | EXT: HFD 2024 not. 36, mål 3893-22 https://www.domstol.se/hogsta-forvaltningsdomstolen/avgoranden2/2024/146612/",S0_current_2026,"{""causes"":[{""text"":""Avgörandet går en berörd enskild emot i en fråga där miljöbalken ger klagorätt."",""basis"":""source"",""source_refs"":[""MB""]},{""text"":""Avgörandet rör ett sådant miljöbeslut som en organisation som uppfyller 16 kap. miljöbalkens krav får överklaga."",""basis"":""source"",""source_refs"":[""MB""]},{""text"":""En sameby, myndighet eller annan taleberättigad aktör bedömer att avgörandet inte tillgodoser dess intresse."",""basis"":""analysis"",""source_refs"":[]},{""text"":""Avgörandets villkor eller motivering lämnar en central invändning olöst och driver fram överklagandet."",""basis"":""analysis"",""source_refs"":[]}],""event"":{""rubrik"":""Ett överklagande startar en separat överprövningskedja""},""effects"":[{""text"":""Ett rättidigt överklagande ska handläggas i den överprövningsordning som gäller för avgörandet."",""basis"":""source"",""source_refs"":[""MB""]},{""text"":""Laga kraft och full byggberedskap skjuts fram i den överklagade delen."",""basis"":""analysis"",""source_refs"":[]},{""text"":""Parterna behöver avsätta resurser för skriftväxling, bevisning och eventuell muntlig handläggning."",""basis"":""analysis"",""source_refs"":[]},{""text"":""Tillståndets omfattning eller villkor kan ändras, upphävas eller lämnas oförändrade."",""basis"":""analysis"",""source_refs"":[]}]}"
R-B60-G210-02,B60-G210,"B60 – Ansökan, beslut och överprövning",Överklagas avgörandet i tid?,Inhibition och verkställighet före laga kraft blir en egen stridsfråga,Överklagande & rättsprocess,Extern & omvärld,"Även när överklagandet kommit in kan sökanden i vissa fall få bedriva förberedande åtgärder, men gränsen är skarp: byggande som förutskickar utgången kan leda till återställningskrav om beslutet upphävs. Motparter kan begära inhibition för att stoppa all verksamhet under överprövningen. Inhibitionsprövningen blir då en snabb, parallell delprocess där projektets hela tidsplan står på spel utan att sakfrågan prövats.",Ett överklagat beslut kan bli föremål för en begäran om inhibition när tillämpliga processregler medger det. Om inhibition begärs behöver verkställighetsfrågan prövas särskilt innan projektet kan bedöma om beslutet får tas i anspråk.,"B60-G210, B60-220 och projektets bygglogistik utanför processkartan.",Avgränsa strikt vad som är förberedande åtgärder respektive verkställighet; begär själv förtydligande av förstainstansbeslutet; räkna aldrig in byggstart före laga kraft i den bindande tidplanen.,MB | MMDL,S0_current_2026,"{""causes"":[{""text"":""Tillståndet är överklagat men innehåller ett verkställighetsförordnande eller omfattas av en regel om omedelbar giltighet."",""basis"":""source"",""source_refs"":[""MB""]},{""text"":""En motpart begär att överinstansen tills vidare stoppar verkställigheten."",""basis"":""source"",""source_refs"":[""MMDL""]},{""text"":""Projektet planerar tidiga arbeten innan inhibitionsfrågan har stabiliserats."",""basis"":""analysis"",""source_refs"":[]},{""text"":""Parterna bedömer risken för irreparabel skada och behovet av inhibition på olika sätt."",""basis"":""analysis"",""source_refs"":[]}],""event"":{""rubrik"":""Inhibition och verkställighet före laga kraft blir en egen stridsfråga""},""effects"":[{""text"":""Överinstansen kan besluta att det överklagade avgörandet tills vidare inte får verkställas."",""basis"":""source"",""source_refs"":[""MMDL""]},{""text"":""Byggstart eller förberedande arbeten skjuts upp under inhibitionsprövningen."",""basis"":""analysis"",""source_refs"":[]},{""text"":""Arbete som ändå utförs före laga kraft sker med risk för att tillståndet senare ändras eller upphävs."",""basis"":""analysis"",""source_refs"":[]},{""text"":""Ett upphävt beslut kan medföra behov av att stoppa eller återställa redan utförda åtgärder."",""basis"":""analysis"",""source_refs"":[]}]}"
R-B60-G230-01,B60-G230,"B60 – Ansökan, beslut och överprövning",Vilken överprövningsväg gäller?,Klaganden väljer fel forum och får starta om,Överklagande & rättsprocess,Extern & omvärld,"Överklagandevägen beror på beslutstyp. Om ett överklagande som omfattas av FL felaktigt ges in direkt till den behöriga överinstansen inom fristen ska det enligt 45 och 47 §§ FL inte avvisas som för sent utan vidarebefordras till beslutsmyndigheten. Skyddet gäller inte generellt varje felaktigt forum. Kommunala miljöbalksbeslut går normalt via länsstyrelsen, statliga miljöbalksbeslut till MMD, kommunala detaljplanebeslut direkt till MMD och övriga kommunala PBL-beslut normalt via länsstyrelsen.",FL 45–47 §§ innehåller regler om rättidsprövning och vidarebefordran. De är inte ombudsregler och rättelseförfarandet bör inte beskrivas som omslutning. Instanskedjorna följer dessutom 19 kap. MB och 13 kap. PBL.,B60-G230 och starttiden för B60-240/B60-250/B60-260.,"Ange korrekt beslutsmyndighet och behörig överinstans i varje överklagandemall. Om en handling hamnat fel, dokumentera ankomstdagen och kontrollera om skyddsregeln i 45 § FL är tillämplig; utgå inte från att varje felaktigt ingivande bevarar fristen.",MB | MMDL | PBL | FL,S0_current_2026,"{""causes"":[{""text"":""Klaganden skickar överklagandet till en annan mottagare än den som den tillämpliga överklagandeordningen anger."",""basis"":""source"",""source_refs"":[""FL""]},{""text"":""Ett kommunalt beslut och ett miljöbalksbeslut blandas ihop vid valet av överklagandeväg."",""basis"":""analysis"",""source_refs"":[]},{""text"":""Överklagandehänvisningen är oklar eller läses inte mot den faktiska beslutstypen."",""basis"":""analysis"",""source_refs"":[]},{""text"":""Flera samordnade beslut har olika instanskedjor och klaganden använder samma forum för samtliga."",""basis"":""analysis"",""source_refs"":[]}],""event"":{""rubrik"":""Klaganden väljer fel forum och får starta om""},""effects"":[{""text"":""Skrivelsen kan behöva vidarebefordras eller överlämnas till rätt mottagare enligt tillämpliga regler."",""basis"":""source"",""source_refs"":[""FL""]},{""text"":""Rättidighets- och forumfrågor behöver klarläggas innan sakprövningen börjar."",""basis"":""analysis"",""source_refs"":[]},{""text"":""Överprövningens start fördröjs."",""basis"":""analysis"",""source_refs"":[]},{""text"":""Klaganden riskerar att inte få alla avsedda beslut prövade i rätt ordning."",""basis"":""analysis"",""source_refs"":[]}]}"
R-B60-G230-02,B60-G230,"B60 – Ansökan, beslut och överprövning",Vilken överprövningsväg gäller?,S1-reformen ändrar instanskartan mitt i processen,Politisk & policyrisk,Myndighet & prövning,"När första instans byter från delegation till ny myndighet ändras också motpartsrollen i överprövningen: myndigheten blir part i domstol när dess beslut överklagas, och länsstyrelsens tidigare roller ska omfördelas. Mål som påbörjats före ikraftträdandet kan hamna i gränslandet mellan gamla och nya överprövningsvägar. Tolkningstvister om övergångsreglerna kan drivas av motparter som ett sätt att ogiltigförklara handläggningen.",SFS 2026:1442–1444 innebär att Miljöprövningsmyndigheten blir motpart vid vissa överklaganden samtidigt som länsstyrelsen behåller talerätt för allmänna intressen. För pågående mål måste partsställning och ansvar bestämmas enligt övergångsreglerna.,"B60-G230, B60-250 (ny motpart) och B60-260 (PT-frågans förutsättningar).",Följ lagtext och övergångsbestämmelser för SFS 2026:1442–1444 noggrant; begär vägledning från berörda instanser i gränsfall; dokumentera vald överprövningsväg juridiskt.,SFS2026_1442 | SFS2026_1443 | SFS2026_1444 | NEW_AUTH,S0_current_2026,"{""causes"":[{""text"":""Ett beslut meddelas under en övergångsperiod där äldre och nya instansregler gäller för olika ärenden."",""basis"":""source"",""source_refs"":[""SFS2026_1442"",""SFS2026_1443""]},{""text"":""Beslutsdatum, ärendets startdatum eller beslutstyp registreras fel vid valet av överklagandeväg."",""basis"":""analysis"",""source_refs"":[]},{""text"":""Överklagandehänvisningen bygger på den tidigare myndighetsordningen."",""basis"":""analysis"",""source_refs"":[]},{""text"":""Det är oklart vilken organisation som ska uppträda som motpart efter överlämnandet."",""basis"":""analysis"",""source_refs"":[]}],""event"":{""rubrik"":""S1-reformen ändrar instanskartan mitt i processen""},""effects"":[{""text"":""Rätt forum och myndighetsmotpart bestäms av de övergångs- och instansregler som gäller för beslutet."",""basis"":""source"",""source_refs"":[""SFS2026_1442"",""SFS2026_1443""]},{""text"":""Överklagandet kan behöva överlämnas eller kompletteras."",""basis"":""analysis"",""source_refs"":[]},{""text"":""Processuella invändningar tar tid från sakprövningen."",""basis"":""analysis"",""source_refs"":[]},{""text"":""Osäkerheten kan påverka när avgörandet betraktas som slutligt för byggberedskapen."",""basis"":""analysis"",""source_refs"":[]}]}"
R-B60-G290-01,B60-G290,"B60 – Ansökan, beslut och överprövning",Återförvisas eller avslutas överprövningen?,Ett nytt avgörande efter återförvisning kan överklagas på nytt,Överklagande & rättsprocess,Myndighet & prövning,"Efter en återförvisning ska underinstansen handlägga målet inom ramen för återförvisningsbeslutet och meddela ett nytt avgörande. Det nya avgörandet kan överklagas enligt de regler som gäller för beslutstypen; vilka parter, yrkanden och frågor som kan prövas måste bedömas i det konkreta målet. Upprepade återförvisningar är möjliga men inte automatiska.",Nordkalks Bungeärende återförvisades genom NJA 2013 s. 613 och avgjordes senare av MÖD i M 5431-14 år 2018. Det visar att en återförvisning kan skapa ett långt nytt domstolsled.,B60-G290 med loop till B60-030; konsumerar i praktiken hela B60-diagrammet på nytt.,"Eliminera processuella felkällor i första handläggningsvarvet (kungörelse, delgivning, motivering); vid återförvisning: genomför den nya handläggningen så fullständigt att nästa överprövning saknar återförvisningsgrund; uppdatera allt tidskänsligt underlag direkt.","MB | MMDL | EXT: HD – NJA 2013 s. 613, mål T 3158-12 https://www.domstol.se/hogsta-domstolen/avgoranden2/2013/37066/ | EXT: MÖD – M 5431-14, Nordkalk/Bunge https://www.domstol.se/mark--och-miljooverdomstolen/mark--och-miljooverdomstolens-avgoranden/2018/66859/",S0_current_2026,"{""causes"":[{""text"":""Överinstansen undanröjer avgörandet och återförvisar målet till underinstansen."",""basis"":""source"",""source_refs"":[""MMDL""]},{""text"":""Underinstansen meddelar efter den nya handläggningen ett avgörande som fortfarande går en part emot."",""basis"":""analysis"",""source_refs"":[]},{""text"":""Det nya avgörandet går en taleberättigad part emot och öppnar därmed en ny möjlighet till överklagande."",""basis"":""source"",""source_refs"":[""MB""]},{""text"":""Den nya domen eller beslutet innehåller nya villkor eller bedömningar som skapar ytterligare överklagandefrågor."",""basis"":""analysis"",""source_refs"":[]}],""event"":{""rubrik"":""Ett nytt avgörande efter återförvisning kan överklagas på nytt""},""effects"":[{""text"":""Ett rättidigt överklagande av det nya avgörandet inleder den tillämpliga överprövningen."",""basis"":""source"",""source_refs"":[""MB"",""MMDL""]},{""text"":""Projektets slutliga rättsläge och byggberedskap förskjuts ytterligare."",""basis"":""analysis"",""source_refs"":[]},{""text"":""Parterna får nya ombuds-, expert- och utredningskostnader."",""basis"":""analysis"",""source_refs"":[]},{""text"":""Underlaget kan behöva uppdateras för förhållanden som ändrats sedan den första prövningen."",""basis"":""analysis"",""source_refs"":[]}]}"
R-B60-G290-02,B60-G290,"B60 – Ansökan, beslut och överprövning",Återförvisas eller avslutas överprövningen?,"Splittrat slutläge: delar slutgiltiga, delar återförvisade",Teknisk komplexitet,Myndighet & prövning,"Ett slutligt utfall behöver inte vara entydigt. Överinstansen kan låta huvudtillståndet stå men återförvisa enskilda villkor, säkerhetsbelopp eller geografiska delar. Projektet står då med ett delvis gällande tillstånd: byggbarheten för vissa delar är oklar, villkorskatalogen är inkonsekvent och B70-konsolideringen måste hantera en beslutsmatris med olika rättskraftstatus per komponent. Samordningen med parallella spår (PBL, koncessioner) blir särskilt felkänslig när bara en del av helheten är slutlig.","En överinstans kan, beroende på prövningsramen och processreglerna, avgöra olika delar av ett sammansatt mål på olika sätt eller återförvisa en avgränsad del. Det kan ge ett slutläge där vissa frågor är slutligt avgjorda och andra ska handläggas vidare.","B60-G290, delvis återkoppling till B60-030, och särskilt B70-010/B70-G020 som måste konsolidera splittrade finalitetsstatusar.",Dokumentera finalitetsstatus per villkor och per delområde i beslutsloggen; verifiera mot B70 att varje byggdel faktiskt vilar på lagakraftvunnet beslut; begär förtydligande från instansen om avgörandets räckvidd är otydlig.,MB | MMDL,S0_current_2026,"{""causes"":[{""text"":""Överinstansen undanröjer eller återförvisar endast en avgränsad del av avgörandet."",""basis"":""source"",""source_refs"":[""MB"",""MMDL""]},{""text"":""Domslutet anger att återstående delar står fast medan den felaktiga delen återförvisas."",""basis"":""analysis"",""source_refs"":[]},{""text"":""Beroenden mellan den slutliga och den återförvisade delen har inte kartlagts i projektets genomförandeplan."",""basis"":""analysis"",""source_refs"":[]},{""text"":""Beslutssystemet registrerar hela avgörandet som antingen slutligt eller öppet trots ett partiellt utfall."",""basis"":""analysis"",""source_refs"":[]}],""event"":{""rubrik"":""Splittrat slutläge: delar slutgiltiga, delar återförvisade""},""effects"":[{""text"":""De delar som står fast och de delar som återförvisas får skilda processuella statusar enligt överinstansens avgörande."",""basis"":""source"",""source_refs"":[""MMDL""]},{""text"":""Bygget kan behöva etapperas eller begränsas till den del som rättsligt kan genomföras."",""basis"":""analysis"",""source_refs"":[]},{""text"":""Felaktig statusregistrering kan leda till att arbete startar i den återförvisade delen."",""basis"":""analysis"",""source_refs"":[]},{""text"":""Gemensamma villkor och tekniska beroenden kan göra även den slutliga delen praktiskt oanvändbar tills resten avgjorts."",""basis"":""analysis"",""source_refs"":[]}]}"
R-B60-START-01,B60-START,"B60 – Ansökan, beslut och överprövning",Ansökan eller överprövningsbart ärende initierat,Inkonsistent handoff från variantprocesserna stoppar den fortsatta beredningen,Underlagsbrist & data,Sökande & ansökan,"Noden tar emot färdiga ansökningspaket från miljöfarlig verksamhet, vattenverksamhet och omprövningsspår. Om prövningsramen låsts olika i de parallella processerna – till exempel att vattendelen har andra kapacitetsgränser än 9 kap.-delen – kan paketet behöva kompletteras, samordnas eller delas upp innan den fortsatta prövningen. Bristerna kan upptäckas när första instans granskar formalia, vilket skjuter den fortsatta beredningen framför sig. Eftersom handoff-punkten saknar en egen materiell prövningsregel beror kvaliteten i hög grad på sökandens interna konsolidering.","I ett kombinerat mål enligt 9 och 11 kap. MB behöver yrkanden, verksamhetsbeskrivning och MKB omfatta och hänga samman mellan de prövningsspår som ansökan avser. Om delarna inte är samordnade kan prövningsinstansen kräva komplettering. Naturvårdsverkets vägledning betonar att ansökan ska vara komplett vid ingivningen.",Noden själv och nedströms B60-010 samt indirekt hela B60-kedjan eftersom ett felaktigt paket följer med till fullständighetskontrollen i B60-030.,Konsolidera en gemensam yrkandematris över alla spår före ingivning; genomför förhandsdialog med tänkbar första instans om ärendets upplägg; använd processkartans tillståndsmatris (B10-070) som checklista vid handoff.,MB | NV_PERMIT,S0_current_2026,"{""causes"":[{""text"":""Ansökningspaketet saknar en handling som behövs för att fullständighetsgranskningen eller sakprövningen ska kunna föras vidare."",""basis"":""source"",""source_refs"":[""MB"",""NV_PERMIT""]},{""text"":""Yrkanden eller projektversioner skiljer sig mellan B30- och B40-underlagen."",""basis"":""analysis"",""source_refs"":[]},{""text"":""Diarie- och referensuppgifter räcker inte för att koppla ihop de parallella delarna."",""basis"":""analysis"",""source_refs"":[]},{""text"":""En underliggande behörighet, fullmakt eller signering har inte följt med i överlämnandet."",""basis"":""analysis"",""source_refs"":[]}],""event"":{""rubrik"":""Inkonsistent handoff från variantprocesserna stoppar den fortsatta beredningen""},""effects"":[{""text"":""Prövningsinstansen behöver ett identifierbart och tillräckligt underlag innan fullständighetsgranskningen och den fortsatta beredningen kan slutföras."",""basis"":""source"",""source_refs"":[""MB"",""NV_PERMIT""]},{""text"":""Sökanden behöver rätta eller återställa ansökningspaketets spårbarhet."",""basis"":""analysis"",""source_refs"":[]},{""text"":""Instansen kan behöva dela upp materialet i flera mål eller ärenden."",""basis"":""analysis"",""source_refs"":[]},{""text"":""Parallella processer får olika tidsplaner och kan ge svårförenliga underlag."",""basis"":""analysis"",""source_refs"":[]}]}"
R-B70-010-01,B70-010,B70 – Laga kraft och byggberedskap,"Konsolidera beslut, planer, rättigheter och villkor",Beslutsmatrisen bygger på inaktuella versioner av beslut och villkor,Underlagsbrist & data,Sökande & ansökan,"Noden ska skapa en versionerad besluts- och villkorsmatris över huvudtillstånd, dispenser, planer, koncessioner, markåtkomst och startkrav. Långa processer innebär att beslut uppdateras löpande: deldomar ersätts av slutdomar, MPD-beslut ändras efter överklagande till mark- och miljödomstol, och villkor justeras efter kompletteringar. Om versionshanteringen brister arbetar projektet vidare på ett föråldrat villkor, t.ex. ett äldre bullervärde eller en upphävd skyddsåtgärd. Felet upptäcks ofta först vid myndighetens godkännande av förstartsdokumentation eller i efterhandskontroll, när omarbetning är dyrast.","Mark- och miljödomstolen meddelade den 9 november 2018 dom i ROCC-målet M 4708-16. Den 15 juni 2020 lämnade MÖD ett yttrande till regeringen efter att regeringen hade förbehållit sig tillåtlighetsprövningen; detta var inte en slutlig MÖD-dom. Beslutet den 16 mars 2018 avsåg en separat dispensfråga om BAT-slutsatser för stoft. Beslutsmatrisen behöver därför skilja mellan dom, yttrande och dispensbeslut.","Noden själv, B70-040 (förstartsvillkor extraheras ur fel version), B70-G050 och B70-G110 (förenlighetskontroll mot inaktuella villkor).",Upprätta strikt versionshantering med en enda auktoritativ källa per beslut och med ändringslogg. Schemalägg obligatorisk omverifiering av matrisen mot diarier och domstolsutdrag vid varje gate i B70. Utse en ansvarig beslutsförvaltare för hela projektets tillståndspaket.,MB | COURT_MFV | EXT: MMD – kungörelse i M 4708-16 om dom 9 november 2018 https://www.domstol.se/globalassets/filer/domstol/vanersborgs_tingsratt/kungorelser/kungorelse-m-4708-16.pdf | EXT: Sveriges Domstolar – MÖD:s yttrande 15 juni 2020 https://www.domstol.se/nyheter/2020/06/domstolen-anser-att-verksamheten-vid-preemraff-i-lysekil-kan-tillatas/,S0_current_2026,"{""causes"":[{""text"":""Ett avgörande kan ha ändrats genom rättelse, deldom eller överprövning efter att en tidigare version registrerades."",""basis"":""source"",""source_refs"":[""MB"",""COURT_MFV""]},{""text"":""Beslutsmatrisen saknar versionsfält eller en ansvarig person för löpande uppdatering."",""basis"":""analysis"",""source_refs"":[]},{""text"":""En senare bilaga eller villkorsändring lagras i ett annat diarium än huvudavgörandet."",""basis"":""analysis"",""source_refs"":[]},{""text"":""Projektet använder en lokal kopia i stället för att kontrollera den senaste expedierade versionen."",""basis"":""analysis"",""source_refs"":[]}],""event"":{""rubrik"":""Beslutsmatrisen bygger på inaktuella versioner av beslut och villkor""},""effects"":[{""text"":""Projektet kan då tillämpa ett villkor som inte motsvarar det gällande avgörandet."",""basis"":""source"",""source_refs"":[""MB""]},{""text"":""Förstartsdokumentation och kontrollprogram behöver göras om mot rätt version."",""basis"":""analysis"",""source_refs"":[]},{""text"":""Myndighetsgodkännanden och byggstart kan fördröjas."",""basis"":""analysis"",""source_refs"":[]},{""text"":""Arbete som utförs i strid med gällande villkor kan utlösa tillsyn och krav på rättelse."",""basis"":""analysis"",""source_refs"":[]}]}"
R-B70-010-02,B70-010,B70 – Laga kraft och byggberedskap,"Konsolidera beslut, planer, rättigheter och villkor",Parallellt sektorsbeslut faller bort ur konsolideringen,Sektorssamordning,Sökande & ansökan,"Konsolideringen ska omfatta alla tillstånd, planer, koncessioner och markrättigheter, men dessa beslut fattas av olika instanser (kommun, länsstyrelse, Lantmäteriet, Bergsstaten, Ei, domstolar) och levereras i olika format och kanaler. Beslut som hanterats av en underkonsult eller ett annat bolag i koncernen riskerar att inte nå matrisen. Typiska bortfall är strandskyddsdispenser för enskilda anläggningsdelar, ledningsrätter för interna vägar och kablar, samt tillstånd enligt kulturmiljölagen för åtgärder vid fornlämningar. Ett bortfallet beslut upptäcks först när det fysiskt blockerar ett byggmoment, trots att huvudtillståndet är i laga kraft.",MÖD 2016:13 gällde en detaljplan där kommunen hade upphävt strandskyddet. MÖD fann att särskilda skäl saknades och att kommunen inte hade visat att planens syfte inte kunde tillgodoses utanför det strandskyddade området; planen upphävdes.,"Noden själv, B70-G070 (markåtkomstkontroll med luckor), B70-G090 (sektorsgates som saknas i matrisen) och B70-130 (felaktig byggberedskapsdeklaration).","Härled beslutslistan ur den versionerade tillståndsmatrisen från B10-070 i stället för från levererade dokument. Genomför en formell gap-analys: för varje fysiskt moment, ange vilket beslut som möjliggör det. Låt fastighetsjurist och platschef gemensamt signera att inga moment saknar täckande beslut.",STRAND | KML | PBL | EI_GRID | EXT: MÖD 2016:13 https://www.domstol.se/mark--och-miljooverdomstolen/mark--och-miljooverdomstolens-avgoranden/2016/74629/,S0_current_2026,"{""causes"":[{""text"":""Projektet omfattas av ett sektorsbeslut som ligger utanför huvudtillståndets diarium."",""basis"":""source"",""source_refs"":[""STRAND"",""KML"",""PBL"",""EI_GRID""]},{""text"":""Ansvar för att bevaka dispens-, koncessions- och rättighetsbeslut är fördelat mellan flera team."",""basis"":""analysis"",""source_refs"":[]},{""text"":""Beslutsmatrisen inventerar endast beslut som uttryckligen nämns i huvudtillståndet."",""basis"":""analysis"",""source_refs"":[]},{""text"":""Ett sektorsbeslut har ett annat projektnamn, geografiskt objekt eller diarienummer och kopplas därför inte till projektet."",""basis"":""analysis"",""source_refs"":[]}],""event"":{""rubrik"":""Parallellt sektorsbeslut faller bort ur konsolideringen""},""effects"":[{""text"":""En åtgärd som kräver ett särskilt sektorsbeslut får inte genomföras enbart med stöd av huvudtillståndet."",""basis"":""source"",""source_refs"":[""STRAND"",""KML"",""PBL"",""EI_GRID""]},{""text"":""Det saknade beslutet upptäcks först när ett berört byggmoment ska starta."",""basis"":""analysis"",""source_refs"":[]},{""text"":""Projektet behöver lämna in en ny ansökan eller avvakta ett separat godkännande."",""basis"":""analysis"",""source_refs"":[]},{""text"":""En kritisk anläggningsdel kan stoppa eller omordna hela entreprenadsekvensen."",""basis"":""analysis"",""source_refs"":[]}]}"
R-B70-010-03,B70-010,B70 – Laga kraft och byggberedskap,"Konsolidera beslut, planer, rättigheter och villkor",Olika projektgränser i olika beslut omöjliggör konsistent matris,Teknisk komplexitet,Sökande & ansökan,"Varje prövningsspår avgränsar sitt eget objekt: miljötillståndet beskriver verksamhetsområde och kapacitet, detaljplanen reglerar användning och byggrätter, ellagskoncessionen en specifik ledningssträcka, och förrättningsbesluten enskilda fastigheter. Vid konsolidering måste dessa mappas mot samma fysiska anläggning. När projektet ändrats under processens gång – vanligt i fleråriga processer – kan ett äldre beslut avse en sträckning eller kapacitet som inte längre byggs, medan ett nyare beslut täcker ett område som det äldre inte omfattar. Utan en gemensam referensgeometri och kapacitetsdefinition blir matrisen skenhel, och förenlighetsproblemen dyker upp först i B70-G110 eller på fält.","MÖD:s avgörande M 6331-17 avsåg tillstånd till högst 442 vindkraftverk i Markbygden etapp 3. Regeringen hade redan avgjort etableringens tillåtlighet och lokalisering, och MÖD godtog därför placering enligt boxmodellen samt föreskrev eller ändrade vissa villkor. Vid konsolidering måste ett sådant beslut knytas till just den etapp, box och villkorsuppsättning som avgörandet omfattar.","Noden själv och särskilt B70-G110 (förenlighetskontroll), B70-120 (tvungen konfliktlösning) samt B70-130.",Etablera tidigt en gemensam digital projektgeometri (koordinatsatt anläggningsmodell) som alla beslut refereras mot. Dokumentera för varje beslut exakt vilka anläggningsdelar det täcker och vilka kapacitetstal som gäller. Inför avstämningspunkter där matrisen valideras mot aktuell projektering.,"MB | PBL | ELLAG | EXT: MÖD, mål M 6331-17 (Markbygden etapp 3) https://www.domstol.se/mark--och-miljooverdomstolen/mark--och-miljooverdomstolens-avgoranden/2018/67024/",S0_current_2026,"{""causes"":[{""text"":""Miljötillstånd, detaljplan och koncession kan ange var sin rättsligt bindande geografisk eller kapacitetsmässig ram."",""basis"":""source"",""source_refs"":[""MB"",""PBL"",""ELLAG""]},{""text"":""Underlagen använder olika kartprojektioner, skalor eller objektsindelningar."",""basis"":""analysis"",""source_refs"":[]},{""text"":""Projektets kapacitet har beskrivits med olika enheter eller driftsscenarier i de parallella ansökningarna."",""basis"":""analysis"",""source_refs"":[]},{""text"":""En senare projekteringsändring har införts i ett beslut men inte i övriga prövningsspår."",""basis"":""analysis"",""source_refs"":[]}],""event"":{""rubrik"":""Olika projektgränser i olika beslut omöjliggör konsistent matris""},""effects"":[{""text"":""Genomförandet måste hålla sig inom samtliga tillämpliga besluts räckvidd."",""basis"":""source"",""source_refs"":[""MB"",""PBL"",""ELLAG""]},{""text"":""Förenlighetskontrollen kan inte ge ett entydigt klartecken för vissa anläggningsdelar."",""basis"":""analysis"",""source_refs"":[]},{""text"":""Projektet behöver omprojektera eller söka ändring i ett eller flera beslut."",""basis"":""analysis"",""source_refs"":[]},{""text"":""Byggberedskapen förskjuts tills gränser och kapacitet har gjorts förenliga."",""basis"":""analysis"",""source_refs"":[]}]}"
R-B70-030-01,B70-030,B70 – Laga kraft och byggberedskap,Hantera kvarstående överprövning eller inhibition,Kompletteringskrav vid återförvisning kräver nya säsongsinventeringar,Underlagsbrist & data,Myndighet & prövning,"Om komplettering kräver fältdata från en viss biologisk, hydrologisk eller akustisk period kan datainsamlingen behöva vänta till nästa metodmässigt lämpliga tillfälle. Tidseffekten beror på undersökningens krav och när beslutet meddelas.",Om överinstansen eller en remissmyndighet kräver nytt säsongsberoende fältunderlag kan kompletteringen behöva invänta nästa biologiskt lämpliga period. Tidplanen behöver därför bygga på vilka inventeringar som faktiskt krävs och när de kan genomföras med tillförlitligt resultat.,"B70-030:s loop tillbaka till B70-G020, samt indirekt B70-G110 (tidsmässiga konflikter) och B70-130.",Upprätta en säsongsplan för alla tänkbara kompletteringsinventeringar och genomför dem förebyggande där osäkerhet finns. Upprätthåll fältberedskap och konsultavtal under hela överprövningen. Yrka i överinstansen på att befintliga data får användas där metodmässigt försvarbart.,MB | NV_EIA,S0_current_2026,"{""causes"":[{""text"":""Överinstansen återförvisar målet därför att natur- eller vattenunderlaget behöver kompletteras."",""basis"":""source"",""source_refs"":[""MB"",""NV_EIA""]},{""text"":""Den efterfrågade inventeringen kan bara ge representativa resultat under en viss biologisk säsong."",""basis"":""analysis"",""source_refs"":[]},{""text"":""Återförvisningsbeslutet meddelas efter att det relevanta inventeringsfönstret har passerat."",""basis"":""analysis"",""source_refs"":[]},{""text"":""Extremväder eller avvikande vattenföring gör ett tillgängligt fältfönster olämpligt."",""basis"":""analysis"",""source_refs"":[]}],""event"":{""rubrik"":""Kompletteringskrav vid återförvisning kräver nya säsongsinventeringar""},""effects"":[{""text"":""Underinstansen behöver ta in och bedöma det kompletterande underlaget innan ny prövning slutförs."",""basis"":""source"",""source_refs"":[""MB""]},{""text"":""Fältarbetet får vänta till ett lämpligt tillfälle och handläggningen senareläggs."",""basis"":""analysis"",""source_refs"":[]},{""text"":""Nya inventeringar och expertbedömningar ökar utredningskostnaderna."",""basis"":""analysis"",""source_refs"":[]},{""text"":""Tidsfrister eller projektversioner i parallella beslut kan behöva hanteras under väntetiden."",""basis"":""analysis"",""source_refs"":[]}]}"
R-B70-030-02,B70-030,B70 – Laga kraft och byggberedskap,Hantera kvarstående överprövning eller inhibition,Inhibitionsbeslut träffar pågående förberedande arbeten mitt i byggberedskapen,Överklagande & rättsprocess,Extern & omvärld,"Projektet kan ha rätt att verkställa ett överklagat beslut men är ändå utsatt för risken att klaganden begär och får inhibition. Ett inhibitionsbeslut stoppar omedelbart fortsatt ianspråktagande och kan komma mitt i pågående entreprenad. Noden måste då uppdatera tillståndspaketet, stoppa berörda moment och hantera avtalskonsekvenser mot entreprenörer. Oreda i kommunikationen om vilka moment som får fortsätta kan leda till oavsiktliga villkorsbrott, som både medför rättsliga påföljder och försvårar projektets ställning i den fortsatta överprövningen.","Inhibitionsinstitutet är etablerat i överprövningen av både miljöbalks- och PBL-beslut; i PBL-praxis kan verkställbarheten inhiberas oavsett om startbesked getts, vilket visar att stoppet kan komma sent i kedjan (prop. om verkställbarhet av bygglovsbeslut).","B70-030, B70-G020 (statusändring), B70-G140 (praktisk readiness bryts) och pågående byggberedskap.",Definiera i förväg vilka moment som är reversibla respektive irreversibla och skjut upp irreversibla moment tills inhibitionsrisken fallit bort. Inför en bevakningsrutin med 24-timmarsrespons på överinstansens beslut och en förberedd stopporder-mall till entreprenaden.,MB | MMDL | PBL | EXT: Prop. verkställbarhet av beslut om bygglov m.m. https://www.riksdagen.se/sv/dokument-och-lagar/dokument/proposition/verkstallbarhet-av-beslut-om-bygglov-rivningslov_h503240/html/,S0_current_2026,"{""causes"":[{""text"":""Ett beslut får verkställas före laga kraft men överklagas och blir föremål för en begäran om inhibition."",""basis"":""source"",""source_refs"":[""MB"",""MMDL""]},{""text"":""Projektet påbörjar förberedande arbeten innan inhibitionsfrågan har avgjorts."",""basis"":""analysis"",""source_refs"":[]},{""text"":""Nya omständigheter eller skadeuppgifter kommer in efter byggmobiliseringen."",""basis"":""analysis"",""source_refs"":[]},{""text"":""Överinstansen beslutar att det överklagade beslutet tills vidare inte får verkställas."",""basis"":""source"",""source_refs"":[""MMDL""]}],""event"":{""rubrik"":""Inhibitionsbeslut träffar pågående förberedande arbeten mitt i byggberedskapen""},""effects"":[{""text"":""De arbeten som omfattas av inhibitionsbeslutet måste stoppas så länge beslutet gäller."",""basis"":""source"",""source_refs"":[""MMDL""]},{""text"":""Entreprenörer, maskiner och material blir stående eller behöver omdisponeras."",""basis"":""analysis"",""source_refs"":[]},{""text"":""Projektets tidplan och avtal behöver omförhandlas."",""basis"":""analysis"",""source_refs"":[]},{""text"":""Bristande intern kommunikation om stoppet kan leda till fortsatt arbete i strid med inhibitionen."",""basis"":""analysis"",""source_refs"":[]}]}"
R-B70-040-01,B70-040,B70 – Laga kraft och byggberedskap,"Extrahera förstartsvillkor, tidsfrister och kontrollkrav",Förstartsvillkor förbises i den samlade villkorsmassan,Underlagsbrist & data,Sökande & ansökan,"Tillståndsbeslut kan innehålla villkor som reglerar vad som måste vara klart före markarbete, byggstart eller ianspråktagande. Vissa krav kan också framgå av bilagor eller separata beslut. Om extraktionen bygger på sökning eller manuell genomgång av enstaka dokument kan indirekt formulerade villkor förbises. Felet kan då upptäckas först när ett godkännande begärs eller vid tillsyn.","Ett tillstånd kan innehålla villkor om kontroll, säkerhet och andra förutsättningar som måste vara uppfyllda innan verksamheten tas i anspråk. Grindkontrollen ska läsa den slutliga domslutstexten och kontrollera varje sådant villkor.","B70-G050 (villkorskontroll med lucka), B70-060 (tvungen efterkomplettering), B70-130 och B70-G140.","Låt två personer oberoende extrahera förstartsvillkoren ur varje beslut och synka resultaten. Strukturera extraktionen efter moment (markarbete, grundläggning, igångsättning) snarare än efter beslut. Verifiera listan mot tillsynsmyndighetens och prövningsmyndighetens förväntningar i ett avstämningsmöte.",MB | COURT_WV,S0_current_2026,"{""causes"":[{""text"":""Ett tillståndsvillkor kräver ett godkännande eller en åtgärd innan verksamheten eller ett visst arbete påbörjas."",""basis"":""source"",""source_refs"":[""MB"",""COURT_WV""]},{""text"":""Förstartskravet finns i en bilaga, äldre deldom eller hänvisad handling och markeras inte i huvuddomslutet."",""basis"":""analysis"",""source_refs"":[]},{""text"":""Beslutsinventeringen söker efter vissa nyckelord men fångar inte funktionellt likvärdiga formuleringar."",""basis"":""analysis"",""source_refs"":[]},{""text"":""Ansvar för att läsa villkor delas mellan juridik, miljö och byggledning utan gemensam kontrollista."",""basis"":""analysis"",""source_refs"":[]}],""event"":{""rubrik"":""Förstartsvillkor förbises i den samlade villkorsmassan""},""effects"":[{""text"":""Arbetet får inte starta i strid med det bindande förstartsvillkoret."",""basis"":""source"",""source_refs"":[""MB""]},{""text"":""Projektet behöver stoppa och inhämta godkännande eller färdigställa underlaget i efterhand."",""basis"":""analysis"",""source_refs"":[]},{""text"":""Tillsynsmyndigheten kan ingripa mot en för tidig start."",""basis"":""analysis"",""source_refs"":[]},{""text"":""Projektets förtroende och samarbetsläge med tillsynsmyndigheten försämras."",""basis"":""analysis"",""source_refs"":[]}]}"
R-B70-040-02,B70-040,B70 – Laga kraft och byggberedskap,"Extrahera förstartsvillkor, tidsfrister och kontrollkrav",Otydliga villkorsformuleringar ger tolkningstvist om vad som krävs före start,Rättslig osäkerhet,Myndighet & prövning,"Äldre domar och beslut saknar ibland moderna preciseringar: igångsättningstid kan saknas, ianspråktagandetid kan användas i stället, och godkännandekrav kan sakna angiven instans. Vid extraktionen måste varje sådant villkor översättas till en konkret handling med ansvarig och deadline, och vid otydlighet uppstår tolkningsutrymme. Om projektet väljer den gynnsammaste tolkningen utan myndighetens bekräftelse finns risk för att myndigheten eller en motpart i efterhand hävdar en strängare läsning, med krav på stopp eller efterhandsprövning som följd.","MÖD:s dom 2020-12-21 i mål M 13516-19 illustrerar problemet: det aktuella tillståndet saknade uttrycklig föreskrift om igångsättningstid och angav i stället en tid för ianspråktagande, vilket skapade osäkerhet om tillståndets räckvidd.","B70-G050, B70-060 och B70-G140; vid eskalation även återgång till prövningsspåren B30/B40.","Flagga alla otydliga villkor i förstartsvillkorslistan och inhämta prövnings- eller tillsynsmyndighetens skriftliga tolkningsbesked innan arbeten planeras. Dokumentera tolkningsbesluten i beslutsmatrisen. Vid väsentlig osäkerhet, överväg proaktiv ansökan om villkorsförtydligande.",MB | EXT: MÖD M 13516-19 https://www.domstol.se/globalassets/filer/domstol/markochmiljooverdomstolen/avgoranden/2020/m-13516-19-dom-2020-12-21.pdf,S0_current_2026,"{""causes"":[{""text"":""Ett bindande villkor saknar en entydig tidpunkt, adressat eller kontrollparameter."",""basis"":""source"",""source_refs"":[""MB""]},{""text"":""Domskäl, domslut och tekniska bilagor använder olika uttryck för samma förstartskrav."",""basis"":""analysis"",""source_refs"":[]},{""text"":""Projektet och tillsynsmyndigheten tolkar uttrycket \""före start\"" på olika verksamhetsmoment."",""basis"":""analysis"",""source_refs"":[]},{""text"":""Villkoret hänvisar till en framtida godkännandeprocess utan att ange beslutsform eller kriterier."",""basis"":""analysis"",""source_refs"":[]}],""event"":{""rubrik"":""Otydliga villkorsformuleringar ger tolkningstvist om vad som krävs före start""},""effects"":[{""text"":""Tillståndshavaren måste följa villkoret men behöver först klarlägga vad skyldigheten innebär."",""basis"":""source"",""source_refs"":[""MB""]},{""text"":""Tolkningstvisten fördröjer internt startbeslut och myndighetsgodkännande."",""basis"":""analysis"",""source_refs"":[]},{""text"":""En oenighet kan leda till tillsynsbeslut eller domstolsprövning."",""basis"":""analysis"",""source_refs"":[]},{""text"":""Om ordalydelsen inte kan hanteras genom tolkning kan villkoret behöva ändras i en särskild process."",""basis"":""analysis"",""source_refs"":[]}]}"
R-B70-060-01,B70-060,B70 – Laga kraft och byggberedskap,Komplettera säkerhet eller förstartsdokumentation,Kompletteringsloopen mellan inlämning och avslag drar ut förstarten,Myndighetskapacitet & handläggning,Myndighet & prövning,"Noden är explicit utformad som en loop: komplettera, lämna in, kontrollera igen. Varje varv innehåller både projektets omarbetningstid och myndighetens handläggningstid. Om kravbilden är otydlig eller förändras mellan varven – till exempel när en ny handläggare tar över ärendet – kan loopen upprepas flera gånger. Utan disciplin på inlämningarnas kvalitet blir noden en dold förlängningsfaktor där varje avslag kostar både omarbetning och ny kötid hos myndigheten.",Energimarknadsinspektionens rapport R2023:09 identifierar flervarvsförfaranden och förrättningshandläggning som faktorer som kan förlänga ledtider för elnätsutbyggnad. Om ett godkännandespår kräver flera kompletteringsomgångar kan projektets handläggningstid därför öka.,B70-060:s loop mot B70-G050 och därmed hela byggberedskapskedjan mot B70-130.,Begär skriftlig och uttömmande avslagsmotivering vid första underkännandet. Genomför intern kvalitetsgranskning mot myndighetens tidigare godkännandebeslut innan varje inlämning. Driv parallellt förberedande arbete för moment som inte berörs av det underkända godkännandet.,MB | EI_GRID | EXT: Ei R2023:09 Kortare ledtider för elnätsutbyggnad https://ei.se/download/18.43e19b9d18779705cf7b0b2/1682595042339/Kortare-ledtider-för-elnätsutbyggnad-Ei-R2023-09.pdf,S0_current_2026,"{""causes"":[{""text"":""Ett förstartsvillkor kräver att handlingar eller säkerhet godkänns innan start."",""basis"":""source"",""source_refs"":[""MB""]},{""text"":""Den inlämnade handlingen besvarar inte alla kriterier eller villkorspunkter som myndigheten använder."",""basis"":""analysis"",""source_refs"":[]},{""text"":""Säkerhetens belopp, form, giltighet eller garantiställare godtas inte."",""basis"":""analysis"",""source_refs"":[]},{""text"":""Myndighetens kompletteringsbesked kommer stegvis i stället för samlat."",""basis"":""analysis"",""source_refs"":[]}],""event"":{""rubrik"":""Kompletteringsloopen mellan inlämning och avslag drar ut förstarten""},""effects"":[{""text"":""Byggstarten kan inte passera det aktuella förstartsvillkoret innan kravet är uppfyllt."",""basis"":""source"",""source_refs"":[""MB""]},{""text"":""Varje kompletteringsomgång flyttar fram projektets interna startbeslut."",""basis"":""analysis"",""source_refs"":[]},{""text"":""Entreprenadresurser och leveranser blir svårare att planera."",""basis"":""analysis"",""source_refs"":[]},{""text"":""Nya versioner av handlingarna kan skapa följdfel i den konsoliderade villkorsmatrisen."",""basis"":""analysis"",""source_refs"":[]}]}"
R-B70-060-02,B70-060,B70 – Laga kraft och byggberedskap,Komplettera säkerhet eller förstartsdokumentation,Ändrad projektering gör ställd säkerhet och förstartshandlingar inaktuella,Teknisk komplexitet,Sökande & ansökan,"Säkerhetsbelopp och förstartsdokumentation beräknas på en specifik teknisk utformning. Sena konstruktionsändringar, ofta drivna av entreprenadupphandling eller geotekniska fynd, kan höja återställningsbehovet eller förändra kontrollprogrammens innehåll. Myndigheten kan då kräva ny säkerhetsberäkning och reviderade handlingar, och i värsta fall ifrågasättas om ändringen överhuvudtaget ryms inom tillståndet eller kräver ändringsprövning. Noden riskerar då att inte bara komplettera utan att återkoppla till prövningsspåren uppströms.","MPF 1 kap. 4 och 11 §§ reglerar gränsen mellan en åtgärd inom ett befintligt tillstånd, anmälningspliktig ändring och ändring som kräver tillståndsprövning. En teknisk avvikelse sent i genomförandet kan därför kräva en ny bedömning och myndighetskontakt.","B70-060, B70-G050 och vid ändringsprövningsbehov återkoppling till B30- och B40-spåren.",Inför ändringsfryspunkt för tillståndsrelevanta parametrar före förstartsgodkännandena. Låt varje konstruktionsändring passera en snabb tillståndskonsekvensbedömning innan den beslutas. Håll säkerhetsberäkningen parametrisk så att beloppet kan justeras utan full omarbetning.,MB | MPF,S0_current_2026,"{""causes"":[{""text"":""Detaljprojekteringen ändrar anläggningens dimensioner efter att säkerheten beräknades."",""basis"":""analysis"",""source_refs"":[]},{""text"":""Massbalans, avfallsmängd eller återställningsbehov förändras genom ett nytt teknikval."",""basis"":""analysis"",""source_refs"":[]},{""text"":""Ett villkors- eller leverantörskrav medför att förstartshandlingarnas ritningar inte längre motsvarar bygglösningen."",""basis"":""analysis"",""source_refs"":[]},{""text"":""Den ändrade utformningen ligger utanför den variation som det befintliga tillståndet eller anmälan täcker."",""basis"":""source"",""source_refs"":[""MB"",""MPF""]}],""event"":{""rubrik"":""Ändrad projektering gör ställd säkerhet och förstartshandlingar inaktuella""},""effects"":[{""text"":""En tillståndspliktig ändring kan behöva prövas innan den genomförs."",""basis"":""source"",""source_refs"":[""MB"",""MPF""]},{""text"":""Ekonomisk säkerhet och tekniska förstartshandlingar behöver räknas om."",""basis"":""analysis"",""source_refs"":[]},{""text"":""Myndighetens tidigare godkännanden kan behöva ersättas eller kompletteras."",""basis"":""analysis"",""source_refs"":[]},{""text"":""Byggstarten förskjuts och den konsoliderade beslutsmatrisen behöver uppdateras."",""basis"":""analysis"",""source_refs"":[]}]}"
R-B70-080-01,B70-080,B70 – Laga kraft och byggberedskap,Säkra eller korrigera saknad genomföranderätt,Ledningsrättsbeslut överklagas och förlänger rättighetsloopen,Överklagande & rättsprocess,Extern & omvärld,Noden slutför avtal eller ledningsrätt och återgår sedan till rättighetskontrollen i B70-G070. Ett överklagat ledningsrättsbeslut skapar ett nytt rättsprocessled ovanpå förrättningen. Under tiden kan projektets övriga grindar vara passerade och projektorganisationen behöva upprätthålla sin byggberedskap. För andra former av markåtkomst måste den särskilda rättighetsprocessen och dess egna rättskällor analyseras separat.,Ledningsrättsbeslut kan överklagas enligt ledningsrättslagen. Energimarknadsinspektionens rapport R2023:09 identifierar ledningsrättsförrättningar som en faktor som kan påverka ledtiden för elnätsutbyggnad. En olöst ledningsrättsfråga kan därför fördröja ett linjeprojekt.,B70-080:s loop mot B70-G070 och därmed B70-G090 och B70-130.,Identifiera tidigt vilka rättigheter som sannolikt kräver tvångsförfarande och initiera dem parallellt med miljöprövningen. Erbjud rimliga ersättningar tidigt för att minska överklagandeincitamentet. Planera byggsekvensen så att tvistiga fastigheter ligger sist.,EI_GRID | EXT: Ei R2023:09 https://ei.se/download/18.43e19b9d18779705cf7b0b2/1682595042339/Kortare-ledtider-för-elnätsutbyggnad-Ei-R2023-09.pdf | LEDNINGSRATT,S0_current_2026,"{""causes"":[{""text"":""Frivillig markåtkomst för en ledningssträcka kan inte säkras, så projektet blir beroende av en ledningsrättsprocess med möjlighet till överprövning."",""basis"":""source"",""source_refs"":[""EI_GRID"",""EXT: Ei R2023:09 https://ei.se/download/18.43e19b9d18779705cf7b0b2/1682595042339/Kortare-ledtider-för-elnätsutbyggnad-Ei-R2023-09.pdf""]},{""text"":""Ersättning, sträckning eller intrångets omfattning är omtvistad."",""basis"":""analysis"",""source_refs"":[]},{""text"":""Rättighetsbeslutet omfattar inte alla fastigheter eller anläggningsdelar som krävs för sammanhängande åtkomst."",""basis"":""analysis"",""source_refs"":[]},{""text"":""Projektets byggplan förutsätter tillträde innan rättighetsfrågan är slutligt avgjord."",""basis"":""analysis"",""source_refs"":[]}],""event"":{""rubrik"":""Ledningsrättsbeslut överklagas och förlänger rättighetsloopen""},""effects"":[{""text"":""För ledningssträckan blir markåtkomsten beroende av att rättighetsprocessen slutförs utöver nätkoncessionen."",""basis"":""source"",""source_refs"":[""EI_GRID"",""EXT: Ei R2023:09 https://ei.se/download/18.43e19b9d18779705cf7b0b2/1682595042339/Kortare-ledtider-för-elnätsutbyggnad-Ei-R2023-09.pdf""]},{""text"":""Markåtkomsten för berörda sträckor eller områden senareläggs."",""basis"":""analysis"",""source_refs"":[]},{""text"":""Projektet kan behöva etappera eller omprojektera byggandet kring den omtvistade delen."",""basis"":""analysis"",""source_refs"":[]},{""text"":""Logistik, entreprenad och finansiering belastas av en splittrad rättighetsstatus."",""basis"":""analysis"",""source_refs"":[]}]}"
R-B70-080-02,B70-080,B70 – Laga kraft och byggberedskap,Säkra eller korrigera saknad genomföranderätt,Omprojektering för att kringgå markmotstånd skapar nya tillståndsbehov,Sektorssamordning,Sökande & ansökan,"Omprojektering är nodens legitima sista utväg, men en ny sträckning eller placering kan korsa strandskydd, Natura 2000-områden, fornlämningar eller detaljplanelägen som inte prövats i de befintliga besluten. Därmed uppstår nya ansöknings- eller ändringsbehov i B20–B50-spåren, och nodens återgång till B70-G070 förvandlas till en återgång långt uppströms i processkartan. Risken är latent eftersom omprojekteringen ofta drivs av markavtals- eller entreprenadlogik utan att tillståndskonsekvenserna utreds först.","En ändrad lokalisering eller utformning kan kräva en ny bedömning av strandskydd, Natura 2000, kulturmiljö och planstöd.","B70-080, B70-G110 (förenlighet mot nya gränser) samt potentiellt B20-, B30-, B40- och B50-spåren vid nya prövningsbehov.","Genomför alltid en snabb tillståndskonsekvensanalys (screening mot strandskydd, Natura 2000, KML, PBL) innan en omprojektering beslutas. Dokumentera i beslutsmatrisen exakt vilka beslut som täcker det nya läget. Behåll tvångsrättsprocessen som parallellt spår tills alternativet är tillståndsmässigt klart.",STRAND | NATURA | KML | PBL | EXT: MÖD 2016:13 https://www.domstol.se/mark--och-miljooverdomstolen/mark--och-miljooverdomstolens-avgoranden/2016/74629/,S0_current_2026,"{""causes"":[{""text"":""Frivilliga markavtal eller tvångsrätt kan inte säkras för den ursprungliga sträckningen."",""basis"":""analysis"",""source_refs"":[]},{""text"":""Projektet väljer en ny väg-, lednings- eller anläggningslokalisering för att undvika det låsta markområdet."",""basis"":""analysis"",""source_refs"":[]},{""text"":""Den nya lokaliseringen berör ett område där en särskild dispens eller tillståndsprövning krävs."",""basis"":""source"",""source_refs"":[""STRAND"",""NATURA"",""KML"",""PBL""]},{""text"":""Den alternativa sträckningen har inte miljö- eller kulturmiljöinventerats i tidigare skeden."",""basis"":""analysis"",""source_refs"":[]}],""event"":{""rubrik"":""Omprojektering för att kringgå markmotstånd skapar nya tillståndsbehov""},""effects"":[{""text"":""Nödvändiga dispenser eller tillstånd måste erhållas innan den omprojekterade åtgärden genomförs."",""basis"":""source"",""source_refs"":[""STRAND"",""NATURA"",""KML"",""PBL""]},{""text"":""Nya ansökningar, utredningar och samråd förskjuter byggstarten."",""basis"":""analysis"",""source_refs"":[]},{""text"":""Omprojekteringen kan flytta intrång och motstånd till nya fastigheter eller skyddsintressen."",""basis"":""analysis"",""source_refs"":[]},{""text"":""Den alternativa lösningen kan bli dyrare eller tekniskt sämre än den ursprungliga."",""basis"":""analysis"",""source_refs"":[]}]}"
R-B70-100-01,B70-100,B70 – Laga kraft och byggberedskap,Slutför saknade parallella byggstartsgates,Återöppnat B50-spår fastnar i kommunens eller sektorsmyndighetens handläggningskö,Myndighetskapacitet & handläggning,Myndighet & prövning,Tillämpliga specialfrister och möjligheten till dröjsmålstalan enligt 12 § FL ska bedömas för det konkreta ärendet; i övrigt gäller skyndsamhetskravet i 9 § FL.,"Enligt 9 § förvaltningslagen ska ett ärende handläggas så enkelt, snabbt och kostnadseffektivt som möjligt utan att rättssäkerheten eftersätts. Bestämmelsen anger inte en fast handläggningstid för de bygglovs-, dispens- eller koncessionsärenden som kan återöppnas här. Tidplanen måste därför bygga på den behöriga myndighetens aktuella besked och en projektspecifik prognos för det konkreta sidospåret.",B70-100:s loop mot B70-G090 och därmed B70-G110 och B70-130; handoff till B50-START.,"Identifiera potentiella restgates tidigt och lämna in kompletterande ansökningar parallellt, inte sekventiellt efter gate-kontrollen. Upprätta direktkontakt med handläggande nämnd eller myndighet och be om realistisk tidsprognos. Undersök om delar av bygget kan starta utan den saknade gaten (momentvis startbesked).",PBL | PBL_START | EI_GRID | FL,S0_current_2026,"{""causes"":[{""text"":""En nödvändig PBL- eller sektorsspecifik gate saknar ett slutligt beslut eller startbesked."",""basis"":""source"",""source_refs"":[""PBL"",""PBL_START"",""EI_GRID""]},{""text"":""Det tidigare ärendet avslutades, avgränsades fel eller täcker inte den aktuella projektversionen."",""basis"":""analysis"",""source_refs"":[]},{""text"":""Myndigheten behöver hämta in remisser eller tekniska kompletteringar innan den kan avgöra den återöppnade frågan."",""basis"":""analysis"",""source_refs"":[]},{""text"":""Projektets plan förutsätter att parallellspåret kan prioriteras trots att myndigheten har en egen ärendekö."",""basis"":""analysis"",""source_refs"":[]}],""event"":{""rubrik"":""Återöppnat B50-spår fastnar i kommunens eller sektorsmyndighetens handläggningskö""},""effects"":[{""text"":""Det byggmoment som är beroende av beslutet kan inte starta innan gaten är uppfylld."",""basis"":""source"",""source_refs"":[""PBL_START"",""EI_GRID""]},{""text"":""Projektorganisation och entreprenadavtal hålls i vänteläge."",""basis"":""analysis"",""source_refs"":[]},{""text"":""Samordnade beslut kan behöva uppdateras om det nya sektorsutfallet ändrar projektet."",""basis"":""analysis"",""source_refs"":[]},{""text"":""Den samlade byggstarten förskjuts om den saknade gaten ligger på kritisk väg."",""basis"":""analysis"",""source_refs"":[]}]}"
R-B70-100-02,B70-100,B70 – Laga kraft och byggberedskap,Slutför saknade parallella byggstartsgates,Förändrade förutsättningar i parallellspåret gör att beslutet inte längre matchar projektet,Teknisk komplexitet,Sökande & ansökan,"Parallella beslut fattas ofta långt före huvudtillståndets laga kraft. När gaten slutligen ska slutföras kan beslutet avse en äldre projektversion: en koncession med annan kapacitet, ett bygglov med annan placering, en markanvisning med annat tidsläge. Att ""slutföra"" gaten blir då inte en inhämtning utan en ändringsprocess, ibland med krav på nytt samråd eller ny prövning. Noden underskattar lätt detta om statusmatrisen bara registrerar beslutets existens och inte dess innehållsmässiga giltighet mot aktuell projektversion.","I M 6331-17 godtog MÖD boxmodellen för högst 442 vindkraftverk i Markbygden etapp 3 eftersom regeringen redan hade avgjort etableringens tillåtlighet och lokalisering. När den slutliga projektversionen granskas måste dess verk, etapp och placering därför jämföras med den tillståndsgivna boxen och de villkor som faktiskt gäller. En avvikelse kan kräva en ändringsprövning eller annan rättslig hantering beroende på omfattningen.","B70-100, B70-G090 och B70-G110 (innehållskonflikter som dyker upp vid förenlighetskontrollen).","Låt statusmatrisen registrera både beslutets existens och dess parametrar (kapacitet, geometri, giltighetstid) samt vilken projektversion de avser. Inför kvartalsvisa giltighetskontroller av parallella beslut mot aktuell projektering. Eskalera avvikelser till ändringsbedömning omedelbart, inte vid gate-kontrollen.","MB | PBL | ELLAG | EXT: MÖD, mål M 6331-17 (Markbygden etapp 3) https://www.domstol.se/mark--och-miljooverdomstolen/mark--och-miljooverdomstolens-avgoranden/2018/67024/",S0_current_2026,"{""causes"":[{""text"":""Projektets teknik eller dimensionering har ändrats efter det parallella beslutet."",""basis"":""analysis"",""source_refs"":[]},{""text"":""Den faktiska byggtidplanen ligger utanför beslutets tidsmässiga eller etappvisa förutsättningar."",""basis"":""analysis"",""source_refs"":[]},{""text"":""Den senaste projekteringen använder en annan lokalisering eller kapacitet än den som prövades."",""basis"":""analysis"",""source_refs"":[]},{""text"":""Ändringen är av ett slag som kräver en ändringsanmälan, ändringsprövning eller ett nytt beslut."",""basis"":""source"",""source_refs"":[""MB"",""PBL"",""ELLAG""]}],""event"":{""rubrik"":""Förändrade förutsättningar i parallellspåret gör att beslutet inte längre matchar projektet""},""effects"":[{""text"":""Projektet behöver erhålla den kompletterande prövning som krävs för den ändrade utformningen."",""basis"":""source"",""source_refs"":[""MB"",""PBL"",""ELLAG""]},{""text"":""Den parallella gaten kan inte stängas genom att bara hämta det äldre beslutet."",""basis"":""analysis"",""source_refs"":[]},{""text"":""Kartor, villkorskopplingar och projektversioner i beslutsmatrisen behöver byggas om."",""basis"":""analysis"",""source_refs"":[]},{""text"":""Byggstarten förskjuts medan den nya eller ändrade prövningen pågår."",""basis"":""analysis"",""source_refs"":[]}]}"
R-B70-120-01,B70-120,B70 – Laga kraft och byggberedskap,Lös beslutskonflikt eller omprojektera,Konfliktlösning kräver villkorsändring eller ny prövning med egen processledtid,Myndighetskapacitet & handläggning,Myndighet & prövning,"Noden ska identifiera styrande beslut och initiera villkorsändring eller ny prövning. Men en villkorsändring är en egen prövningsprocess: ansökan, eventuell komplettering, remiss och möjlighet för parter att yttra sig, samt överklagbarhet. För ändringar med potentiellt ökad miljöpåverkan kan ändringsanmälan eller nytt tillstånd krävas enligt MPF 1 kap. 4 och 11 §§, vilket förlänger ytterligare. Medan konfliktlösningen pågår står projektet still, och det finns en risk att ändringsprocessen öppnar för nya synpunkter som berör fler delar av beslutet än den ursprungliga konflikten.","Länsstyrelsens vägledning om ändring av villkor i miljötillstånd beskriver de rättsliga förutsättningarna för villkorsändring, bland annat när ett villkor är uppenbart onödigt eller strängare än nödvändigt eller när ändringen påkallas av oförutsedda omständigheter. En villkorsändring kräver en självständig prövning av den behöriga instansen.",B70-120:s loop mot B70-G110 samt återkoppling till B30- och B40-spåren vid ny prövning.,"Analysera först om konflikten kan lösas genom omprojektering inom befintliga besluts ramar (billigast och snabbast). Vid villkorsändring, avgränsa yrkandet strikt till konfliktpunkten för att undvika att öppna hela beslutet. Förhandla fram stöd hos tillsynsmyndigheten innan ansökan lämnas.",MB | MPF | EXT: Länsstyrelsen – Ändra villkor i tillstånd https://www.lansstyrelsen.se/dalarna/miljo-och-vatten/miljofarlig-verksamhet/provning-av-miljofarlig-verksamhet/provningar-av-befintlig-miljofarlig-verksamhet/andra-villkor-i-tillstand-for-miljofarlig-verksamhet.html,S0_current_2026,"{""causes"":[{""text"":""Två slutliga beslut ställer krav som inte kan uppfyllas samtidigt i den planerade utformningen."",""basis"":""analysis"",""source_refs"":[]},{""text"":""Konflikten kan inte lösas genom en rimlig och rättssäker tolkning av besluten."",""basis"":""analysis"",""source_refs"":[]},{""text"":""Den nödvändiga lösningen innebär att ett bindande villkor eller den tillståndsgivna verksamheten behöver ändras."",""basis"":""source"",""source_refs"":[""MB"",""MPF""]},{""text"":""En omprojektering skulle i sig falla utanför ett annat besluts räckvidd."",""basis"":""analysis"",""source_refs"":[]}],""event"":{""rubrik"":""Konfliktlösning kräver villkorsändring eller ny prövning med egen processledtid""},""effects"":[{""text"":""En villkorsändring eller annan tillämplig ändringsprövning behöver genomföras innan den motstridiga lösningen används."",""basis"":""source"",""source_refs"":[""MB"",""MPF""]},{""text"":""Byggstarten skjuts upp under den nya processen."",""basis"":""analysis"",""source_refs"":[]},{""text"":""Myndigheten kan behöva bedöma fler villkor eller följdfrågor än den konflikt som initierade ansökan."",""basis"":""analysis"",""source_refs"":[]},{""text"":""Projektets kostnad och funktion kan förändras genom den lösning som slutligen godtas."",""basis"":""analysis"",""source_refs"":[]}]}"
R-B70-120-02,B70-120,B70 – Laga kraft och byggberedskap,Lös beslutskonflikt eller omprojektera,Omprojekteringen rubbar alternativ- och MKB-förutsättningarna i det ursprungliga tillståndet,Rättslig osäkerhet,Sökande & ansökan,"Miljötillstånd vilar på den prövade alternativ- och effektbeskrivningen. Om beslutskonflikten löses genom en omprojektering som förskjuter dessa förutsättningar – annan placering av anläggningsdelar, ändrad kapacitetsfördelning, nya påverkansområden – kan motparter hävda att tillståndet inte täcker det som nu ska byggas. Det öppnar för överklagande av efterföljande beslut, krav på ändringstillstånd eller i värsta fall ifrågasättande av huvudtillståndets giltighet för den ändrade delen. Gränsdragningen mellan anpassning inom tillståndet och ny prövningspliktig ändring är rättsligt svår och tvistekänslig.","6 kap. miljöbalken ställer krav på en relevant alternativbeskrivning och miljökonsekvensbeskrivning, och 1 kap. 4 och 11 §§ miljöprövningsförordningen reglerar bedömningen av ändringar. Om genomförandet avviker väsentligt från det prövade objektet kan komplettering, anmälan eller ny prövning aktualiseras.","B70-120, B70-G110 (förnyad förenlighetskontroll) och potentiellt B20/B30 vid krav på kompletterande miljöbedömning.",Gör en formell ändringsbedömning enligt MPF 1 kap. för varje omprojekteringsalternativ innan det väljs. Dokumentera att MKB:ns effektbedömningar fortfarande är giltiga eller komplettera dem proaktivt. Behåll det prövade alternativet som fallback tills den nya lösningens tillståndsmässighet är klarlagd.,MB | MPF | NV_EIA,S0_current_2026,"{""causes"":[{""text"":""Konfliktlösningen flyttar en anläggningsdel till en plats som inte bedömts i den ursprungliga miljökonsekvensbeskrivningen."",""basis"":""analysis"",""source_refs"":[]},{""text"":""Den nya utformningen ger andra utsläpp, intrång eller kumulativa effekter än det prövade alternativet."",""basis"":""analysis"",""source_refs"":[]},{""text"":""Projektets omfattning eller kapacitet ändras så att tidigare alternativjämförelse inte längre är representativ."",""basis"":""analysis"",""source_refs"":[]},{""text"":""Ändringen är så betydande att frågan om ny miljöbedömning eller tillståndsprövning aktualiseras."",""basis"":""source"",""source_refs"":[""MB"",""MPF"",""NV_EIA""]}],""event"":{""rubrik"":""Omprojekteringen rubbar alternativ- och MKB-förutsättningarna i det ursprungliga tillståndet""},""effects"":[{""text"":""Ett nytt eller ändrat prövningsunderlag behöver beskriva den aktuella verksamhetens miljöeffekter."",""basis"":""source"",""source_refs"":[""MB"",""NV_EIA""]},{""text"":""Nya utredningar och eventuell kommunicering förskjuter byggstarten."",""basis"":""analysis"",""source_refs"":[]},{""text"":""Huvudtillståndets täckning blir osäker tills ändringens rättsliga betydelse har klarlagts."",""basis"":""analysis"",""source_refs"":[]},{""text"":""Omprojekteringen kan påverka även parallella plan-, koncessions- och rättighetsbeslut."",""basis"":""analysis"",""source_refs"":[]}]}"
R-B70-130-01,B70-130,B70 – Laga kraft och byggberedskap,Fastställ legal byggberedskap,legal_build_ready sätts på felaktig grund – förbisedd verkställighets- eller inhibitionsfråga,Rättslig osäkerhet,Sökande & ansökan,"Noden sätter en binär flagga som hela byggorganisationen agerar på. Ett felaktigt positivt beslut innebär att arbeten påbörjas utan rättsligt stöd, med risk för förelägganden, vite och återställningsskyldighet samt skadeståndsanspråk från sakägare. Ett felaktigt negativt beslut innebär onödig fördröjning. Eftersom flaggan aggregerar många gates (finalitet, villkor, rättigheter, sektorsbeslut) är den helt beroende av att underlagskedjan är verifierad; felet behöver inte uppstå i noden själv utan kan ärvas från vilken föregående kontroll som helst.","Verkställbarhet måste bestämmas beslut för beslut. Ett miljötillstånd enligt 22 kap. 28 § MB kräver ett särskilt verkställighetsförordnande, medan lov enligt 9 kap. 114 § PBL som huvudregel gäller omedelbart men kan göras beroende av laga kraft eller inhiberas. En readiness-flagga måste därför redovisa den konkreta rättsgrunden och eventuell inhibition för varje underliggande beslut.","B70-130, B70-G140 och hela byggfasen; vid felaktig positiv flagga även retroaktiv rättslig exponering.","Kräv fyrögonprincip med oberoende juridisk signatur på underlaget till readiness-beslutet, inklusive dagsfärsk kontroll av diarier och överinstansbeslut. Dokumentera beslutsunderlaget per gate med datum och källa. Inför en formell återkallelserutin om någon underlagsstatus ändras efter flaggningen.",MB | MMDL | PBL | FL,S0_current_2026,"{""causes"":[{""text"":""Ett överklagat beslut har inhiberats men statusen i byggberedskapsunderlaget visar det som verkställbart."",""basis"":""source"",""source_refs"":[""MMDL""]},{""text"":""Överklagandefristen eller dagen för laga kraft har beräknats från fel delgivningsuppgift."",""basis"":""analysis"",""source_refs"":[]},{""text"":""Ett partiellt slutligt avgörande har felaktigt registrerats som slutligt i alla delar."",""basis"":""analysis"",""source_refs"":[]},{""text"":""Readiness-beslutet bygger på en matris som inte uppdaterats efter ett nytt domstolsbeslut."",""basis"":""analysis"",""source_refs"":[]}],""event"":{""rubrik"":""legal_build_ready sätts på felaktig grund – förbisedd verkställighets- eller inhibitionsfråga""},""effects"":[{""text"":""Ett inhiberat beslut får inte verkställas så länge inhibitionen gäller."",""basis"":""source"",""source_refs"":[""MMDL""]},{""text"":""Ett falskt positivt klartecken kan leda till att arbete startar utan rättsligt stöd."",""basis"":""analysis"",""source_refs"":[]},{""text"":""Tillsynsingripande, stopp eller krav på rättelse kan följa av den för tidiga starten."",""basis"":""analysis"",""source_refs"":[]},{""text"":""Ett falskt negativt klartecken fördröjer däremot ett arbete som rättsligt hade kunnat påbörjas."",""basis"":""analysis"",""source_refs"":[]}]}"
R-B70-130-02,B70-130,B70 – Laga kraft och byggberedskap,Fastställ legal byggberedskap,Readiness-beslutet fattas utan dokumenterad spårbarhet per gate,Underlagsbrist & data,Sökande & ansökan,Bristfällig dokumentation försvårar efterkontroll och bevisning. Mötesprotokoll och e-post kan utgöra bevisning men ger normalt sämre spårbarhet än en källbelagd beslutsmatris.,"Byggberedskap kan bero på flera separata beslut enligt miljöbalken, PBL, ellagen och minerallagen. En dokumenterad gate-matris kan visa vilket beslut, vilken rättskraft och vilket villkor som bär varje slutsats om byggberedskap och därmed minska risken för att projektet går vidare utan nödvändiga beslut.",B70-130 och B70-G140; indirekt hela byggfasens rättsliga dokumentation.,"Fastställ byggberedskapen i ett signerat readiness-intyg med bilagd gate-för-gate-statusmatris (beslut, datum, källhänvisning, ansvarig kontrollant). Arkivera underlagen versionsstyrt. Inför kvartalsvis revalidering av intyget om byggstarten dröjer.",MB | PBL | ELLAG | MINERALLAG,S0_current_2026,"{""causes"":[{""text"":""Flera lagreglerade beslut och villkor måste vara uppfyllda samtidigt för den aktuella byggstarten."",""basis"":""source"",""source_refs"":[""MB"",""PBL"",""ELLAG"",""MINERALLAG""]},{""text"":""Gate-status anges utan länk till beslut, version, datum eller ansvarig bedömning."",""basis"":""analysis"",""source_refs"":[]},{""text"":""Readiness-dokumentet sammanfattar endast ett övergripande ja eller nej och visar inte undantag per anläggningsdel."",""basis"":""analysis"",""source_refs"":[]},{""text"":""Muntliga besked och interna antaganden används utan att skiljas från bindande myndighetsbeslut."",""basis"":""analysis"",""source_refs"":[]}],""event"":{""rubrik"":""Readiness-beslutet fattas utan dokumenterad spårbarhet per gate""},""effects"":[{""text"":""En intern byggklarstatus utan spårbarhet ersätter inte de rättigheter och begränsningar som följer av de bindande besluten."",""basis"":""source"",""source_refs"":[""MB"",""PBL"",""ELLAG"",""MINERALLAG""]},{""text"":""Projektet får en svagare bevisställning vid tillsyn eller tvist om vad som kontrollerats."",""basis"":""analysis"",""source_refs"":[]},{""text"":""Finansiärer och köpare får svårare att verifiera den rättsliga byggberedskapen."",""basis"":""analysis"",""source_refs"":[]},{""text"":""Ett fel tar längre tid att lokalisera och rätta när källan bakom gate-statusen saknas."",""basis"":""analysis"",""source_refs"":[]}]}"
R-B70-150-01,B70-150,B70 – Laga kraft och byggberedskap,Avhjälp praktisk tillståndsrelaterad restpunkt,Restpunkten visar sig vara materiell och kräver ny prövning i stället för komplettering,Underlagsbrist & data,Sökande & ansökan,"Noden är avsedd för avhjälpande av mindre restpunkter, men gränsen mellan en komplettering och en ny prövningsfråga är inte alltid tydlig när punkten upptäcks. Om restpunkten berör själva tillståndets räckvidd – till exempel att ett godkännande aldrig efterfrågats i rätt form eller att efterlevnaden avviker från villkorets ordalydelse – kan myndigheten kräva formell handläggning med remiss och överklagbarhet. Noden blir då inte en snabb återgång till B70-G140 utan en omväg via B30/B40-spåren, och felaktig triagering av restpunkten förlänger hanteringen.","MPF 1 kap. 4 och 11 §§ reglerar gränsen mellan komplettering, anmälan och ändringsprövning, och Länsstyrelsen Dalarnas vägledning beskriver villkorsändring för miljöfarlig verksamhet. En sent upptäckt formbrist kan kräva ett nytt handläggningssteg.",B70-150:s loop mot B70-G140 samt vid ny prövning B30- och B40-spåren.,Triagea varje restpunkt med juridisk sakkunskap direkt vid upptäckt: avhjälps inom befintligt beslut eller kräver nytt beslut? Kontakta berörd myndighet tidigt för att klarlägga hanteringsvägen innan arbete läggs på en komplettering som visar vara otillräcklig.,MB | MPF | EXT: Länsstyrelsen – Ändra villkor i tillstånd https://www.lansstyrelsen.se/dalarna/miljo-och-vatten/miljofarlig-verksamhet/provning-av-miljofarlig-verksamhet/provningar-av-befintlig-miljofarlig-verksamhet/andra-villkor-i-tillstand-for-miljofarlig-verksamhet.html,S0_current_2026,"{""causes"":[{""text"":""Ett saknat godkännande har felaktigt klassificerats som administrativt trots att myndigheten måste göra en ny materiell bedömning."",""basis"":""analysis"",""source_refs"":[]},{""text"":""Den påstådda restpunkten innebär en avvikelse från den tillståndsgivna lokaliseringen, omfattningen eller tekniken."",""basis"":""analysis"",""source_refs"":[]},{""text"":""Villkorsefterlevnaden kan inte visas utan en ändring av den planerade åtgärden."",""basis"":""analysis"",""source_refs"":[]},{""text"":""Den nödvändiga ändringen omfattas av krav på anmälan, villkorsändring eller ny tillståndsprövning."",""basis"":""source"",""source_refs"":[""MB"",""MPF""]}],""event"":{""rubrik"":""Restpunkten visar sig vara materiell och kräver ny prövning i stället för komplettering""},""effects"":[{""text"":""Projektet behöver genomföra den tillämpliga myndighetsprövningen innan ändringen får genomföras."",""basis"":""source"",""source_refs"":[""MB"",""MPF""]},{""text"":""En tänkt snabb administrativ avhjälpning ersätts av ett nytt berednings- och beslutssteg."",""basis"":""analysis"",""source_refs"":[]},{""text"":""Det nya beslutet kan kommuniceras och överklagas enligt den process som gäller för ärendet."",""basis"":""analysis"",""source_refs"":[]},{""text"":""Byggstarten eller det berörda byggmomentet förskjuts."",""basis"":""analysis"",""source_refs"":[]}]}"
R-B70-END-01,B70-END,B70 – Laga kraft och byggberedskap,Praktiskt tillståndsmässigt byggberedd,Byggberedskapen urholkas av att tillståndet aldrig tas i anspråk innan fristens utgång,Extern händelse,Sökande & ansökan,"Byggberedskap är tidsbunden. Ett tillstånd förfaller enligt 24 kap. 2 § MB om föreskriven arbetstid eller igångsättningstid inte iakttas. Tillståndsmyndigheten kan efter en ansökan som getts in före fristens utgång förlänga tiden med högst tio år om giltigt skäl visas eller synnerliga olägenheter annars skulle uppstå. Detta ska skiljas från giltighetsförlängning enligt 24 kap. 14 a § MB, som gäller ett fortfarande gällande tidsbegränsat tillstånd, får ges en gång och högst i tre år.","I M 9024-15 avslog MÖD en begäran om förlängd igångsättningstid. Förändrade ekonomiska förhållanden, investerarkrav och behov av ytterligare lönsamhetsanalyser godtogs inte som giltiga skäl, och någon synnerlig olägenhet ansågs inte föreligga eftersom byggandet inte hade påbörjats. Avgörandet visar att de konkreta skälen för en förlängning måste uppfylla de lagstadgade förutsättningarna.",B70-END och hela investeringen; vid förfall återgång till respektive prövningsspår (B30/B40/B50).,"Bevaka arbetstid, igångsättningstid och ett tidsbegränsat tillstånds sista giltighetsdag som separata frister. Ansök före fristens utgång enligt rätt bestämmelse: 24 kap. 2 § för arbetstid/igångsättningstid och 24 kap. 14 a § för en engångsförlängning av ett tidsbegränsat tillstånd.","MB | EXT: MÖD – M 9024-15, dom 17 maj 2016 https://www.domstol.se/mark--och-miljooverdomstolen/mark--och-miljooverdomstolens-avgoranden/2016/72817/",S0_current_2026,"{""causes"":[{""text"":""Finansiering eller ägarbeslut fördröjer den fysiska starten efter att tillståndspaketet blivit byggklart."",""basis"":""analysis"",""source_refs"":[]},{""text"":""Marknads- eller leveransförhållanden gör att projektet avvaktar trots rättslig byggberedskap."",""basis"":""analysis"",""source_refs"":[]},{""text"":""Projektets fristbevakning följer inte samtliga igångsättnings-, arbets- och ianspråktagandetider."",""basis"":""analysis"",""source_refs"":[]},{""text"":""Den tillämpliga tiden löper ut utan att verksamheten eller arbetet har påbörjats på det sätt som beslutet kräver."",""basis"":""source"",""source_refs"":[""MB""]}],""event"":{""rubrik"":""Byggberedskapen urholkas av att tillståndet aldrig tas i anspråk innan fristens utgång""},""effects"":[{""text"":""Tillståndet eller rätten kan förfalla när lagens eller beslutets tidsfrist löper ut utan giltig förlängning."",""basis"":""source"",""source_refs"":[""MB""]},{""text"":""Projektet kan behöva söka ett nytt tillstånd eller en ny rättighet."",""basis"":""analysis"",""source_refs"":[]},{""text"":""Tidigare utrednings-, projekterings- och processkostnader förlorar värde."",""basis"":""analysis"",""source_refs"":[]},{""text"":""Projektet kan behöva avskrivas om en ny prövning inte längre är tekniskt eller ekonomiskt genomförbar."",""basis"":""analysis"",""source_refs"":[]}]}"
R-B70-G020-01,B70-G020,B70 – Laga kraft och byggberedskap,Är alla nödvändiga avgöranden slutliga eller verkställbara?,Överklagande inkommer på sista fristdagen och ändrar finalitetsstatusen,Överklagande & rättsprocess,Extern & omvärld,"Finalitetskontrollen ska visa att överklagandefristen löpt ut utan ett rättidigt överklagande. Om ett överklagande kommer in på sista dagen innebär det att avgörandet inte hann vinna laga kraft; statusen ändras inte retroaktivt. Därefter måste projektet bedöma rättidighet, prövningstillstånd, verkställbarhet och eventuell inhibition enligt den processordning som gäller för beslutet. Parallella startgates som byggt på laga kraft måste då hållas öppna.",Överklagandefristen och eventuella rättsprövnings- eller regeringsspår måste löpa ut innan ett beslut behandlas som slutligt.,"B70-G020 (loop tillbaka), B70-030 (överprövningshantering aktiveras) och indirekt B70-130 (byggberedskap kan inte deklareras).",Bevaka diarier och delgivning aktivt under hela överklagandeperioden; planera inte byggstart förrän fristerna utlöpt. Kartlägg tidigt tänkbara klagande och deras bevakningsmönster. Förhandla flexibla startvillkor i entreprenad- och finansieringsavtal som tål fristdagsöverklaganden.,MB | MMDL | FL | COURT_APPEAL | EXT: MMD – kungörelse i M 4708-16 om dom 9 november 2018 https://www.domstol.se/globalassets/filer/domstol/vanersborgs_tingsratt/kungorelser/kungorelse-m-4708-16.pdf | EXT: Sveriges Domstolar – MÖD:s yttrande 15 juni 2020 https://www.domstol.se/nyheter/2020/06/domstolen-anser-att-verksamheten-vid-preemraff-i-lysekil-kan-tillatas/,S0_current_2026,"{""causes"":[{""text"":""Klagotiden löper till och med den föreskrivna sista dagen för beslutet."",""basis"":""source"",""source_refs"":[""MB"",""MMDL"",""FL""]},{""text"":""Projektets statuskontroll görs innan dagens inkomna handlingar har registrerats."",""basis"":""analysis"",""source_refs"":[]},{""text"":""Överklagandet lämnas genom en kanal som inte omedelbart syns i projektets bevakning."",""basis"":""analysis"",""source_refs"":[]},{""text"":""Beslutets finalitetsstatus har satts automatiskt utifrån kalenderdatum utan en slutlig kontroll hos beslutsmyndigheten."",""basis"":""analysis"",""source_refs"":[]}],""event"":{""rubrik"":""Överklagande inkommer på sista fristdagen och ändrar finalitetsstatusen""},""effects"":[{""text"":""Avgörandet blir föremål för den överprövning som följer av ett rättidigt överklagande."",""basis"":""source"",""source_refs"":[""MB"",""MMDL""]},{""text"":""Byggberedskapen för den överklagade delen skjuts fram om beslutet inte ändå får verkställas."",""basis"":""analysis"",""source_refs"":[]},{""text"":""Entreprenad-, finansierings- och investeringsbeslut behöver anpassas till den nya processrisken."",""basis"":""analysis"",""source_refs"":[]},{""text"":""Beslutsmatrisen blir inaktuell och projektet får en ny instanskedja att hantera."",""basis"":""analysis"",""source_refs"":[]}]}"
R-B70-G020-02,B70-G020,B70 – Laga kraft och byggberedskap,Är alla nödvändiga avgöranden slutliga eller verkställbara?,Verkställbarhetsbedömningen av icke lagakraftvunna beslut blir fel,Rättslig osäkerhet,Sökande & ansökan,"Enligt 22 kap. 28 § MB får MMD, när det finns skäl, i en tillståndsdom förordna att tillståndet får tas i anspråk även om domen inte vunnit laga kraft. Det krävs alltså ett uttryckligt verkställighetsförordnande; bestämmelsen gör inte alla ansökningsdomar verkställbara som utgångspunkt. Om domen överklagas får MÖD undanröja förordnandet innan överklagandet i övrigt prövas. Andra beslutstyper följer sina egna verkställighetsregler och kan inhiberas.",22 kap. 28 § MB är en fakultativ regel om särskilt verkställighetsförordnande.,"B70-G020, B70-030 och B70-130; vid felaktig ianspråktagande även hela byggfasen.","Läs domslutet och kontrollera att ett uttryckligt verkställighetsförordnande finns. Bedöm därefter villkor, eventuell säkerhet, överklagande och MÖD:s möjlighet att undanröja förordnandet innan irreversibla åtgärder påbörjas.",MB | MMDL | COURT_APPEAL,S0_current_2026,"{""causes"":[{""text"":""Ett beslut har överklagats men kan enligt lag eller ett särskilt förordnande verkställas före laga kraft."",""basis"":""source"",""source_refs"":[""MB""]},{""text"":""Överinstansen har möjlighet att besluta om inhibition enligt den tillämpliga processordningen."",""basis"":""source"",""source_refs"":[""MMDL""]},{""text"":""Projektets jurister och byggledning tolkar verkställighetsrättens omfattning olika."",""basis"":""analysis"",""source_refs"":[]},{""text"":""Riskbedömningen beaktar inte att avgörandet kan ändras eller upphävas efter att arbete har utförts."",""basis"":""analysis"",""source_refs"":[]}],""event"":{""rubrik"":""Verkställbarhetsbedömningen av icke lagakraftvunna beslut blir fel""},""effects"":[{""text"":""Ett inhibitionsbeslut stoppar verkställigheten i den omfattning som överinstansen anger."",""basis"":""source"",""source_refs"":[""MMDL""]},{""text"":""En alltför försiktig bedömning kan senarelägga ett arbete som rättsligt får påbörjas."",""basis"":""analysis"",""source_refs"":[]},{""text"":""En alltför offensiv bedömning kan leda till investeringar som förloras om tillståndet upphävs."",""basis"":""analysis"",""source_refs"":[]},{""text"":""Felaktig verkställighet kan utlösa tillsyn, stopp eller krav på rättelse."",""basis"":""analysis"",""source_refs"":[]}]}"
R-B70-G020-03,B70-G020,B70 – Laga kraft och byggberedskap,Är alla nödvändiga avgöranden slutliga eller verkställbara?,Återförvisning från överinstans river upp hela beslutspaketet,Överklagande & rättsprocess,Myndighet & prövning,"En återförvisning kan kräva kompletterande utredning, ny kommunicering eller kungörelse och ett nytt avgörande i underinstansen, beroende på återförvisningsskälet. Om parallella beslut eller projektets genomförande byggde på det upphävda avgörandet behöver deras fortsatta giltighet och praktiska betydelse bedömas särskilt.","En återförvisning kan kräva ny kommunicering, komplettering och ett nytt avgörande i underinstansen. Tidsplanen bör därför ha en särskild återförvisningsgren.","B70-030 (överprövningsloop), B70-G020 (upprepad finalitetskontroll) och via handoff B60-START även överklagandespåret.",Gör en återförvisningsriskbedömning av ansökningsunderlagets svagaste punkter innan finalitetsplanering. Håll utredningsteamet delvis mobiliserat tills laga kraft inträtt. Säkerställ att kompletteringar kan produceras snabbt och att kontaktytor mot prövningsinstanserna är etablerade.,MB | MMDL | COURT_APPEAL,S0_current_2026,"{""causes"":[{""text"":""Överinstansen konstaterar att ett centralt avgörande har ett handläggningsfel eller otillräckligt beslutsunderlag."",""basis"":""source"",""source_refs"":[""MB"",""MMDL""]},{""text"":""Felet kan inte läkas genom att överinstansen själv kompletterar eller ändrar avgörandet."",""basis"":""analysis"",""source_refs"":[]},{""text"":""Överinstansen undanröjer avgörandet och återförvisar ärendet till underinstansen."",""basis"":""source"",""source_refs"":[""MMDL""]},{""text"":""Det återförvisade beslutet är en förutsättning för flera andra delar av tillståndspaketet."",""basis"":""analysis"",""source_refs"":[]}],""event"":{""rubrik"":""Återförvisning från överinstans river upp hela beslutspaketet""},""effects"":[{""text"":""Underinstansen behöver handlägga och avgöra den återförvisade frågan på nytt."",""basis"":""source"",""source_refs"":[""MMDL""]},{""text"":""Byggberedskapen för den centrala delen går förlorad tills ett nytt avgörande finns."",""basis"":""analysis"",""source_refs"":[]},{""text"":""Parallella beslut och villkorsmatriser kan behöva omprövas mot det kommande utfallet."",""basis"":""analysis"",""source_refs"":[]},{""text"":""Ett nytt avgörande kan överklagas och förlänga processen ytterligare."",""basis"":""analysis"",""source_refs"":[]}]}"
R-B70-G050-01,B70-G050,B70 – Laga kraft och byggberedskap,Är säkerheter och förhandsbesked godkända?,Säkerhet som krävs för giltighet eller start är inte ställd eller godkänd,Rättslig osäkerhet,Sökande & ansökan,"Enligt 16 kap. 3 § MB får ett tillstånd, godkännande eller en dispens för sin giltighet göras beroende av att säkerhet ställs för avhjälpande och andra återställningsåtgärder. Säkerheten ska godtas om den är betryggande för sitt ändamål och kan byggas upp stegvis enligt en plan som hela tiden täcker behovet. Följden av att säkerhet saknas beror på den tillämpliga specialregeln och den exakta beslutstexten. Ett tillstånd saknar därför inte generellt giltighet eller startmöjlighet enbart för att någon säkerhet ännu inte godkänts.","Om tillståndet enligt domslutet är beroende av att säkerhet ställs måste rätt belopp, form, mottagare och godkännande verifieras innan tillståndet tas i anspråk.","B70-G050 (gate kan inte passeras), B70-060 (kompletteringsloop) och slutligen B70-130/B70-G140.","Identifiera den konkreta säkerhetsregeln och läs domslutet ordagrant. Dokumentera belopp, säkerhetsform, mottagande myndighet, godkännande och om giltighet eller start uttryckligen gjorts beroende av säkerheten.",MB,S0_current_2026,"{""causes"":[{""text"":""Tillståndet föreskriver att ekonomisk säkerhet ska ställas eller godkännas innan det får tas i anspråk."",""basis"":""source"",""source_refs"":[""MB""]},{""text"":""Bankgarantin eller motsvarande handling har inte utfärdats i tid."",""basis"":""analysis"",""source_refs"":[]},{""text"":""Säkerheten har fel belopp, löptid, valuta eller villkor i förhållande till beslutet."",""basis"":""analysis"",""source_refs"":[]},{""text"":""Garantiställarens ansvar eller kreditvärdighet motsvarar inte myndighetens godtagna krav."",""basis"":""analysis"",""source_refs"":[]}],""event"":{""rubrik"":""Säkerhet som krävs för giltighet eller start är inte ställd eller godkänd""},""effects"":[{""text"":""Tillståndet får inte tas i anspråk innan det föreskrivna säkerhetskravet är uppfyllt."",""basis"":""source"",""source_refs"":[""MB""]},{""text"":""Byggstarten stoppas medan handlingen rättas eller en ny garanti ordnas."",""basis"":""analysis"",""source_refs"":[]},{""text"":""Finansieringen belastas av nya säkerhetskostnader eller krav på bundet kapital."",""basis"":""analysis"",""source_refs"":[]},{""text"":""Om ett uttryckligt giltighetsvillkor inte uppfylls kan tillståndets fortsatta användbarhet äventyras."",""basis"":""analysis"",""source_refs"":[]}]}"
R-B70-G050-02,B70-G050,B70 – Laga kraft och byggberedskap,Är säkerheter och förhandsbesked godkända?,Godkännande av förstartshandlingar tar längre tid än planerat,Myndighetskapacitet & handläggning,Myndighet & prövning,"När ett villkor kräver ett myndighetsgodkännande är gaten inte uppfylld förrän beslutet har meddelats. Projektplanen behöver därför identifiera behörig myndighet, vilket underlag som krävs och den aktuella handläggningsprognosen för varje villkor.","Ett förstartsvillkor är inte uppfyllt förrän det godkännande som domslutet faktiskt kräver har meddelats. Förvaltningslagens skyndsamhetskrav i 9 § ger ingen generell frist för sådana godkännanden. Projektplanen behöver därför identifiera behörig myndighet, komplett beslutsunderlag och den aktuella handläggningsprognosen för varje villkor.","B70-G050, B70-060 (loop) och B70-G140 (praktisk byggstart blockeras trots legala förutsättningar).",Lämna in förstartshandlingar med den framförhållning som den aktuella myndighetsprognosen motiverar. Stäm av underlagets innehåll före inlämning och följ upp ärendet mot den plan som myndigheten lämnar.,MB | FL,S0_current_2026,"{""causes"":[{""text"":""Ett bindande villkor kräver myndighetens godkännande av ett underlag före start."",""basis"":""source"",""source_refs"":[""MB""]},{""text"":""Underlaget lämnas in senare än vad den interna byggplanen förutsätter."",""basis"":""analysis"",""source_refs"":[]},{""text"":""Myndigheten behöver komplettering, remiss eller intern specialistgranskning innan den kan besluta."",""basis"":""analysis"",""source_refs"":[]},{""text"":""Projektets prognos behandlar godkännandet som en administrativ kvittens trots att en materiell bedömning krävs."",""basis"":""analysis"",""source_refs"":[]}],""event"":{""rubrik"":""Godkännande av förstartshandlingar tar längre tid än planerat""},""effects"":[{""text"":""Det villkorsbundna arbetet måste avvakta tills det erforderliga godkännandet har meddelats."",""basis"":""source"",""source_refs"":[""MB""]},{""text"":""Entreprenadstart och resursmobilisering behöver flyttas fram eller omordnas."",""basis"":""analysis"",""source_refs"":[]},{""text"":""Kostnader uppstår för väntande organisation och omplanering."",""basis"":""analysis"",""source_refs"":[]},{""text"":""Andra förstartsdokument kan behöva uppdateras om godkännandet innehåller ändringar eller förbehåll."",""basis"":""analysis"",""source_refs"":[]}]}"
R-B70-G050-03,B70-G050,B70 – Laga kraft och byggberedskap,Är säkerheter och förhandsbesked godkända?,Tillståndshavarens ekonomiska svikt underminerar säkerhets- och garantistrukturen,Extern händelse,Sökande & ansökan,"Säkerhets- och garantikraven förutsätter en solvent motpart. Om tillståndshavaren hamnar i rekonstruktion eller om moderbolagsgarantier dras tillbaka kan myndigheten ifrågasätta säkerhetsarrangemangets hållbarhet och kräva byte av garantiform eller höjt belopp. Samtidigt försvåras förhandlingen av nya bankgarantier när bolagets kreditvärdighet fallit. För storskaliga anläggningar – gruvor, vindparker, vattenverk – är återställningsåtagandena mycket stora, och en finansiell kris i projektbolaget skapar därför en reell osäkerhet kring om förstartsvillkoren alls kan uppfyllas.",Enligt 16 kap. 3 § miljöbalken får ett tillstånd göras beroende av att säkerhet ställs för kostnaderna för efterbehandling och andra återställningsåtgärder. Om det slutliga tillståndet kräver godtagbar säkerhet före start måste tillståndshavaren kunna ställa den säkerheten i rätt form och belopp. En försämrad kredit- eller garantiställning kan därför hindra att ett förstartsvillkor uppfylls även om själva tillståndet består.,"B70-G050, B70-060 och B70-G140; vid konkurs riskerar även själva tillstånds- och säkerhetsstrukturen att behöva omförhandlas.",Strukturera säkerheter oberoende av projektbolagets kreditstatus (bank- eller försäkringsgarantier i stället för moderbolagsborgen). Följ bolagets finansiella utveckling som en riskindikator i B70-arbetet. Upprätta kontaktyta med tillsynsmyndigheten tidigt om finansieringsläget förändras.,MB,S0_current_2026,"{""causes"":[{""text"":""Projektbolagets ekonomiska ställning försämras innan säkerheten har slutligt godkänts."",""basis"":""analysis"",""source_refs"":[]},{""text"":""Garantiställaren förlorar kreditvärdighet eller säger upp sitt åtagande."",""basis"":""analysis"",""source_refs"":[]},{""text"":""En rekonstruktion eller ägarförändring bryter den garantistruktur som beslutet och myndigheten utgått från."",""basis"":""analysis"",""source_refs"":[]},{""text"":""Myndigheten bedömer att den ställda säkerheten inte längre motsvarar det bindande säkerhetskravet."",""basis"":""source"",""source_refs"":[""MB""]}],""event"":{""rubrik"":""Tillståndshavarens ekonomiska svikt underminerar säkerhets- och garantistrukturen""},""effects"":[{""text"":""Tillståndshavaren behöver fortfarande uppfylla säkerhetsvillkoret för att få använda tillståndet på föreskrivet sätt."",""basis"":""source"",""source_refs"":[""MB""]},{""text"":""En ny garanti eller förstärkt säkerhet måste förhandlas fram under sämre ekonomiska villkor."",""basis"":""analysis"",""source_refs"":[]},{""text"":""Godkännandet och byggstarten fördröjs."",""basis"":""analysis"",""source_refs"":[]},{""text"":""Projektet kan inte tas vidare om ingen godtagbar säkerhet kan ordnas."",""basis"":""analysis"",""source_refs"":[]}]}"
R-B70-G070-01,B70-G070,B70 – Laga kraft och byggberedskap,Är markåtkomst och genomföranderätt säkrad?,Markägare vägrar avtal – ledningsrättsspåret försenar genomföranderätten,Intressekonflikt & markåtkomst,Extern & omvärld,"Om frivilligt avtal inte nås kan projektet, om lagens förutsättningar är uppfyllda, söka ledningsrätt, omprojektera eller avstå från den berörda sträckan.",Energimarknadsinspektionen anger att elnätsutbyggnad som regel kräver nätkoncession och i de flesta fall även ledningsrätt. Ei och Lantmäteriet har beskrivit parallella arbetssätt för att korta den samlade ledtiden. Om frivilliga avtal saknas måste projektet ändå följa den konkreta ledningsrättsförrättningen och dess överklagandeväg innan den markåtkomst som behövs för byggandet är säkrad.,"B70-G070, B70-080 (tvungna rättighetsprocesser aktiveras) och via handoff B50-START även sektorsspårens genomförandedelar.","Påbörja avtalsförhandlingar parallellt med tillståndsprocessen, inte efter laga kraft. Ansök om förrättning tidigt där motstånd är känt, och körbana-separera projektet så att osäkrade fastigheter inte ligger på kritiska linjen. Budgetera för överklagade förrättningsbeslut i tidplanen.",LEDNINGSRATT | EI_GRID | EXT: Energimarknadsinspektionen – Ei och elnätsutbyggnad https://ei.se/bransch/koncessioner/det-har-gor-ei-inom-koncessioner/ei-och-elnatsutbyggnad | EXT: Ei R2023:09 – Kortare ledtider för elnätsutbyggnad https://ei.se/download/18.43e19b9d18779705cf7b0b2/1682595042339/Kortare-ledtider-för-elnätsutbyggnad-Ei-R2023-09.pdf,S0_current_2026,"{""causes"":[{""text"":""En eller flera fastighetsägare avböjer frivilligt avtal om den mark som behövs."",""basis"":""analysis"",""source_refs"":[]},{""text"":""Parterna kan inte enas om ersättning, sträckning, tillträde eller återställningsansvar."",""basis"":""analysis"",""source_refs"":[]},{""text"":""Den frivilliga förhandlingen avslutas sent i projektet när byggplanen redan förutsätter tillträde."",""basis"":""analysis"",""source_refs"":[]},{""text"":""Projektet behöver söka ledningsrätt enligt ledningsrättslagen för den markåtkomst som inte kan lösas genom avtal."",""basis"":""source"",""source_refs"":[""LEDNINGSRATT""]}],""event"":{""rubrik"":""Markägare vägrar avtal – ledningsrättsspåret försenar genomföranderätten""},""effects"":[{""text"":""Markåtkomsten blir beroende av att ledningsrättsförrättningen slutförs."",""basis"":""source"",""source_refs"":[""LEDNINGSRATT""]},{""text"":""Byggstarten för de berörda områdena senareläggs."",""basis"":""analysis"",""source_refs"":[]},{""text"":""Projektet kan behöva etappera eller omprojektera anläggningen."",""basis"":""analysis"",""source_refs"":[]},{""text"":""Ersättnings-, ombuds- och projekteringskostnader ökar."",""basis"":""analysis"",""source_refs"":[]}]}"
R-B70-G070-02,B70-G070,B70 – Laga kraft och byggberedskap,Är markåtkomst och genomföranderätt säkrad?,Samebyrättigheter och renskötselns rådighet är inte hanterade i genomförandeplanen,Intressekonflikt & markåtkomst,Sökande & ansökan,"Markåtkomst i renskötselområden är inte bara en fråga om fastighetsrättsliga rättigheter utan också om samerna urfolksrättigheter, rennäringslagens skydd och praktiska samverkansformer under bygg- och drifttid. Även där tillstånd beviljats kan brist på fungerande överenskommelser om betesperioder, ledningar, vägar och störningsfria zoner leda till tvister, blockader eller nya rättsprocesser. Nodens kontroll av ""rådighet"" måste därför omfatta mer än lagfarter och servitut; den måste täcka de faktiska brukarförhållanden som tillståndet prövat.","Regeringen beviljade bearbetningskoncession för Kallak/Gállok 2022. Högsta förvaltningsdomstolen prövade regeringens beslut genom rättsprövning i HFD 2024 not. 36, mål 3893-22, och förklarade den 25 juni 2024 att beslutet skulle stå fast. Processformen ska benämnas rättsprövning, inte laglighetsprövning.","B70-G070, B70-080 och B70-G110 (förenlighet mellan tillståndsvillkor om renskötselhänsyn och fysiskt genomförande).","Upprätta formella samverkansavtal med berörda samebyar före byggstart, med tidsplaner anpassade till betes- och flyttperioder. Verifiera att tillståndets samtliga renskötselvillkor är omsatta i entreprenadavtal och arbetsplaner. Utse dedikerad samverkansansvarig med mandat att lösa konflikter operativt.","MINERALLAG | EXT: HFD 2024 not. 36, mål 3893-22 https://www.domstol.se/hogsta-forvaltningsdomstolen/avgoranden2/2024/146612/",S0_current_2026,"{""causes"":[{""text"":""Projektområdet berör renskötselintressen som ska beaktas i den tillämpliga prövningen."",""basis"":""source"",""source_refs"":[""MINERALLAG""]},{""text"":""Tillståndet reglerar den materiella påverkan men inte all praktisk samordning av byggtider, leder och arbetsområden."",""basis"":""analysis"",""source_refs"":[]},{""text"":""Projektet och samebyn har olika uppfattning om hur villkor eller åtaganden ska genomföras i fält."",""basis"":""analysis"",""source_refs"":[]},{""text"":""Byggplanen har ändrats efter prövningen utan en uppdaterad samexistensdialog."",""basis"":""analysis"",""source_refs"":[]}],""event"":{""rubrik"":""Samebyrättigheter och renskötselns rådighet är inte hanterade i genomförandeplanen""},""effects"":[{""text"":""Tillståndshavaren måste följa de bindande villkor och begränsningar som gäller för påverkan på renskötseln."",""basis"":""source"",""source_refs"":[""MINERALLAG""]},{""text"":""Oenighet om praktiskt genomförande kan fördröja tillträde eller vissa arbetsmoment."",""basis"":""analysis"",""source_refs"":[]},{""text"":""Konflikten kan öka kostnaden för etappindelning, skyddsåtgärder och omplanering."",""basis"":""analysis"",""source_refs"":[]},{""text"":""Förtroendeskada och ny rättslig eller tillsynsmässig tvist kan uppstå om genomförandet avviker från beslutet."",""basis"":""analysis"",""source_refs"":[]}]}"
R-B70-G070-03,B70-G070,B70 – Laga kraft och byggberedskap,Är markåtkomst och genomföranderätt säkrad?,Rättighetsbilden visar sig vara felaktig eller ofullständig i lagfarts- och servitutsgranskningen,Underlagsbrist & data,Sökande & ansökan,"Noden förutsätter att den konsoliderade rättighetsbilden är komplett, men äldre servitut kan vara ohäftade, gemensamhetsanläggningar kan ha egna beslutsorgan, och ägarbyten under den fleråriga tillståndsprocessen kan ha ändrat förutsättningarna. Upptäcks sådana brister först här måste nya avtal eller förrättningar till, ibland med nya parter som inte deltagit i processen och som därför saknar incitament att medverka snabbt. Risken är störst i projekt med många berörda fastigheter, som ledningsprojekt, vägar och storskalig vindkraft.","Rättighetsgranskningen behöver jämföra fastighetsregister, förrättningsakter, avtal och aktuell ägarbild. Om nödvändig äganderätt, servitut, ledningsrätt eller rådighet saknas kan ett nytt avtal eller en förrättning krävas. Vilken åtgärd och tidsföljd som behövs beror på den identifierade bristen.","B70-G070, B70-080 (nya rättighetsprocesser) och indirekt B70-130 (ofullständig byggberedskap).","Beställ en oberoende fastighetsrättslig slutgranskning (lagfarts-, servituts- och gemensamhetsanalys) som en egen leverans i B70, inte som en del av tillståndsarbetet. Håll rättighetsdatabasen levande under hela processen med återkommande utdrag ur fastighetsregistret.",LVV | LEDNINGSRATT | FBL | JB,S0_current_2026,"{""causes"":[{""text"":""Fastighetsregistret eller akterna visar ett servitut, en gemensamhetsanläggning eller annan rättighet som belastar genomförandeområdet."",""basis"":""source"",""source_refs"":[""FBL"",""JB""]},{""text"":""Ägar- eller inskrivningsuppgifter har ändrats efter den tidigare markgranskningen."",""basis"":""analysis"",""source_refs"":[]},{""text"":""En äldre rättighet är otydligt beskriven eller saknar digital geometri och upptäcks först vid aktgranskning."",""basis"":""analysis"",""source_refs"":[]},{""text"":""Projektets rättighetsmatris kopplar inte alla anläggningsdelar till berörda fastigheter."",""basis"":""analysis"",""source_refs"":[]}],""event"":{""rubrik"":""Rättighetsbilden visar sig vara felaktig eller ofullständig i lagfarts- och servitutsgranskningen""},""effects"":[{""text"":""Befintliga sakrätter och fastighetsrättsliga beslut behöver respekteras eller ändras enligt tillämplig ordning."",""basis"":""source"",""source_refs"":[""FBL"",""JB""]},{""text"":""Projektet behöver förhandla, söka förrättning eller utreda rättighetens omfattning."",""basis"":""analysis"",""source_refs"":[]},{""text"":""Markåtkomst och byggstart för berörda delar senareläggs."",""basis"":""analysis"",""source_refs"":[]},{""text"":""En anläggningsdel kan behöva flyttas om rättighetskollisionen inte går att lösa."",""basis"":""analysis"",""source_refs"":[]}]}"
R-B70-G090-01,B70-G090,B70 – Laga kraft och byggberedskap,Är PBL- och sektorsspecifika startgates klara?,Startbesked kan inte meddelas trots beviljat bygglov,Överklagande & rättsprocess,Extern & omvärld,"Startbesked är en självständig startspärr enligt 10 kap. 3 § PBL och får ges när förutsättningarna i 10 kap. 23 § är uppfyllda. Ett lov gäller enligt 9 kap. 114 § som huvudregel omedelbart, och startbeskedet gäller omedelbart enligt 10 kap. 24 a §. Laga kraft är därför inte ett generellt villkor för startbesked. Åtgärden får däremot inte påbörjas om lovet villkorats av ett ännu inte lagakraftvunnet planbeslut enligt 9 kap. 81 §, om byggnadsnämnden bestämt att lovet gäller först vid laga kraft enligt 9 kap. 114 § andra stycket eller om beslutet inhiberats.","PBL skiljer mellan lovets giltighet, startbesked och särskilda villkor.","B70-G090, B70-100 (återöppnat B50-spår) och B70-130.","Kontrollera separat att lovet gäller, att inget villkor enligt 9 kap. 81–82 eller 114 §§ blockerar start, att beslutet inte är inhiberat och att ett startbesked som omfattar den aktuella delen har meddelats.",PBL | PBL_START | FL,S0_current_2026,"{""causes"":[{""text"":""Ett beviljat bygglov ger inte i sig rätt att påbörja en lovpliktig åtgärd som också kräver startbesked."",""basis"":""source"",""source_refs"":[""PBL"",""PBL_START""]},{""text"":""Tekniska handlingar, kontrollplan eller andra förutsättningar för startbesked är inte godtagna."",""basis"":""source"",""source_refs"":[""PBL_START""]},{""text"":""Lovets verkställbarhet eller ett relaterat beslut har inhiberats efter ett överklagande."",""basis"":""analysis"",""source_refs"":[]},{""text"":""Ansvarsgränsen mellan lovhandläggning och tekniskt samråd är oklar i projektets interna gatekontroll."",""basis"":""analysis"",""source_refs"":[]}],""event"":{""rubrik"":""Startbesked kan inte meddelas trots beviljat bygglov""},""effects"":[{""text"":""En lovpliktig åtgärd som kräver startbesked får inte påbörjas innan startbesked har getts."",""basis"":""source"",""source_refs"":[""PBL_START""]},{""text"":""Byggstarten blockeras trots att miljö- och andra huvudtillstånd är klara."",""basis"":""analysis"",""source_refs"":[]},{""text"":""Tekniska underlag och kontrollorganisation behöver kompletteras."",""basis"":""analysis"",""source_refs"":[]},{""text"":""Entreprenad och leveranser behöver omplaneras medan PBL-gaten hålls öppen."",""basis"":""analysis"",""source_refs"":[]}]}"
R-B70-G090-02,B70-G090,B70 – Laga kraft och byggberedskap,Är PBL- och sektorsspecifika startgates klara?,Detaljplanens laga kraft saknas eller planen överprövas av länsstyrelsen,Överklagande & rättsprocess,Extern & omvärld,En antagen detaljplan får laga kraft först när överklagandetiden gått ut utan ett rättidigt överklagande och länsstyrelsens kontroll enligt 11 kap. 10 § PBL inte längre håller planen öppen. Länsstyrelsen ska inom tre veckor från kommunens fullständiga underrättelse besluta om den ska överpröva planen. Om en ingripandegrund föreligger ska planen enligt 11 kap. 11 § normalt upphävas i sin helhet; delvis upphävande kräver kommunens medgivande. Detta kontrollspår är skilt från en enskilds direkta planöverklagande till MMD.,Reglerna finns i 11 kap. 10–11 §§ och 13 kap. 2 a § PBL. Begreppet antagen detaljplan är mer precist än planfastställelse i den kommunala PBL-processen.,"B70-G090, B70-100 (B50-spåret återöppnas) och B70-G110 (oförenlighet om planen ändras i överprövningen).",Bevaka både den vanliga överklagandetiden och länsstyrelsens treveckorsfrist. Dokumentera länsstyrelsens beslut att inte överpröva eller det slutliga utfallet av överprövningen innan planen används som lagakraftvunnen startgate.,PBL | PBL_PLAN,S0_current_2026,"{""causes"":[{""text"":""Den antagna detaljplanen har överklagats innan den fått laga kraft."",""basis"":""source"",""source_refs"":[""PBL"",""PBL_PLAN""]},{""text"":""Länsstyrelsen beslutar att överpröva kommunens antagandebeslut enligt plan- och bygglagen."",""basis"":""source"",""source_refs"":[""PBL""]},{""text"":""Projektets lov- och byggplan förutsätter att planens markanvändning och bestämmelser blir slutliga."",""basis"":""analysis"",""source_refs"":[]},{""text"":""En del av planen har en brist som kan påverka även projektets anslutningar eller skyddsåtgärder."",""basis"":""analysis"",""source_refs"":[]}],""event"":{""rubrik"":""Detaljplanens laga kraft saknas eller planen överprövas av länsstyrelsen""},""effects"":[{""text"":""Planens rättsliga status förblir öppen till dess att överklagandet eller överprövningen är avgjord."",""basis"":""source"",""source_refs"":[""PBL"",""PBL_PLAN""]},{""text"":""Lov- och byggberedskap som beror på planen skjuts fram."",""basis"":""analysis"",""source_refs"":[]},{""text"":""Ett helt eller delvis upphävande kan kräva nytt planarbete eller omprojektering."",""basis"":""analysis"",""source_refs"":[]},{""text"":""Parallella tillstånd kan behöva anpassas om den slutliga planen får en annan avgränsning."",""basis"":""analysis"",""source_refs"":[]}]}"
R-B70-G090-03,B70-G090,B70 – Laga kraft och byggberedskap,Är PBL- och sektorsspecifika startgates klara?,Sektorsbeslutet har ännu inte fått laga kraft eller kan inte tas i anspråk,Rättslig osäkerhet,Extern & omvärld,"Noden ska verifiera de sektorsbeslut som krävs för byggarbetet, exempelvis nätkoncession enligt ellagen, bearbetningskoncession enligt minerallagen och särskilda regeringsbeslut. Kontrollera om beslutet får överklagas eller rättsprövas, om överklagandetiden har löpt ut, om beslutet har fått laga kraft och om villkor eller andra beslut fortfarande hindrar genomförandet. De citerade besluten om havsbaserad vindkraft visar att totalförsvarets intressen kan vara avgörande i regeringens prövning; de säger inte hur ett annat framtida projekt kommer att bedömas.","Regeringen avslog den 4 november 2024 tretton ansökningar om havsbaserad vindkraft i Östersjön med hänvisning till försvarsintressen. Den 20 december 2016 avslog regeringen ansökan om Blekinge Offshore i Hanöbukten på grund av konflikt med totalförsvarets intressen. Gatekontrollen måste därför skilja mellan en ingiven ansökan, ett meddelat beslut, ett överklagat beslut och ett beslut som är slutligt och verkställbart.","B70-G090, B70-100 (parallellspår måste slutföras) och B70-130; vid avslag kan hela projektet fallera.","Verifiera för varje sektorsbeslut tre status separat: fattat, slutligt (laga kraft/motsvarande), och villkorsuppfyllt. Bevaka policy- och säkerhetsläget för projekttypen och försök få skriftliga besked från sektorsmyndigheterna om kvarstående hinder. Bygg beslutsberoendekedjan explicit så att sammankopplade beslut (t.ex. koncession ↔ nätanslutning) inte rapporteras som klara var för sig.",MB | ELLAG | MINERALLAG | EI_GRID | EXT: Regeringen 2024-11-04 – avslag på 13 havsbaserade vindkraftparker https://www.regeringen.se/pressmeddelanden/2024/11/avslag-pa-13-havsbaserade-vindkraftparker-i-ostersjon/ | EXT: Regeringsbeslut 2016-12-20 – Blekinge Offshore https://www.regeringen.se/contentassets/5a5304ce813441b4b4bafe37d48300a4/beslut---ansokan-om-tillstand-enligt-miljobalken-till-uppforande-och-drift-av-gruppstation-for-vindkraft-i-hanobukten-i-slovesborgs-och-karlshamns-kommuner.pdf | RATTSPROVNING,S0_current_2026,"{""causes"":[{""text"":""En nödvändig nätkoncession, bearbetningskoncession eller annat sektorsbeslut har ännu inte fått den finalitet eller verkställbarhet som krävs."",""basis"":""source"",""source_refs"":[""ELLAG"",""MINERALLAG"",""EI_GRID""]},{""text"":""Ett överklagande av ett koncessionsbeslut håller beslutets finalitet öppen i den instansordning som gäller enligt ellagen eller minerallagen."",""basis"":""source"",""source_refs"":[""ELLAG"",""MINERALLAG""]},{""text"":""Projektets huvudtillstånd har blivit klart före det sektorsbeslut som krävs för faktisk drift eller anslutning."",""basis"":""analysis"",""source_refs"":[]},{""text"":""Sektorsbeslutets geografiska eller tekniska räckvidd är föremål för överprövning."",""basis"":""analysis"",""source_refs"":[]}],""event"":{""rubrik"":""Sektorsbeslutet har ännu inte fått laga kraft eller kan inte tas i anspråk""},""effects"":[{""text"":""Projektet får inte genomföra den sektorsreglerade delen utan det beslut som lagen kräver."",""basis"":""source"",""source_refs"":[""ELLAG"",""MINERALLAG""]},{""text"":""Den samlade byggberedskapen kan inte fastställas för beroende anläggningsdelar."",""basis"":""analysis"",""source_refs"":[]},{""text"":""Ett slutligt avslag eller upphävande kan undanröja projektets tekniska eller rättsliga genomförbarhet."",""basis"":""analysis"",""source_refs"":[]},{""text"":""Övriga tillstånd och investeringar kan förlora värde om den nödvändiga sektorsgaten faller."",""basis"":""analysis"",""source_refs"":[]}]}"
R-B70-G110-01,B70-G110,B70 – Laga kraft och byggberedskap,Är samtliga beslut och villkor inbördes förenliga?,"Geografisk eller kapacitetsmässig konflikt mellan tillstånd, plan och koncession",Sektorssamordning,Myndighet & prövning,"Om skillnaderna innebär en verklig rättslig oförenlighet måste projektet utreda om den kan hanteras genom tolkning och gemensam efterlevnad eller om ändring, ny prövning eller omprojektering krävs.",MÖD 2016:13 gällde en detaljplan där strandskyddet hade upphävts. Planen upphävdes eftersom särskilda skäl saknades och kommunen inte hade visat att planens syfte inte kunde tillgodoses utanför det strandskyddade området.,"B70-G110, B70-120 (tvungen konfliktlösning) och B70-130; vid behov av ny prövning återkoppling till B30/B40/B50.","Genomför den geografiska förenlighetskontrollen koordinatsatt (GIS) mot samtliga besluts kartbilagor, inte mot textbeskrivningar. Jämför kapacitetstal i en strukturerad tabell per beslut. Eskalera varje avvikelse, även små, till juridisk bedömning innan B70-130.",MB | PBL | ELLAG | EXT: MÖD 2016:13 https://www.domstol.se/mark--och-miljooverdomstolen/mark--och-miljooverdomstolens-avgoranden/2016/74629/,S0_current_2026,"{""causes"":[{""text"":""Miljötillståndet, detaljplanen och koncessionen har var sin bindande geografisk eller kapacitetsmässig räckvidd."",""basis"":""source"",""source_refs"":[""MB"",""PBL"",""ELLAG""]},{""text"":""Besluten bygger på kartor eller projektversioner som inte överensstämmer."",""basis"":""analysis"",""source_refs"":[]},{""text"":""En anläggningsdel ligger utanför ett beslutsområde även om den ryms inom de övriga."",""basis"":""analysis"",""source_refs"":[]},{""text"":""Kapacitet, antal enheter eller driftläge har uttryckts på olika sätt i parallella prövningar."",""basis"":""analysis"",""source_refs"":[]}],""event"":{""rubrik"":""Geografisk eller kapacitetsmässig konflikt mellan tillstånd, plan och koncession""},""effects"":[{""text"":""Genomförandet måste begränsas till den gemensamma rättsliga ram som de tillämpliga besluten medger."",""basis"":""source"",""source_refs"":[""MB"",""PBL"",""ELLAG""]},{""text"":""Projektets fulla planerade utformning kan inte byggstartas."",""basis"":""analysis"",""source_refs"":[]},{""text"":""Tolkning, ändringsprövning eller omprojektering krävs för den konfliktfyllda delen."",""basis"":""analysis"",""source_refs"":[]},{""text"":""Kapacitet eller geografisk omfattning kan behöva minskas för att undvika en ny process."",""basis"":""analysis"",""source_refs"":[]}]}"
R-B70-G110-02,B70-G110,B70 – Laga kraft och byggberedskap,Är samtliga beslut och villkor inbördes förenliga?,Igångsättningstid eller arbetstid löper ut innan de övriga gates är klara,Rättslig osäkerhet,Sökande & ansökan,"Varje tillstånd kan ha en arbetstid, igångsättningstid eller begränsad giltighetstid. Om föreskriven arbetstid eller igångsättningstid inte hålls förfaller tillståndet enligt 24 kap. 2 § MB, om inte tillståndsmyndigheten efter ansökan före fristens utgång beviljar förlängning med högst tio år på lagens grunder. Detta är skilt från den engångsvisa giltighetsförlängningen om högst tre år för ett fortfarande gällande tidsbegränsat tillstånd enligt 24 kap. 14 a § MB.","I M 9024-15 avslog MÖD en begäran om förlängd igångsättningstid. Förändrade ekonomiska förhållanden, investerarkrav och behov av ytterligare lönsamhetsanalyser godtogs inte som giltiga skäl. Någon synnerlig olägenhet ansågs inte föreligga eftersom byggandet inte hade påbörjats.","B70-G110, B70-120 (förlängningsansökan eller omprojektering) och B70-130; vid förfall återgång till B30/B40.","För en samlad fristkalender, men klassificera varje frist som arbetstid, igångsättningstid eller tillståndets giltighetstid. Ansök i tid enligt rätt paragraf och med utredning som svarar mot just den bestämmelsens rekvisit.","MB | EXT: MÖD – M 9024-15, dom 17 maj 2016 https://www.domstol.se/mark--och-miljooverdomstolen/mark--och-miljooverdomstolens-avgoranden/2016/72817/",S0_current_2026,"{""causes"":[{""text"":""Ett beslut innehåller en igångsättnings-, arbets- eller ianspråktagandetid som måste hållas."",""basis"":""source"",""source_refs"":[""MB""]},{""text"":""En annan nödvändig gate blir klar senare än vad fristen i beslutet medger."",""basis"":""analysis"",""source_refs"":[]},{""text"":""Fristbevakningen utgår från projektets planerade byggstart men tar inte hänsyn till överklaganden och kompletteringar."",""basis"":""analysis"",""source_refs"":[]},{""text"":""Flera beslut har olika tidsfrister och den kortaste fristen är inte identifierad som kritisk."",""basis"":""analysis"",""source_refs"":[]}],""event"":{""rubrik"":""Igångsättningstid eller arbetstid löper ut innan de övriga gates är klara""},""effects"":[{""text"":""Ett tillstånd eller en rätt kan förfalla om tillämplig tidsfrist löper ut utan att kraven för start eller förlängning är uppfyllda."",""basis"":""source"",""source_refs"":[""MB""]},{""text"":""Projektet behöver ansöka om förlängning när det är rättsligt möjligt."",""basis"":""analysis"",""source_refs"":[]},{""text"":""Ett förlängningsbeslut kan tillföra handläggning och överklaganderisk."",""basis"":""analysis"",""source_refs"":[]},{""text"":""Om fristen inte kan räddas kan en ny prövning behövas för den berörda delen."",""basis"":""analysis"",""source_refs"":[]}]}"
R-B70-G110-03,B70-G110,B70 – Laga kraft och byggberedskap,Är samtliga beslut och villkor inbördes förenliga?,Skyddsåtgärd i ett beslut blockerar fysiskt genomförande i ett annat,Sektorssamordning,Myndighet & prövning,"En genuin oförenlighet kan kräva omprojektering inom befintliga beslut eller, om det inte räcker, myndighetskontakt och ändringsprövning.",Natura 2000- och artskyddsreglerna kan ställa kumulativa krav på projektets utformning och skyddsåtgärder. Naturvårdsverkets vägledningar betonar att åtgärderna måste vara genomförbara och förenliga med den verksamhet som prövas. Om två skyddskrav förutsätter oförenliga utformningar kan projektet behöva omprojekteras.,"B70-G110, B70-120 och B70-130; potentiellt även Natura 2000- och artskyddsspåren i B40/B50.",Verkställbarhetsgranska alla skydds- och kompensationsvillkor mot genomförandegeometrin redan när besluten fattas. Kräv att villkorsförslagen i ansökningsfasen åtföljs av en genomförandeplan. Involvera både ekologisk och konstruktionssakkunskap i förenlighetskontrollen.,MB | NATURA | ARTSKYDD | ART,S0_current_2026,"{""causes"":[{""text"":""Ett bindande miljövillkor kräver en skydds- eller kompensationsåtgärd på en bestämd plats eller med en bestämd funktion."",""basis"":""source"",""source_refs"":[""MB"",""NATURA"",""ARTSKYDD""]},{""text"":""Ett annat beslut reserverar samma yta för byggnad, väg, ledning eller teknisk anläggning."",""basis"":""analysis"",""source_refs"":[]},{""text"":""Besluten har tagits fram med olika kartunderlag och konflikten upptäcks först vid detaljprojektering."",""basis"":""analysis"",""source_refs"":[]},{""text"":""En senare villkorsprecisering förändrar den yta som skyddsåtgärden behöver."",""basis"":""analysis"",""source_refs"":[]}],""event"":{""rubrik"":""Skyddsåtgärd i ett beslut blockerar fysiskt genomförande i ett annat""},""effects"":[{""text"":""Projektet måste följa både skyddsreglerna och de bindande beslutsvillkoren för att genomförandet ska vara lagligt."",""basis"":""source"",""source_refs"":[""MB"",""NATURA"",""ARTSKYDD""]},{""text"":""Skyddsåtgärden eller anläggningsdelen behöver omprojekteras."",""basis"":""analysis"",""source_refs"":[]},{""text"":""En ny dispens, villkorsändring eller tillståndsprövning kan krävas."",""basis"":""analysis"",""source_refs"":[]},{""text"":""Byggstarten för berörda delar skjuts upp och kostnaden för båda lösningarna kan öka."",""basis"":""analysis"",""source_refs"":[]}]}"
R-B70-G140-01,B70-G140,B70 – Laga kraft och byggberedskap,Är även praktiska tillståndsförutsättningar uppfyllda?,Villkorskrav på teknisk utrustning eller övervakning kan inte levereras i tid,Teknisk komplexitet,Extern & omvärld,"Legal byggberedskap innebär inte att villkoren praktiskt kan efterlevas vid planerad start. Villkorad utrustning kan ha långa leveranstider, kräva egen myndighetsgodkänd placering eller vara beroende av andra entreprenader. Om den praktiska kontrollen avslöjar att ett villkor inte kan uppfyllas vid start skjuts byggstarten upp trots att alla beslut är i laga kraft – en situation som ofta överraskar projektledningen eftersom legala och praktiska förutsättningar hanterats av olika team.","Före byggstart ska projektet verifiera att alla tekniska förhandsvillkor, kontrollprogram, mätlösningar och skyddsanordningar som följer av det slutliga tillståndet är uppfyllda eller godkända på föreskrivet sätt.","B70-G140, B70-150 (restpunktsloop) och B70-END.","Beställ villkorad utrustning med lång ledtid direkt efter laga kraft, inte efter readiness-beslutet. Verifiera i den praktiska kontrollen att varje förstartsvillkor har en namngiven leveransväg och ett datum. Planera byggsekvensen så att villkorsberoende moment startar sist.",MB,S0_current_2026,"{""causes"":[{""text"":""Ett förstartsvillkor kräver att viss mät-, övervaknings- eller skyddsutrustning finns på plats före start."",""basis"":""source"",""source_refs"":[""MB""]},{""text"":""Leverantörens tillverkning eller certifiering kan inte avslutas enligt projektets tidplan."",""basis"":""analysis"",""source_refs"":[]},{""text"":""Detaljprojekteringen visar att standardutrustningen inte uppfyller villkorets prestanda eller placering."",""basis"":""analysis"",""source_refs"":[]},{""text"":""Installation eller funktionsprovning är beroende av en annan anläggningsdel som ännu inte är färdig."",""basis"":""analysis"",""source_refs"":[]}],""event"":{""rubrik"":""Villkorskrav på teknisk utrustning eller övervakning kan inte levereras i tid""},""effects"":[{""text"":""Det villkorsbundna arbets- eller driftmomentet får inte starta innan utrustningskravet är uppfyllt."",""basis"":""source"",""source_refs"":[""MB""]},{""text"":""Bygg- eller driftstarten skjuts upp trots att beslutspaketet i övrigt är klart."",""basis"":""analysis"",""source_refs"":[]},{""text"":""Projektet får kostnader för expressleverans, alternativ utrustning eller omplanerad entreprenadsekvens."",""basis"":""analysis"",""source_refs"":[]},{""text"":""En ersättningslösning kan kräva nytt godkännande om den avviker från villkoret eller kontrollprogrammet."",""basis"":""analysis"",""source_refs"":[]}]}"
R-B70-G140-02,B70-G140,B70 – Laga kraft och byggberedskap,Är även praktiska tillståndsförutsättningar uppfyllda?,Klimat- eller säsongsfönster för villkorad fältverifiering missas,Klimat & naturhändelse,Extern & omvärld,Vissa fältverifieringar och åtgärder kan enligt det konkreta villkoret behöva utföras under en bestämd årstid eller vid vissa flöden. Om förutsättningarna inte infaller som planerat behöver projektet bedöma nästa lämpliga tillfälle eller en rättsligt godtagbar alternativ metod.,Naturvårdsverkets vägledning om specifik miljöbedömning beskriver att ekologiska undersökningar kan vara säsongsberoende. I vattenverksamheter kan villkor om flöde eller tid för arbete styra när en åtgärd får genomföras. Projektet ska därför kontrollera de konkreta villkoren och inventeringsbehoven.,"B70-G140, B70-150 och B70-END; indirekt tidplanen för hela byggfasen.",Kartlägg alla säsongs- och väderberoende villkor i en egen fönsterkalender med marginaler. Genomför verifieringar i första möjliga fönster hellre än i det sista. Förhandla med tillsynsmyndigheten om alternativa verifieringsmetoder när fönstret missats.,MB | NV_EIA | COURT_WV,S0_current_2026,"{""causes"":[{""text"":""Ett bindande förstartsvillkor kräver fältverifiering under ett visst biologiskt eller hydrologiskt förhållande."",""basis"":""source"",""source_refs"":[""MB"",""NV_EIA"",""COURT_WV""]},{""text"":""Projektet planerar verifieringen efter att den relevanta säsongen eller flödessituationen normalt har passerat."",""basis"":""analysis"",""source_refs"":[]},{""text"":""Extremt väder gör observationen osäker eller platsen otillgänglig under det planerade fönstret."",""basis"":""analysis"",""source_refs"":[]},{""text"":""Metoden eller bemanningen är inte klar när den föreskrivna fältsituationen inträffar."",""basis"":""analysis"",""source_refs"":[]}],""event"":{""rubrik"":""Klimat- eller säsongsfönster för villkorad fältverifiering missas""},""effects"":[{""text"":""Projektet behöver visa att det föreskrivna förstartsvillkoret är uppfyllt innan den berörda starten."",""basis"":""source"",""source_refs"":[""MB""]},{""text"":""Byggstarten kan behöva vänta på nästa representativa fälttillfälle."",""basis"":""analysis"",""source_refs"":[]},{""text"":""Om villkoret inte medger en alternativ metod kan verifieringen behöva vänta till ett senare representativt fälttillfälle."",""basis"":""analysis"",""source_refs"":[]},{""text"":""Förseningen kan påverka entreprenadsekvens, andra säsongsvillkor och kostnader."",""basis"":""analysis"",""source_refs"":[]}]}"
R-B70-START-01,B70-START,B70 – Laga kraft och byggberedskap,Slutliga utfall från huvud- och parallellspår,"Spår rapporterar ""slutligt"" beslut som fortfarande är överklagbart",Underlagsbrist & data,Sökande & ansökan,"Noden förutsätter att alla prövningsspår levererar beslut, rättigheter, villkor och status på ett korrekt och jämförbart sätt. Om ett beslut rapporteras som slutligt innan rätt status har verifierats kan planeringen bygga på ett beslut som fortfarande kan överklagas eller redan har överklagats.",Finalitet och verkställbarhet ska kontrolleras per beslut enligt den processlag och specialregel som gäller. För detaljplaner ska både överklagandet och länsstyrelsens kontroll enligt 11 kap. 10–11 §§ PBL beaktas.,Noden själv samt B70-010 (felaktiga indata till beslutsmatrisen) och B70-G020 (finalitetskontroll på felaktig grund).,"Inför en gemensam statusdefinition (beslut fattat / överklagbar / överklagat / laga kraft / verkställbart) som varje spår måste använda. Kräv dokumenterad finalitetsverifiering per beslut, inte per spår, med datum för delgivning och kungörelse. Låt juridisk sakkunnig signera statusrapporten innan B70-010 påbörjas.",MB | MMDL | PBL | FL | EXT: Boverket – När en detaljplan får laga kraft https://www.boverket.se/sv/PBL-kunskapsbanken/detaljplan/detaljplaneprocessen/laga-kraft/,S0_current_2026,"{""causes"":[{""text"":""Överklagandetiden för ett överklagbart beslut löper fortfarande när beslutet rapporteras som slutligt."",""basis"":""source"",""source_refs"":[""MB"",""MMDL"",""PBL"",""FL""]},{""text"":""Ett överklagande har registrerats i ursprungsspåret men inte överförts till B70-statusen."",""basis"":""analysis"",""source_refs"":[]},{""text"":""Ett beslut är verkställbart men har felaktigt likställts med laga kraft."",""basis"":""analysis"",""source_refs"":[]},{""text"":""Ett partiellt avgörande rapporteras som slutligt utan att den öppna delen anges."",""basis"":""analysis"",""source_refs"":[]}],""event"":{""rubrik"":""Spår rapporterar \""slutligt\"" beslut som fortfarande är överklagbart""},""effects"":[{""text"":""Den rapporterade statusen kan inte läggas till grund för en säker finalitetsbedömning förrän den faktiska överklagande- och verkställighetsstatusen har klarlagts."",""basis"":""source"",""source_refs"":[""MB"",""MMDL"",""PBL"",""FL""]},{""text"":""B70-G020 behöver öppnas på nytt och byggberedskapen förskjuts."",""basis"":""analysis"",""source_refs"":[]},{""text"":""Projektet kan fatta felaktiga investerings- eller byggbeslut om statusfelet inte upptäcks."",""basis"":""analysis"",""source_refs"":[]},{""text"":""Arbeten som påbörjas på fel rättslig grund kan behöva stoppas eller rättas efter överprövningen."",""basis"":""analysis"",""source_refs"":[]}]}"