item_id;risk_id;node_id;chart_key;delprocess;rubrik;posttyp;ordning;text;evidens;kallor;kallor_json
R-B10-010-01:trigger:01;R-B10-010-01;B10-010;B10;B10 – Förstudie och prövningsväg;Prövningsobjektet låses för snävt och tvingar fram nya prövningar;utlösande faktor;1;Teknisk utveckling möjliggör högre effektivitet eller större dimensioner för anläggningens komponenter än vad som var vedertaget vid ansökan.;analysis;;[]
R-B10-010-01:trigger:02;R-B10-010-01;B10-010;B10;B10 – Förstudie och prövningsväg;Prövningsobjektet låses för snävt och tvingar fram nya prövningar;utlösande faktor;2;Marknadsförhållanden ändras så att projektets ekonomiska underlag kräver ökad produktion eller annan driftprofil för att vara lönsamt.;analysis;;[]
R-B10-010-01:trigger:03;R-B10-010-01;B10-010;B10;B10 – Förstudie och prövningsväg;Prövningsobjektet låses för snävt och tvingar fram nya prövningar;utlösande faktor;3;Tillståndets prövningsram knyts till den verksamhet och omfattning som ansökan och beslutet avser.;source;MB;"[""MB""]"
R-B10-010-01:trigger:04;R-B10-010-01;B10-010;B10;B10 – Förstudie och prövningsväg;Prövningsobjektet låses för snävt och tvingar fram nya prövningar;utlösande faktor;4;Prövningsmyndigheten kan begära att verksamhetens ändamål, omfattning och tekniska ramar preciseras i ansökan.;source;MB;"[""MB""]"
R-B10-010-01:consequence:01;R-B10-010-01;B10-010;B10;B10 – Förstudie och prövningsväg;Prövningsobjektet låses för snävt och tvingar fram nya prövningar;konsekvens;1;En senare ändring som faller utanför det prövade tillståndet kan kräva en ändringsprövning eller en ny tillståndsansökan.;source;MB;"[""MB""]"
R-B10-010-01:consequence:02;R-B10-010-01;B10-010;B10;B10 – Förstudie och prövningsväg;Prövningsobjektet låses för snävt och tvingar fram nya prövningar;konsekvens;2;Den befintliga miljökonsekvensbeskrivningen kan behöva uppdateras om den inte täcker den ändrade verksamheten.;analysis;;[]
R-B10-010-01:consequence:03;R-B10-010-01;B10-010;B10;B10 – Förstudie och prövningsväg;Prövningsobjektet låses för snävt och tvingar fram nya prövningar;konsekvens;3;Projektets tidplan försenas avsevärt på grund av den administrativa handläggningstiden för det nya tillståndsärendet.;analysis;;[]
R-B10-010-01:consequence:04;R-B10-010-01;B10-010;B10;B10 – Förstudie och prövningsväg;Prövningsobjektet låses för snävt och tvingar fram nya prövningar;konsekvens;4;Minskad lönsamhet för projektet till följd av merkostnader för omtagande utredningar och försenade intäkter.;analysis;;[]
R-B10-010-02:trigger:01;R-B10-010-02;B10-010;B10;B10 – Förstudie och prövningsväg;Funktionellt sammanhängande åtgärder delas upp och kumulativa effekter faller bort;utlösande faktor;1;Projektutredningen avgränsar fysiska delar som funktionellt hänger samman till separata ansökningar för att förenkla den enskilda prövningen.;analysis;;[]
R-B10-010-02:trigger:02;R-B10-010-02;B10-010;B10;B10 – Förstudie och prövningsväg;Funktionellt sammanhängande åtgärder delas upp och kumulativa effekter faller bort;utlösande faktor;2;Prövningsmyndigheten bedömer att avgränsningen inte ger ett tillräckligt underlag för att bedöma de separata delarnas relevanta kumulativa miljöeffekter.;source;MB | MBD;"[""MB"",""MBD""]"
R-B10-010-02:trigger:03;R-B10-010-02;B10-010;B10;B10 – Förstudie och prövningsväg;Funktionellt sammanhängande åtgärder delas upp och kumulativa effekter faller bort;utlösande faktor;3;Miljökonsekvensbeskrivningen för en del av projektet missar att redovisa kumulativa effekter från andra delar som inte ingick i samma ansökan.;source;MBD;"[""MBD""]"
R-B10-010-02:trigger:04;R-B10-010-02;B10-010;B10;B10 – Förstudie och prövningsväg;Funktionellt sammanhängande åtgärder delas upp och kumulativa effekter faller bort;utlösande faktor;4;Parterna under samrådet påpekar att den fragmenterade prövningen kan leda till en ofullständig bild av de totala miljöeffekterna.;analysis;;[]
R-B10-010-02:consequence:01;R-B10-010-02;B10-010;B10;B10 – Förstudie och prövningsväg;Funktionellt sammanhängande åtgärder delas upp och kumulativa effekter faller bort;konsekvens;1;Prövningsmyndigheten kan kräva komplettering eller, om bristen inte kan avhjälpas, avsluta ärendet utan sakprövning.;source;MB;"[""MB""]"
R-B10-010-02:consequence:02;R-B10-010-02;B10-010;B10;B10 – Förstudie och prövningsväg;Funktionellt sammanhängande åtgärder delas upp och kumulativa effekter faller bort;konsekvens;2;Ett beslut kan upphävas eller återförvisas om den kumulativa miljöbedömningen inte ger ett tillräckligt beslutsunderlag.;source;MB;"[""MB""]"
R-B10-010-02:consequence:03;R-B10-010-02;B10-010;B10;B10 – Förstudie och prövningsväg;Funktionellt sammanhängande åtgärder delas upp och kumulativa effekter faller bort;konsekvens;3;Projektägaren kan behöva ta fram ett miljöbedömningsunderlag som omfattar det samlade funktionella och geografiska projektet.;source;MBD;"[""MBD""]"
R-B10-010-02:consequence:04;R-B10-010-02;B10-010;B10;B10 – Förstudie och prövningsväg;Funktionellt sammanhängande åtgärder delas upp och kumulativa effekter faller bort;konsekvens;4;Driftstarten kan fördröjas när miljöunderlaget behöver kompletteras och processupplägget eventuellt omprövas.;analysis;;[]
R-B10-020-01:trigger:01;R-B10-020-01;B10-020;B10;B10 – Förstudie och prövningsväg;Oförenliga riksintressen upptäcks för sent i lokaliseringen;utlösande faktor;1;En lokaliseringsprocess identifierar ett område som riksintresse för flera olika ändamål utan att en tydlig avvägning har genomförts.;source;MB;"[""MB""]"
R-B10-020-01:trigger:02;R-B10-020-01;B10-020;B10;B10 – Förstudie och prövningsväg;Oförenliga riksintressen upptäcks för sent i lokaliseringen;utlösande faktor;2;Det visar sig att området behövs för en totalförsvarsanläggning i en sådan oförenlig riksintressekonflikt där försvarsintresset ska ges företräde enligt 3 kap. 10 § miljöbalken.;source;MB;"[""MB""]"
R-B10-020-01:trigger:03;R-B10-020-01;B10-020;B10;B10 – Förstudie och prövningsväg;Oförenliga riksintressen upptäcks för sent i lokaliseringen;utlösande faktor;3;En berörd myndighet eller organisation invänder mot lokaliseringsvalet med hänvisning till olösta riksintressekonflikter.;analysis;;[]
R-B10-020-01:trigger:04;R-B10-020-01;B10-020;B10;B10 – Förstudie och prövningsväg;Oförenliga riksintressen upptäcks för sent i lokaliseringen;utlösande faktor;4;Den inledande lokaliseringen låses innan projektet har klarlagt hur konkurrerande riksintressen ska vägas och om något totalförsvarsintresse har företräde.;analysis;;[]
R-B10-020-01:consequence:01;R-B10-020-01;B10-020;B10;B10 – Förstudie och prövningsväg;Oförenliga riksintressen upptäcks för sent i lokaliseringen;konsekvens;1;Lokaliseringsvalet ogillas eller kan behöva ändras eftersom det inte kan förenas med ett riksintresse som har företräde.;source;MB;"[""MB""]"
R-B10-020-01:consequence:02;R-B10-020-01;B10-020;B10;B10 – Förstudie och prövningsväg;Oförenliga riksintressen upptäcks för sent i lokaliseringen;konsekvens;2;Projektet drabbas av långdragen prövning i regerings- och domstolsled för att lösa riksintressekonflikten.;analysis;;[]
R-B10-020-01:consequence:03;R-B10-020-01;B10-020;B10;B10 – Förstudie och prövningsväg;Oförenliga riksintressen upptäcks för sent i lokaliseringen;konsekvens;3;Det valda lokaliseringsalternativet blir omöjligt att använda, vilket kräver att hela utredningsarbetet för ett nytt alternativ påbörjas.;analysis;;[]
R-B10-020-01:consequence:04;R-B10-020-01;B10-020;B10;B10 – Förstudie och prövningsväg;Oförenliga riksintressen upptäcks för sent i lokaliseringen;konsekvens;4;Förlust av den tid och de resurser som lagts ner i det ursprungliga lokaliseringsförslaget utan att leda till ett tillstånd.;analysis;;[]
R-B10-020-02:trigger:01;R-B10-020-02;B10-020;B10;B10 – Förstudie och prövningsväg;Svag alternativutredning fäller tillåtligheten vid platsvalet;utlösande faktor;1;Alternativutredningen baseras på osäkra antaganden eller ekonomiska preferenser snarare än objektiva jämförelser av miljöeffekter.;analysis;;[]
R-B10-020-02:trigger:02;R-B10-020-02;B10-020;B10;B10 – Förstudie och prövningsväg;Svag alternativutredning fäller tillåtligheten vid platsvalet;utlösande faktor;2;Prövningsmyndigheten bedömer att den sökta platsen inte uppfyller kravet på minsta skada och olägenhet enligt 2 kap. 6 § miljöbalken.;source;MB;"[""MB""]"
R-B10-020-02:trigger:03;R-B10-020-02;B10-020;B10;B10 – Förstudie och prövningsväg;Svag alternativutredning fäller tillåtligheten vid platsvalet;utlösande faktor;3;Alternativredovisningen anses inte spårbar eller granskbar, vilket gör det omöjligt att verifiera att platsvalet är motiverat.;source;MBD;"[""MBD""]"
R-B10-020-02:trigger:04;R-B10-020-02;B10-020;B10;B10 – Förstudie och prövningsväg;Svag alternativutredning fäller tillåtligheten vid platsvalet;utlösande faktor;4;En väsentlig alternativfråga lämnas utan tillräcklig bedömning i miljökonsekvensbeskrivningen.;source;MBD;"[""MBD""]"
R-B10-020-02:consequence:01;R-B10-020-02;B10-020;B10;B10 – Förstudie och prövningsväg;Svag alternativutredning fäller tillåtligheten vid platsvalet;konsekvens;1;Prövningsmyndigheten ställer krav på komplettering av underlaget för att redovisa alternativa lokaliseringar.;source;MB;"[""MB""]"
R-B10-020-02:consequence:02;R-B10-020-02;B10-020;B10;B10 – Förstudie och prövningsväg;Svag alternativutredning fäller tillåtligheten vid platsvalet;konsekvens;2;Ansökan avslås i tillåtlighetsledet eftersom platsvalet inte kan anses förenligt med miljöbalkens lokaliseringsprincip.;source;MB;"[""MB""]"
R-B10-020-02:consequence:03;R-B10-020-02;B10-020;B10;B10 – Förstudie och prövningsväg;Svag alternativutredning fäller tillåtligheten vid platsvalet;konsekvens;3;Tillståndshavaren kan behöva omlokalisera verksamheten till en annan plats som bedöms vara mindre skadlig.;analysis;;[]
R-B10-020-02:consequence:04;R-B10-020-02;B10-020;B10;B10 – Förstudie och prövningsväg;Svag alternativutredning fäller tillåtligheten vid platsvalet;konsekvens;4;Förlorad byggberedskap och försening av projektet på grund av att lokaliseringsskedet kan behöva startas om.;analysis;;[]
R-B10-020-03:trigger:01;R-B10-020-03;B10-020;B10;B10 – Förstudie och prövningsväg;Försvars- och totalförsvarsintressen stoppar lokaliseringen på politisk nivå;utlösande faktor;1;Försvarsmakten bedömer att den valda lokaliseringen medför oacceptabla konsekvenser för Sveriges försvar och motsätter sig därför etableringen.;source;EXT: Regeringen – avslag på 13 havsbaserade vindkraftparker i Östersjön https://www.regeringen.se/pressmeddelanden/2024/11/avslag-pa-13-havsbaserade-vindkraftparker-i-ostersjon/;"[""EXT: Regeringen – avslag på 13 havsbaserade vindkraftparker i Östersjön https://www.regeringen.se/pressmeddelanden/2024/11/avslag-pa-13-havsbaserade-vindkraftparker-i-ostersjon/""]"
R-B10-020-03:trigger:02;R-B10-020-03;B10-020;B10;B10 – Förstudie och prövningsväg;Försvars- och totalförsvarsintressen stoppar lokaliseringen på politisk nivå;utlösande faktor;2;Försvarsmaktens eller annan statlig säkerhetsaktör identifierar att lokaliseringen strider mot militära övningsområden, skyddszoner för underrättelseverksamhet eller andra nationella säkerhetsintressen.;analysis;;[]
R-B10-020-03:trigger:03;R-B10-020-03;B10-020;B10;B10 – Förstudie och prövningsväg;Försvars- och totalförsvarsintressen stoppar lokaliseringen på politisk nivå;utlösande faktor;3;Projektet placeras i ett område som omfattas av särskilda riksintressen för försvarsmakten enligt plan- och bygglagen eller miljöbalkens bestämmelser om sektorsövergripande intressen.;analysis;;[]
R-B10-020-03:trigger:04;R-B10-020-03;B10-020;B10;B10 – Förstudie och prövningsväg;Försvars- och totalförsvarsintressen stoppar lokaliseringen på politisk nivå;utlösande faktor;4;Det politiska läget eller den nationella säkerhetspolitiska bedömningen förändras så att tidigare godkända eller neutrala områden nu klassas som känsliga för totalförsvaret.;analysis;;[]
R-B10-020-03:consequence:01;R-B10-020-03;B10-020;B10;B10 – Förstudie och prövningsväg;Försvars- och totalförsvarsintressen stoppar lokaliseringen på politisk nivå;konsekvens;1;Projektet får avslag för den valda lokaliseringen, vilket hindrar etablering där.;source;EXT: Regeringen – avslag på 13 havsbaserade vindkraftparker i Östersjön https://www.regeringen.se/pressmeddelanden/2024/11/avslag-pa-13-havsbaserade-vindkraftparker-i-ostersjon/;"[""EXT: Regeringen – avslag på 13 havsbaserade vindkraftparker i Östersjön https://www.regeringen.se/pressmeddelanden/2024/11/avslag-pa-13-havsbaserade-vindkraftparker-i-ostersjon/""]"
R-B10-020-03:consequence:02;R-B10-020-03;B10-020;B10;B10 – Förstudie och prövningsväg;Försvars- och totalförsvarsintressen stoppar lokaliseringen på politisk nivå;konsekvens;2;Det utrednings- och samrådsarbete som redan genomförts för den aktuella platsen blir värdelöst och kan behöva läggas ner.;analysis;;[]
R-B10-020-03:consequence:03;R-B10-020-03;B10-020;B10;B10 – Förstudie och prövningsväg;Försvars- och totalförsvarsintressen stoppar lokaliseringen på politisk nivå;konsekvens;3;Projektägaren kan behöva återgå till alternativloggen för att identifiera och utreda nya lokaliseringar från grunden.;analysis;;[]
R-B10-020-03:consequence:04;R-B10-020-03;B10-020;B10;B10 – Förstudie och prövningsväg;Försvars- och totalförsvarsintressen stoppar lokaliseringen på politisk nivå;konsekvens;4;Tidsplanen för hela projektet försenas avsevärt på grund av behovet av ny lokalisering och omstart av prövningsprocessen.;analysis;;[]
R-B10-030-01:trigger:01;R-B10-030-01;B10-030;B10;B10 – Förstudie och prövningsväg;Äldre domar och tillstånd med föråldrade villkor förbises i baslinjen;utlösande faktor;1;Inventeringen missar äldre vattendomar eller tillstånd som ligger i kommunala eller länsvisa arkiv och inte är digitalt sökbart på samma sätt som moderna beslut.;analysis;;[]
R-B10-030-01:trigger:02;R-B10-030-01;B10-030;B10;B10 – Förstudie och prövningsväg;Äldre domar och tillstånd med föråldrade villkor förbises i baslinjen;utlösande faktor;2;Ett gällande äldre beslut, såsom ett vattentillstånd från före miljöbalkens ikraftträdande, upptäcks först under prövningen och visar på begränsningar som inte framgick i baslinjen.;analysis;;[]
R-B10-030-01:trigger:03;R-B10-030-01;B10-030;B10;B10 – Förstudie och prövningsväg;Äldre domar och tillstånd med föråldrade villkor förbises i baslinjen;utlösande faktor;3;Prövningsramen för ett ändrings- eller omprövningsärende missbedöms eftersom det tidigare beslutets innehåll och rättsverkningar inte har beaktats korrekt.;analysis;;[]
R-B10-030-01:trigger:04;R-B10-030-01;B10-030;B10;B10 – Förstudie och prövningsväg;Äldre domar och tillstånd med föråldrade villkor förbises i baslinjen;utlösande faktor;4;Det finns en faktisk situation eller ett faktiskt tillstånd som ska vara utgångspunkt för bedömningen enligt gällande rättspraxis, men detta har inte identifierats i inventeringen.;source;EXT: MÖD 2015:51 https://www.domstol.se/mark--och-miljooverdomstolen/mark--och-miljooverdomstolens-avgoranden/2015/72668/;"[""EXT: MÖD 2015:51 https://www.domstol.se/mark--och-miljooverdomstolen/mark--och-miljooverdomstolens-avgoranden/2015/72668/""]"
R-B10-030-01:consequence:01;R-B10-030-01;B10-030;B10;B10 – Förstudie och prövningsväg;Äldre domar och tillstånd med föråldrade villkor förbises i baslinjen;konsekvens;1;Den rättsliga prövningsramen för projektet blir felaktig och kan behöva korrigeras under handläggningstiden.;analysis;;[]
R-B10-030-01:consequence:02;R-B10-030-01;B10-030;B10;B10 – Förstudie och prövningsväg;Äldre domar och tillstånd med föråldrade villkor förbises i baslinjen;konsekvens;2;Myndigheten eller domstolen ställer krav på komplettering av underlaget när det nya beslutet upptäcks.;analysis;;[]
R-B10-030-01:consequence:03;R-B10-030-01;B10-030;B10;B10 – Förstudie och prövningsväg;Äldre domar och tillstånd med föråldrade villkor förbises i baslinjen;konsekvens;3;Det finns en risk att befintliga tillstånd omprövas eller återkallas i samband med den nya prövningen.;source;EXT: Havs- och vattenmyndigheten – omprövning och återkallelse av tillstånd https://www.havochvatten.se/arbete-i-vatten-utslapp-till-vatten-och-energiproduktion/vattenverksamhet-och-utslapp-till-vatten/omprovning-och-aterkallelse-av-tillstand.html;"[""EXT: Havs- och vattenmyndigheten – omprövning och återkallelse av tillstånd https://www.havochvatten.se/arbete-i-vatten-utslapp-till-vatten-och-energiproduktion/vattenverksamhet-och-utslapp-till-vatten/omprovning-och-aterkallelse-av-tillstand.html""]"
R-B10-030-01:consequence:04;R-B10-030-01;B10-030;B10;B10 – Förstudie och prövningsväg;Äldre domar och tillstånd med föråldrade villkor förbises i baslinjen;konsekvens;4;Rättsprocesser kan uppstå mellan parterna gällande villkorens innehåll och hur de nya och gamla rättigheterna ska samordnas.;analysis;;[]
R-B10-030-02:trigger:01;R-B10-030-02;B10-030;B10;B10 – Förstudie och prövningsväg;Sakägar- och rådighetskrav upptäcks först i domstolsledet;utlösande faktor;1;Projektägaren saknar rådighet över vattnet inom det område där vattenverksamheten ska bedrivas.;source;LVV;"[""LVV""]"
R-B10-030-02:trigger:02;R-B10-030-02;B10-030;B10;B10 – Förstudie och prövningsväg;Sakägar- och rådighetskrav upptäcks först i domstolsledet;utlösande faktor;2;Fastighetsrättigheter, servitut eller samfällighetsförhållanden som begränsar nyttjanderätten har inte kartlagts fullständigt i baslinjen.;analysis;;[]
R-B10-030-02:trigger:03;R-B10-030-02;B10-030;B10;B10 – Förstudie och prövningsväg;Sakägar- och rådighetskrav upptäcks först i domstolsledet;utlösande faktor;3;Kravet på rådighet över vattenområden enligt 2 kap. lagen (1998:812) med särskilda bestämmelser om vattenverksamhet uppfylls inte vid ansökningsdagen.;source;LVV;"[""LVV""]"
R-B10-030-02:trigger:04;R-B10-030-02;B10-030;B10;B10 – Förstudie och prövningsväg;Sakägar- och rådighetskrav upptäcks först i domstolsledet;utlösande faktor;4;Sakägarlistor som används för delgivning och kungörelse är ofullständiga, vilket kan medföra processuella fel i handläggningen.;analysis;;[]
R-B10-030-02:consequence:01;R-B10-030-02;B10-030;B10;B10 – Förstudie och prövningsväg;Sakägar- och rådighetskrav upptäcks först i domstolsledet;konsekvens;1;En ansökan om tillstånd till vattenverksamhet kan avvisas om sökanden inte visar den rådighet över vattnet som krävs för att få bedriva verksamheten.;source;LVV;"[""LVV""]"
R-B10-030-02:consequence:02;R-B10-030-02;B10-030;B10;B10 – Förstudie och prövningsväg;Sakägar- och rådighetskrav upptäcks först i domstolsledet;konsekvens;2;Projektägaren kan behöva komplettera ansökan med avtal om rådighet under pågående mål, vilket försenar handläggningen.;analysis;;[]
R-B10-030-02:consequence:03;R-B10-030-02;B10-030;B10;B10 – Förstudie och prövningsväg;Sakägar- och rådighetskrav upptäcks först i domstolsledet;konsekvens;3;Projektägarens förhandlingsposition mot mark- och vattenägare försämras när motparten inser sitt strategiska värde sent i processen.;analysis;;[]
R-B10-030-02:consequence:04;R-B10-030-02;B10-030;B10;B10 – Förstudie och prövningsväg;Sakägar- och rådighetskrav upptäcks först i domstolsledet;konsekvens;4;Det uppstår osäkerhet kring om tillståndet kan beviljas eftersom behörighetsfrågan är avgörande för prövningen.;analysis;;[]
R-B10-040-01:trigger:01;R-B10-040-01;B10-040;B10;B10 – Förstudie och prövningsväg;Säsongsberoende inventeringar missar sitt fältfönster;utlösande faktor;1;Utredningsplanen startar för sent eller ignorerar att vissa inventeringar endast kan utföras under specifika biologiska perioder.;analysis;;[]
R-B10-040-01:trigger:02;R-B10-040-01;B10-040;B10;B10 – Förstudie och prövningsväg;Säsongsberoende inventeringar missar sitt fältfönster;utlösande faktor;2;Artgrupper som kräver särskilda årstider för pålitlig inventering, såsom fåglar, fladdermöss eller vattenlevande organismer, missas i det aktuella fältfönstret.;analysis;;[]
R-B10-040-01:trigger:03;R-B10-040-01;B10-040;B10;B10 – Förstudie och prövningsväg;Säsongsberoende inventeringar missar sitt fältfönster;utlösande faktor;3;Utredningsplanen ger inte utrymme att samla in den säsongsberoende information som behövs för att identifiera och bedöma verksamhetens relevanta miljöeffekter.;source;MB;"[""MB""]"
R-B10-040-01:trigger:04;R-B10-040-01;B10-040;B10;B10 – Förstudie och prövningsväg;Säsongsberoende inventeringar missar sitt fältfönster;utlösande faktor;4;Inventeringsplanen är inte anpassad till projektets konkreta värden och de biologiska fältperioderna som gäller för platsen.;analysis;;[]
R-B10-040-01:consequence:01;R-B10-040-01;B10-040;B10;B10 – Förstudie och prövningsväg;Säsongsberoende inventeringar missar sitt fältfönster;konsekvens;1;Det uppstår en fördröjning till nästa lämpliga undersökningstillfälle för de missade inventeringarna.;analysis;;[]
R-B10-040-01:consequence:02;R-B10-040-01;B10-040;B10;B10 – Förstudie och prövningsväg;Säsongsberoende inventeringar missar sitt fältfönster;konsekvens;2;Myndigheten ställer krav på komplettering av underlaget när det framgår att inventeringar saknas eller är ofullständiga.;source;MB;"[""MB""]"
R-B10-040-01:consequence:03;R-B10-040-01;B10-040;B10;B10 – Förstudie och prövningsväg;Säsongsberoende inventeringar missar sitt fältfönster;konsekvens;3;Ansökningstidplanen för projektet behöver flyttas fram på grund av den förlängda utredningstiden.;analysis;;[]
R-B10-040-01:consequence:04;R-B10-040-01;B10-040;B10;B10 – Förstudie och prövningsväg;Säsongsberoende inventeringar missar sitt fältfönster;konsekvens;4;Underlaget blir ofullständigt för bedömningen av miljöeffekter enligt 6 kap. miljöbalken om inventeringarna inte kan genomföras i tid.;source;MB;"[""MB""]"
R-B10-040-02:trigger:01;R-B10-040-02;B10-040;B10;B10 – Förstudie och prövningsväg;Extremväder och klimatförändringar korrumperar fältdata och tidplaner;utlösande faktor;1;Extrema nederbördshändelser som kan leda till erosion eller sedimentation i provtagningsområdena under pågående fältarbete.;analysis;;[]
R-B10-040-02:trigger:02;R-B10-040-02;B10-040;B10;B10 – Förstudie och prövningsväg;Extremväder och klimatförändringar korrumperar fältdata och tidplaner;utlösande faktor;2;Långvariga avvikande temperaturförhållanden som påverkar biologisk aktivitet och därmed representativiteten för inventerade arter.;analysis;;[]
R-B10-040-02:trigger:03;R-B10-040-02;B10-040;B10;B10 – Förstudie och prövningsväg;Extremväder och klimatförändringar korrumperar fältdata och tidplaner;utlösande faktor;3;Planerade provtagningar sammanfaller med ovanliga vattenstånd eller väderförhållanden, så att underlaget inte ger den representativa beskrivning av miljöförhållandena som miljöbedömningen behöver.;source;MB;"[""MB""]"
R-B10-040-02:trigger:04;R-B10-040-02;B10-040;B10;B10 – Förstudie och prövningsväg;Extremväder och klimatförändringar korrumperar fältdata och tidplaner;utlösande faktor;4;Förändrade hydrologiska flöden under torkperioder som minskar vattenföringen i ytvattenprovtagningstillfällen.;analysis;;[]
R-B10-040-02:consequence:01;R-B10-040-02;B10-040;B10;B10 – Förstudie och prövningsväg;Extremväder och klimatförändringar korrumperar fältdata och tidplaner;konsekvens;1;Miljöprövningsdelegationen eller domstol ifrågasätter underlagets tillräcklighet för att bedöma väsentliga miljöeffekter.;source;MBD;"[""MBD""]"
R-B10-040-02:consequence:02;R-B10-040-02;B10-040;B10;B10 – Förstudie och prövningsväg;Extremväder och klimatförändringar korrumperar fältdata och tidplaner;konsekvens;2;Tillståndet meddelas med villkor som kräver kompletterande övervakning eller justerade utredningskrav efter ikraftträdande.;source;MB;"[""MB""]"
R-B10-040-02:consequence:03;R-B10-040-02;B10-040;B10;B10 – Förstudie och prövningsväg;Extremväder och klimatförändringar korrumperar fältdata och tidplaner;konsekvens;3;Prövningsmyndigheten kan begära komplettering och, om en väsentlig brist inte avhjälps, avvisa ansökan.;source;MB;"[""MB""]"
R-B10-040-02:consequence:04;R-B10-040-02;B10-040;B10;B10 – Förstudie och prövningsväg;Extremväder och klimatförändringar korrumperar fältdata och tidplaner;konsekvens;4;Senare mätningar kan visa att underlaget inte var representativt, vilket kan aktualisera en ny tillsynsbedömning eller, om en lagstadgad omprövningsgrund är uppfylld, omprövning.;analysis;;[]
R-B10-050-01:trigger:01;R-B10-050-01;B10-050;B10;B10 – Förstudie och prövningsväg;Muntliga myndighetsråd i tidig dialog tas för bindande besked;utlösande faktor;1;Projektledningen dokumenterar muntliga besked från handläggare som riktlinjer för utredningsomfattningen utan att begära skriftlig bekräftelse.;analysis;;[]
R-B10-050-01:trigger:02;R-B10-050-01;B10-050;B10;B10 – Förstudie och prövningsväg;Muntliga myndighetsråd i tidig dialog tas för bindande besked;utlösande faktor;2;Myndigheten lämnar informella synpunkter under samrådet som tolkas som godkända avgränsningar för den formella prövningen.;analysis;;[]
R-B10-050-01:trigger:03;R-B10-050-01;B10-050;B10;B10 – Förstudie och prövningsväg;Muntliga myndighetsråd i tidig dialog tas för bindande besked;utlösande faktor;3;Projektägaren behandlar en preliminär myndighetsbedömning som om den vore ett bindande tillståndsbeslut.;analysis;;[]
R-B10-050-01:trigger:04;R-B10-050-01;B10-050;B10;B10 – Förstudie och prövningsväg;Muntliga myndighetsråd i tidig dialog tas för bindande besked;utlösande faktor;4;Länsstyrelsens skriftliga bedömning enligt 6 kap. 32 a § miljöbalken, som uttryckligen inte är bindande, behandlas i projektet som om den vore ett bindande besked.;source;MB;"[""MB""]"
R-B10-050-01:consequence:01;R-B10-050-01;B10-050;B10;B10 – Förstudie och prövningsväg;Muntliga myndighetsråd i tidig dialog tas för bindande besked;konsekvens;1;Den formella handläggningen kräver en avvikande utredningsomfattning som strider mot de tidigare informella överenskommelserna.;analysis;;[]
R-B10-050-01:consequence:02;R-B10-050-01;B10-050;B10;B10 – Förstudie och prövningsväg;Muntliga myndighetsråd i tidig dialog tas för bindande besked;konsekvens;2;Ansökan anses innehålla brister i underlaget och kan behöva kompletteras, vilket förlänger handläggningstiden avsevärt.;source;MPD;"[""MPD""]"
R-B10-050-01:consequence:03;R-B10-050-01;B10-050;B10;B10 – Förstudie och prövningsväg;Muntliga myndighetsråd i tidig dialog tas för bindande besked;konsekvens;3;Projektägaren ådrager sig kostnader för omgörning av utredningar som utförts baserat på felaktiga antaganden om myndighetskrav.;analysis;;[]
R-B10-050-01:consequence:04;R-B10-050-01;B10-050;B10;B10 – Förstudie och prövningsväg;Muntliga myndighetsråd i tidig dialog tas för bindande besked;konsekvens;4;Försening i ansökningsprocessen kan leda till att projektet missar tidsbundna ekonomiska incitament eller marknadsmöjligheter.;analysis;;[]
R-B10-050-02:trigger:01;R-B10-050-02;B10-050;B10;B10 – Förstudie och prövningsväg;Kommunalt veto eller negativ kommunal signal låser projektet i startgroparna;utlösande faktor;1;Kommunfullmäktige eller kommunstyrelse antar ett formellt ställningstagande mot etableringen i den tidiga dialogfasen.;analysis;;[]
R-B10-050-02:trigger:02;R-B10-050-02;B10-050;B10;B10 – Förstudie och prövningsväg;Kommunalt veto eller negativ kommunal signal låser projektet i startgroparna;utlösande faktor;2;Detaljplaneprocessen blockerar etableringen genom att området klassificeras som olämpligt för verksamheten.;analysis;;[]
R-B10-050-02:trigger:03;R-B10-050-02;B10-050;B10;B10 – Förstudie och prövningsväg;Kommunalt veto eller negativ kommunal signal låser projektet i startgroparna;utlösande faktor;3;Översiktsplanen innehåller riktlinjer som utesluter den aktuella typen av miljöfarlig verksamhet i det berörda området.;analysis;;[]
R-B10-050-02:trigger:04;R-B10-050-02;B10-050;B10;B10 – Förstudie och prövningsväg;Kommunalt veto eller negativ kommunal signal låser projektet i startgroparna;utlösande faktor;4;Lokal opposition mobiliseras politiskt och utövar press på kommunala beslutsfattare att neka tillstyrkan enligt 16 kap. 4 § MB.;source;MB;"[""MB""]"
R-B10-050-02:consequence:01;R-B10-050-02;B10-050;B10;B10 – Förstudie och prövningsväg;Kommunalt veto eller negativ kommunal signal låser projektet i startgroparna;konsekvens;1;"Tillstånd till en vindkraftsanläggning får som huvudregel inte meddelas utan kommunal tillstyrkan enligt 16 kap. 4 § första stycket miljöbalken; regeringens undantagsmöjlighet enligt andra stycket måste bedömas separat.";source;MB;"[""MB""]"
R-B10-050-02:consequence:02;R-B10-050-02;B10-050;B10;B10 – Förstudie och prövningsväg;Kommunalt veto eller negativ kommunal signal låser projektet i startgroparna;konsekvens;2;Ett osäkert eller uppskjutet kommunalt ställningstagande kan göra att projektägaren avvaktar med fortsatt projektering och andra platsbundna investeringar.;analysis;;[]
R-B10-050-02:consequence:03;R-B10-050-02;B10-050;B10;B10 – Förstudie och prövningsväg;Kommunalt veto eller negativ kommunal signal låser projektet i startgroparna;konsekvens;3;För verksamheter som omfattas av kommunal tillstyrkan kan prövningsmyndigheten vara förhindrad att lämna tillstånd när kommunen avstyrker.;source;MB;"[""MB""]"
R-B10-050-02:consequence:04;R-B10-050-02;B10-050;B10;B10 – Förstudie och prövningsväg;Kommunalt veto eller negativ kommunal signal låser projektet i startgroparna;konsekvens;4;Förlorade investeringar i förstudier och planeringsarbete som inte kan återvinnas genom projektets stopp.;analysis;;[]
R-B10-060-01:trigger:01;R-B10-060-01;B10-060;B10;B10 – Förstudie och prövningsväg;Felklassificering av verksamhetskod skickar ansökan till fel instans;utlösande faktor;1;Verksamheten klassificeras felaktigt som anmälningspliktig C-verksamhet trots att den uppfyller en bestämmelse om tillståndsplikt A eller B.;source;MPF;"[""MPF""]"
R-B10-060-01:trigger:02;R-B10-060-01;B10-060;B10;B10 – Förstudie och prövningsväg;Felklassificering av verksamhetskod skickar ansökan till fel instans;utlösande faktor;2;Sammanlagd kapacitet eller utsläppsmängd överskrider gränsen mellan klass B och klass A under projektets drift.;analysis;;[]
R-B10-060-01:trigger:03;R-B10-060-01;B10-060;B10;B10 – Förstudie och prövningsväg;Felklassificering av verksamhetskod skickar ansökan till fel instans;utlösande faktor;3;Den sektorsspecifika beräkningsregeln för den aktuella verksamhetskoden tillämpas fel, exempelvis genom att relevanta anläggningsdelar räknas var för sig trots att just den bestämmelsen kräver en annan beräkningsgrund.;source;MPF;"[""MPF""]"
R-B10-060-01:trigger:04;R-B10-060-01;B10-060;B10;B10 – Förstudie och prövningsväg;Felklassificering av verksamhetskod skickar ansökan till fel instans;utlösande faktor;4;Tolkningen av sektorskapitelns specifika klassgränser kan leda till en felaktig placering i klass U eller C.;analysis;;[]
R-B10-060-01:consequence:01;R-B10-060-01;B10-060;B10;B10 – Förstudie och prövningsväg;Felklassificering av verksamhetskod skickar ansökan till fel instans;konsekvens;1;Ansökan kan behöva överlämnas till behörig instans eller ges in på nytt om den har lämnats till fel prövningsmyndighet.;source;MPF;"[""MPF""]"
R-B10-060-01:consequence:02;R-B10-060-01;B10-060;B10;B10 – Förstudie och prövningsväg;Felklassificering av verksamhetskod skickar ansökan till fel instans;konsekvens;2;Handläggningen kan fördröjas medan behörigheten klarläggs och ärendet vid behov avvisas, överlämnas eller ges in till rätt instans.;analysis;;[]
R-B10-060-01:consequence:03;R-B10-060-01;B10-060;B10;B10 – Förstudie och prövningsväg;Felklassificering av verksamhetskod skickar ansökan till fel instans;konsekvens;3;Nya ansökningsavgifter kan behöva betalas till den korrekta prövningsinstansen för att ärendet ska handläggas.;analysis;;[]
R-B10-060-01:consequence:04;R-B10-060-01;B10-060;B10;B10 – Förstudie och prövningsväg;Felklassificering av verksamhetskod skickar ansökan till fel instans;konsekvens;4;Underlaget som tagits fram för fel klassificering kan behöva omgöras eller kompletteras enligt de striktare kraven för den korrekta klassen.;analysis;;[]
R-B10-060-02:trigger:01;R-B10-060-02;B10-060;B10;B10 – Förstudie och prövningsväg;Ändring feltolkas som anmälningspliktig – eller tvärtom;utlösande faktor;1;Verksamhetsutövaren bedömer att en fysisk förändring varken omfattas av tillståndsplikt för ändring eller av anmälningsplikt enligt miljöprövningsförordningen.;source;MPF;"[""MPF""]"
R-B10-060-02:trigger:02;R-B10-060-02;B10-060;B10;B10 – Förstudie och prövningsväg;Ändring feltolkas som anmälningspliktig – eller tvärtom;utlösande faktor;2;Myndigheten vid tillsyn bedömer att flera tidigare, enskilt godkända eller anmälda åtgärder tillsammans med den aktuella förändringen uppfyller trösklarna för tillståndspliktig ändring.;source;MPF;"[""MPF""]"
R-B10-060-02:trigger:03;R-B10-060-02;B10-060;B10;B10 – Förstudie och prövningsväg;Ändring feltolkas som anmälningspliktig – eller tvärtom;utlösande faktor;3;Verksamhetsutövaren missbedömer den kumulativa effekten av nya utsläpp eller störningar i relation till befintlig tillståndssituation.;analysis;;[]
R-B10-060-02:trigger:04;R-B10-060-02;B10-060;B10;B10 – Förstudie och prövningsväg;Ändring feltolkas som anmälningspliktig – eller tvärtom;utlösande faktor;4;Det finns oklarhet kring om åtgärden ska hanteras som en ny ansökan eller som en ändring av ett befintligt tillstånd enligt miljöbalkens regler.;analysis;;[]
R-B10-060-02:consequence:01;R-B10-060-02;B10-060;B10;B10 – Förstudie och prövningsväg;Ändring feltolkas som anmälningspliktig – eller tvärtom;konsekvens;1;Myndigheten förelägger verksamhetsutövaren att söka tillstånd efter det att arbetet påbörjats enligt miljöbalkens bestämmelser.;source;MB;"[""MB""]"
R-B10-060-02:consequence:02;R-B10-060-02;B10-060;B10;B10 – Förstudie och prövningsväg;Ändring feltolkas som anmälningspliktig – eller tvärtom;konsekvens;2;Otillåten drift kan leda till tillsynsingripanden och, om rekvisiten i straffbestämmelserna är uppfyllda, ansvar för otillåten miljöverksamhet.;source;MB;"[""MB""]"
R-B10-060-02:consequence:03;R-B10-060-02;B10-060;B10;B10 – Förstudie och prövningsväg;Ändring feltolkas som anmälningspliktig – eller tvärtom;konsekvens;3;Projektets ekonomiska planering störs av kostnader för efterhandsprövning, driftbegränsningar och försenat genomförande.;analysis;;[]
R-B10-060-02:consequence:04;R-B10-060-02;B10-060;B10;B10 – Förstudie och prövningsväg;Ändring feltolkas som anmälningspliktig – eller tvärtom;konsekvens;4;Tillståndsgivningen försenas eftersom myndigheten kan behöva göra en samlad bedömning av hela anläggningens påverkan.;analysis;;[]
R-B10-060-03:trigger:01;R-B10-060-03;B10-060;B10;B10 – Förstudie och prövningsväg;Sektorsspelregler identifieras inte i klassificeringen;utlösande faktor;1;Projektet omfattar hantering av farliga ämnen som utlöser Sevesoförordningens tillämpningsområde men detta identifieras inte i klassificeringen.;source;SEVESO;"[""SEVESO""]"
R-B10-060-03:trigger:02;R-B10-060-03;B10-060;B10;B10 – Förstudie och prövningsväg;Sektorsspelregler identifieras inte i klassificeringen;utlösande faktor;2;Projektet omfattar en elektrisk ledning vars byggande eller användning kräver nätkoncession enligt ellagen, men detta identifieras inte i den initiala kartläggningen.;source;ELLAG;"[""ELLAG""]"
R-B10-060-03:trigger:03;R-B10-060-03;B10-060;B10;B10 – Förstudie och prövningsväg;Sektorsspelregler identifieras inte i klassificeringen;utlösande faktor;3;Projektet omfattar undersökning eller bearbetning av ett koncessionsmineral och det tillstånd eller den koncession som krävs enligt minerallagen har inte identifierats.;source;MINERALLAG;"[""MINERALLAG""]"
R-B10-060-03:trigger:04;R-B10-060-03;B10-060;B10;B10 – Förstudie och prövningsväg;Sektorsspelregler identifieras inte i klassificeringen;utlösande faktor;4;Byggåtgärder innebär ingrepp i en fornlämning eller berör ett annat objekt som omfattas av ett särskilt tillståndskrav enligt kulturmiljölagen, men kravet har inte identifierats.;source;KML;"[""KML""]"
R-B10-060-03:consequence:01;R-B10-060-03;B10-060;B10;B10 – Förstudie och prövningsväg;Sektorsspelregler identifieras inte i klassificeringen;konsekvens;1;En sektormyndighet kräver kompletterande tillstånd eller dispens vilket stoppar projektet tills kravet är uppfyllt.;analysis;;[]
R-B10-060-03:consequence:02;R-B10-060-03;B10-060;B10;B10 – Förstudie och prövningsväg;Sektorsspelregler identifieras inte i klassificeringen;konsekvens;2;Ett sent identifierat sektorskrav behöver hanteras enligt det tillämpliga specialregelverket innan den berörda åtgärden kan genomföras lagligt.;source;SEVESO | ELLAG | MINERALLAG | KML;"[""SEVESO"",""ELLAG"",""MINERALLAG"",""KML""]"
R-B10-060-03:consequence:03;R-B10-060-03;B10-060;B10;B10 – Förstudie och prövningsväg;Sektorsspelregler identifieras inte i klassificeringen;konsekvens;3;Projektets utformning kan behöva ändras om ett sent identifierat sektorskrav inte kan förenas med den planerade lösningen.;analysis;;[]
R-B10-060-03:consequence:04;R-B10-060-03;B10-060;B10;B10 – Förstudie och prövningsväg;Sektorsspelregler identifieras inte i klassificeringen;konsekvens;4;Domstol eller myndighet påpekar att fel instans har fattat beslut vilket kan medföra att beslutet upphävs eller ändras.;analysis;;[]
R-B10-070-01:trigger:01;R-B10-070-01;B10-070;B10;B10 – Förstudie och prövningsväg;Ett tillstånd saknas i matrisen och upptäcks först i byggskedet;utlösande faktor;1;Verksamheten innebär vattenverksamhet enligt miljöbalken som kräver tillstånd eller anmälan men detta krav saknas i matrisen.;source;MB;"[""MB""]"
R-B10-070-01:trigger:02;R-B10-070-01;B10-070;B10;B10 – Förstudie och prövningsväg;Ett tillstånd saknas i matrisen och upptäcks först i byggskedet;utlösande faktor;2;En planerad åtgärd inom strandskyddat område träffas av strandskyddsförbuden och kräver dispens, men detta har inte identifierats som ett separat krav.;source;STRAND;"[""STRAND""]"
R-B10-070-01:trigger:03;R-B10-070-01;B10-070;B10;B10 – Förstudie och prövningsväg;Ett tillstånd saknas i matrisen och upptäcks först i byggskedet;utlösande faktor;3;Byggåtgärder innebär ingrepp i en fornlämning eller berör ett annat objekt som omfattas av ett särskilt tillståndskrav enligt kulturmiljölagen.;source;KML;"[""KML""]"
R-B10-070-01:trigger:04;R-B10-070-01;B10-070;B10;B10 – Förstudie och prövningsväg;Ett tillstånd saknas i matrisen och upptäcks först i byggskedet;utlösande faktor;4;Krav på bygglov, marklov eller anmälan enligt plan- och bygglagen har inte kopplats korrekt till miljöprövningen i tillståndsmatrisen.;source;PBL;"[""PBL""]"
R-B10-070-01:consequence:01;R-B10-070-01;B10-070;B10;B10 – Förstudie och prövningsväg;Ett tillstånd saknas i matrisen och upptäcks först i byggskedet;konsekvens;1;Byggstopp inträffar eftersom arbetet påbörjats utan nödvändigt tillstånd eller dispens.;analysis;;[]
R-B10-070-01:consequence:02;R-B10-070-01;B10-070;B10;B10 – Förstudie och prövningsväg;Ett tillstånd saknas i matrisen och upptäcks först i byggskedet;konsekvens;2;Tillsynsmyndigheten kan meddela ett föreläggande eller förbud och förena beslutet med vite om förutsättningarna i miljöbalken är uppfyllda.;source;MB;"[""MB""]"
R-B10-070-01:consequence:03;R-B10-070-01;B10-070;B10;B10 – Förstudie och prövningsväg;Ett tillstånd saknas i matrisen och upptäcks först i byggskedet;konsekvens;3;Bygg- eller driftstart fördröjs medan det saknade tillståndet eller dispensen söks och eventuella startkrav uppfylls.;analysis;;[]
R-B10-070-01:consequence:04;R-B10-070-01;B10-070;B10;B10 – Förstudie och prövningsväg;Ett tillstånd saknas i matrisen och upptäcks först i byggskedet;konsekvens;4;Ekonomiska förluster uppstår genom att projektet kan behöva planeras om för att uppfylla det eftersökta kravet.;analysis;;[]
R-B10-070-02:trigger:01;R-B10-070-02;B10-070;B10;B10 – Förstudie och prövningsväg;Överklagandevägar och talerätt felmappas i instanskartan;utlösande faktor;1;Ett kommunalt beslut enligt plan- och bygglagen ges fel överklagandeväg, exempelvis genom att länsstyrelsens roll som första överinstans för lovbeslut utelämnas.;source;PBL;"[""PBL""]"
R-B10-070-02:trigger:02;R-B10-070-02;B10-070;B10;B10 – Förstudie och prövningsväg;Överklagandevägar och talerätt felmappas i instanskartan;utlösande faktor;2;Instanskartan generaliserar överklagandevägen för statliga myndighetsbeslut utan att kontrollera den särskilda regel som gäller för beslutstypen.;analysis;;[]
R-B10-070-02:trigger:03;R-B10-070-02;B10-070;B10;B10 – Förstudie och prövningsväg;Överklagandevägar och talerätt felmappas i instanskartan;utlösande faktor;3;En organisation eller sakägare med talerätt missas i kartläggningen vilket gör att de kan överklaga beslutet senare.;analysis;;[]
R-B10-070-02:trigger:04;R-B10-070-02;B10-070;B10;B10 – Förstudie och prövningsväg;Överklagandevägar och talerätt felmappas i instanskartan;utlösande faktor;4;Prövningsordningen mellan olika instanser felaktigt beskriven vilket kan medföra att ärendet hamnar i fel instans vid överklagande.;source;MMDL;"[""MMDL""]"
R-B10-070-02:consequence:01;R-B10-070-02;B10-070;B10;B10 – Förstudie och prövningsväg;Överklagandevägar och talerätt felmappas i instanskartan;konsekvens;1;Överklagandet måste hanteras enligt förvaltningslagens regler om ingivande, rättidsprövning och överlämnande innan saken når behörig överinstans.;source;FL;"[""FL""]"
R-B10-070-02:consequence:02;R-B10-070-02;B10-070;B10;B10 – Förstudie och prövningsväg;Överklagandevägar och talerätt felmappas i instanskartan;konsekvens;2;Beslutet blir inte laga kraft i beräknad tid på grund av felaktig hantering av överklaganderätten.;analysis;;[]
R-B10-070-02:consequence:03;R-B10-070-02;B10-070;B10;B10 – Förstudie och prövningsväg;Överklagandevägar och talerätt felmappas i instanskartan;konsekvens;3;Ekonomiska kostnader ökar för projektet på grund av förlängda rättsprocesser och osäkerhet kring tillståndet.;analysis;;[]
R-B10-070-02:consequence:04;R-B10-070-02;B10-070;B10;B10 – Förstudie och prövningsväg;Överklagandevägar och talerätt felmappas i instanskartan;konsekvens;4;Projektets genomförande fördröjs när ett nödvändigt beslut inte vinner laga kraft vid den tidpunkt som projektplanen förutsätter.;analysis;;[]
R-B10-070-03:trigger:01;R-B10-070-03;B10-070;B10;B10 – Förstudie och prövningsväg;Instanskartan föråldras av myndighetsreformen mitt i projektlöpet;utlösande faktor;1;Reformens ikraftträdande den 1 juli 2027 inträffar medan projektet fortfarande befinner sig i det administrativa förberedelseskedet innan ansökan har lämnats in.;source;SFS2026_1442;"[""SFS2026_1442""]"
R-B10-070-03:trigger:02;R-B10-070-03;B10-070;B10;B10 – Förstudie och prövningsväg;Instanskartan föråldras av myndighetsreformen mitt i projektlöpet;utlösande faktor;2;Projektets interna planering för ansökningsinlämning är fastställd till en tidpunkt efter den 1 juli 2027 utan att ha justerats mot den nya myndighetsstrukturen.;source;SFS2026_1442 | SFS2026_1443;"[""SFS2026_1442"",""SFS2026_1443""]"
R-B10-070-03:trigger:03;R-B10-070-03;B10-070;B10;B10 – Förstudie och prövningsväg;Instanskartan föråldras av myndighetsreformen mitt i projektlöpet;utlösande faktor;3;Miljöprövningsdelegationernas B-ärenden ska från den 1 juli 2027 handläggas av Miljöprövningsmyndigheten enligt den beslutade reformen och dess övergångsbestämmelser.;source;SFS2026_1442 | SFS2026_1443;"[""SFS2026_1442"",""SFS2026_1443""]"
R-B10-070-03:trigger:04;R-B10-070-03;B10-070;B10;B10 – Förstudie och prövningsväg;Instanskartan föråldras av myndighetsreformen mitt i projektlöpet;utlösande faktor;4;Projektet har inte implementerat en versionshanteringsrutin för sin prövningsmatris som kopplar ihop projektets livscykelstadium med gällande instansfördelning.;analysis;;[]
R-B10-070-03:consequence:01;R-B10-070-03;B10-070;B10;B10 – Förstudie och prövningsväg;Instanskartan föråldras av myndighetsreformen mitt i projektlöpet;konsekvens;1;Länsstyrelserna ska överlämna handlingarna i pågående MPD-ärenden till Miljöprövningsmyndigheten, som därefter ska handlägga ärendena.;source;SFS2026_1442;"[""SFS2026_1442""]"
R-B10-070-03:consequence:02;R-B10-070-03;B10-070;B10;B10 – Förstudie och prövningsväg;Instanskartan föråldras av myndighetsreformen mitt i projektlöpet;konsekvens;2;Projektet planerar resurser och processer för en instans som inte längre existerar eller har rätt beslutsbehörighet, vilket skapar strategisk osäkerhet.;analysis;;[]
R-B10-070-03:consequence:03;R-B10-070-03;B10-070;B10;B10 – Förstudie och prövningsväg;Instanskartan föråldras av myndighetsreformen mitt i projektlöpet;konsekvens;3;Handläggningstiderna blir oförutsägbara under övergångsperioden på grund av flytt av ärendemängd mellan organisationer.;analysis;;[]
R-B10-070-03:consequence:04;R-B10-070-03;B10-070;B10;B10 – Förstudie och prövningsväg;Instanskartan föråldras av myndighetsreformen mitt i projektlöpet;konsekvens;4;Ansökningshandlingarna kan behöva revideras för att möta den nya myndighetens specifika kravprofil och diarieföringsrutiner.;analysis;;[]
R-B10-080-01:trigger:01;R-B10-080-01;B10-080;B10;B10 – Förstudie och prövningsväg;Samordningsmöjligheten missas och prövningarna körs isolerat med motstridiga utfall;utlösande faktor;1;Beslutsfattaren väljer att hantera miljöfarlig verksamhet och vattenverksamhet i separata ärenden trots att sambandsprövning enligt 21 kap. 3 § miljöbalken varit möjlig.;source;MB;"[""MB""]"
R-B10-080-01:trigger:02;R-B10-080-01;B10-080;B10;B10 – Förstudie och prövningsväg;Samordningsmöjligheten missas och prövningarna körs isolerat med motstridiga utfall;utlösande faktor;2;De olika prövningsinstanserna utgår från skilda antaganden om anläggningens driftsituation när de fastställer villkoren.;analysis;;[]
R-B10-080-01:trigger:03;R-B10-080-01;B10-080;B10;B10 – Förstudie och prövningsväg;Samordningsmöjligheten missas och prövningarna körs isolerat med motstridiga utfall;utlösande faktor;3;Varje delspår genererar en egen överklagandedynamik som kan behöva hanteras individuellt innan helheten kan gå vidare.;analysis;;[]
R-B10-080-01:trigger:04;R-B10-080-01;B10-080;B10;B10 – Förstudie och prövningsväg;Samordningsmöjligheten missas och prövningarna körs isolerat med motstridiga utfall;utlösande faktor;4;Den samlade miljökonsekvensbedömningen (MKB) bryts ner i delutredningar med olika metodik för samma effekter.;analysis;;[]
R-B10-080-01:consequence:01;R-B10-080-01;B10-080;B10;B10 – Förstudie och prövningsväg;Samordningsmöjligheten missas och prövningarna körs isolerat med motstridiga utfall;konsekvens;1;Tillstånden innehåller motstridiga villkor där ett tillstånd förutsätter en driftsituation som ett annat tillstånd förbjuder.;analysis;;[]
R-B10-080-01:consequence:02;R-B10-080-01;B10-080;B10;B10 – Förstudie och prövningsväg;Samordningsmöjligheten missas och prövningarna körs isolerat med motstridiga utfall;konsekvens;2;Den totala tiden till laga kraft förlängs påtagligt eftersom projektet kan behöva vänta på att det långsammaste spåret vinner laga kraft.;analysis;;[]
R-B10-080-01:consequence:03;R-B10-080-01;B10-080;B10;B10 – Förstudie och prövningsväg;Samordningsmöjligheten missas och prövningarna körs isolerat med motstridiga utfall;konsekvens;3;Merkostnader uppstår genom dubbel utredning av samma effekter i olika delspår.;analysis;;[]
R-B10-080-01:consequence:04;R-B10-080-01;B10-080;B10;B10 – Förstudie och prövningsväg;Samordningsmöjligheten missas och prövningarna körs isolerat med motstridiga utfall;konsekvens;4;De separata tillståndsbesluten behåller sina respektive överklagandevägar, så projektet kan behöva hantera flera parallella överklagandeprocesser.;source;MB;"[""MB""]"
R-B10-080-02:trigger:01;R-B10-080-02;B10-080;B10;B10 – Förstudie och prövningsväg;Sambandsprövning kopplar ihop spåren till en gemensam kritisk linje;utlösande faktor;1;Ett beslut om gemensam handläggning enligt 21 kap. 3 § miljöbalken skapar formella beroenden mellan underlaget för olika delspår.;source;MB;"[""MB""]"
R-B10-080-02:trigger:02;R-B10-080-02;B10-080;B10;B10 – Förstudie och prövningsväg;Sambandsprövning kopplar ihop spåren till en gemensam kritisk linje;utlösande faktor;2;Ett av delspåren kräver kompletteringar som påverkar den gemensamma tidplanen för handläggningen.;analysis;;[]
R-B10-080-02:trigger:03;R-B10-080-02;B10-080;B10;B10 – Förstudie och prövningsväg;Sambandsprövning kopplar ihop spåren till en gemensam kritisk linje;utlösande faktor;3;Momenten i de olika spåren kan behöva samordnas operativt för att möjliggöra en samlad bedömning.;analysis;;[]
R-B10-080-02:consequence:01;R-B10-080-02;B10-080;B10;B10 – Förstudie och prövningsväg;Sambandsprövning kopplar ihop spåren till en gemensam kritisk linje;konsekvens;1;Det sammansatta ärendet fördröjs eftersom beroenden mellan delspåren hindrar framdrift i andra delar.;analysis;;[]
R-B10-080-02:consequence:02;R-B10-080-02;B10-080;B10;B10 – Förstudie och prövningsväg;Sambandsprövning kopplar ihop spåren till en gemensam kritisk linje;konsekvens;2;Möjligheten att gå vidare med färdiga komponenter begränsas av de gemensamma beroendena.;analysis;;[]
R-B10-080-02:consequence:03;R-B10-080-02;B10-080;B10;B10 – Förstudie och prövningsväg;Sambandsprövning kopplar ihop spåren till en gemensam kritisk linje;konsekvens;3;En brist i ett av de gemensamt handlagda delunderlagen kan behöva kompletteras innan den samlade prövningen kan föras vidare.;source;MB;"[""MB""]"
R-B10-080-03:trigger:01;R-B10-080-03;B10-080;B10;B10 – Förstudie och prövningsväg;Prövningsinstanserna kan inte enas om samordning och handoff;utlösande faktor;1;Berörda instanser har olika handläggningskapacitet och prioriteringar som hindrar enighet om vem som ska driva den gemensamma processen.;analysis;;[]
R-B10-080-03:trigger:02;R-B10-080-03;B10-080;B10;B10 – Förstudie och prövningsväg;Prövningsinstanserna kan inte enas om samordning och handoff;utlösande faktor;2;Ingen instans har ett generellt ledningsmandat över de andra vilket skapar ansvarsglidning vid samordning.;analysis;;[]
R-B10-080-03:trigger:03;R-B10-080-03;B10-080;B10;B10 – Förstudie och prövningsväg;Prövningsinstanserna kan inte enas om samordning och handoff;utlösande faktor;3;Ansvar för kungörelse, yttranden och beslut inte förankras operativt mellan de berörda organisationerna.;analysis;;[]
R-B10-080-03:trigger:04;R-B10-080-03;B10-080;B10;B10 – Förstudie och prövningsväg;Prövningsinstanserna kan inte enas om samordning och handoff;utlösande faktor;4;Övergången till Miljöprövningsmyndigheten skapar behov av att klarlägga gränssnitt och ansvar under organisationsförändringen.;source;NEW_AUTH;"[""NEW_AUTH""]"
R-B10-080-03:consequence:01;R-B10-080-03;B10-080;B10;B10 – Förstudie och prövningsväg;Prövningsinstanserna kan inte enas om samordning och handoff;konsekvens;1;Ett formellt beslut om samordning undanröjer inte varje instans eget ansvar för de frågor som den ska pröva, vilket kan lämna operativa gränssnitt olösta.;source;MB;"[""MB""]"
R-B10-080-03:consequence:02;R-B10-080-03;B10-080;B10;B10 – Förstudie och prövningsväg;Prövningsinstanserna kan inte enas om samordning och handoff;konsekvens;2;Tidplanerna glider isär mellan instanserna vilket kan medföra upprepade avstämningar.;analysis;;[]
R-B10-080-03:consequence:03;R-B10-080-03;B10-080;B10;B10 – Förstudie och prövningsväg;Prövningsinstanserna kan inte enas om samordning och handoff;konsekvens;3;Fördröjningen blir densamma som vid utebliven samordning trots att samordning formellt beslutats.;analysis;;[]
R-B10-090-01:trigger:01;R-B10-090-01;B10-090;B10;B10 – Förstudie och prövningsväg;Typfallsprofilen blir missvisande för grenens verkliga rättsläge;utlösande faktor;1;Reformen flyttar B-prövningen från miljöprövningsdelegationerna till Miljöprövningsmyndigheten, medan typfallet fortfarande anger den äldre aktörs- och instansbilden.;source;SFS2026_1442;"[""SFS2026_1442""]"
R-B10-090-01:trigger:02;R-B10-090-01;B10-090;B10;B10 – Förstudie och prövningsväg;Typfallsprofilen blir missvisande för grenens verkliga rättsläge;utlösande faktor;2;Länsstyrelsen eller Havs- och vattenmyndigheten publicerar ny vägledning som tolkar tillståndskombinationer för en specifik geografi annorlunda än vad som tidigare antagits.;analysis;;[]
R-B10-090-01:trigger:03;R-B10-090-01;B10-090;B10;B10 – Förstudie och prövningsväg;Typfallsprofilen blir missvisande för grenens verkliga rättsläge;utlösande faktor;3;Det visar sig att den valda tillståndskombinationen i typfallet är juridiskt omöjlig att kombinera med den angivna geografiska placeringen enligt gällande plan- och miljölagstiftning.;analysis;;[]
R-B10-090-01:trigger:04;R-B10-090-01;B10-090;B10;B10 – Förstudie och prövningsväg;Typfallsprofilen blir missvisande för grenens verkliga rättsläge;utlösande faktor;4;En pågående administrativ reform inom domstolsväsendet eller myndighetsorganisationen ändrar instansordningen för prövning av den aktuella typen av verksamhet.;analysis;;[]
R-B10-090-01:consequence:01;R-B10-090-01;B10-090;B10;B10 – Förstudie och prövningsväg;Typfallsprofilen blir missvisande för grenens verkliga rättsläge;konsekvens;1;En ansökan som planeras efter den gamla profilen kan riktas till fel mottagare efter att Miljöprövningsmyndigheten har övertagit B-prövningen.;source;SFS2026_1442;"[""SFS2026_1442""]"
R-B10-090-01:consequence:02;R-B10-090-01;B10-090;B10;B10 – Förstudie och prövningsväg;Typfallsprofilen blir missvisande för grenens verkliga rättsläge;konsekvens;2;Förtroendet för processkartans tillämpbarhet försämras hos användarna eftersom den inte speglar det verkliga rättsläget.;analysis;;[]
R-B10-090-01:consequence:03;R-B10-090-01;B10-090;B10;B10 – Förstudie och prövningsväg;Typfallsprofilen blir missvisande för grenens verkliga rättsläge;konsekvens;3;Metadata för hela grenen (END20–END50) planteras in med felaktiga antaganden om aktörer och krav, vilket sprider felet vidare i systemet.;analysis;;[]
R-B10-090-01:consequence:04;R-B10-090-01;B10-090;B10;B10 – Förstudie och prövningsväg;Typfallsprofilen blir missvisande för grenens verkliga rättsläge;konsekvens;4;Krav uppstår att uppdatera typfallet och alla beroende artefakter i efterhand för att återställa korrektheten.;analysis;;[]
R-B10-090-02:trigger:01;R-B10-090-02;B10-090;B10;B10 – Förstudie och prövningsväg;Företagsspecifik data smyger in i det generiska typfallet;utlösande faktor;1;Samråds- och ansökningsunderlag enligt miljöbalken innehåller projektspecifika uppgifter om bland annat verksamhetens lokalisering, utformning och omfattning.;source;MB;"[""MB""]"
R-B10-090-02:trigger:02;R-B10-090-02;B10-090;B10;B10 – Förstudie och prövningsväg;Företagsspecifik data smyger in i det generiska typfallet;utlösande faktor;2;Ett projektspecifikt underlag återanvänds som mall utan en systematisk kontroll av namn, kapaciteter, koordinater och andra identifierande uppgifter.;analysis;;[]
R-B10-090-02:trigger:03;R-B10-090-02;B10-090;B10;B10 – Förstudie och prövningsväg;Företagsspecifik data smyger in i det generiska typfallet;utlösande faktor;3;Underlaget innehåller kommersiellt känsliga uppgifter eller personuppgifter vars hantering inte har klassificerats före återanvändningen.;analysis;;[]
R-B10-090-02:trigger:04;R-B10-090-02;B10-090;B10;B10 – Förstudie och prövningsväg;Företagsspecifik data smyger in i det generiska typfallet;utlösande faktor;4;Detaljerad lokaliseringsinformation gör det möjligt att identifiera vilket verkligt projekt som har använts som förebild.;analysis;;[]
R-B10-090-02:consequence:01;R-B10-090-02;B10-090;B10;B10 – Förstudie och prövningsväg;Företagsspecifik data smyger in i det generiska typfallet;konsekvens;1;Om typfallet återanvänds som samråds- eller ansökningsunderlag måste uppgifterna om lokalisering, utformning och omfattning anpassas till den verksamhet som faktiskt ska bedömas enligt miljöbalken.;source;MB;"[""MB""]"
R-B10-090-02:consequence:02;R-B10-090-02;B10-090;B10;B10 – Förstudie och prövningsväg;Företagsspecifik data smyger in i det generiska typfallet;konsekvens;2;Artefakten kan behöva återkallas eller omarbetas för att avlägsna den känsliga informationen.;analysis;;[]
R-B10-090-02:consequence:03;R-B10-090-02;B10-090;B10;B10 – Förstudie och prövningsväg;Företagsspecifik data smyger in i det generiska typfallet;konsekvens;3;Mottagare kan identifiera det verkliga projekt som använts som förebild och därigenom härleda uppgifter som var avsedda att vara generiska.;analysis;;[]
R-B10-090-02:consequence:04;R-B10-090-02;B10-090;B10;B10 – Förstudie och prövningsväg;Företagsspecifik data smyger in i det generiska typfallet;konsekvens;4;Artefaktens funktion som processunderlag försvagas på grund av balansfelet mellan konkretion och anonymisering.;analysis;;[]
R-B10-START-01:trigger:01;R-B10-START-01;B10-START;B10;B10 – Förstudie och prövningsväg;Projektet initieras utan tillräcklig konkretion eller för sent;utlösande faktor;1;Tillståndsarbetet påbörjas innan investeringsbeslut, teknikval och kapacitetsmål är tillräckligt stabila för att styra klassificering och utredning.;source;NV_PERMIT;"[""NV_PERMIT""]"
R-B10-START-01:trigger:02;R-B10-START-01;B10-START;B10;B10 – Förstudie och prövningsväg;Projektet initieras utan tillräcklig konkretion eller för sent;utlösande faktor;2;Tillståndsarbetet initieras så sent att markoptioner, leverantörsavtal eller finansieringsvillkor redan har låst en utformning som är svår att få tillstånd för.;analysis;;[]
R-B10-START-01:trigger:03;R-B10-START-01;B10-START;B10;B10 – Förstudie och prövningsväg;Projektet initieras utan tillräcklig konkretion eller för sent;utlösande faktor;3;Projektets ändamål, lokalisering eller huvudsakliga teknik är inte tillräckligt konkreta för att säkerställa en korrekt bedömning av samråd och utredningsbehov.;analysis;;[]
R-B10-START-01:trigger:04;R-B10-START-01;B10-START;B10;B10 – Förstudie och prövningsväg;Projektet initieras utan tillräcklig konkretion eller för sent;utlösande faktor;4;Det saknas en formell kontrollstation som verifierar att initiativet är tillräckligt konkret för tillståndsförberedelse innan arbetet startar.;analysis;;[]
R-B10-START-01:consequence:01;R-B10-START-01;B10-START;B10;B10 – Förstudie och prövningsväg;Projektet initieras utan tillräcklig konkretion eller för sent;konsekvens;1;Förstudien byggs på föränderliga antaganden, vilket kräver omarbetning av basutredningar, samråd och MKB-arbete när designen ändras.;analysis;;[]
R-B10-START-01:consequence:02;R-B10-START-01;B10-START;B10;B10 – Förstudie och prövningsväg;Projektet initieras utan tillräcklig konkretion eller för sent;konsekvens;2;Utredningskostnader förbrukas utan att generera processvärde eftersom underlaget kan behöva göras om.;analysis;;[]
R-B10-START-01:consequence:03;R-B10-START-01;B10-START;B10;B10 – Förstudie och prövningsväg;Projektet initieras utan tillräcklig konkretion eller för sent;konsekvens;3;Ansökan försenas, vilket kan medföra behov av att starta om förstudien på nytt beslutsunderlag.;source;NV_PERMIT;"[""NV_PERMIT""]"
R-B10-START-01:consequence:04;R-B10-START-01;B10-START;B10;B10 – Förstudie och prövningsväg;Projektet initieras utan tillräcklig konkretion eller för sent;konsekvens;4;Projektets förhandlingsläge mot myndigheter och sakägare försämras i efterföljande noder på grund av den tidiga eller sena initieringen.;analysis;;[]
R-B20-010-01:trigger:01;R-B20-010-01;B20-010;B20;B20 – Samråd och miljöbedömning;Undersökningsunderlaget räcker inte för BMP-bedömningen;utlösande faktor;1;Undersökningsunderlaget beskriver teknik och kapacitet för vagt eller utelämnar uppenbara effektbärare som buller, vattenavledning eller spridningsvägar.;analysis;;[]
R-B20-010-01:trigger:02;R-B20-010-01;B20-010;B20;B20 – Samråd och miljöbedömning;Undersökningsunderlaget räcker inte för BMP-bedömningen;utlösande faktor;2;Miljökonsekvensbeskrivningen saknar en tillräcklig redovisning av alternativa utformningar, vilket bryter mot kravet på ett tillräckligt tidigt underlag enligt praxis.;source;EXT: HD – NJA 2009 s. 321, mål T 3126-07 https://www.domstol.se/hogsta-domstolen/avgoranden2/2009/38669/;"[""EXT: HD – NJA 2009 s. 321, mål T 3126-07 https://www.domstol.se/hogsta-domstolen/avgoranden2/2009/38669/""]"
R-B20-010-01:trigger:03;R-B20-010-01;B20-010;B20;B20 – Samråd och miljöbedömning;Undersökningsunderlaget räcker inte för BMP-bedömningen;utlösande faktor;3;Beskrivningen av projektet är felriktad eller för grov för att länsstyrelsen ska kunna ta ställning till om betydande miljöpåverkan kan antas enligt 6 kap. 23–25 §§ MB.;source;MB;"[""MB""]"
R-B20-010-01:trigger:04;R-B20-010-01;B20-010;B20;B20 – Samråd och miljöbedömning;Undersökningsunderlaget räcker inte för BMP-bedömningen;utlösande faktor;4;Underlaget utelämnar känsliga mottagare eller naturvärden som är relevanta för bedömningen av betydande miljöpåverkan enligt miljöbedömningsförordningens kriterier.;source;MBD;"[""MBD""]"
R-B20-010-01:consequence:01;R-B20-010-01;B20-010;B20;B20 – Samråd och miljöbedömning;Undersökningsunderlaget räcker inte för BMP-bedömningen;konsekvens;1;Samrådet förs på felaktiga premisser, vilket kan medföra att synpunkter från berörda blir riktade mot ett annat projekt än det som slutligen ansöks.;analysis;;[]
R-B20-010-01:consequence:02;R-B20-010-01;B20-010;B20;B20 – Samråd och miljöbedömning;Undersökningsunderlaget räcker inte för BMP-bedömningen;konsekvens;2;Länsstyrelsens efterföljande beslut bygger på en ofullständig bild av miljöpåverkan, vilket riskerar att bli felaktigt.;analysis;;[]
R-B20-010-01:consequence:03;R-B20-010-01;B20-010;B20;B20 – Samråd och miljöbedömning;Undersökningsunderlaget räcker inte för BMP-bedömningen;konsekvens;3;Krav ställs på kompletterande samråd, förnyad BMP-bedömning eller omarbetat underlag, vilket orsakar fördröjning i ett tidigt led.;source;MBD | MB;"[""MBD"",""MB""]"
R-B20-010-01:consequence:04;R-B20-010-01;B20-010;B20;B20 – Samråd och miljöbedömning;Undersökningsunderlaget räcker inte för BMP-bedömningen;konsekvens;4;Kalendertiden förbrukas innan felet upptäcks vid den senare prövningen av ansökan, vilket skjuter upp hela miljöbedömningsspåret.;analysis;;[]
R-B20-010-02:trigger:01;R-B20-010-02;B20-010;B20;B20 – Samråd och miljöbedömning;Säsongsberoende basdata hinner inte samlas in;utlösande faktor;1;Art- och naturinventeringar som kräver specifika säsonger för häckning, övervintring eller vårflöde kan inte genomföras inom projektets tidplan.;analysis;;[]
R-B20-010-02:trigger:02;R-B20-010-02;B20-010;B20;B20 – Samråd och miljöbedömning;Säsongsberoende basdata hinner inte samlas in;utlösande faktor;2;Extrema väderförhållanden som sen snösmältning, torka eller stormar förstör planerade fältkampanjer för datainsamling.;analysis;;[]
R-B20-010-02:trigger:03;R-B20-010-02;B20-010;B20;B20 – Samråd och miljöbedömning;Säsongsberoende basdata hinner inte samlas in;utlösande faktor;3;Datainsamlingen påbörjas efter den biologiskt relevanta perioden, så att underlaget saknar uppgifter som behövs för att identifiera och bedöma verksamhetens miljöeffekter.;source;MB;"[""MB""]"
R-B20-010-02:trigger:04;R-B20-010-02;B20-010;B20;B20 – Samråd och miljöbedömning;Säsongsberoende basdata hinner inte samlas in;utlösande faktor;4;Projektets tidsplan rymmer inte en full inventeringssäsong, vilket tvingar fram ett val mellan att skjuta upp processen eller använda sekundärdata.;analysis;;[]
R-B20-010-02:consequence:01;R-B20-010-02;B20-010;B20;B20 – Samråd och miljöbedömning;Säsongsberoende basdata hinner inte samlas in;konsekvens;1;Miljöbedömningsspåret förskjuts till nästa lämpliga inventeringstillfälle.;analysis;;[]
R-B20-010-02:consequence:02;R-B20-010-02;B20-010;B20;B20 – Samråd och miljöbedömning;Säsongsberoende basdata hinner inte samlas in;konsekvens;2;Underlagskvaliteten försämras genom användning av svaga basdata, antaganden eller sekundärdata som är sårbara vid myndighetsgranskning.;analysis;;[]
R-B20-010-02:consequence:03;R-B20-010-02;B20-010;B20;B20 – Samråd och miljöbedömning;Säsongsberoende basdata hinner inte samlas in;konsekvens;3;Kompletteringskrav och utredningsföreskrifter genereras senare i processen när bristen upptäcks, vilket sker i ett obekvämare läge.;analysis;;[]
R-B20-010-02:consequence:04;R-B20-010-02;B20-010;B20;B20 – Samråd och miljöbedömning;Säsongsberoende basdata hinner inte samlas in;konsekvens;4;Berörda myndigheters, organisationers och enskildas möjlighet att lämna välgrundade synpunkter begränsas när underlaget saknar relevant fältdata om arter och naturvärden.;source;MB;"[""MB""]"
R-B20-020-01:trigger:01;R-B20-020-01;B20-020;B20;B20 – Samråd och miljöbedömning;Särskilt berörda missas i samrådskretsen;utlösande faktor;1;Verksamhetsutövaren gör en felaktig avgränsning av vilka enskilda som kan antas bli särskilt berörda och genomför inte riktade samrådsinsatser mot dem.;analysis;;[]
R-B20-020-01:trigger:02;R-B20-020-01;B20-020;B20;B20 – Samråd och miljöbedömning;Särskilt berörda missas i samrådskretsen;utlösande faktor;2;En tillståndshavare på ett angränsande havsområde som ännu inte tagit sitt tillstånd i bruk missas i avgränsningssamrådet, trots att denne kan antas bli särskilt berörd.;source;EXT: MÖD – ÖM 12531-22, beslut 22 december 2023 https://www.domstol.se/mark--och-miljooverdomstolen/mark--och-miljooverdomstolens-avgoranden/2023/138757/;"[""EXT: MÖD – ÖM 12531-22, beslut 22 december 2023 https://www.domstol.se/mark--och-miljooverdomstolen/mark--och-miljooverdomstolens-avgoranden/2023/138757/""]"
R-B20-020-01:trigger:03;R-B20-020-01;B20-020;B20;B20 – Samråd och miljöbedömning;Särskilt berörda missas i samrådskretsen;utlösande faktor;3;Samrådskretsen utelämnar enskilda som kan antas bli särskilt berörda eller andra aktörer som ska omfattas enligt 6 kap. 30 § miljöbalken.;source;MB;"[""MB""]"
R-B20-020-01:trigger:04;R-B20-020-01;B20-020;B20;B20 – Samråd och miljöbedömning;Särskilt berörda missas i samrådskretsen;utlösande faktor;4;Projektets bedömda påverkansområde är för snävt, så att fastigheter, rättigheter eller verksamheter utanför den ritade zonen inte tas med i samrådskretsen.;analysis;;[]
R-B20-020-01:consequence:01;R-B20-020-01;B20-020;B20;B20 – Samråd och miljöbedömning;Särskilt berörda missas i samrådskretsen;konsekvens;1;Det uppstår en risk för att ansökan avvisas eller återförvisas på grund av brister i samrådsprocessen.;source;MB | NV_EIA;"[""MB"",""NV_EIA""]"
R-B20-020-01:consequence:02;R-B20-020-01;B20-020;B20;B20 – Samråd och miljöbedömning;Särskilt berörda missas i samrådskretsen;konsekvens;2;Förnyat samråd kan behöva genomföras med de missade parterna, vilket kan medföra fördröjning i processen.;analysis;;[]
R-B20-020-01:consequence:03;R-B20-020-01;B20-020;B20;B20 – Samråd och miljöbedömning;Särskilt berörda missas i samrådskretsen;konsekvens;3;Trovärdigheten hos berörda aktörer försämras eftersom de upptäcker att de lämnats utanför samrådet.;analysis;;[]
R-B20-020-01:consequence:04;R-B20-020-01;B20-020;B20;B20 – Samråd och miljöbedömning;Särskilt berörda missas i samrådskretsen;konsekvens;4;Handläggningen kräver komplettering eller fortsatt handläggning beroende på allvaret i bristen och möjligheten till rättelse.;analysis;;[]
R-B20-020-02:trigger:01;R-B20-020-02;B20-020;B20;B20 – Samråd och miljöbedömning;Lokal opinion mobiliserar och hårdnar under samrådet;utlösande faktor;1;Samrådshandlingarna innehåller detaljerad information om projektets fysiska omfattning och potentiella miljöeffekter som gör dessa kända för allmänheten.;source;MB;"[""MB""]"
R-B20-020-02:trigger:02;R-B20-020-02;B20-020;B20;B20 – Samråd och miljöbedömning;Lokal opinion mobiliserar och hårdnar under samrådet;utlösande faktor;2;Lokal befolkning eller intressegrupper reagerar på den offentligt tillgängliga informationen genom att organisera sig och uttrycka starka invändningar.;analysis;;[]
R-B20-020-02:trigger:03;R-B20-020-02;B20-020;B20;B20 – Samråd och miljöbedömning;Lokal opinion mobiliserar och hårdnar under samrådet;utlösande faktor;3;Medier rapporterar om projektet och dess effekter, vilket förstärker den lokala mobiliseringen och sprider informationen vidare.;analysis;;[]
R-B20-020-02:trigger:04;R-B20-020-02;B20-020;B20;B20 – Samråd och miljöbedömning;Lokal opinion mobiliserar och hårdnar under samrådet;utlösande faktor;4;Politiska aktörer på lokal nivå engagerar sig i frågan och påverkar den kommunala processen genom att ta ställning mot eller för projektet.;analysis;;[]
R-B20-020-02:consequence:01;R-B20-020-02;B20-020;B20;B20 – Samråd och miljöbedömning;Lokal opinion mobiliserar och hårdnar under samrådet;konsekvens;1;Prövningsmyndigheten får ökat utredningstryck för att hantera de organiserade synpunkterna och säkerställa att alla relevanta invändningar beaktas.;analysis;;[]
R-B20-020-02:consequence:02;R-B20-020-02;B20-020;B20;B20 – Samråd och miljöbedömning;Lokal opinion mobiliserar och hårdnar under samrådet;konsekvens;2;Kommunen lämnar ett avstyrkande besked enligt 16 kap. 4 § miljöbalken, vilket kan medföra att tillstånd inte beviljas för vindkraftsprojekt.;source;MB;"[""MB""]"
R-B20-020-02:consequence:03;R-B20-020-02;B20-020;B20;B20 – Samråd och miljöbedömning;Lokal opinion mobiliserar och hårdnar under samrådet;konsekvens;3;Samråds- och remissbehandlingen förlängs eftersom myndigheten behöver mer tid att analysera och svara på de många och komplexa synpunkterna.;analysis;;[]
R-B20-020-02:consequence:04;R-B20-020-02;B20-020;B20;B20 – Samråd och miljöbedömning;Lokal opinion mobiliserar och hårdnar under samrådet;konsekvens;4;Antalet överklaganden ökar i slutet av processen, där motståndare lämnar välunderbyggda invändningar som kräver noggrann prövning.;analysis;;[]
R-B20-030-01:trigger:01;R-B20-030-01;B20-030;B20;B20 – Samråd och miljöbedömning;Länsstyrelsens kapacitet försenar BMP-beslutet;utlösande faktor;1;Länsstyrelsen saknar tillräckligt med handläggare eller samordningsresurser för att hantera ärendet effektivt.;analysis;;[]
R-B20-030-01:trigger:02;R-B20-030-01;B20-030;B20;B20 – Samråd och miljöbedömning;Länsstyrelsens kapacitet försenar BMP-beslutet;utlösande faktor;2;Länsstyrelsen bedömer att handläggningstiden behöver förlängas på grund av verksamhetens eller åtgärdens art, komplexitet, lokalisering eller omfattning och hanterar förlängningen enligt 14 § miljöbedömningsförordningen.;source;MBD;"[""MBD""]"
R-B20-030-01:trigger:03;R-B20-030-01;B20-030;B20;B20 – Samråd och miljöbedömning;Länsstyrelsens kapacitet försenar BMP-beslutet;utlösande faktor;3;En hög samtidig ärendemängd gör att länsstyrelsens tillgängliga handläggningsresurser inte räcker för planerad beslutstakt.;analysis;;[]
R-B20-030-01:trigger:04;R-B20-030-01;B20-030;B20;B20 – Samråd och miljöbedömning;Länsstyrelsens kapacitet försenar BMP-beslutet;utlösande faktor;4;Personalbyte, frånvaro eller behov av intern specialistkompetens gör att ärendet inte kan beredas i den takt projektplanen förutsätter.;analysis;;[]
R-B20-030-01:consequence:01;R-B20-030-01;B20-030;B20;B20 – Samråd och miljöbedömning;Länsstyrelsens kapacitet försenar BMP-beslutet;konsekvens;1;BMP-beslutet kan dröja påtagligt längre än projektets planering förutsätter.;source;MBD | MB;"[""MBD"",""MB""]"
R-B20-030-01:consequence:02;R-B20-030-01;B20-030;B20;B20 – Samråd och miljöbedömning;Länsstyrelsens kapacitet försenar BMP-beslutet;konsekvens;2;Planeringshorisonten för utredningsarbetet blir osäker, vilket kan påverka resursallokeringen för projektet.;analysis;;[]
R-B20-030-01:consequence:03;R-B20-030-01;B20-030;B20;B20 – Samråd och miljöbedömning;Länsstyrelsens kapacitet försenar BMP-beslutet;konsekvens;3;Projektet riskerar att halka efter i parallella processer som planläggning, markåtkomst och finansiering på grund av den försenade BMP-avgörandet.;analysis;;[]
R-B20-030-01:consequence:04;R-B20-030-01;B20-030;B20;B20 – Samråd och miljöbedömning;Länsstyrelsens kapacitet försenar BMP-beslutet;konsekvens;4;Den totala prövningstiden för miljötillstånd ökar, vilket kan påverka projektets ekonomiska lönsamhet och genomförbarhet.;analysis;;[]
R-B20-030-02:trigger:01;R-B20-030-02;B20-030;B20;B20 – Samråd och miljöbedömning;BMP-beslutet visar sig ligga fel när verkligheten växer fram;utlösande faktor;1;Ny kunskap om miljöeffekter eller utökad projektomfattning gör att det tidigare antagandet om ingen betydande miljöpåverkan blir ohållbart.;analysis;;[]
R-B20-030-02:trigger:02;R-B20-030-02;B20-030;B20;B20 – Samråd och miljöbedömning;BMP-beslutet visar sig ligga fel när verkligheten växer fram;utlösande faktor;2;Projektet utvecklas med större kapacitet, ny teknik eller utökad anläggningsyta jämfört med vad som fanns vid samrådstillfället.;analysis;;[]
R-B20-030-02:trigger:03;R-B20-030-02;B20-030;B20;B20 – Samråd och miljöbedömning;BMP-beslutet visar sig ligga fel när verkligheten växer fram;utlösande faktor;3;Fältinventeringar avslöjar skyddsvärden eller miljöeffekter som inte var kända när BMP-beslutet fattades.;analysis;;[]
R-B20-030-02:trigger:04;R-B20-030-02;B20-030;B20;B20 – Samråd och miljöbedömning;BMP-beslutet visar sig ligga fel när verkligheten växer fram;utlösande faktor;4;Prövningsmyndigheten i det slutliga ärendet gör en egen bedömning av MKB-kraven som skiljer sig från Länsstyrelsens tidigare ställningstagande.;source;MB;"[""MB""]"
R-B20-030-02:consequence:01;R-B20-030-02;B20-030;B20;B20 – Samråd och miljöbedömning;BMP-beslutet visar sig ligga fel när verkligheten växer fram;konsekvens;1;Projektet kan behöva genomgå en full specifik miljöbedömning med avgränsningssamråd och komplett MKB sent i processen.;analysis;;[]
R-B20-030-02:consequence:02;R-B20-030-02;B20-030;B20;B20 – Samråd och miljöbedömning;BMP-beslutet visar sig ligga fel när verkligheten växer fram;konsekvens;2;De utredningsresurser som satsats på ett förenklat spår blir värdelösa eftersom underlaget inte håller för den slutliga prövningen.;analysis;;[]
R-B20-030-02:consequence:03;R-B20-030-02;B20-030;B20;B20 – Samråd och miljöbedömning;BMP-beslutet visar sig ligga fel när verkligheten växer fram;konsekvens;3;En väsentlig brist i miljökonsekvensbeskrivningen kan utgöra ett processhinder och leda till avvisning enligt rättspraxis.;source;EXT: HD – NJA 2009 s. 321, mål T 3126-07 https://www.domstol.se/hogsta-domstolen/avgoranden2/2009/38669/;"[""EXT: HD – NJA 2009 s. 321, mål T 3126-07 https://www.domstol.se/hogsta-domstolen/avgoranden2/2009/38669/""]"
R-B20-030-02:consequence:04;R-B20-030-02;B20-030;B20;B20 – Samråd och miljöbedömning;BMP-beslutet visar sig ligga fel när verkligheten växer fram;konsekvens;4;Processen startar om med en omstart av miljöbedömningsspåret, vilket förlänger tiden och ökar kostnaderna avsevärt.;analysis;;[]
R-B20-040-01:trigger:01;R-B20-040-01;B20-040;B20;B20 – Samråd och miljöbedömning;Avgränsningen blir för snäv – effekter dyker upp sent;utlösande faktor;1;Avgränsningssamrådet kan leda till att vissa effekter, såsom indirekta eller kumulativa effekter, avgränsas bort från MKB:n.;analysis;;[]
R-B20-040-01:trigger:02;R-B20-040-01;B20-040;B20;B20 – Samråd och miljöbedömning;Avgränsningen blir för snäv – effekter dyker upp sent;utlösande faktor;2;Indirekta eller kumulativa effekter underskattas i samrådsskedet eftersom deras geografiska eller tidsmässiga räckvidd inte har modellerats tillräckligt.;analysis;;[]
R-B20-040-01:trigger:03;R-B20-040-01;B20-040;B20;B20 – Samråd och miljöbedömning;Avgränsningen blir för snäv – effekter dyker upp sent;utlösande faktor;3;En Natura 2000-prövning kräver en samlad, fullständig, exakt och slutlig bedömning av relevanta effekter enligt rättspraxis.;source;EXT: HD – NJA 2013 s. 613, mål T 3158-12 https://www.domstol.se/hogsta-domstolen/avgoranden2/2013/37066/;"[""EXT: HD – NJA 2013 s. 613, mål T 3158-12 https://www.domstol.se/hogsta-domstolen/avgoranden2/2013/37066/""]"
R-B20-040-01:trigger:04;R-B20-040-01;B20-040;B20;B20 – Samråd och miljöbedömning;Avgränsningen blir för snäv – effekter dyker upp sent;utlösande faktor;4;Kumulativa effekter tillsammans med andra verksamheter eller relevanta Natura 2000-effekter utreds inte i avgränsningssamrådet trots att de har betydelse för den samlade bedömningen.;source;EXT: HFD 2024 not. 60, mål 4941-23 https://www.domstol.se/hogsta-forvaltningsdomstolen/avgoranden2/2024/153769/;"[""EXT: HFD 2024 not. 60, mål 4941-23 https://www.domstol.se/hogsta-forvaltningsdomstolen/avgoranden2/2024/153769/""]"
R-B20-040-01:consequence:01;R-B20-040-01;B20-040;B20;B20 – Samråd och miljöbedömning;Avgränsningen blir för snäv – effekter dyker upp sent;konsekvens;1;Prövningsmyndigheten ställer kompletteringskrav på underlaget för att täcka de tidigare avgränsade effekterna.;analysis;;[]
R-B20-040-01:consequence:02;R-B20-040-01;B20-040;B20;B20 – Samråd och miljöbedömning;Avgränsningen blir för snäv – effekter dyker upp sent;konsekvens;2;Ärendet återförvisas för förnyad utredning, vilket förlänger handläggningstiden och ökar kostnaderna.;analysis;;[]
R-B20-040-01:consequence:03;R-B20-040-01;B20-040;B20;B20 – Samråd och miljöbedömning;Avgränsningen blir för snäv – effekter dyker upp sent;konsekvens;3;Domstolsprocesser dras ut på grund av tvister om MKB:ns omfattning och kvalitet.;analysis;;[]
R-B20-040-01:consequence:04;R-B20-040-01;B20-040;B20;B20 – Samråd och miljöbedömning;Avgränsningen blir för snäv – effekter dyker upp sent;konsekvens;4;Tillstånd kan avslås eller ansökan avvisas på grund av otillräckligt underlag för den slutliga prövningen.;source;MB;"[""MB""]"
R-B20-040-02:trigger:01;R-B20-040-02;B20-040;B20;B20 – Samråd och miljöbedömning;Bred samrådskrets genererar oförenliga krav på MKB:n;utlösande faktor;1;Myndigheter, kommuner, organisationer och enskilda framför motstridiga synpunkter om lokalisering, utformning och miljöeffekter.;source;MB;"[""MB""]"
R-B20-040-02:trigger:02;R-B20-040-02;B20-040;B20;B20 – Samråd och miljöbedömning;Bred samrådskrets genererar oförenliga krav på MKB:n;utlösande faktor;2;En myndighet kräver djupare utredning om grundvatten medan en annan prioriterar landskapsbild eller bulleråtgärder.;analysis;;[]
R-B20-040-02:trigger:03;R-B20-040-02;B20-040;B20;B20 – Samråd och miljöbedömning;Bred samrådskrets genererar oförenliga krav på MKB:n;utlösande faktor;3;Organisationer driver kumulativa frågor som kräver omfattande utredning och analys i MKB:n.;analysis;;[]
R-B20-040-02:trigger:04;R-B20-040-02;B20-040;B20;B20 – Samråd och miljöbedömning;Bred samrådskrets genererar oförenliga krav på MKB:n;utlösande faktor;4;Samrådsredogörelsen kan behöva hantera alla synpunkter, men resurser och tid är begränsade för att tillgodose alla motstridiga krav.;analysis;;[]
R-B20-040-02:consequence:01;R-B20-040-02;B20-040;B20;B20 – Samråd och miljöbedömning;Bred samrådskrets genererar oförenliga krav på MKB:n;konsekvens;1;Utredningsarbetet fördyras och förlängs på grund av behovet av att analysera och integrera motstridiga krav.;analysis;;[]
R-B20-040-02:consequence:02;R-B20-040-02;B20-040;B20;B20 – Samråd och miljöbedömning;Bred samrådskrets genererar oförenliga krav på MKB:n;konsekvens;2;MKB:ns omfattning ökar för att ta hänsyn till de många olika synpunkterna och kraven från olika aktörer.;analysis;;[]
R-B20-040-02:consequence:03;R-B20-040-02;B20-040;B20;B20 – Samråd och miljöbedömning;Bred samrådskrets genererar oförenliga krav på MKB:n;konsekvens;3;Sannolikheten för välunderbyggda överklaganden ökar eftersom varje synpunkt som inte tillgodoses blir en potentiell klagogrund.;analysis;;[]
R-B20-040-02:consequence:04;R-B20-040-02;B20-040;B20;B20 – Samråd och miljöbedömning;Bred samrådskrets genererar oförenliga krav på MKB:n;konsekvens;4;Relevanta motstridiga synpunkter behöver redovisas och hanteras spårbart i samrådsredogörelsen och miljöbedömningen, även när alla önskemål inte kan tillgodoses.;source;MB | NV_EIA;"[""MB"",""NV_EIA""]"
R-B20-040-03:trigger:01;R-B20-040-03;B20-040;B20;B20 – Samråd och miljöbedömning;Felbedömd samrådskrets utsätter ansökan för avvisningsrisk;utlösande faktor;1;Verksamhetsutövaren bedömer att vissa aktörer inte är särskilt berörda och utesluter dem från inbjudan till avgränsningssamrådet.;analysis;;[]
R-B20-040-03:trigger:02;R-B20-040-03;B20-040;B20;B20 – Samråd och miljöbedömning;Felbedömd samrådskrets utsätter ansökan för avvisningsrisk;utlösande faktor;2;En angränsande tillståndshavares eller annan aktörs rättigheter kan påverkas konkret av verksamheten, vilket kan göra aktören särskilt berörd.;source;MB;"[""MB""]"
R-B20-040-03:trigger:03;R-B20-040-03;B20-040;B20;B20 – Samråd och miljöbedömning;Felbedömd samrådskrets utsätter ansökan för avvisningsrisk;utlösande faktor;3;Mark- och miljööverdomstolen bedömer att en tillståndshavare på ett angränsande havsområde borde ha omfattats av samrådet.;source;EXT: MÖD – ÖM 12531-22, beslut 22 december 2023 https://www.domstol.se/mark--och-miljooverdomstolen/mark--och-miljooverdomstolens-avgoranden/2023/138757/;"[""EXT: MÖD – ÖM 12531-22, beslut 22 december 2023 https://www.domstol.se/mark--och-miljooverdomstolen/mark--och-miljooverdomstolens-avgoranden/2023/138757/""]"
R-B20-040-03:trigger:04;R-B20-040-03;B20-040;B20;B20 – Samråd och miljöbedömning;Felbedömd samrådskrets utsätter ansökan för avvisningsrisk;utlösande faktor;4;Bristen i inbjudan bedöms inte vara så allvarlig att den automatiskt kan leda till avvisning, men den utgör ett fel i handläggningen.;source;EXT: MÖD – ÖM 12531-22, beslut 22 december 2023 https://www.domstol.se/mark--och-miljooverdomstolen/mark--och-miljooverdomstolens-avgoranden/2023/138757/;"[""EXT: MÖD – ÖM 12531-22, beslut 22 december 2023 https://www.domstol.se/mark--och-miljooverdomstolen/mark--och-miljooverdomstolens-avgoranden/2023/138757/""]"
R-B20-040-03:consequence:01;R-B20-040-03;B20-040;B20;B20 – Samråd och miljöbedömning;Felbedömd samrådskrets utsätter ansökan för avvisningsrisk;konsekvens;1;Ansökan riskerar att avvisas på grund av bristande samråd med särskilt berörda aktörer.;analysis;;[]
R-B20-040-03:consequence:02;R-B20-040-03;B20-040;B20;B20 – Samråd och miljöbedömning;Felbedömd samrådskrets utsätter ansökan för avvisningsrisk;konsekvens;2;Ett felaktigt avvisningsbeslut kan undanröjas och målet återförvisas för fortsatt handläggning, såsom skedde i mål ÖM 12531-22.;source;EXT: MÖD – ÖM 12531-22, beslut 22 december 2023 https://www.domstol.se/mark--och-miljooverdomstolen/mark--och-miljooverdomstolens-avgoranden/2023/138757/;"[""EXT: MÖD – ÖM 12531-22, beslut 22 december 2023 https://www.domstol.se/mark--och-miljooverdomstolen/mark--och-miljooverdomstolens-avgoranden/2023/138757/""]"
R-B20-040-03:consequence:03;R-B20-040-03;B20-040;B20;B20 – Samråd och miljöbedömning;Felbedömd samrådskrets utsätter ansökan för avvisningsrisk;konsekvens;3;Processen dras ut på grund av behovet av att hantera de missade aktörernas synpunkter i efterhand.;analysis;;[]
R-B20-040-03:consequence:04;R-B20-040-03;B20-040;B20;B20 – Samråd och miljöbedömning;Felbedömd samrådskrets utsätter ansökan för avvisningsrisk;konsekvens;4;Projektets tidplan och budget påverkas negativt av de extra åtgärder som krävs för att rätta till samrådsbristen.;analysis;;[]
R-B20-050-01:trigger:01;R-B20-050-01;B20-050;B20;B20 – Samråd och miljöbedömning;Avgränsningsbedömningen uteblir eller dröjer;utlösande faktor;1;Länsstyrelsens skriftliga bedömning av vad MKB:n ska innehålla lämnas inte under avgränsningssamrådet på det sätt som 6 kap. 32 a § miljöbalken föreskriver.;source;SFS2026_400;"[""SFS2026_400""]"
R-B20-050-01:trigger:02;R-B20-050-01;B20-050;B20;B20 – Samråd och miljöbedömning;Avgränsningsbedömningen uteblir eller dröjer;utlösande faktor;2;De interna rutiner för skriftlig redovisning av bedömningen under avgränsningssamrådet har inte etablerats i tid.;analysis;;[]
R-B20-050-01:trigger:03;R-B20-050-01;B20-050;B20;B20 – Samråd och miljöbedömning;Avgränsningsbedömningen uteblir eller dröjer;utlösande faktor;3;Tidsramen för samrådets upplägg är konstruerad så att den inte medger rimlig handläggningstid för myndigheten.;analysis;;[]
R-B20-050-01:consequence:01;R-B20-050-01;B20-050;B20;B20 – Samråd och miljöbedömning;Avgränsningsbedömningen uteblir eller dröjer;konsekvens;1;Utredningsarbetet står stilla eftersom verksamhetsutövaren saknar den styrning som bedömningen avser att ge.;analysis;;[]
R-B20-050-01:consequence:02;R-B20-050-01;B20-050;B20;B20 – Samråd och miljöbedömning;Avgränsningsbedömningen uteblir eller dröjer;konsekvens;2;Eftersom bedömningen enligt 6 kap. 32 a § miljöbalken inte är bindande kvarstår verksamhetsutövarens ansvar att ta fram ett tillräckligt MKB-underlag även när bedömningen dröjer.;source;MB;"[""MB""]"
R-B20-050-01:consequence:03;R-B20-050-01;B20-050;B20;B20 – Samråd och miljöbedömning;Avgränsningsbedömningen uteblir eller dröjer;konsekvens;3;Projektet drabbas av fördröjningar i handläggningstiden på grund av omarbetning av underlaget.;analysis;;[]
R-B20-050-02:trigger:01;R-B20-050-02;B20-050;B20;B20 – Samråd och miljöbedömning;Avgränsningsbeslutet för förnybar energi får fel omfattning;utlösande faktor;1;Länsstyrelsen fattar ett bindande beslut om MKB:ns omfattning som visar sig vara för snävt i efterhand.;source;MB;"[""MB""]"
R-B20-050-02:trigger:02;R-B20-050-02;B20-050;B20;B20 – Samråd och miljöbedömning;Avgränsningsbeslutet för förnybar energi får fel omfattning;utlösande faktor;2;Länsstyrelsen fattar ett bindande beslut om MKB:ns omfattning som visar sig vara för brett i efterhand.;source;MB;"[""MB""]"
R-B20-050-02:trigger:03;R-B20-050-02;B20-050;B20;B20 – Samråd och miljöbedömning;Avgränsningsbeslutet för förnybar energi får fel omfattning;utlösande faktor;3;Det verksamma området är en verksamhet för förnybar energi enligt lag (2026:399).;source;RENEWABLE;"[""RENEWABLE""]"
R-B20-050-02:consequence:01;R-B20-050-02;B20-050;B20;B20 – Samråd och miljöbedömning;Avgränsningsbeslutet för förnybar energi får fel omfattning;konsekvens;1;MKB:ns omfattning låses till ett mått som inte matchar de verkliga miljöeffekterna.;source;MB;"[""MB""]"
R-B20-050-02:consequence:02;R-B20-050-02;B20-050;B20;B20 – Samråd och miljöbedömning;Avgränsningsbeslutet för förnybar energi får fel omfattning;konsekvens;2;Det uppstår tvister om huruvida detaljeringsgraden i bedömningen är bindande eller ej.;analysis;;[]
R-B20-050-02:consequence:03;R-B20-050-02;B20-050;B20;B20 – Samråd och miljöbedömning;Avgränsningsbeslutet för förnybar energi får fel omfattning;konsekvens;3;Risken för underutredning eller överutredning kan leda till efterföljande processkomplikationer.;analysis;;[]
R-B20-050-03:trigger:01;R-B20-050-03;B20-050;B20;B20 – Samråd och miljöbedömning;Mallstyrda avgränsningsbesked spär ut MKB:n;utlösande faktor;1;Länsstyrelsens skriftliga avgränsningsbedömning identifierar inte tillräckligt projektspecifikt vad MKB:n behöver innehålla för den fortsatta miljöbedömningen.;source;MB;"[""MB""]"
R-B20-050-03:trigger:02;R-B20-050-03;B20-050;B20;B20 – Samråd och miljöbedömning;Mallstyrda avgränsningsbesked spär ut MKB:n;utlösande faktor;2;Länsstyrelsen ställer generella krav på utredning av i princip alla tänkbara effektkategorier av försiktighetsskäl.;analysis;;[]
R-B20-050-03:trigger:03;R-B20-050-03;B20-050;B20;B20 – Samråd och miljöbedömning;Mallstyrda avgränsningsbesked spär ut MKB:n;utlösande faktor;3;Bedömningen drivs framåt utan koppling till de verkliga effekterna för det specifika fallet.;analysis;;[]
R-B20-050-03:consequence:01;R-B20-050-03;B20-050;B20;B20 – Samråd och miljöbedömning;Mallstyrda avgränsningsbesked spär ut MKB:n;konsekvens;1;MKB:n växer i omfång utan att kvaliteten på utredningen ökar proportionerligt.;analysis;;[]
R-B20-050-03:consequence:02;R-B20-050-03;B20-050;B20;B20 – Samråd och miljöbedömning;Mallstyrda avgränsningsbesked spär ut MKB:n;konsekvens;2;Det uppstår dyra utredningar av marginella frågor som förlänger ledtiderna hos konsulter.;analysis;;[]
R-B20-050-03:consequence:03;R-B20-050-03;B20-050;B20;B20 – Samråd och miljöbedömning;Mallstyrda avgränsningsbesked spär ut MKB:n;konsekvens;3;Om väsentlig information blir svår att urskilja i ett dåligt avgränsat underlag kan prövningsmyndigheten behöva begära en tydligare eller kompletterad MKB.;source;MB;"[""MB""]"
R-B20-060-01:trigger:01;R-B20-060-01;B20-060;B20;B20 – Samråd och miljöbedömning;MKB:n brister i kumulativa effekter, nollalternativ eller sammanfattning;utlösande faktor;1;MKB:n missar redovisning av indirekta och kumulativa effekter enligt 6 kap. 35–38 §§ MB.;source;MB;"[""MB""]"
R-B20-060-01:trigger:02;R-B20-060-01;B20-060;B20;B20 – Samråd och miljöbedömning;MKB:n brister i kumulativa effekter, nollalternativ eller sammanfattning;utlösande faktor;2;MKB:n innehåller otillräcklig redovisning av nollalternativets relevans enligt 6 kap. 35–38 §§ MB.;source;MB;"[""MB""]"
R-B20-060-01:trigger:03;R-B20-060-01;B20-060;B20;B20 – Samråd och miljöbedömning;MKB:n brister i kumulativa effekter, nollalternativ eller sammanfattning;utlösande faktor;3;MKB:n saknar eller har bristfällig redovisning av det underlag som behövs för en Natura 2000-prövning enligt 6 kap. 36 § miljöbalken.;source;MB | NATURA;"[""MB"",""NATURA""]"
R-B20-060-01:trigger:04;R-B20-060-01;B20-060;B20;B20 – Samråd och miljöbedömning;MKB:n brister i kumulativa effekter, nollalternativ eller sammanfattning;utlösande faktor;4;Den icke-tekniska sammanfattningen är bristfällig enligt kraven i miljöbalken och dess förordningar.;source;MBD;"[""MBD""]"
R-B20-060-01:consequence:01;R-B20-060-01;B20-060;B20;B20 – Samråd och miljöbedömning;MKB:n brister i kumulativa effekter, nollalternativ eller sammanfattning;konsekvens;1;Väsentliga initiala brister utgör processhinder enligt praxis från NJA 2009 s. 321.;source;EXT: HD – NJA 2009 s. 321, mål T 3126-07 https://www.domstol.se/hogsta-domstolen/avgoranden2/2009/38669/;"[""EXT: HD – NJA 2009 s. 321, mål T 3126-07 https://www.domstol.se/hogsta-domstolen/avgoranden2/2009/38669/""]"
R-B20-060-01:consequence:02;R-B20-060-01;B20-060;B20;B20 – Samråd och miljöbedömning;MKB:n brister i kumulativa effekter, nollalternativ eller sammanfattning;konsekvens;2;Handläggningen förlängs genom kompletteringskrav eller återförvisning av ärendet.;analysis;;[]
R-B20-060-01:consequence:03;R-B20-060-01;B20-060;B20;B20 – Samråd och miljöbedömning;MKB:n brister i kumulativa effekter, nollalternativ eller sammanfattning;konsekvens;3;Ansökan kan avvisas om en väsentlig brist i MKB:n kvarstår efter att sökanden har fått möjlighet att avhjälpa den.;source;EXT: HD – NJA 2009 s. 321, mål T 3126-07 https://www.domstol.se/hogsta-domstolen/avgoranden2/2009/38669/;"[""EXT: HD – NJA 2009 s. 321, mål T 3126-07 https://www.domstol.se/hogsta-domstolen/avgoranden2/2009/38669/""]"
R-B20-060-02:trigger:01;R-B20-060-02;B20-060;B20;B20 – Samråd och miljöbedömning;Säsongs- och väderstörningar slår ut fältinventeringar;utlösande faktor;1;Nödvändig säsongsbunden inventering kan inte genomföras, så att MKB:n saknar uppgifter som behövs för att bedöma verksamhetens miljöeffekter.;source;MB;"[""MB""]"
R-B20-060-02:trigger:02;R-B20-060-02;B20-060;B20;B20 – Samråd och miljöbedömning;Säsongs- och väderstörningar slår ut fältinventeringar;utlösande faktor;2;Sen årstidsväxling hindrar fältarbete under biologiskt relevanta perioder för artaktivitet.;analysis;;[]
R-B20-060-02:trigger:03;R-B20-060-02;B20-060;B20;B20 – Samråd och miljöbedömning;Säsongs- och väderstörningar slår ut fältinventeringar;utlösande faktor;3;Naturförhållandena gör att ett nödvändigt fälttillfälle inte kan genomföras enligt säsongsplanen.;analysis;;[]
R-B20-060-02:consequence:01;R-B20-060-02;B20-060;B20;B20 – Samråd och miljöbedömning;Säsongs- och väderstörningar slår ut fältinventeringar;konsekvens;1;MKB-arbetet senareläggs tills förhållandena åter är lämpliga för fältarbete.;analysis;;[]
R-B20-060-02:consequence:02;R-B20-060-02;B20-060;B20;B20 – Samråd och miljöbedömning;Säsongs- och väderstörningar slår ut fältinventeringar;konsekvens;2;Underlaget blir svagare om det inte kan kompletteras vid ett senare tillfälle.;analysis;;[]
R-B20-060-02:consequence:03;R-B20-060-02;B20-060;B20;B20 – Samråd och miljöbedömning;Säsongs- och väderstörningar slår ut fältinventeringar;konsekvens;3;Prövningen kan leda till kompletteringskrav på grund av bristande underlag för den aktuella säsongen.;source;MB;"[""MB""]"
R-B20-060-03:trigger:01;R-B20-060-03;B20-060;B20;B20 – Samråd och miljöbedömning;Komplex effektmodellering ifrågasätts i prövningen;utlösande faktor;1;Motparter anlitar egna experter som ifrågasätter metodvalet för effektbedömningen.;analysis;;[]
R-B20-060-03:trigger:02;R-B20-060-03;B20-060;B20;B20 – Samråd och miljöbedömning;Komplex effektmodellering ifrågasätts i prövningen;utlösande faktor;2;Modellunderlaget redovisar inte indata, antaganden och känslighetsanalyser så tydligt att prövningsinstansen kan bedöma de väsentliga miljöeffekterna.;source;MB;"[""MB""]"
R-B20-060-03:trigger:03;R-B20-060-03;B20-060;B20;B20 – Samråd och miljöbedömning;Komplex effektmodellering ifrågasätts i prövningen;utlösande faktor;3;Verksamhetsutövaren inte kan försvara sina metodval med transparent dokumentation.;analysis;;[]
R-B20-060-03:consequence:01;R-B20-060-03;B20-060;B20;B20 – Samråd och miljöbedömning;Komplex effektmodellering ifrågasätts i prövningen;konsekvens;1;Domstolsprocesser förlängs på grund av tekniska experttvister om modellernas tillförlitlighet.;analysis;;[]
R-B20-060-03:consequence:02;R-B20-060-03;B20-060;B20;B20 – Samråd och miljöbedömning;Komplex effektmodellering ifrågasätts i prövningen;konsekvens;2;Krav ställs på nya beräkningar och kompletterande utredningar för att säkerställa underlagets kvalitet.;analysis;;[]
R-B20-060-03:consequence:03;R-B20-060-03;B20-060;B20;B20 – Samråd och miljöbedömning;Komplex effektmodellering ifrågasätts i prövningen;konsekvens;3;Om modellbristerna är väsentliga och inte kan avhjälpas under handläggningen kan MKB-bristen utgöra ett processhinder.;source;EXT: HD – NJA 2009 s. 321, mål T 3126-07 https://www.domstol.se/hogsta-domstolen/avgoranden2/2009/38669/;"[""EXT: HD – NJA 2009 s. 321, mål T 3126-07 https://www.domstol.se/hogsta-domstolen/avgoranden2/2009/38669/""]"
R-B20-070-01:trigger:01;R-B20-070-01;B20-070;B20;B20 – Samråd och miljöbedömning;Det förenklade underlaget underkänns vid ansökan;utlösande faktor;1;Prövningsmyndigheten bedömer att underlaget saknar tillräcklig redovisning av de resultat som framkommit under samrådsprocessen.;source;NV_EIA;"[""NV_EIA""]"
R-B20-070-01:trigger:02;R-B20-070-01;B20-070;B20;B20 – Samråd och miljöbedömning;Det förenklade underlaget underkänns vid ansökan;utlösande faktor;2;Prövningsmyndigheten fastslår att de identifierade miljöpåverkansområdena har en större geografisk räckvidd än vad som ursprungligen antogs vid avgränsningen.;analysis;;[]
R-B20-070-01:trigger:03;R-B20-070-01;B20-070;B20;B20 – Samråd och miljöbedömning;Det förenklade underlaget underkänns vid ansökan;utlösande faktor;3;Prövningsmyndigheten finner att den tekniska beskrivningen av verksamheten är för vag för att möjliggöra en korrekt bedömning av de väsentliga miljöeffekterna.;analysis;;[]
R-B20-070-01:trigger:04;R-B20-070-01;B20-070;B20;B20 – Samråd och miljöbedömning;Det förenklade underlaget underkänns vid ansökan;utlösande faktor;4;Prövningsmyndigheten konstaterar att underlaget inte uppfyller de formella kraven för ett förenklat miljöunderlag enligt 6 kap. 47 § MB.;source;MB;"[""MB""]"
R-B20-070-01:consequence:01;R-B20-070-01;B20-070;B20;B20 – Samråd och miljöbedömning;Det förenklade underlaget underkänns vid ansökan;konsekvens;1;Projektet kan behöva genomföra en fullständig specifik miljöbedömning i efterhand.;analysis;;[]
R-B20-070-01:consequence:02;R-B20-070-01;B20-070;B20;B20 – Samråd och miljöbedömning;Det förenklade underlaget underkänns vid ansökan;konsekvens;2;Ansökan kan avvisas om en väsentlig initial brist i miljöunderlaget inte kan avhjälpas under handläggningen.;source;EXT: HD – NJA 2009 s. 321, mål T 3126-07 https://www.domstol.se/hogsta-domstolen/avgoranden2/2009/38669/;"[""EXT: HD – NJA 2009 s. 321, mål T 3126-07 https://www.domstol.se/hogsta-domstolen/avgoranden2/2009/38669/""]"
R-B20-070-01:consequence:03;R-B20-070-01;B20-070;B20;B20 – Samråd och miljöbedömning;Det förenklade underlaget underkänns vid ansökan;konsekvens;3;Projektet kan behöva genomföra avgränsningssamråd och ny utredningsfas efter att ansökan redan lämnats in.;analysis;;[]
R-B20-070-01:consequence:04;R-B20-070-01;B20-070;B20;B20 – Samråd och miljöbedömning;Det förenklade underlaget underkänns vid ansökan;konsekvens;4;Tidsplanen för projektet försenas kraftigt på grund av omstart av bedömningsprocessen.;analysis;;[]
R-B20-080-01:trigger:01;R-B20-080-01;B20-080;B20;B20 – Samråd och miljöbedömning;Översättnings- och remissleder i Esbo-förfarandet drar ut tiden;utlösande faktor;1;Det gränsöverskridande samrådet kan kräva att de delar av underlaget som behövs för deltagandet översätts.;source;MBD;"[""MBD""]"
R-B20-080-01:trigger:02;R-B20-080-01;B20-080;B20;B20 – Samråd och miljöbedömning;Översättnings- och remissleder i Esbo-förfarandet drar ut tiden;utlösande faktor;2;Den berörda staten begär att delta i samrådsprocessen enligt Esbo-konventionen.;source;MBD;"[""MBD""]"
R-B20-080-01:trigger:03;R-B20-080-01;B20-080;B20;B20 – Samråd och miljöbedömning;Översättnings- och remissleder i Esbo-förfarandet drar ut tiden;utlösande faktor;3;Den berörda statens myndigheter eller allmänhet lämnar synpunkter inom den konventionsenliga tidsramen.;source;MBD;"[""MBD""]"
R-B20-080-01:trigger:04;R-B20-080-01;B20-080;B20;B20 – Samråd och miljöbedömning;Översättnings- och remissleder i Esbo-förfarandet drar ut tiden;utlösande faktor;4;"Det kan behövas praktisk samordning mellan Naturvårdsverket, verksamhetsutövaren och andra berörda aktörer; Utrikesdepartementet är inte ett obligatoriskt led i varje Esbo-ärende.";analysis;;[]
R-B20-080-01:consequence:01;R-B20-080-01;B20-080;B20;B20 – Samråd och miljöbedömning;Översättnings- och remissleder i Esbo-förfarandet drar ut tiden;konsekvens;1;Synpunkter från en berörd stat behöver behandlas innan miljöbedömningen och tillståndsprövningen kan slutföras.;analysis;;[]
R-B20-080-01:consequence:02;R-B20-080-01;B20-080;B20;B20 – Samråd och miljöbedömning;Översättnings- och remissleder i Esbo-förfarandet drar ut tiden;konsekvens;2;Merkostnader uppstår för översättning och internationell processledning.;analysis;;[]
R-B20-080-01:consequence:03;R-B20-080-01;B20-080;B20;B20 – Samråd och miljöbedömning;Översättnings- och remissleder i Esbo-förfarandet drar ut tiden;konsekvens;3;Osäkerhet skapas gällande tidsplanen gentemot projektets finansiärer.;analysis;;[]
R-B20-080-01:consequence:04;R-B20-080-01;B20-080;B20;B20 – Samråd och miljöbedömning;Översättnings- och remissleder i Esbo-förfarandet drar ut tiden;konsekvens;4;Naturvårdsverket kan behöva hantera remissvar från den berörda staten innan beslut kan fattas.;source;MBD;"[""MBD""]"
R-B20-080-02:trigger:01;R-B20-080-02;B20-080;B20;B20 – Samråd och miljöbedömning;Berörd stats synpunkter tvingar fram projektändringar;utlösande faktor;1;Den berörda staten framför substantiella invändningar gällande gränsvatten eller marina livsmiljöer.;analysis;;[]
R-B20-080-02:trigger:02;R-B20-080-02;B20-080;B20;B20 – Samråd och miljöbedömning;Berörd stats synpunkter tvingar fram projektändringar;utlösande faktor;2;Den berörda statens allmänhet utövar inrikespolitiskt tryck som kan leda till formella synpunkter.;analysis;;[]
R-B20-080-02:trigger:03;R-B20-080-02;B20-080;B20;B20 – Samråd och miljöbedömning;Berörd stats synpunkter tvingar fram projektändringar;utlösande faktor;3;De framförda synpunkterna kräver fördjupade gemensamma utredningar för att besvaras.;analysis;;[]
R-B20-080-02:trigger:04;R-B20-080-02;B20-080;B20;B20 – Samråd och miljöbedömning;Berörd stats synpunkter tvingar fram projektändringar;utlösande faktor;4;De gränsöverskridande effekterna är inte tillräckligt utredda innan samrådet med den berörda staten, vilket leder till frågor som det svenska underlaget inte kan besvara.;source;MB;"[""MB""]"
R-B20-080-02:consequence:01;R-B20-080-02;B20-080;B20;B20 – Samråd och miljöbedömning;Berörd stats synpunkter tvingar fram projektändringar;konsekvens;1;Projektets lokalisering, utformning eller skyddsåtgärder kan behöva ändras för att tillgodose synpunkterna.;analysis;;[]
R-B20-080-02:consequence:02;R-B20-080-02;B20-080;B20;B20 – Samråd och miljöbedömning;Berörd stats synpunkter tvingar fram projektändringar;konsekvens;2;En reviderad miljökonsekvensbeskrivning (MKB) kan behöva upprättas.;source;MB;"[""MB""]"
R-B20-080-02:consequence:03;R-B20-080-02;B20-080;B20;B20 – Samråd och miljöbedömning;Berörd stats synpunkter tvingar fram projektändringar;konsekvens;3;Förhandlingsfasen med den berörda staten förlängs påtagligt.;analysis;;[]
R-B20-080-02:consequence:04;R-B20-080-02;B20-080;B20;B20 – Samråd och miljöbedömning;Berörd stats synpunkter tvingar fram projektändringar;konsekvens;4;Projektets förhandlingsposition gentemot finansiärer och kunder försvagas.;analysis;;[]
R-B20-090-01:trigger:01;R-B20-090-01;B20-090;B20;B20 – Samråd och miljöbedömning;Glapp mellan MKB och teknisk ansökan upptäcks i prövningen;utlösande faktor;1;Villkorsförslag i ansökan motsvarar inte de åtgärder som MKB:n har identifierat som nödvändiga.;analysis;;[]
R-B20-090-01:trigger:02;R-B20-090-01;B20-090;B20;B20 – Samråd och miljöbedömning;Glapp mellan MKB och teknisk ansökan upptäcks i prövningen;utlösande faktor;2;Den tekniska beskrivningen av kapacitet eller driftfall skiljer sig från vad som framkommit under samråd och avgränsning.;analysis;;[]
R-B20-090-01:trigger:03;R-B20-090-01;B20-090;B20;B20 – Samråd och miljöbedömning;Glapp mellan MKB och teknisk ansökan upptäcks i prövningen;utlösande faktor;3;Spårbarhetskedjan mellan samrådssynpunkter och ansökan bryts eftersom olika team har tagit fram dokumenten.;analysis;;[]
R-B20-090-01:trigger:04;R-B20-090-01;B20-090;B20;B20 – Samråd och miljöbedömning;Glapp mellan MKB och teknisk ansökan upptäcks i prövningen;utlösande faktor;4;MKB:n och den tekniska ansökan beskriver olika versioner av projektets omfattning, driftfall eller skyddsåtgärder.;source;MB | MBD;"[""MB"",""MBD""]"
R-B20-090-01:consequence:01;R-B20-090-01;B20-090;B20;B20 – Samråd och miljöbedömning;Glapp mellan MKB och teknisk ansökan upptäcks i prövningen;konsekvens;1;Prövningsmyndigheten ställer kompletteringskrav på underlaget.;analysis;;[]
R-B20-090-01:consequence:02;R-B20-090-01;B20-090;B20;B20 – Samråd och miljöbedömning;Glapp mellan MKB och teknisk ansökan upptäcks i prövningen;konsekvens;2;Frågan om kompletterat eller förnyat samråd aktualiseras om avvikelsen är så väsentlig att det tidigare samrådet inte längre motsvarar den sökta verksamheten.;analysis;;[]
R-B20-090-01:consequence:03;R-B20-090-01;B20-090;B20;B20 – Samråd och miljöbedömning;Glapp mellan MKB och teknisk ansökan upptäcks i prövningen;konsekvens;3;Beslutet försenas på grund av behovet av att åtgärda bristerna.;analysis;;[]
R-B20-090-01:consequence:04;R-B20-090-01;B20-090;B20;B20 – Samråd och miljöbedömning;Glapp mellan MKB och teknisk ansökan upptäcks i prövningen;konsekvens;4;Ansökan riskerar att avvisas eller återförvisas för ny handläggning i allvarliga fall.;source;EXT: HD – NJA 2009 s. 321, mål T 3126-07 https://www.domstol.se/hogsta-domstolen/avgoranden2/2009/38669/;"[""EXT: HD – NJA 2009 s. 321, mål T 3126-07 https://www.domstol.se/hogsta-domstolen/avgoranden2/2009/38669/""]"
R-B20-090-02:trigger:01;R-B20-090-02;B20-090;B20;B20 – Samråd och miljöbedömning;Projektet har förändrats utan att samrådet förnyats;utlösande faktor;1;Projektets omfattning, teknik eller lokalisering har ändrats i det tysta mellan samråd och ansökan.;analysis;;[]
R-B20-090-02:trigger:02;R-B20-090-02;B20-090;B20;B20 – Samråd och miljöbedömning;Projektet har förändrats utan att samrådet förnyats;utlösande faktor;2;Ändringen är så väsentlig att det genomförda samrådet inte längre motsvarar den sökta verksamheten.;analysis;;[]
R-B20-090-02:trigger:03;R-B20-090-02;B20-090;B20;B20 – Samråd och miljöbedömning;Projektet har förändrats utan att samrådet förnyats;utlösande faktor;3;Kvalitetssäkringen upptäcker att miljöeffekterna från den nya versionen inte omfattas av det ursprungliga samrådet.;analysis;;[]
R-B20-090-02:trigger:04;R-B20-090-02;B20-090;B20;B20 – Samråd och miljöbedömning;Projektet har förändrats utan att samrådet förnyats;utlösande faktor;4;Tidsutdräkten i sig medför inget generellt krav på förnyat samråd enligt HFD 2024 not. 60, men väsentliga ändringar gör det.;source;EXT: HFD 2024 not. 60, mål 4941-23 https://www.domstol.se/hogsta-forvaltningsdomstolen/avgoranden2/2024/153769/;"[""EXT: HFD 2024 not. 60, mål 4941-23 https://www.domstol.se/hogsta-forvaltningsdomstolen/avgoranden2/2024/153769/""]"
R-B20-090-02:consequence:01;R-B20-090-02;B20-090;B20;B20 – Samråd och miljöbedömning;Projektet har förändrats utan att samrådet förnyats;konsekvens;1;Ett kompletterat eller förnyat samråd kan behöva genomföras.;analysis;;[]
R-B20-090-02:consequence:02;R-B20-090-02;B20-090;B20;B20 – Samråd och miljöbedömning;Projektet har förändrats utan att samrådet förnyats;konsekvens;2;En omarbetad miljökonsekvensbeskrivning (MKB) krävs.;analysis;;[]
R-B20-090-02:consequence:03;R-B20-090-02;B20-090;B20;B20 – Samråd och miljöbedömning;Projektet har förändrats utan att samrådet förnyats;konsekvens;3;Risken för avvisning eller återförvisning ökar om en väsentlig brist kvarstår vid prövningen.;source;EXT: MÖD – ÖM 12531-22, beslut 22 december 2023 https://www.domstol.se/mark--och-miljooverdomstolen/mark--och-miljooverdomstolens-avgoranden/2023/138757/;"[""EXT: MÖD – ÖM 12531-22, beslut 22 december 2023 https://www.domstol.se/mark--och-miljooverdomstolen/mark--och-miljooverdomstolens-avgoranden/2023/138757/""]"
R-B20-090-02:consequence:04;R-B20-090-02;B20-090;B20;B20 – Samråd och miljöbedömning;Projektet har förändrats utan att samrådet förnyats;konsekvens;4;Projektet står inför osäkerhet kring om ansökan prövas på underlaget som lämnats in.;analysis;;[]
R-B20-G010-01:trigger:01;R-B20-G010-01;B20-G010;B20;B20 – Samråd och miljöbedömning;Fel vald miljöbedömningsväg ger dubbelarbete och omstart;utlösande faktor;1;Verksamhetsutövaren och länsstyrelsen väljer undersökningssamråd för en verksamhet där betydande miljöpåverkan är given.;analysis;;[]
R-B20-G010-01:trigger:02;R-B20-G010-01;B20-G010;B20;B20 – Samråd och miljöbedömning;Fel vald miljöbedömningsväg ger dubbelarbete och omstart;utlösande faktor;2;Projektet planerar att lämna ett förenklat underlag utan att först ha genomfört den undersökning och fått det BMP-beslut som krävs för den valda vägen.;source;MB | MBD;"[""MB"",""MBD""]"
R-B20-G010-01:trigger:03;R-B20-G010-01;B20-G010;B20;B20 – Samråd och miljöbedömning;Fel vald miljöbedömningsväg ger dubbelarbete och omstart;utlösande faktor;3;Projektet ligger inom eller nära ett Natura 2000-område som missas vid initial kartläggning.;analysis;;[]
R-B20-G010-01:trigger:04;R-B20-G010-01;B20-G010;B20;B20 – Samråd och miljöbedömning;Fel vald miljöbedömningsväg ger dubbelarbete och omstart;utlösande faktor;4;Projektet kan påverka ett Natura 2000-område men behovet av tillstånd och ett samlat Natura 2000-underlag har inte integrerats i miljöbedömningsvägen.;source;EXT: HD – NJA 2013 s. 613, mål T 3158-12 https://www.domstol.se/hogsta-domstolen/avgoranden2/2013/37066/;"[""EXT: HD – NJA 2013 s. 613, mål T 3158-12 https://www.domstol.se/hogsta-domstolen/avgoranden2/2013/37066/""]"
R-B20-G010-01:consequence:01;R-B20-G010-01;B20-G010;B20;B20 – Samråd och miljöbedömning;Fel vald miljöbedömningsväg ger dubbelarbete och omstart;konsekvens;1;Förfarandet kan behöva omläggas med nya samråd och nya beslut.;analysis;;[]
R-B20-G010-01:consequence:02;R-B20-G010-01;B20-G010;B20;B20 – Samråd och miljöbedömning;Fel vald miljöbedömningsväg ger dubbelarbete och omstart;konsekvens;2;Kalendertid motsvarande ett helt processled förloras.;analysis;;[]
R-B20-G010-01:consequence:03;R-B20-G010-01;B20-G010;B20;B20 – Samråd och miljöbedömning;Fel vald miljöbedömningsväg ger dubbelarbete och omstart;konsekvens;3;Risken för formella fel som aktualiseras först vid domstolsprövning ökar.;analysis;;[]
R-B20-G010-01:consequence:04;R-B20-G010-01;B20-G010;B20;B20 – Samråd och miljöbedömning;Fel vald miljöbedömningsväg ger dubbelarbete och omstart;konsekvens;4;Miljöbedömningsupplägget kan behöva kompletteras om ett Natura 2000-behov identifieras sent.;source;EXT: HFD 2024 not. 60, mål 4941-23 https://www.domstol.se/hogsta-forvaltningsdomstolen/avgoranden2/2024/153769/;"[""EXT: HFD 2024 not. 60, mål 4941-23 https://www.domstol.se/hogsta-forvaltningsdomstolen/avgoranden2/2024/153769/""]"
R-B20-G010-02:trigger:01;R-B20-G010-02;B20-G010;B20;B20 – Samråd och miljöbedömning;Sektorsspår och Natura-kollisioner fångas inte i vägvalet;utlösande faktor;1;En planerad åtgärd träffas av strandskyddsförbuden och kan därför kräva dispens, men detta parallella behov identifieras inte vid initieringen.;source;STRAND;"[""STRAND""]"
R-B20-G010-02:trigger:02;R-B20-G010-02;B20-G010;B20;B20 – Samråd och miljöbedömning;Sektorsspår och Natura-kollisioner fångas inte i vägvalet;utlösande faktor;2;Projektet omfattar en ledning eller mineralverksamhet för vilken nätkoncession eller ett tillstånd enligt minerallagen krävs, men den separata prövningen vägs inte in i miljöbedömningens upplägg.;source;ELLAG | MINERALLAG;"[""ELLAG"",""MINERALLAG""]"
R-B20-G010-02:trigger:03;R-B20-G010-02;B20-G010;B20;B20 – Samråd och miljöbedömning;Sektorsspår och Natura-kollisioner fångas inte i vägvalet;utlösande faktor;3;Verksamheten utgör en åtgärd som kräver dispens enligt artskyddsbestämmelserna utan att detta gränssnitt beaktas i valet av miljöbedömningsväg.;source;ARTSKYDD;"[""ARTSKYDD""]"
R-B20-G010-02:trigger:04;R-B20-G010-02;B20-G010;B20;B20 – Samråd och miljöbedömning;Sektorsspår och Natura-kollisioner fångas inte i vägvalet;utlösande faktor;4;En angränsande tillståndshavare vars rättigheter konkret kan påverkas identifieras inte som särskilt berörd och tas därför inte med i samrådet.;source;EXT: MÖD – ÖM 12531-22, beslut 22 december 2023 https://www.domstol.se/mark--och-miljooverdomstolen/mark--och-miljooverdomstolens-avgoranden/2023/138757/;"[""EXT: MÖD – ÖM 12531-22, beslut 22 december 2023 https://www.domstol.se/mark--och-miljooverdomstolen/mark--och-miljooverdomstolens-avgoranden/2023/138757/""]"
R-B20-G010-02:trigger:05;R-B20-G010-02;B20-G010;B20;B20 – Samråd och miljöbedömning;Sektorsspår och Natura-kollisioner fångas inte i vägvalet;utlösande faktor;5;Miljöbedömningen utformas enbart utifrån miljöbalkens 6 kapitel utan att integrera parallella tillståndsprocessers specifika underlagskrav.;analysis;;[]
R-B20-G010-02:consequence:01;R-B20-G010-02;B20-G010;B20;B20 – Samråd och miljöbedömning;Sektorsspår och Natura-kollisioner fångas inte i vägvalet;konsekvens;1;Ett sent identifierat sektorskrav kan kräva en separat ansökan eller dispensprövning innan den berörda åtgärden får genomföras.;source;STRAND | ARTSKYDD | ELLAG | MINERALLAG;"[""STRAND"",""ARTSKYDD"",""ELLAG"",""MINERALLAG""]"
R-B20-G010-02:consequence:02;R-B20-G010-02;B20-G010;B20;B20 – Samråd och miljöbedömning;Sektorsspår och Natura-kollisioner fångas inte i vägvalet;konsekvens;2;Det uppstår behov av kompletterande utredningar och förnyade samråd när de missade sektorskraven upptäcks senare i processen.;analysis;;[]
R-B20-G010-02:consequence:03;R-B20-G010-02;B20-G010;B20;B20 – Samråd och miljöbedömning;Sektorsspår och Natura-kollisioner fångas inte i vägvalet;konsekvens;3;Det finns en risk för motstridiga bedömningar mellan olika instanser som kan behöva harmoniseras i efterhand, vilket ökar osäkerheten.;analysis;;[]
R-B20-G010-02:consequence:04;R-B20-G010-02;B20-G010;B20;B20 – Samråd och miljöbedömning;Sektorsspår och Natura-kollisioner fångas inte i vägvalet;konsekvens;4;Processen fördröjs påtagligt på grund av att gränssnitten mellan miljöbedömning och sektorsprocesser inte var hanterade från start.;analysis;;[]
R-B20-G010-03:trigger:01;R-B20-G010-03;B20-G010;B20;B20 – Samråd och miljöbedömning;Pågående reformer gör vägvalet rättsligt rörligt;utlösande faktor;1;Ikraftträdandet av SFS 2026:400 inför nya skriftliga avgränsningsbedömningar som ändrar förutsättningarna för vägvalet under pågående projekt.;source;SFS2026_400;"[""SFS2026_400""]"
R-B20-G010-03:trigger:02;R-B20-G010-03;B20-G010;B20;B20 – Samråd och miljöbedömning;Pågående reformer gör vägvalet rättsligt rörligt;utlösande faktor;2;För en verksamhet eller åtgärd för förnybar energi enligt lag (2026:399) gäller det särskilda bindande omfattningsbeslutet i 6 kap. 32 b § miljöbalken.;source;RENEWABLE | MB;"[""RENEWABLE"",""MB""]"
R-B20-G010-03:trigger:03;R-B20-G010-03;B20-G010;B20;B20 – Samråd och miljöbedömning;Pågående reformer gör vägvalet rättsligt rörligt;utlösande faktor;3;Verksamhetsutövaren planerar och initierar miljöbedömningen efter gamla rutiner utan att beakta de nya kraven i 6 kap. 32 a–32 b §§ MB.;source;MBD | MB;"[""MBD"",""MB""]"
R-B20-G010-03:trigger:04;R-B20-G010-03;B20-G010;B20;B20 – Samråd och miljöbedömning;Pågående reformer gör vägvalet rättsligt rörligt;utlösande faktor;4;Det uppstår osäkerhet kring vilken lydelse av miljöbalken som ska tillämpas vid övergången mellan gammalt och nytt regelverk.;analysis;;[]
R-B20-G010-03:trigger:05;R-B20-G010-03;B20-G010;B20;B20 – Samråd och miljöbedömning;Pågående reformer gör vägvalet rättsligt rörligt;utlösande faktor;5;Den strukturella förändringen med tillkomsten av Miljöprövningsmyndigheten (S1) påverkar aktörslandskapet och handläggningen.;analysis;;[]
R-B20-G010-03:consequence:01;R-B20-G010-03;B20-G010;B20;B20 – Samråd och miljöbedömning;Pågående reformer gör vägvalet rättsligt rörligt;konsekvens;1;Processupplägget kan behöva omläggas för att matcha de nya rättskraven som gäller vid ikraftträdandet.;source;MB;"[""MB""]"
R-B20-G010-03:consequence:02;R-B20-G010-03;B20-G010;B20;B20 – Samråd och miljöbedömning;Pågående reformer gör vägvalet rättsligt rörligt;konsekvens;2;Det uppstår osäkerhet om vilka avgränsningsbedömningar som blir bindande för den specifika verksamheten.;analysis;;[]
R-B20-G010-03:consequence:03;R-B20-G010-03;B20-G010;B20;B20 – Samråd och miljöbedömning;Pågående reformer gör vägvalet rättsligt rörligt;konsekvens;3;Det framtagna underlaget riskerar att inte motsvara de krav som gäller när ansökan lämnas in.;analysis;;[]
R-B20-G020-01:trigger:01;R-B20-G020-01;B20-G020;B20;B20 – Samråd och miljöbedömning;Gränsdragningen mellan full MKB och förenklat underlag missbedöms;utlösande faktor;1;Länsstyrelsen beslutar efter undersökningen att betydande miljöpåverkan inte kan antas, och ansökan förbereds därför med ett förenklat underlag enligt 6 kap. 47 § miljöbalken.;source;MB;"[""MB""]"
R-B20-G020-01:trigger:02;R-B20-G020-01;B20-G020;B20;B20 – Samråd och miljöbedömning;Gränsdragningen mellan full MKB och förenklat underlag missbedöms;utlösande faktor;2;Länsstyrelsens initiala bedömning eller beslut om vilken miljöbedömning som krävs avviker från prövningsmyndighetens senare ställningstagande.;source;MB | NV_EIA;"[""MB"",""NV_EIA""]"
R-B20-G020-01:trigger:03;R-B20-G020-01;B20-G020;B20;B20 – Samråd och miljöbedömning;Gränsdragningen mellan full MKB och förenklat underlag missbedöms;utlösande faktor;3;Praxis utvecklas genom konkreta fall där gränsdragningen för 'betydande miljöpåverkan' tolkas olika mellan instanser, vilket skapar osäkerhet.;analysis;;[]
R-B20-G020-01:trigger:04;R-B20-G020-01;B20-G020;B20;B20 – Samråd och miljöbedömning;Gränsdragningen mellan full MKB och förenklat underlag missbedöms;utlösande faktor;4;Verksamhetsutövaren går på det förenklade spåret i ett gränsfall där risken för att myndigheten kräver full MKB är hög.;analysis;;[]
R-B20-G020-01:consequence:01;R-B20-G020-01;B20-G020;B20;B20 – Samråd och miljöbedömning;Gränsdragningen mellan full MKB och förenklat underlag missbedöms;konsekvens;1;Prövningsmyndigheten kan vid ansökan kräva fullständig miljöbedömning, vilket omintetgör det arbete som lagts ner på det förenklade underlaget.;source;MB | NV_EIA;"[""MB"",""NV_EIA""]"
R-B20-G020-01:consequence:02;R-B20-G020-01;B20-G020;B20;B20 – Samråd och miljöbedömning;Gränsdragningen mellan full MKB och förenklat underlag missbedöms;konsekvens;2;Det uppstår en omläggning mellan spår med förlorade månader av tid för projektet.;analysis;;[]
R-B20-G020-01:consequence:03;R-B20-G020-01;B20-G020;B20;B20 – Samråd och miljöbedömning;Gränsdragningen mellan full MKB och förenklat underlag missbedöms;konsekvens;3;Det finns risk för överinvestering i utredningsarbete om ett fullspår väljs onödigt, eller tvärtom bristande underlag vid felaktig förenkling.;analysis;;[]
R-B20-G020-01:consequence:04;R-B20-G020-01;B20-G020;B20;B20 – Samråd och miljöbedömning;Gränsdragningen mellan full MKB och förenklat underlag missbedöms;konsekvens;4;I värsta fall kan kompletteringskrav eller avvisning av ansökan ske vid ansökan på grund av bristande underlag.;analysis;;[]
R-B20-G080-01:trigger:01;R-B20-G080-01;B20-G080;B20;B20 – Samråd och miljöbedömning;Gränsöverskridande påverkan upptäcks för sent;utlösande faktor;1;Projektets påverkan på annan stat via vattendrag eller luftburna utsläpp bedöms felaktigt som obefintlig utan ordentlig analys.;analysis;;[]
R-B20-G080-01:trigger:02;R-B20-G080-01;B20-G080;B20;B20 – Samråd och miljöbedömning;Gränsöverskridande påverkan upptäcks för sent;utlösande faktor;2;Påverkan på fågel- och fiskmigrationsvägar eller havsområden som korsar gränser identifieras inte tidigt nog i processen.;analysis;;[]
R-B20-G080-01:trigger:03;R-B20-G080-01;B20-G080;B20;B20 – Samråd och miljöbedömning;Gränsöverskridande påverkan upptäcks för sent;utlösande faktor;3;Underrättelseskyldigheten enligt Esboförfarandet bedöms felaktigt och kan leda till att samråd inte inleds i tid.;source;MB;"[""MB""]"
R-B20-G080-01:trigger:04;R-B20-G080-01;B20-G080;B20;B20 – Samråd och miljöbedömning;Gränsöverskridande påverkan upptäcks för sent;utlösande faktor;4;Naturvårdsverket som kontaktpunkt missas eller informeras för sent om den potentiella gränsöverskridande påverkan.;analysis;;[]
R-B20-G080-01:consequence:01;R-B20-G080-01;B20-G080;B20;B20 – Samråd och miljöbedömning;Gränsöverskridande påverkan upptäcks för sent;konsekvens;1;Ett sent aktiverat internationellt förfarande medför ytterligare översättnings- och remissled i processen.;analysis;;[]
R-B20-G080-01:consequence:02;R-B20-G080-01;B20-G080;B20;B20 – Samråd och miljöbedömning;Gränsöverskridande påverkan upptäcks för sent;konsekvens;2;MKB:n kan behöva revideras för att ta hänsyn till de gränsöverskridande effekterna som identifierats sent.;source;MB;"[""MB""]"
R-B20-G080-01:consequence:03;R-B20-G080-01;B20-G080;B20;B20 – Samråd och miljöbedömning;Gränsöverskridande påverkan upptäcks för sent;konsekvens;3;Det kan uppstå rättslig eller diplomatisk friktion med den berörda staten på grund av sen underrättelse.;analysis;;[]
R-B20-START-01:trigger:01;R-B20-START-01;B20-START;B20;B20 – Samråd och miljöbedömning;Samrådet initieras för sent – alternativen är redan låsta;utlösande faktor;1;Miljöbedömningen påbörjas först när lokalisering, teknikval och utformning i praktiken är beslutade inom projektorganisationen.;analysis;;[]
R-B20-START-01:trigger:02;R-B20-START-01;B20-START;B20;B20 – Samråd och miljöbedömning;Samrådet initieras för sent – alternativen är redan låsta;utlösande faktor;2;Samrådet enligt 6 kap. miljöbalken inleds först efter att interna investeringsbeslut eller färdig projektering i praktiken har låst centrala alternativ.;source;MB | NV_EIA;"[""MB"",""NV_EIA""]"
R-B20-START-01:trigger:03;R-B20-START-01;B20-START;B20;B20 – Samråd och miljöbedömning;Samrådet initieras för sent – alternativen är redan låsta;utlösande faktor;3;Genomförda markköp eller andra bindande åtgärder har skett innan samrådets möjlighet att påverka alternativ har utnyttjats.;analysis;;[]
R-B20-START-01:trigger:04;R-B20-START-01;B20-START;B20;B20 – Samråd och miljöbedömning;Samrådet initieras för sent – alternativen är redan låsta;utlösande faktor;4;Alternativredovisningen i den kommande MKB:n blir en retroaktiv motivering snarare än en genuin jämförelse av reella alternativ.;analysis;;[]
R-B20-START-01:consequence:01;R-B20-START-01;B20-START;B20;B20 – Samråd och miljöbedömning;Samrådet initieras för sent – alternativen är redan låsta;konsekvens;1;Samrådet blir i praktiken en informationsövning snarare än ett reellt inflytande för samrådsparterna.;analysis;;[]
R-B20-START-01:consequence:02;R-B20-START-01;B20-START;B20;B20 – Samråd och miljöbedömning;Samrådet initieras för sent – alternativen är redan låsta;konsekvens;2;Det krävs förnyat eller kompletterande samråd eftersom de ursprungliga alternativen inte längre är reella eller trovärdiga.;analysis;;[]
R-B20-START-01:consequence:03;R-B20-START-01;B20-START;B20;B20 – Samråd och miljöbedömning;Samrådet initieras för sent – alternativen är redan låsta;konsekvens;3;Alternativredovisningen kan behöva omarbetas för att spegla de faktiska val som gjorts, vilket tar tid och resurser.;analysis;;[]
R-B20-START-01:consequence:04;R-B20-START-01;B20-START;B20;B20 – Samråd och miljöbedömning;Samrådet initieras för sent – alternativen är redan låsta;konsekvens;4;Alternativredovisningen i MKB:n kan behöva kompletteras om den inte visar vilka rimliga alternativ som har studerats och skälen för det val som gjorts.;source;MB;"[""MB""]"
R-B30-010-01:trigger:01;R-B30-010-01;B30-010;B30;B30 – Miljöfarlig verksamhet;Oöverblickbar villkorshistorik;utlösande faktor;1;Verksamheten har ett grundtillstånd från äldre lagstiftning såsom miljöskyddslagen eller naturvårdslagen.;source;MB;"[""MB""]"
R-B30-010-01:trigger:02;R-B30-010-01;B30-010;B30;B30 – Miljöfarlig verksamhet;Oöverblickbar villkorshistorik;utlösande faktor;2;Det finns en lång följd av ändringstillstånd, anmälningar och tillsynsbeslut som aldrig har konsoliderats i ett enda beslut.;analysis;;[]
R-B30-010-01:trigger:03;R-B30-010-01;B30-010;B30;B30 – Miljöfarlig verksamhet;Oöverblickbar villkorshistorik;utlösande faktor;3;Verksamhetsutövaren redovisar inte villkor från tidigare tillstånd eller anger deras samband med den aktuella ansökan enligt 22 kap. 1 d § MB.;source;MB;"[""MB""]"
R-B30-010-01:trigger:04;R-B30-010-01;B30-010;B30;B30 – Miljöfarlig verksamhet;Oöverblickbar villkorshistorik;utlösande faktor;4;Vissa villkor har upphävts, skjutits upp under prövetid eller aldrig aktualiserats, vilket gör historiken komplex och svåröverskådlig.;analysis;;[]
R-B30-010-01:consequence:01;R-B30-010-01;B30-010;B30;B30 – Miljöfarlig verksamhet;Oöverblickbar villkorshistorik;konsekvens;1;Prövningsinstansen kan förelägga sökanden att redovisa villkorshistoriken tydligare och korrigera sambandet mellan äldre beslut och den aktuella ansökan.;source;MB;"[""MB""]"
R-B30-010-01:consequence:02;R-B30-010-01;B30-010;B30;B30 – Miljöfarlig verksamhet;Oöverblickbar villkorshistorik;konsekvens;2;Det finns risk för felaktig prövningsram om man missar att gamla villkor fortfarande gäller eller att nya regler ska tillämpas.;analysis;;[]
R-B30-010-01:consequence:03;R-B30-010-01;B30-010;B30;B30 – Miljöfarlig verksamhet;Oöverblickbar villkorshistorik;konsekvens;3;Äldre villkor kan oavsiktligt leva kvar eller felaktigt behandlas som upphävda när villkorshistoriken inte går att följa.;analysis;;[]
R-B30-010-01:consequence:04;R-B30-010-01;B30-010;B30;B30 – Miljöfarlig verksamhet;Oöverblickbar villkorshistorik;konsekvens;4;Processen fördröjs i domstolsledet på grund av tvister om vilka villkor som är tillämpliga.;analysis;;[]
R-B30-010-02:trigger:01;R-B30-010-02;B30-010;B30;B30 – Miljöfarlig verksamhet;Äldre beslut saknas i arkiv;utlösande faktor;1;Ett äldre tillstånds klassificering och beslutsmyndighet behövs för den senare behörighetsbedömningen, men originalbeslutet eller dess bilagor saknas i den inventering som görs.;source;EXT: SOU 2022:33 Om prövning och omprövning https://www.riksdagen.se/sv/dokument-och-lagar/dokument/statens-offentliga-utredningar/om-provning-och-omprovning_hab333/;"[""EXT: SOU 2022:33 Om prövning och omprövning https://www.riksdagen.se/sv/dokument-och-lagar/dokument/statens-offentliga-utredningar/om-provning-och-omprovning_hab333/""]"
R-B30-010-02:trigger:02;R-B30-010-02;B30-010;B30;B30 – Miljöfarlig verksamhet;Äldre beslut saknas i arkiv;utlösande faktor;2;Bolagsöverlåtelser har lett till att fysiska arkiv med tekniska bilagor och bevis om delgivning inte överförts eller går att lokalisera hos den nuvarande verksamhetsutövaren.;analysis;;[]
R-B30-010-02:trigger:03;R-B30-010-02;B30-010;B30;B30 – Miljöfarlig verksamhet;Äldre beslut saknas i arkiv;utlösande faktor;3;Det saknas tydliga kopplingar i myndighetsregister mellan äldre tillståndsbeslut och dagens organisationsnummer, vilket försvårar identifieringen av rätt beslutsmyndighet.;analysis;;[]
R-B30-010-02:trigger:04;R-B30-010-02;B30-010;B30;B30 – Miljöfarlig verksamhet;Äldre beslut saknas i arkiv;utlösande faktor;4;Verksamhetens historik innefattar flera bolagsbildningar där de ursprungliga tillståndshavarna inte längre existerar som juridiska personer i det aktuella registret.;analysis;;[]
R-B30-010-02:consequence:01;R-B30-010-02;B30-010;B30;B30 – Miljöfarlig verksamhet;Äldre beslut saknas i arkiv;konsekvens;1;Det kan bli oklart vilken instans som är behörig för en senare omprövning när det ursprungliga tillståndsslaget och beslutsmyndigheten inte kan verifieras.;source;EXT: SOU 2022:33 Om prövning och omprövning https://www.riksdagen.se/sv/dokument-och-lagar/dokument/statens-offentliga-utredningar/om-provning-och-omprovning_hab333/;"[""EXT: SOU 2022:33 Om prövning och omprövning https://www.riksdagen.se/sv/dokument-och-lagar/dokument/statens-offentliga-utredningar/om-provning-och-omprovning_hab333/""]"
R-B30-010-02:consequence:02;R-B30-010-02;B30-010;B30;B30 – Miljöfarlig verksamhet;Äldre beslut saknas i arkiv;konsekvens;2;Prövningsinstansen kan behöva initiera omfattande arkivrekvisitioner hos historiska myndighetsarkiv eller privata aktörer för att återfinna förlorade handlingar.;analysis;;[]
R-B30-010-02:consequence:03;R-B30-010-02;B30-010;B30;B30 – Miljöfarlig verksamhet;Äldre beslut saknas i arkiv;konsekvens;3;Behörighetstvister uppstår mellan olika domstolsnivåer eller myndigheter gällande vem som ska handlägga ärendet, vilket kan medföra processuella förseningar.;analysis;;[]
R-B30-010-02:consequence:04;R-B30-010-02;B30-010;B30;B30 – Miljöfarlig verksamhet;Äldre beslut saknas i arkiv;konsekvens;4;Ansökan riskerar att avvisas om saken inte kan redas ut och den funktionella verksamheten som prövats inte går att fastställa med tillräcklig säkerhet.;analysis;;[]
R-B30-060-01:trigger:01;R-B30-060-01;B30-060;B30;B30 – Miljöfarlig verksamhet;Parallella tillståndsspår missas i gränssnittsmatrisen;utlösande faktor;1;Verksamheten kräver anläggande i vatten vilket utlöser krav på vattenverksamhetsprövning enligt 11 kap. miljöbalken, men detta identifieras inte vid låsningen av prövningsramen.;source;MB;"[""MB""]"
R-B30-060-01:trigger:02;R-B30-060-01;B30-060;B30;B30 – Miljöfarlig verksamhet;Parallella tillståndsspår missas i gränssnittsmatrisen;utlösande faktor;2;Verksamheten kan påverka ett Natura 2000-område eller omfattas av ett strandskyddsdispenskrav som kräver separat prövning eller särskild bedömning utöver den allmänna miljöprövningen.;source;MB | NATURA;"[""MB"",""NATURA""]"
R-B30-060-01:trigger:03;R-B30-060-01;B30-060;B30;B30 – Miljöfarlig verksamhet;Parallella tillståndsspår missas i gränssnittsmatrisen;utlösande faktor;3;Mängden farliga ämnen gör att verksamheten omfattas av Sevesoregler, men den anmälan, säkerhetsrapport eller samordning som gäller för den aktuella kravnivån har inte tagits med i gränssnittsmatrisen.;source;SEVESO;"[""SEVESO""]"
R-B30-060-01:trigger:04;R-B30-060-01;B30-060;B30;B30 – Miljöfarlig verksamhet;Parallella tillståndsspår missas i gränssnittsmatrisen;utlösande faktor;4;Planfrågor enligt PBL kräver att kommunen eller länsstyrelsen tas in i processen, men dessa gränssnitt missas i den initiala matrisen för sektorsspår.;source;PBL;"[""PBL""]"
R-B30-060-01:consequence:01;R-B30-060-01;B30-060;B30;B30 – Miljöfarlig verksamhet;Parallella tillståndsspår missas i gränssnittsmatrisen;konsekvens;1;Separata prövningsspår kan behöva samordnas eller tidsättas om när de upptäcks sent, och frågor som inte ligger inom samma instans behörighet kan inte avgöras i ett enda beslut.;analysis;;[]
R-B30-060-01:consequence:02;R-B30-060-01;B30-060;B30;B30 – Miljöfarlig verksamhet;Parallella tillståndsspår missas i gränssnittsmatrisen;konsekvens;2;Det uppstår behov av kompletterande ansökningar inom andra sektorer som upptäcks sent i processen, vilket försenar hela tillståndsprocessen.;analysis;;[]
R-B30-060-01:consequence:03;R-B30-060-01;B30-060;B30;B30 – Miljöfarlig verksamhet;Parallella tillståndsspår missas i gränssnittsmatrisen;konsekvens;3;Den berörda åtgärden kan behöva avvakta ett separat Natura 2000-tillstånd, en strandskyddsdispens eller ett beslut enligt annat tillämpligt sektorsregelverk.;source;NATURA | PBL | SEVESO;"[""NATURA"",""PBL"",""SEVESO""]"
R-B30-060-01:consequence:04;R-B30-060-01;B30-060;B30;B30 – Miljöfarlig verksamhet;Parallella tillståndsspår missas i gränssnittsmatrisen;konsekvens;4;Underlaget eller processupplägget kan behöva kompletteras eller göras om om ett sent identifierat parallellspår påverkar prövningsramen eller ett redan meddelat avgörande.;analysis;;[]
R-B30-060-02:trigger:01;R-B30-060-02;B30-060;B30;B30 – Miljöfarlig verksamhet;Prövningsramen låses för snävt;utlösande faktor;1;Den sökta ändringen påverkar andra delar av verksamheten så att en begränsad prövning kan vara olämplig enligt 16 kap. 2 a § miljöbalken, men prövningsramen dokumenteras ändå som snäv.;source;MB;"[""MB""]"
R-B30-060-02:trigger:02;R-B30-060-02;B30-060;B30;B30 – Miljöfarlig verksamhet;Prövningsramen låses för snävt;utlösande faktor;2;Ansökan redovisar inte alla tillståndsbestämmelser och villkor som gäller för verksamheten enligt tidigare tillstånd, vilket strider mot kravet på fullständig redovisning.;source;MB;"[""MB""]"
R-B30-060-02:trigger:03;R-B30-060-02;B30-060;B30;B30 – Miljöfarlig verksamhet;Prövningsramen låses för snävt;utlösande faktor;3;Sakägare eller länsstyrelsen identifierar miljöeffekter som ligger utanför den dokumenterade prövningsramen men som är direkt kopplade till den sökta verksamheten.;analysis;;[]
R-B30-060-02:trigger:04;R-B30-060-02;B30-060;B30;B30 – Miljöfarlig verksamhet;Prövningsramen låses för snävt;utlösande faktor;4;I kombinerade mål bryts sammanhållningen mellan den miljöfarliga verksamheten och tillhörande vattenverksamhet på grund av den snäva avgränsningen.;analysis;;[]
R-B30-060-02:consequence:01;R-B30-060-02;B30-060;B30;B30 – Miljöfarlig verksamhet;Prövningsramen låses för snävt;konsekvens;1;Prövningsinstansen utfärdar kompletteringsförelägganden för att få in effekter och villkor som ursprungligen uteslöts från ramen.;source;MB;"[""MB""]"
R-B30-060-02:consequence:02;R-B30-060-02;B30-060;B30;B30 – Miljöfarlig verksamhet;Prövningsramen låses för snävt;konsekvens;2;En utökad kungörelse i domstol krävs för att informera om den vidgade prövningsramen, vilket förlänger processen.;analysis;;[]
R-B30-060-02:consequence:03;R-B30-060-02;B30-060;B30;B30 – Miljöfarlig verksamhet;Prövningsramen låses för snävt;konsekvens;3;Samråds- och utredningsfasen återöppnas eftersom nya underlag kan behöva tas fram för de effekter som nu omfattas av prövningen.;analysis;;[]
R-B30-060-02:consequence:04;R-B30-060-02;B30-060;B30;B30 – Miljöfarlig verksamhet;Prövningsramen låses för snävt;konsekvens;4;Den totala handläggningstiden förlängs påtagligt på grund av de extra administrativa momenten och underlagsinsamlingen.;analysis;;[]
R-B30-070-01:trigger:01;R-B30-070-01;B30-070;B30;B30 – Miljöfarlig verksamhet;MKB:n täcker inte den prövning som faktiskt krävs;utlösande faktor;1;Miljöbedömningen från B20 är framtagen för ett annat prövningsobjekt eller en annan omfattning än den som spårvalet i B30 kräver.;analysis;;[]
R-B30-070-01:trigger:02;R-B30-070-01;B30-070;B30;B30 – Miljöfarlig verksamhet;MKB:n täcker inte den prövning som faktiskt krävs;utlösande faktor;2;Den sökta verksamheten kan antas medföra betydande miljöpåverkan och kräver därför en specifik miljöbedömning, men projektet har endast tagit fram ett förenklat underlag.;source;MB;"[""MB""]"
R-B30-070-01:trigger:03;R-B30-070-01;B30-070;B30;B30 – Miljöfarlig verksamhet;MKB:n täcker inte den prövning som faktiskt krävs;utlösande faktor;3;Underlaget saknar nödvändiga delar för grundvatten-, recipient- eller kumulationsbedömningar som krävs för att bedöma den sökta verksamheten.;analysis;;[]
R-B30-070-01:trigger:04;R-B30-070-01;B30-070;B30;B30 – Miljöfarlig verksamhet;MKB:n täcker inte den prövning som faktiskt krävs;utlösande faktor;4;Alternativunderlaget är ofullständigt eller felaktigt jämfört med de krav som ställs på ansökan för det valda spåret.;analysis;;[]
R-B30-070-01:consequence:01;R-B30-070-01;B30-070;B30;B30 – Miljöfarlig verksamhet;MKB:n täcker inte den prövning som faktiskt krävs;konsekvens;1;Ansökan bedöms inte vara tillräcklig som beslutsunderlag eftersom prövningsinstansen inte kan bedöma miljöeffekterna på det ingivna underlaget.;source;MB;"[""MB""]"
R-B30-070-01:consequence:02;R-B30-070-01;B30-070;B30;B30 – Miljöfarlig verksamhet;MKB:n täcker inte den prövning som faktiskt krävs;konsekvens;2;Prövningsinstansen utfärdar kompletteringsförelägganden för att få in saknade underlag som grundvatten- eller recipientdata.;analysis;;[]
R-B30-070-01:consequence:03;R-B30-070-01;B30-070;B30;B30 – Miljöfarlig verksamhet;MKB:n täcker inte den prövning som faktiskt krävs;konsekvens;3;Ansökan riskerar att avvisas om de väsentliga bristerna i miljöbedömningen inte kan avhjälpas.;source;MB;"[""MB""]"
R-B30-070-01:consequence:04;R-B30-070-01;B30-070;B30;B30 – Miljöfarlig verksamhet;MKB:n täcker inte den prövning som faktiskt krävs;konsekvens;4;Ansökan riskerar att avslås på sakgrund om underlaget inte kan kompletteras till en nivå som möjliggör en positiv bedömning.;analysis;;[]
R-B30-070-02:trigger:01;R-B30-070-02;B30-070;B30;B30 – Miljöfarlig verksamhet;Förenklat underlag ifrågasätts vid ändring;utlösande faktor;1;Prövningsmyndigheten bedömer att underlaget inte är tillräckligt för en förenklad prövning och att fullständig miljöbedömning enligt 6 kap. miljöbalken krävs.;source;NV_EIA;"[""NV_EIA""]"
R-B30-070-02:trigger:02;R-B30-070-02;B30-070;B30;B30 – Miljöfarlig verksamhet;Förenklat underlag ifrågasätts vid ändring;utlösande faktor;2;Motparter eller prövningsinstans ifrågasätter den för snäva avgränsningen i det förenklade miljöunderlaget under fullständighetsgranskningen.;analysis;;[]
R-B30-070-02:trigger:03;R-B30-070-02;B30-070;B30;B30 – Miljöfarlig verksamhet;Förenklat underlag ifrågasätts vid ändring;utlösande faktor;3;Frågan om omfattningen aktualiseras först vid avgörandet eller överklagande, där det framkommer att bedömningens omfattning inte anpassats till verksamheten.;analysis;;[]
R-B30-070-02:trigger:04;R-B30-070-02;B30-070;B30;B30 – Miljöfarlig verksamhet;Förenklat underlag ifrågasätts vid ändring;utlösande faktor;4;Projektet tillämpar Naturvårdsverkets vägledning utan att anpassa det förenklade underlaget till den aktuella verksamhetens konkreta miljöeffekter.;analysis;;[]
R-B30-070-02:consequence:01;R-B30-070-02;B30-070;B30;B30 – Miljöfarlig verksamhet;Förenklat underlag ifrågasätts vid ändring;konsekvens;1;Det krävs kompletteringar till MKB-nivå mitt i handläggningen, vilket bryter mot den ursprungliga tidsplanen.;analysis;;[]
R-B30-070-02:consequence:02;R-B30-070-02;B30-070;B30;B30 – Miljöfarlig verksamhet;Förenklat underlag ifrågasätts vid ändring;konsekvens;2;Författnings- och kungörelsemoment försenas eftersom nya underlag kan behöva tas fram och publiceras.;analysis;;[]
R-B30-070-02:consequence:03;R-B30-070-02;B30-070;B30;B30 – Miljöfarlig verksamhet;Förenklat underlag ifrågasätts vid ändring;konsekvens;3;Prövningsmyndigheten kan förelägga om komplettering och, om en väsentlig brist inte avhjälps, avvisa ansökan.;source;MB;"[""MB""]"
R-B30-070-02:consequence:04;R-B30-070-02;B30-070;B30;B30 – Miljöfarlig verksamhet;Förenklat underlag ifrågasätts vid ändring;konsekvens;4;Processen blir mer resurskrävande och kostsam för både sökande och myndighet på grund av den efterhandsjusteringen av underlaget.;analysis;;[]
R-B30-100-01:trigger:01;R-B30-100-01;B30-100;B30;B30 – Miljöfarlig verksamhet;Oprecisa yrkanden stjälper handläggningen;utlösande faktor;1;Ansökan sammanställs utan preciserade yrkanden om verksamhetens omfattning, utsläppsnivåer och villkor enligt 22 kap. 1–1 g §§ miljöbalken.;source;MB;"[""MB""]"
R-B30-100-01:trigger:02;R-B30-100-01;B30-100;B30;B30 – Miljöfarlig verksamhet;Oprecisa yrkanden stjälper handläggningen;utlösande faktor;2;Det finns inbördes motsägelser mellan den tekniska beskrivningen, miljöbedömningen och villkorsförslaget i ansökan.;analysis;;[]
R-B30-100-01:trigger:03;R-B30-100-01;B30-100;B30;B30 – Miljöfarlig verksamhet;Oprecisa yrkanden stjälper handläggningen;utlösande faktor;3;Yrkanden och bilagor har tagits fram av olika delteam utan en gemensam kontroll av att de beskriver samma sökta verksamhet.;analysis;;[]
R-B30-100-01:trigger:04;R-B30-100-01;B30-100;B30;B30 – Miljöfarlig verksamhet;Oprecisa yrkanden stjälper handläggningen;utlösande faktor;4;Yrkandena hänvisar till framtida detaljprojektering eller senare överenskommelser i stället för att ange den ram som ska prövas.;analysis;;[]
R-B30-100-01:consequence:01;R-B30-100-01;B30-100;B30;B30 – Miljöfarlig verksamhet;Oprecisa yrkanden stjälper handläggningen;konsekvens;1;Prövningsinstansen förelägger sökanden att avhjälpa bristerna enligt 22 kap. 2 § miljöbalken.;source;MB;"[""MB""]"
R-B30-100-01:consequence:02;R-B30-100-01;B30-100;B30;B30 – Miljöfarlig verksamhet;Oprecisa yrkanden stjälper handläggningen;konsekvens;2;Ansökan riskerar att avvisas om föreläggandet att avhjälpa brister inte följs.;source;MB;"[""MB""]"
R-B30-100-01:consequence:03;R-B30-100-01;B30-100;B30;B30 – Miljöfarlig verksamhet;Oprecisa yrkanden stjälper handläggningen;konsekvens;3;Handläggningsmomenten skjuts upp på grund av de nödvändiga kompletteringsrundorna.;analysis;;[]
R-B30-100-01:consequence:04;R-B30-100-01;B30-100;B30;B30 – Miljöfarlig verksamhet;Oprecisa yrkanden stjälper handläggningen;konsekvens;4;Motparter och remissinstanser kan behöva yttra sig på nytt när yrkandena preciseras så sent att prövningsramen förändras.;analysis;;[]
R-B30-100-02:trigger:01;R-B30-100-02;B30-100;B30;B30 – Miljöfarlig verksamhet;Villkorsförslagen krockar med tillståndshistoriken;utlösande faktor;1;Ansökan innehåller formuleringar av nya villkor som inte explicit refererar till eller upphäver motsvarande äldre villkor i den gällande tillståndshistoriken.;source;EXT: Regeringens proposition 2023/24:152 https://www.riksdagen.se/sv/dokument-och-lagar/dokument/proposition/steg-pa-vagen-mot-en-mer-effektiv-miljoprovning_hb03152/;"[""EXT: Regeringens proposition 2023/24:152 https://www.riksdagen.se/sv/dokument-och-lagar/dokument/proposition/steg-pa-vagen-mot-en-mer-effektiv-miljoprovning_hb03152/""]"
R-B30-100-02:trigger:02;R-B30-100-02;B30-100;B30;B30 – Miljöfarlig verksamhet;Villkorsförslagen krockar med tillståndshistoriken;utlösande faktor;2;Prövningen avser en ändring eller sammanställning där det saknas en tydlig redovisning i ansökan om hur de föreslagna villkoren förhåller sig till tidigare meddelade beslut.;source;MB;"[""MB""]"
R-B30-100-02:trigger:03;R-B30-100-02;B30-100;B30;B30 – Miljöfarlig verksamhet;Villkorsförslagen krockar med tillståndshistoriken;utlösande faktor;3;Det finns en komplex historik av staplade ändringstillstånd som gör det svårt att överblicka vilka villkor som fortfarande gäller utan explicit konsolidering.;analysis;;[]
R-B30-100-02:trigger:04;R-B30-100-02;B30-100;B30;B30 – Miljöfarlig verksamhet;Villkorsförslagen krockar med tillståndshistoriken;utlösande faktor;4;Ansökningsunderlaget lämnas in med bristande tydlighet kring vilka gamla villkor som ska ersättas, vilket skapar oklarhet om räckvidden av de nya förslagen.;analysis;;[]
R-B30-100-02:consequence:01;R-B30-100-02;B30-100;B30;B30 – Miljöfarlig verksamhet;Villkorsförslagen krockar med tillståndshistoriken;konsekvens;1;Domstolen meddelar villkor som överlappar eller motsäger tidigare beslut, vilket skapar en osäker och betungande villkorsbild.;source;EXT: Regeringens proposition 2023/24:152 https://www.riksdagen.se/sv/dokument-och-lagar/dokument/proposition/steg-pa-vagen-mot-en-mer-effektiv-miljoprovning_hb03152/;"[""EXT: Regeringens proposition 2023/24:152 https://www.riksdagen.se/sv/dokument-och-lagar/dokument/proposition/steg-pa-vagen-mot-en-mer-effektiv-miljoprovning_hb03152/""]"
R-B30-100-02:consequence:02;R-B30-100-02;B30-100;B30;B30 – Miljöfarlig verksamhet;Villkorsförslagen krockar med tillståndshistoriken;konsekvens;2;Gamla villkor lämnas kvar i kraft utan att någon längre vet om de gäller, vilket kan medföra dubbla eller motstridiga villkor i kraft samtidigt.;analysis;;[]
R-B30-100-02:consequence:03;R-B30-100-02;B30-100;B30;B30 – Miljöfarlig verksamhet;Villkorsförslagen krockar med tillståndshistoriken;konsekvens;3;Det uppstår tvister vid tillsyn om vad som gäller, vilket kan medföra behov av nya ansökningar eller omprövningar för att reda ut villkorsbilden.;analysis;;[]
R-B30-100-02:consequence:04;R-B30-100-02;B30-100;B30;B30 – Miljöfarlig verksamhet;Villkorsförslagen krockar med tillståndshistoriken;konsekvens;4;Tillsynskonflikter uppstår långt efter det att domen vunnit laga kraft på grund av den oklara villkorsbilden.;analysis;;[]
R-B30-C100-01:trigger:01;R-B30-C100-01;B30-C100;B30;B30 – Miljöfarlig verksamhet;Anmälan håller inte för BMP-prövningen;utlösande faktor;1;Anmälan utformas med bristfälliga uppgifter om teknik, utsläpp eller omgivningspåverkan som hindrar bedömning av betydande miljöpåverkan.;source;EXT: Naturvårdsverket, Anmälningsärenden https://www.naturvardsverket.se/vagledning-och-stod/miljobalken/tillsyn-enligt-miljobalken/genomfora-tillsyn/anmalningsarenden/;"[""EXT: Naturvårdsverket, Anmälningsärenden https://www.naturvardsverket.se/vagledning-och-stod/miljobalken/tillsyn-enligt-miljobalken/genomfora-tillsyn/anmalningsarenden/""]"
R-B30-C100-01:trigger:02;R-B30-C100-01;B30-C100;B30;B30 – Miljöfarlig verksamhet;Anmälan håller inte för BMP-prövningen;utlösande faktor;2;Underlaget möjliggör inte en BMP-bedömning enligt 26 a § FMH eftersom nödvändiga uppgifter saknas för att bedöma kriterierna i 10–13 §§ MBD.;source;FMH;"[""FMH""]"
R-B30-C100-01:trigger:03;R-B30-C100-01;B30-C100;B30;B30 – Miljöfarlig verksamhet;Anmälan håller inte för BMP-prövningen;utlösande faktor;3;Tillsynsmyndigheten kan inte på basis av anmälningsunderlaget fastställa om verksamheten eller ändringen kan antas medföra betydande miljöpåverkan.;analysis;;[]
R-B30-C100-01:trigger:04;R-B30-C100-01;B30-C100;B30;B30 – Miljöfarlig verksamhet;Anmälan håller inte för BMP-prövningen;utlösande faktor;4;Anmälan saknar den detaljnivå som krävs för att myndigheten ska kunna göra en fullständig bedömning utan ytterligare underlag.;analysis;;[]
R-B30-C100-01:consequence:01;R-B30-C100-01;B30-C100;B30;B30 – Miljöfarlig verksamhet;Anmälan håller inte för BMP-prövningen;konsekvens;1;Myndigheten ska förelägga verksamhetsutövaren att ansöka om tillstånd om verksamheten kan antas medföra betydande miljöpåverkan.;source;FMH;"[""FMH""]"
R-B30-C100-01:consequence:02;R-B30-C100-01;B30-C100;B30;B30 – Miljöfarlig verksamhet;Anmälan håller inte för BMP-prövningen;konsekvens;2;Myndigheten begär komplettering av de uppgifter som behövs för BMP-bedömningen, vilket förskjuter den tidigaste möjliga starten.;analysis;;[]
R-B30-C100-01:consequence:03;R-B30-C100-01;B30-C100;B30;B30 – Miljöfarlig verksamhet;Anmälan håller inte för BMP-prövningen;konsekvens;3;Ett föreläggande att ansöka om tillstånd ger en väsentligt annan tid- och kostnadsbild än den planerade anmälningsprocessen.;analysis;;[]
R-B30-C100-01:consequence:04;R-B30-C100-01;B30-C100;B30;B30 – Miljöfarlig verksamhet;Anmälan håller inte för BMP-prövningen;konsekvens;4;Processen försenas eftersom anmälan kräver komplettering eller övergår till en tillståndsprövning.;analysis;;[]
R-B30-C110-01:trigger:01;R-B30-C110-01;B30-C110;B30;B30 – Miljöfarlig verksamhet;Anmälan registreras hos fel tillsynsmyndighet;utlösande faktor;1;Anmälan lämnas till ett annat organ än den tillsynsmyndighet som enligt den aktuella ansvarsfördelningen ska handlägga verksamheten.;source;FMH;"[""FMH""]"
R-B30-C110-01:trigger:02;R-B30-C110-01;B30-C110;B30;B30 – Miljöfarlig verksamhet;Anmälan registreras hos fel tillsynsmyndighet;utlösande faktor;2;Tillsynsansvaret har överlåtits mellan länsstyrelse och kommun, men projektet använder en äldre mottagaruppgift.;analysis;;[]
R-B30-C110-01:trigger:03;R-B30-C110-01;B30-C110;B30;B30 – Miljöfarlig verksamhet;Anmälan registreras hos fel tillsynsmyndighet;utlösande faktor;3;Anmälan registreras hos fel myndighet på grund av oklarhet kring vilken instans som har handläggningsansvaret för den aktuella verksamhetstypen.;analysis;;[]
R-B30-C110-01:trigger:04;R-B30-C110-01;B30-C110;B30;B30 – Miljöfarlig verksamhet;Anmälan registreras hos fel tillsynsmyndighet;utlösande faktor;4;Det sker en felaktig hantering av anmälan eftersom startkraven och behörighetsfrågor inte beaktas vid inlämning.;analysis;;[]
R-B30-C110-01:consequence:01;R-B30-C110-01;B30-C110;B30;B30 – Miljöfarlig verksamhet;Anmälan registreras hos fel tillsynsmyndighet;konsekvens;1;Handläggningen enligt FMH behöver ske hos den behöriga tillsynsmyndigheten innan de beslutsknutna startkraven kan anses hanterade.;source;FMH;"[""FMH""]"
R-B30-C110-01:consequence:02;R-B30-C110-01;B30-C110;B30;B30 – Miljöfarlig verksamhet;Anmälan registreras hos fel tillsynsmyndighet;konsekvens;2;"Det uppstår osäkerhet om när verksamheten får påbörjas; när en tillämplig frist eller ett startkrav aktualiseras måste bedömas enligt regeln för det konkreta ärendet och hanteringen av den feladresserade anmälan.";analysis;;[]
R-B30-C110-01:consequence:03;R-B30-C110-01;B30-C110;B30;B30 – Miljöfarlig verksamhet;Anmälan registreras hos fel tillsynsmyndighet;konsekvens;3;Det finns en risk att drift startar utan att behörig myndighet prövat ärendet, vilket kan medföra tillsynsåtgärder.;analysis;;[]
R-B30-C110-01:consequence:04;R-B30-C110-01;B30-C110;B30;B30 – Miljöfarlig verksamhet;Anmälan registreras hos fel tillsynsmyndighet;konsekvens;4;Ett överlämnande mellan kommun och länsstyrelse försenar processen ytterligare genom administrativ hantering av felregistrering.;analysis;;[]
R-B30-C120-01:trigger:01;R-B30-C120-01;B30-C120;B30;B30 – Miljöfarlig verksamhet;Anmälningsärendet saknar slutdatum utanför BMP-fristen;utlösande faktor;1;Tillsynsmyndigheten saknar tid eller kompetens att slutföra utredningen av anmälningsärendet.;analysis;;[]
R-B30-C120-01:trigger:02;R-B30-C120-01;B30-C120;B30;B30 – Miljöfarlig verksamhet;Anmälningsärendet saknar slutdatum utanför BMP-fristen;utlösande faktor;2;Anmälan omfattas inte av BMP-prövningen enligt 26 a § FMH och därmed inte av den bestämda sexveckorsfrist för BMP-beslutet som anges i 26 c § FMH.;source;FMH;"[""FMH""]"
R-B30-C120-01:trigger:03;R-B30-C120-01;B30-C120;B30;B30 – Miljöfarlig verksamhet;Anmälningsärendet saknar slutdatum utanför BMP-fristen;utlösande faktor;3;Ärendet dröjer sig kvar eftersom det inte finns samma strikta tidsgränser för anmälningsärenden som för tillståndsprövning.;analysis;;[]
R-B30-C120-01:trigger:04;R-B30-C120-01;B30-C120;B30;B30 – Miljöfarlig verksamhet;Anmälningsärendet saknar slutdatum utanför BMP-fristen;utlösande faktor;4;Ärendet kräver remiss, komplettering eller teknisk bedömning som fortsätter efter att en eventuell BMP-bedömning har avslutats.;analysis;;[]
R-B30-C120-01:consequence:01;R-B30-C120-01;B30-C120;B30;B30 – Miljöfarlig verksamhet;Anmälningsärendet saknar slutdatum utanför BMP-fristen;konsekvens;1;Projektet kan inte säkert sätta startdatum eftersom ärendet ligger utan avgörande.;analysis;;[]
R-B30-C120-01:consequence:02;R-B30-C120-01;B30-C120;B30;B30 – Miljöfarlig verksamhet;Anmälningsärendet saknar slutdatum utanför BMP-fristen;konsekvens;2;Investerings- och entreprenadavtal fördröjs på grund av den osäkra handläggningstiden.;analysis;;[]
R-B30-C120-01:consequence:03;R-B30-C120-01;B30-C120;B30;B30 – Miljöfarlig verksamhet;Anmälningsärendet saknar slutdatum utanför BMP-fristen;konsekvens;3;"En anmälan ger inte ett tillstånds rättskraft; senare tillsynskrav kan därför aktualiseras om det finns rättslig grund.";source;EXT: Naturvårdsverket, Anmälningsärenden https://www.naturvardsverket.se/vagledning-och-stod/miljobalken/tillsyn-enligt-miljobalken/genomfora-tillsyn/anmalningsarenden/;"[""EXT: Naturvårdsverket, Anmälningsärenden https://www.naturvardsverket.se/vagledning-och-stod/miljobalken/tillsyn-enligt-miljobalken/genomfora-tillsyn/anmalningsarenden/""]"
R-B30-C120-01:consequence:04;R-B30-C120-01;B30-C120;B30;B30 – Miljöfarlig verksamhet;Anmälningsärendet saknar slutdatum utanför BMP-fristen;konsekvens;4;Om ett ärende som en enskild har inlett inte har avgjorts i första instans inom sex månader kan den enskilde, om förutsättningarna i 12 § förvaltningslagen är uppfyllda, skriftligen begära att myndigheten avgör ärendet.;source;FL;"[""FL""]"
R-B30-C120-02:trigger:01;R-B30-C120-02;B30-C120;B30;B30 – Miljöfarlig verksamhet;Yttranden från berörda eskalerar ärendet;utlösande faktor;1;Grannar, miljöorganisationer eller andra sakägare framför invändningar om buller, lukt, trafik eller hälsofaror när de bereds tillfälle att yttra sig.;source;FMH;"[""FMH""]"
R-B30-C120-02:trigger:02;R-B30-C120-02;B30-C120;B30;B30 – Miljöfarlig verksamhet;Yttranden från berörda eskalerar ärendet;utlösande faktor;2;Anmälningsunderlaget behandlar inte lokala buller-, lukt-, trafik- eller hälsoskyddsfrågor som de berörda känner till från platsen.;analysis;;[]
R-B30-C120-02:trigger:03;R-B30-C120-02;B30-C120;B30;B30 – Miljöfarlig verksamhet;Yttranden från berörda eskalerar ärendet;utlösande faktor;3;Tidigare störningar eller en långvarig förtroendekonflikt gör att berörda lämnar många detaljerade invändningar mot anmälan.;analysis;;[]
R-B30-C120-02:trigger:04;R-B30-C120-02;B30-C120;B30;B30 – Miljöfarlig verksamhet;Yttranden från berörda eskalerar ärendet;utlösande faktor;4;Ett i övrigt okomplicerat C-ärende blir föremål för organiserat motstånd som kräver extra utredningsinsatser.;analysis;;[]
R-B30-C120-02:consequence:01;R-B30-C120-02;B30-C120;B30;B30 – Miljöfarlig verksamhet;Yttranden från berörda eskalerar ärendet;konsekvens;1;Myndigheten beslutar om fördjupad utredning eller försiktighetsmått i stället för en enkel underrättelse.;analysis;;[]
R-B30-C120-02:consequence:02;R-B30-C120-02;B30-C120;B30;B30 – Miljöfarlig verksamhet;Yttranden från berörda eskalerar ärendet;konsekvens;2;Tillsynsmyndigheten kan förelägga verksamhetsutövaren att ansöka om tillstånd om förutsättningarna för ett sådant föreläggande är uppfyllda.;source;FMH;"[""FMH""]"
R-B30-C120-02:consequence:03;R-B30-C120-02;B30-C120;B30;B30 – Miljöfarlig verksamhet;Yttranden från berörda eskalerar ärendet;konsekvens;3;Handläggningen förlängs påtagligt på grund av behovet av att bemöta invändningarna och komplettera underlaget.;analysis;;[]
R-B30-C120-02:consequence:04;R-B30-C120-02;B30-C120;B30;B30 – Miljöfarlig verksamhet;Yttranden från berörda eskalerar ärendet;konsekvens;4;Grannsämjsklimatet försämras inför kommande tillståndsprocesser på grund av det organiserade motståndet.;analysis;;[]
R-B30-C170-01:trigger:01;R-B30-C170-01;B30-C170;B30;B30 – Miljöfarlig verksamhet;Verksamheten startar utan att startkraven uppfyllts;utlösande faktor;1;Verksamhetsutövaren påbörjar driften innan tillsynsmyndigheten beslutat att betydande miljöpåverkan inte kan antas enligt 26 e § FMH.;source;FMH;"[""FMH""]"
R-B30-C170-01:trigger:02;R-B30-C170-01;B30-C170;B30;B30 – Miljöfarlig verksamhet;Verksamheten startar utan att startkraven uppfyllts;utlösande faktor;2;Projektplanen behandlar registrerad anmälan eller utgången av sex veckor som ett automatiskt startklartecken, trots att 26 e § FMH kräver ett uttryckligt negativt BMP-beslut för verksamheter som omfattas av 26 a §.;source;FMH;"[""FMH""]"
R-B30-C170-01:trigger:03;R-B30-C170-01;B30-C170;B30;B30 – Miljöfarlig verksamhet;Verksamheten startar utan att startkraven uppfyllts;utlösande faktor;3;För viss avfallsbehandling krävs ett föreläggande om försiktighetsmått enligt 27 a § som ännu inte meddelats.;source;FMH;"[""FMH""]"
R-B30-C170-01:trigger:04;R-B30-C170-01;B30-C170;B30;B30 – Miljöfarlig verksamhet;Verksamheten startar utan att startkraven uppfyllts;utlösande faktor;4;Tillsynsmyndigheten har bestämt en senare starttid enligt 26 f § FMH som inte respekteras av utövaren.;source;FMH;"[""FMH""]"
R-B30-C170-01:consequence:01;R-B30-C170-01;B30-C170;B30;B30 – Miljöfarlig verksamhet;Verksamheten startar utan att startkraven uppfyllts;konsekvens;1;Tillsynsmyndigheten kan ingripa mot verksamhetsutövaren om driften har påbörjats i strid med en tillämplig startspärr.;source;MB;"[""MB""]"
R-B30-C170-01:consequence:02;R-B30-C170-01;B30-C170;B30;B30 – Miljöfarlig verksamhet;Verksamheten startar utan att startkraven uppfyllts;konsekvens;2;Straffansvar enligt 29 kap. MB eller miljösanktionsavgift enligt 30 kap. MB kan föreligga beroende på den konkreta överträdelsen.;source;MB;"[""MB""]"
R-B30-C170-01:consequence:03;R-B30-C170-01;B30-C170;B30;B30 – Miljöfarlig verksamhet;Verksamheten startar utan att startkraven uppfyllts;konsekvens;3;Tillsynsmyndigheten kan förbjuda fortsatt drift eller förelägga om rättelse om verksamheten har startat i strid med tillämpliga startkrav.;analysis;;[]
R-B30-C170-01:consequence:04;R-B30-C170-01;B30-C170;B30;B30 – Miljöfarlig verksamhet;Verksamheten startar utan att startkraven uppfyllts;konsekvens;4;Verksamhetsutövarens trovärdighet försämras, vilket försvårar kommande tillståndsprövningar.;analysis;;[]
R-B30-C170-02:trigger:01;R-B30-C170-02;B30-C170;B30;B30 – Miljöfarlig verksamhet;Parallella beslut osynkade med anmälningsspåret;utlösande faktor;1;Bygglovsbeslutet överklagas till behörig överprövningsinstans innan miljöanmälan har registrerats som fullständig, vilket skapar en rättslig osäkerhet kring projektets fysiska grund.;analysis;;[]
R-B30-C170-02:trigger:02;R-B30-C170-02;B30-C170;B30;B30 – Miljöfarlig verksamhet;Parallella beslut osynkade med anmälningsspåret;utlösande faktor;2;Nödvändig strandskyddsdispens för den planerade åtgärden saknas, har löpt ut eller har nekats, så att åtgärden inte får utföras inom strandskyddsområdet.;source;STRAND;"[""STRAND""]"
R-B30-C170-02:trigger:03;R-B30-C170-02;B30-C170;B30;B30 – Miljöfarlig verksamhet;Parallella beslut osynkade med anmälningsspåret;utlösande faktor;3;Den nya lagringen medför att verksamheten omfattas av Sevesoregler som inte har hanterats i tid i det parallella säkerhets- och myndighetsspåret.;source;SEVESO;"[""SEVESO""]"
R-B30-C170-02:trigger:04;R-B30-C170-02;B30-C170;B30;B30 – Miljöfarlig verksamhet;Parallella beslut osynkade med anmälningsspåret;utlösande faktor;4;Ett annat nödvändigt sektorsbeslut eller en registrering dröjer, trots att miljöanmälan är färdigbehandlad.;analysis;;[]
R-B30-C170-02:trigger:05;R-B30-C170-02;B30-C170;B30;B30 – Miljöfarlig verksamhet;Parallella beslut osynkade med anmälningsspåret;utlösande faktor;5;Parallella ansökningar handläggs enligt olika tidplaner, så att ett eller flera nödvändiga beslut ännu inte har vunnit laga kraft när miljöanmälan är färdigbehandlad.;analysis;;[]
R-B30-C170-02:consequence:01;R-B30-C170-02;B30-C170;B30;B30 – Miljöfarlig verksamhet;Parallella beslut osynkade med anmälningsspåret;konsekvens;1;Byggstart eller drift kan mötas av tillsynsingripanden eller krav på rättelse om ett nödvändigt parallellt beslut saknas.;analysis;;[]
R-B30-C170-02:consequence:02;R-B30-C170-02;B30-C170;B30;B30 – Miljöfarlig verksamhet;Parallella beslut osynkade med anmälningsspåret;konsekvens;2;Projektet kan behöva avvakta tills tillämpliga startkrav i de parallella besluten är uppfyllda.;source;FMH;"[""FMH""]"
R-B30-C170-02:consequence:03;R-B30-C170-02;B30-C170;B30;B30 – Miljöfarlig verksamhet;Parallella beslut osynkade med anmälningsspåret;konsekvens;3;Entreprenörer eller kunder väcker avtalsrättsliga anspråk på skadestånd för dröjsmål eller utebliven leverans.;analysis;;[]
R-B30-C170-02:consequence:04;R-B30-C170-02;B30-C170;B30;B30 – Miljöfarlig verksamhet;Parallella beslut osynkade med anmälningsspåret;konsekvens;4;Anmälningsspåret ger inte i sig rätt att uppföra eller driva en anläggning i strid med andra tillämpliga beslut.;analysis;;[]
R-B30-G020-01:trigger:01;R-B30-G020-01;B30-G020;B30;B30 – Miljöfarlig verksamhet;Felaktig verksamhetskod väljs;utlösande faktor;1;Anläggningen omfattas av flera verksamhetskoder i miljöprövningsförordningen samtidigt, vilket skapar tveksamhet kring vilken kod som ska vara avgörande.;analysis;;[]
R-B30-G020-01:trigger:02;R-B30-G020-01;B30-G020;B30;B30 – Miljöfarlig verksamhet;Felaktig verksamhetskod väljs;utlösande faktor;2;Den faktiska mängden eller kapaciteten för verksamheten ligger nära en tröskelgräns i miljöprövningsförordningen som skiljer tillståndsplikt från anmälningsplikt.;source;MPF;"[""MPF""]"
R-B30-G020-01:trigger:03;R-B30-G020-01;B30-G020;B30;B30 – Miljöfarlig verksamhet;Felaktig verksamhetskod väljs;utlösande faktor;3;Tolkningen av moderna energianläggningar med flera bränslen kan leda till att sektorskapitlens krav på enskilda delprocesser missbedöms.;analysis;;[]
R-B30-G020-01:trigger:04;R-B30-G020-01;B30-G020;B30;B30 – Miljöfarlig verksamhet;Felaktig verksamhetskod väljs;utlösande faktor;4;Klassificeringen återanvänder en äldre version av miljöprövningsförordningens verksamhetskoder eller tröskelvärden efter att regleringen har ändrats.;source;MPF;"[""MPF""]"
R-B30-G020-01:trigger:05;R-B30-G020-01;B30-G020;B30;B30 – Miljöfarlig verksamhet;Felaktig verksamhetskod väljs;utlösande faktor;5;Ansökan lämnas in med en verksamhetskod som inte speglar den faktiska utformningen av anläggningen, vilket upptäcks först vid handläggning.;analysis;;[]
R-B30-G020-01:consequence:01;R-B30-G020-01;B30-G020;B30;B30 – Miljöfarlig verksamhet;Felaktig verksamhetskod väljs;konsekvens;1;Den faktiska verksamheten kan omfattas av en annan tillstånds- eller anmälningsnivå och därmed av en annan första instans än den som ansökan bygger på.;source;MPF;"[""MPF""]"
R-B30-G020-01:consequence:02;R-B30-G020-01;B30-G020;B30;B30 – Miljöfarlig verksamhet;Felaktig verksamhetskod väljs;konsekvens;2;Tiden i handläggningskön förloras eftersom en ny ansökan med korrekt klassificering kan behöva lämnas in från grunden.;analysis;;[]
R-B30-G020-01:consequence:03;R-B30-G020-01;B30-G020;B30;B30 – Miljöfarlig verksamhet;Felaktig verksamhetskod väljs;konsekvens;3;Underlaget för ansökan kan behöva omarbetas omfattande för att motsvara den korrekta prövningsnivån, vilket ökar kostnaderna.;analysis;;[]
R-B30-G020-01:consequence:04;R-B30-G020-01;B30-G020;B30;B30 – Miljöfarlig verksamhet;Felaktig verksamhetskod väljs;konsekvens;4;Rättsosäkerhet uppstår kring om ansökan överhuvudtaget kan handläggas som inlämnad eller om den kan behöva läggas ned.;analysis;;[]
R-B30-G020-02:trigger:01;R-B30-G020-02;B30-G020;B30;B30 – Miljöfarlig verksamhet;Kombinationsverksamhet höjer prövningsnivån oväntat;utlösande faktor;1;Kapaciteten för en delprocess beräknas först separat, men den tillämpliga sektorsbestämmelsen ska tillämpas på hela den anläggning som beskrivs och utfallet når då en A-nivå.;source;MPF;"[""MPF""]"
R-B30-G020-02:trigger:02;R-B30-G020-02;B30-G020;B30;B30 – Miljöfarlig verksamhet;Kombinationsverksamhet höjer prövningsnivån oväntat;utlösande faktor;2;Produktionsvolymen för den planerade verksamheten överskrider trösklarna för B-verksamhet när den ses i samband med andra delar av företaget.;analysis;;[]
R-B30-G020-02:trigger:03;R-B30-G020-02;B30-G020;B30;B30 – Miljöfarlig verksamhet;Kombinationsverksamhet höjer prövningsnivån oväntat;utlösande faktor;3;En ny tolkning av den tillämpliga sektorsbestämmelsens beräkningsgrund kan leda till att tidigare separat beräknade verksamhetsdelar måste klassificeras på ett annat sätt.;analysis;;[]
R-B30-G020-02:trigger:04;R-B30-G020-02;B30-G020;B30;B30 – Miljöfarlig verksamhet;Kombinationsverksamhet höjer prövningsnivån oväntat;utlösande faktor;4;Projektet har budgeterat för en B-prövning, men den behöriga prövningsmyndigheten gör en annan bedömning av den faktiska verksamhetens omfattning.;analysis;;[]
R-B30-G020-02:consequence:01;R-B30-G020-02;B30-G020;B30;B30 – Miljöfarlig verksamhet;Kombinationsverksamhet höjer prövningsnivån oväntat;konsekvens;1;Första instans byts från miljöprövningsdelegation till mark- och miljödomstol, vilket ändrar hela processens karaktär.;source;MMDL;"[""MMDL""]"
R-B30-G020-02:consequence:02;R-B30-G020-02;B30-G020;B30;B30 – Miljöfarlig verksamhet;Kombinationsverksamhet höjer prövningsnivån oväntat;konsekvens;2;Byte av instans kan ändra handläggningstiden, men någon projektspecifik tidsökning kan inte härledas enbart från medianer för olika populationer av avgjorda mål och ärenden.;analysis;;[]
R-B30-G020-02:consequence:03;R-B30-G020-02;B30-G020;B30;B30 – Miljöfarlig verksamhet;Kombinationsverksamhet höjer prövningsnivån oväntat;konsekvens;3;Kravet på miljöbedömningsunderlag kan bli mer omfattande, och en fullständig specifik miljöbedömning krävs om verksamheten kan antas medföra betydande miljöpåverkan.;analysis;;[]
R-B30-G020-02:consequence:04;R-B30-G020-02;B30-G020;B30;B30 – Miljöfarlig verksamhet;Kombinationsverksamhet höjer prövningsnivån oväntat;konsekvens;4;Projektets tidplan och budget kan behöva omprövas eftersom kostnaderna för A-prövning är betydligt högre än för B-prövning.;analysis;;[]
R-B30-G030-01:trigger:01;R-B30-G030-01;B30-G030;B30;B30 – Miljöfarlig verksamhet;Fel spår väljs mellan nytt, frivilligt och förelagt tillstånd;utlösande faktor;1;Verksamhetsutövaren missförstår skillnaden mellan obligatorisk tillståndsplikt enligt 9 kap. 6 § miljöbalken och frivillig ansökan enligt 9 kap. 6 b §.;source;MB;"[""MB""]"
R-B30-G030-01:trigger:02;R-B30-G030-01;B30-G030;B30;B30 – Miljöfarlig verksamhet;Fel spår väljs mellan nytt, frivilligt och förelagt tillstånd;utlösande faktor;2;Proposition 2023/24:152 och SFS 2024:963 har ändrat reglerna för förelagd tillståndsplikt, vilket skapar osäkerhet kring vilka övergångsregler som gäller.;source;SFS2024_963 | EXT: Regeringens proposition 2023/24:152 https://www.riksdagen.se/sv/dokument-och-lagar/dokument/proposition/steg-pa-vagen-mot-en-mer-effektiv-miljoprovning_hb03152/;"[""SFS2024_963"",""EXT: Regeringens proposition 2023/24:152 https://www.riksdagen.se/sv/dokument-och-lagar/dokument/proposition/steg-pa-vagen-mot-en-mer-effektiv-miljoprovning_hb03152/""]"
R-B30-G030-01:trigger:03;R-B30-G030-01;B30-G030;B30;B30 – Miljöfarlig verksamhet;Fel spår väljs mellan nytt, frivilligt och förelagt tillstånd;utlösande faktor;3;Ansökan rubriceras som frivillig trots att verksamhetens faktiska omfattning eller ändring redan träffas av en bestämmelse om obligatorisk tillståndsplikt.;analysis;;[]
R-B30-G030-01:trigger:04;R-B30-G030-01;B30-G030;B30;B30 – Miljöfarlig verksamhet;Fel spår väljs mellan nytt, frivilligt och förelagt tillstånd;utlösande faktor;4;Verksamhetsutövaren väljer strategiskt ett spår som inte håller vid prövning eftersom kraven för anmälan inte uppfylls i verkligheten.;analysis;;[]
R-B30-G030-01:trigger:05;R-B30-G030-01;B30-G030;B30;B30 – Miljöfarlig verksamhet;Fel spår väljs mellan nytt, frivilligt och förelagt tillstånd;utlösande faktor;5;Tillsynsmyndigheten bedömer att ett föreläggande enligt 9 kap. 6 a § är nödvändigt, vilket tvingar fram en ansökan istället för en anmälan.;source;MB;"[""MB""]"
R-B30-G030-01:consequence:01;R-B30-G030-01;B30-G030;B30;B30 – Miljöfarlig verksamhet;Fel spår väljs mellan nytt, frivilligt och förelagt tillstånd;konsekvens;1;Projektet hamnar i dubbla processer där både anmälan och tillståndsansökan hanteras parallellt eller sekventiellt.;source;MB | MPF;"[""MB"",""MPF""]"
R-B30-G030-01:consequence:02;R-B30-G030-01;B30-G030;B30;B30 – Miljöfarlig verksamhet;Fel spår väljs mellan nytt, frivilligt och förelagt tillstånd;konsekvens;2;Handläggningen kan behöva starta om i ett annat spår, vilket kan medföra förlorad handläggningstid och ökade kostnader.;analysis;;[]
R-B30-G030-01:consequence:03;R-B30-G030-01;B30-G030;B30;B30 – Miljöfarlig verksamhet;Fel spår väljs mellan nytt, frivilligt och förelagt tillstånd;konsekvens;3;Verksamheten drivs utan rättsskydd under mellantiden om anmälan ogillas eller tillståndet dröjer, vilket ökar den rättsliga risken.;analysis;;[]
R-B30-G030-01:consequence:04;R-B30-G030-01;B30-G030;B30;B30 – Miljöfarlig verksamhet;Fel spår väljs mellan nytt, frivilligt och förelagt tillstånd;konsekvens;4;Rättsskyddet för en anmälningspliktig verksamhet blir snabbt urholkat om prövningen visar att tillstånd krävdes från början.;analysis;;[]
R-B30-G030-02:trigger:01;R-B30-G030-02;B30-G030;B30;B30 – Miljöfarlig verksamhet;Tillsynsmyndigheten förelägger tillstånd mitt i anmälningsstrategin;utlösande faktor;1;Tillsynsmyndigheten bedömer att verksamheten eller åtgärden kan antas medföra betydande miljöpåverkan enligt 9 kap. 6 a § miljöbalken.;source;MB;"[""MB""]"
R-B30-G030-02:trigger:02;R-B30-G030-02;B30-G030;B30;B30 – Miljöfarlig verksamhet;Tillsynsmyndigheten förelägger tillstånd mitt i anmälningsstrategin;utlösande faktor;2;Projektet har planerats för anmälningsspåret, men den konkreta utformningen gör att verksamheten kan antas medföra betydande miljöpåverkan och därmed aktualiserar 9 kap. 6 a § miljöbalken.;source;MB | FMH;"[""MB"",""FMH""]"
R-B30-G030-02:trigger:03;R-B30-G030-02;B30-G030;B30;B30 – Miljöfarlig verksamhet;Tillsynsmyndigheten förelägger tillstånd mitt i anmälningsstrategin;utlösande faktor;3;Projektet förbereder en anmälan men myndigheten bedömer att underlaget inte räcker för att utesluta betydande miljöpåverkan.;analysis;;[]
R-B30-G030-02:trigger:04;R-B30-G030-02;B30-G030;B30;B30 – Miljöfarlig verksamhet;Tillsynsmyndigheten förelägger tillstånd mitt i anmälningsstrategin;utlösande faktor;4;Ett föreläggande vitesförses, vilket skapar akut tidspress för verksamhetsutövaren att lämna in en ansökan.;analysis;;[]
R-B30-G030-02:consequence:01;R-B30-G030-02;B30-G030;B30;B30 – Miljöfarlig verksamhet;Tillsynsmyndigheten förelägger tillstånd mitt i anmälningsstrategin;konsekvens;1;Processen omställs tvångsmässigt från anmälan till full tillståndsprövning, vilket kräver nya underlag och samråd.;analysis;;[]
R-B30-G030-02:consequence:02;R-B30-G030-02;B30-G030;B30;B30 – Miljöfarlig verksamhet;Tillsynsmyndigheten förelägger tillstånd mitt i anmälningsstrategin;konsekvens;2;Anmälningsunderlaget behöver byggas ut och anpassas till de innehållskrav som gäller för en tillståndsansökan.;source;MB;"[""MB""]"
R-B30-G030-02:consequence:03;R-B30-G030-02;B30-G030;B30;B30 – Miljöfarlig verksamhet;Tillsynsmyndigheten förelägger tillstånd mitt i anmälningsstrategin;konsekvens;3;"Om ett vitesföreläggande inte följs kan myndigheten ansöka om att vitet ska dömas ut; andra sanktioner kräver egen rättslig grund.";analysis;;[]
R-B30-G030-02:consequence:04;R-B30-G030-02;B30-G030;B30;B30 – Miljöfarlig verksamhet;Tillsynsmyndigheten förelägger tillstånd mitt i anmälningsstrategin;konsekvens;4;Ett överklagande av föreläggandet kan lägga ytterligare en prövning i behörig överinstans ovanpå projektets tidplan.;source;MB;"[""MB""]"
R-B30-G040-01:trigger:01;R-B30-G040-01;B30-G040;B30;B30 – Miljöfarlig verksamhet;Gränsdragningen mellan tillstånd och anmälan vid ändring brister;utlösande faktor;1;Ändringen av en tillståndspliktig verksamhet ligger i gränslandet mellan ändringstillståndsplikt enligt MPF 1 kap. 11 § och anmälningsplikt.;source;MPF;"[""MPF""]"
R-B30-G040-01:trigger:02;R-B30-G040-01;B30-G040;B30;B30 – Miljöfarlig verksamhet;Gränsdragningen mellan tillstånd och anmälan vid ändring brister;utlösande faktor;2;Verksamhetsutövaren och tillsynsmyndigheten gör olika bedömningar av om ändringen kan medföra ökade utsläpp eller andra betydande effekter.;analysis;;[]
R-B30-G040-01:trigger:03;R-B30-G040-01;B30-G040;B30;B30 – Miljöfarlig verksamhet;Gränsdragningen mellan tillstånd och anmälan vid ändring brister;utlösande faktor;3;Bedömningen bygger på en kvalitativ och tekniskt komplex prognosfråga kring framtida miljöpåverkan som är svår att förutse exakt.;analysis;;[]
R-B30-G040-01:trigger:04;R-B30-G040-01;B30-G040;B30;B30 – Miljöfarlig verksamhet;Gränsdragningen mellan tillstånd och anmälan vid ändring brister;utlösande faktor;4;Proposition 2023/24:152 och SFS 2024:963 har ändrat gränsdragningen för vissa typer av ändringar, vilket skapar osäkerhet kring tillämpningen.;source;SFS2024_963 | EXT: Regeringens proposition 2023/24:152 https://www.riksdagen.se/sv/dokument-och-lagar/dokument/proposition/steg-pa-vagen-mot-en-mer-effektiv-miljoprovning_hb03152/;"[""SFS2024_963"",""EXT: Regeringens proposition 2023/24:152 https://www.riksdagen.se/sv/dokument-och-lagar/dokument/proposition/steg-pa-vagen-mot-en-mer-effektiv-miljoprovning_hb03152/""]"
R-B30-G040-01:trigger:05;R-B30-G040-01;B30-G040;B30;B30 – Miljöfarlig verksamhet;Gränsdragningen mellan tillstånd och anmälan vid ändring brister;utlösande faktor;5;IVA:s vägval för metaller och mineral pekar på komplexiteten i att avgöra när en ändring kräver nytt tillstånd jämfört med anmälan.;source;EXT: IVA, Vägval för metaller och mineral (2024) https://www.iva.se/contentassets/545315af77354408a81ad8c91979b516/202411-iva-vagval-for-metaller-och-mineral-rapport3-rev4-d.pdf;"[""EXT: IVA, Vägval för metaller och mineral (2024) https://www.iva.se/contentassets/545315af77354408a81ad8c91979b516/202411-iva-vagval-for-metaller-och-mineral-rapport3-rev4-d.pdf""]"
R-B30-G040-01:consequence:01;R-B30-G040-01;B30-G040;B30;B30 – Miljöfarlig verksamhet;Gränsdragningen mellan tillstånd och anmälan vid ändring brister;konsekvens;1;Rättsosäkerhet uppstår kring om rättsskyddet för den genomförda ändringen är giltigt eller ej.;analysis;;[]
R-B30-G040-01:consequence:02;R-B30-G040-01;B30-G040;B30;B30 – Miljöfarlig verksamhet;Gränsdragningen mellan tillstånd och anmälan vid ändring brister;konsekvens;2;Om ändringen genomförs utan ett tillstånd som krävdes kan tillsynsingripanden aktualiseras och, om straffrekvisiten är uppfyllda, ansvar för otillåten miljöverksamhet komma i fråga.;source;MB | MPF;"[""MB"",""MPF""]"
R-B30-G040-01:consequence:03;R-B30-G040-01;B30-G040;B30;B30 – Miljöfarlig verksamhet;Gränsdragningen mellan tillstånd och anmälan vid ändring brister;konsekvens;3;Onödigt kostsam full tillståndsprövning genomförs trots att en anmälan hade varit tillräcklig enligt lagen.;analysis;;[]
R-B30-G040-01:consequence:04;R-B30-G040-01;B30-G040;B30;B30 – Miljöfarlig verksamhet;Gränsdragningen mellan tillstånd och anmälan vid ändring brister;konsekvens;4;Ändringen kan behöva återställas eller omprövas om myndigheten eller domstolen senare gör en annan bedömning av påverkan.;analysis;;[]
R-B30-G040-02:trigger:01;R-B30-G040-02;B30-G040;B30;B30 – Miljöfarlig verksamhet;Kumulativa ändringar glider över tillståndströskeln;utlösande faktor;1;Flera tidigare ändringar har bedömts var för sig, trots att den aktuella ändringen tillsammans med tidigare ändringar kan antas medföra betydande miljöpåverkan enligt 1 kap. 4 § MPF.;source;MPF;"[""MPF""]"
R-B30-G040-02:trigger:02;R-B30-G040-02;B30-G040;B30;B30 – Miljöfarlig verksamhet;Kumulativa ändringar glider över tillståndströskeln;utlösande faktor;2;Den samlade effekten av flera separata tekniska ändringar kan leda till att utsläppsvolymer eller verksamhetens karaktär avviker från det ursprungligen prövade tillståndet.;analysis;;[]
R-B30-G040-02:trigger:03;R-B30-G040-02;B30-G040;B30;B30 – Miljöfarlig verksamhet;Kumulativa ändringar glider över tillståndströskeln;utlösande faktor;3;Det saknas en samlad juridisk bedömning av de kumulativa effekterna vid varje enskilt steg i driftorganisationen.;analysis;;[]
R-B30-G040-02:consequence:01;R-B30-G040-02;B30-G040;B30;B30 – Miljöfarlig verksamhet;Kumulativa ändringar glider över tillståndströskeln;konsekvens;1;"Den faktiska driften kan sakna täckning i tillståndet; om verksamheten bedrivs uppsåtligen eller av oaktsamhet utan ett tillstånd som krävs kan straffansvar aktualiseras.";source;MB;"[""MB""]"
R-B30-G040-02:consequence:02;R-B30-G040-02;B30-G040;B30;B30 – Miljöfarlig verksamhet;Kumulativa ändringar glider över tillståndströskeln;konsekvens;2;Tillsynsmyndigheten kan förelägga verksamhetsutövaren att söka det tillstånd som krävs för den samlade ändringen.;source;EXT: Regeringens proposition 2023/24:152 https://www.riksdagen.se/sv/dokument-och-lagar/dokument/proposition/steg-pa-vagen-mot-en-mer-effektiv-miljoprovning_hb03152/;"[""EXT: Regeringens proposition 2023/24:152 https://www.riksdagen.se/sv/dokument-och-lagar/dokument/proposition/steg-pa-vagen-mot-en-mer-effektiv-miljoprovning_hb03152/""]"
R-B30-G040-02:consequence:03;R-B30-G040-02;B30-G040;B30;B30 – Miljöfarlig verksamhet;Kumulativa ändringar glider över tillståndströskeln;konsekvens;3;Miljösanktionsavgift eller annan påföljd kan aktualiseras endast om den konkreta driften uppfyller rekvisiten i den tillämpliga sanktionsbestämmelsen.;source;MB;"[""MB""]"
R-B30-G040-03:trigger:01;R-B30-G040-03;B30-G040;B30;B30 – Miljöfarlig verksamhet;Saknat förhandsbesked gör avgränsningen oenig;utlösande faktor;1;Projektet behöver välja spår utifrån MPF:s regler om ändringens effekter, men har inget bindande förhandsavgörande som fastställer hur den planerade ändringen senare kommer att bedömas.;source;MPF;"[""MPF""]"
R-B30-G040-03:trigger:02;R-B30-G040-03;B30-G040;B30;B30 – Miljöfarlig verksamhet;Saknat förhandsbesked gör avgränsningen oenig;utlösande faktor;2;Olika handläggare inom kommunala miljöförvaltningar eller länsstyrelser ger motstridiga muntliga signaler om prövningsbehovet.;analysis;;[]
R-B30-G040-03:trigger:03;R-B30-G040-03;B30-G040;B30;B30 – Miljöfarlig verksamhet;Saknat förhandsbesked gör avgränsningen oenig;utlösande faktor;3;Avsaknaden av en formell förhandsprövningsinstans gör att verksamhetsutövaren kan behöva göra en egen bedömning utan rättslig trygghet.;analysis;;[]
R-B30-G040-03:consequence:01;R-B30-G040-03;B30-G040;B30;B30 – Miljöfarlig verksamhet;Saknat förhandsbesked gör avgränsningen oenig;konsekvens;1;En senare rättslig bedömning kan komma fram till att ändringen krävde tillstånd enligt 1 kap. 4 § eller anmälan enligt 1 kap. 11 § MPF.;source;MPF;"[""MPF""]"
R-B30-G040-03:consequence:02;R-B30-G040-03;B30-G040;B30;B30 – Miljöfarlig verksamhet;Saknat förhandsbesked gör avgränsningen oenig;konsekvens;2;Projektet fördröjs medan verksamhetsutövaren inväntar ett klarläggande eller väljer ett mer omfattande ansökningsspår för att hantera osäkerheten.;analysis;;[]
R-B30-G040-03:consequence:03;R-B30-G040-03;B30-G040;B30;B30 – Miljöfarlig verksamhet;Saknat förhandsbesked gör avgränsningen oenig;konsekvens;3;Ett informellt positivt besked binder inte nödvändigtvis en senare tillsyns- eller tillståndsprövning av den faktiska ändringen.;analysis;;[]
R-B30-G050-01:trigger:01;R-B30-G050-01;B30-G050;B30;B30 – Miljöfarlig verksamhet;Domstolen finner avgränsningen olämplig;utlösande faktor;1;Sökanden avgränsar ändringsprövningen till en del av verksamheten trots att sambandet med övriga delar är starkt.;source;MB;"[""MB""]"
R-B30-G050-01:trigger:02;R-B30-G050-01;B30-G050;B30;B30 – Miljöfarlig verksamhet;Domstolen finner avgränsningen olämplig;utlösande faktor;2;Prövningsmyndigheten eller domstolen bedömer att avgränsningen är olämplig enligt 16 kap. 2 a § miljöbalken.;source;MB;"[""MB""]"
R-B30-G050-01:trigger:03;R-B30-G050-01;B30-G050;B30;B30 – Miljöfarlig verksamhet;Domstolen finner avgränsningen olämplig;utlösande faktor;3;Utsläpp från olika anläggningsdelar påverkar samma recipient, vilket kräver en samlad bedömning för att prövningen ska vara korrekt.;analysis;;[]
R-B30-G050-01:consequence:01;R-B30-G050-01;B30-G050;B30;B30 – Miljöfarlig verksamhet;Domstolen finner avgränsningen olämplig;konsekvens;1;Målet återförvisas eller kompletteras med underlag för hela verksamheten, vilket utökar processens omfattning kraftigt.;analysis;;[]
R-B30-G050-01:consequence:02;R-B30-G050-01;B30-G050;B30;B30 – Miljöfarlig verksamhet;Domstolen finner avgränsningen olämplig;konsekvens;2;Prövningen kan behöva omfatta hela verksamheten istället för endast den planerade ändringen, vilket kräver nytt och större underlag.;source;MB;"[""MB""]"
R-B30-G050-01:consequence:03;R-B30-G050-01;B30-G050;B30;B30 – Miljöfarlig verksamhet;Domstolen finner avgränsningen olämplig;konsekvens;3;Handläggningstiden i domstol förlängs påtagligt på grund av behovet av nya utredningar och kompletteringar.;analysis;;[]
R-B30-G050-02:trigger:01;R-B30-G050-02;B30-G050;B30;B30 – Miljöfarlig verksamhet;Sent byte till samlad prövning spräcker underlaget;utlösande faktor;1;Sökanden inser sent i processen att ett nytt samlat tillstånd är strategiskt bättre än en avgränsad ändringsprövning.;analysis;;[]
R-B30-G050-02:trigger:02;R-B30-G050-02;B30-G050;B30;B30 – Miljöfarlig verksamhet;Sent byte till samlad prövning spräcker underlaget;utlösande faktor;2;Det befintliga MKB-underlaget och teknikunderlaget är endast framtaget för den ursprungligen planerade ändringen.;analysis;;[]
R-B30-G050-02:trigger:03;R-B30-G050-02;B30-G050;B30;B30 – Miljöfarlig verksamhet;Sent byte till samlad prövning spräcker underlaget;utlösande faktor;3;Den utvidgade ansökan omfattar fler verksamhetsdelar och miljöeffekter än dem som beskrevs i det genomförda samrådet och det framtagna MKB-underlaget.;source;MB | NV_EIA;"[""MB"",""NV_EIA""]"
R-B30-G050-02:consequence:01;R-B30-G050-02;B30-G050;B30;B30 – Miljöfarlig verksamhet;Sent byte till samlad prövning spräcker underlaget;konsekvens;1;Samrådsunderlaget och ansökningshandlingarna kan behöva omarbetas för att täcka hela verksamheten enligt kraven för ett nytt samlat tillstånd.;analysis;;[]
R-B30-G050-02:consequence:02;R-B30-G050-02;B30-G050;B30;B30 – Miljöfarlig verksamhet;Sent byte till samlad prövning spräcker underlaget;konsekvens;2;Ett nytt samråd kan behöva hållas eftersom samrådskretsen och störningsbilden ändras vid en utvidgad ansökan.;source;EXT: MÖD 2022:27 – samrådets avgränsning https://www.domstol.se/mark--och-miljooverdomstolen/mark--och-miljooverdomstolens-avgoranden/2022/115382/;"[""EXT: MÖD 2022:27 – samrådets avgränsning https://www.domstol.se/mark--och-miljooverdomstolen/mark--och-miljooverdomstolens-avgoranden/2022/115382/""]"
R-B30-G050-02:consequence:03;R-B30-G050-02;B30-G050;B30;B30 – Miljöfarlig verksamhet;Sent byte till samlad prövning spräcker underlaget;konsekvens;3;Projektspecifik fördröjning uppstår på grund av behovet av en ny ansökningsrunda eller ändrat instansval.;analysis;;[]
R-B30-G050-03:trigger:01;R-B30-G050-03;B30-G050;B30;B30 – Miljöfarlig verksamhet;Övergången till ändringstillstånd som huvudregel feltolkas;utlösande faktor;1;De nya reglerna i miljöbalken gör ändringsprövning till huvudregeln när sökanden inte begär prövning av hela verksamheten.;source;MB;"[""MB""]"
R-B30-G050-03:trigger:02;R-B30-G050-03;B30-G050;B30;B30 – Miljöfarlig verksamhet;Övergången till ändringstillstånd som huvudregel feltolkas;utlösande faktor;2;Projektet missar att en ändringsprövning ska begränsas till ändringen när ansökan inte avser hela verksamheten, om inte en begränsad prövning är olämplig.;source;MB | SFS2024_963;"[""MB"",""SFS2024_963""]"
R-B30-G050-03:trigger:03;R-B30-G050-03;B30-G050;B30;B30 – Miljöfarlig verksamhet;Övergången till ändringstillstånd som huvudregel feltolkas;utlösande faktor;3;Övergångsbestämmelserna gör att äldre regler gäller för mål inledda före ikraftträdandet, vilket skapar risk för fel regelval.;source;EXT: Proposition 2023/24:152 https://www.riksdagen.se/sv/dokument-och-lagar/dokument/proposition/steg-pa-vagen-mot-en-mer-effektiv-miljoprovning_hb03152/;"[""EXT: Proposition 2023/24:152 https://www.riksdagen.se/sv/dokument-och-lagar/dokument/proposition/steg-pa-vagen-mot-en-mer-effektiv-miljoprovning_hb03152/""]"
R-B30-G050-03:consequence:01;R-B30-G050-03;B30-G050;B30;B30 – Miljöfarlig verksamhet;Övergången till ändringstillstånd som huvudregel feltolkas;konsekvens;1;Tillståndet begränsas till ändringen när ansökan inte avser hela verksamheten, såvida en begränsad prövning inte bedöms vara olämplig.;source;MB;"[""MB""]"
R-B30-G050-03:consequence:02;R-B30-G050-03;B30-G050;B30;B30 – Miljöfarlig verksamhet;Övergången till ändringstillstånd som huvudregel feltolkas;konsekvens;2;Underlag framtaget under gamla regler matchar inte de nya kraven för omfattning och redovisning av tillståndsbestämmelser.;analysis;;[]
R-B30-G050-03:consequence:03;R-B30-G050-03;B30-G050;B30;B30 – Miljöfarlig verksamhet;Övergången till ändringstillstånd som huvudregel feltolkas;konsekvens;3;Tolkningstvister uppstår kring vilka övergångsbestämmelser som ska gälla för det aktuella ärendet.;analysis;;[]
R-B30-G110-01:trigger:01;R-B30-G110-01;B30-G110;B30;B30 – Miljöfarlig verksamhet;Kombinerade mål hamnar i fel instans;utlösande faktor;1;Ansökan omfattar både miljöfarlig verksamhet och vattenverksamhet, men instansvalet har inte kontrollerats mot reglerna för respektive måltyp och möjlig sambandsprövning.;source;COURT_MFV | COURT_WV;"[""COURT_MFV"",""COURT_WV""]"
R-B30-G110-01:trigger:02;R-B30-G110-01;B30-G110;B30;B30 – Miljöfarlig verksamhet;Kombinerade mål hamnar i fel instans;utlösande faktor;2;Ansökan lämnas in till fel instans, exempelvis miljöprövningsdelegationen trots att målet ska handläggas i mark- och miljödomstolen.;analysis;;[]
R-B30-G110-01:trigger:03;R-B30-G110-01;B30-G110;B30;B30 – Miljöfarlig verksamhet;Kombinerade mål hamnar i fel instans;utlösande faktor;3;Behörighetsreglerna enligt miljöprövningsförordningen och lagen om mark- och miljödomstolar tolkas felaktigt vid kombinerade mål.;source;MPF | MMDL;"[""MPF"",""MMDL""]"
R-B30-G110-01:consequence:01;R-B30-G110-01;B30-G110;B30;B30 – Miljöfarlig verksamhet;Kombinerade mål hamnar i fel instans;konsekvens;1;Ärendet avvisas eller överlämnas till rätt instans, vilket fördröjer handläggningen.;source;COURT_MFV;"[""COURT_MFV""]"
R-B30-G110-01:consequence:02;R-B30-G110-01;B30-G110;B30;B30 – Miljöfarlig verksamhet;Kombinerade mål hamnar i fel instans;konsekvens;2;Förlorad handläggningstid uppstår eftersom tidigare underlag inte alltid kan tillgodoräknas av den mottagande instansen.;analysis;;[]
R-B30-G110-01:consequence:03;R-B30-G110-01;B30-G110;B30;B30 – Miljöfarlig verksamhet;Kombinerade mål hamnar i fel instans;konsekvens;3;Ansökan kan behöva anpassas till den behöriga instansens form- och innehållskrav, vilket kan kräva omarbetning av handlingarna.;analysis;;[]
R-B30-G110-02:trigger:01;R-B30-G110-02;B30-G110;B30;B30 – Miljöfarlig verksamhet;Övergången till Miljöprövningsmyndigheten kräver uppdaterad ärendeplanering;utlösande faktor;1;Reformens ikraftträdande den 1 juli 2027 enligt SFS 2026:1442–1444 medför att länsstyrelserna förlorar behörigheten att handlägga B-ärenden.;source;SFS2026_1442 | SFS2026_1443;"[""SFS2026_1442"",""SFS2026_1443""]"
R-B30-G110-02:trigger:02;R-B30-G110-02;B30-G110;B30;B30 – Miljöfarlig verksamhet;Övergången till Miljöprövningsmyndigheten kräver uppdaterad ärendeplanering;utlösande faktor;2;Ärenden som har inletts hos en miljöprövningsdelegation och inte avslutats före den 1 juli 2027 ska överlämnas till Miljöprövningsmyndigheten för fortsatt handläggning.;source;SFS2026_1442;"[""SFS2026_1442""]"
R-B30-G110-02:trigger:03;R-B30-G110-02;B30-G110;B30;B30 – Miljöfarlig verksamhet;Övergången till Miljöprövningsmyndigheten kräver uppdaterad ärendeplanering;utlösande faktor;3;Myndigheternas genomförande av ärendeöverföringen skapar osäkerhet kring vilka aktuella handläggningsregler och avgifter som gäller för de överlåtna ärendena.;analysis;;[]
R-B30-G110-02:trigger:04;R-B30-G110-02;B30-G110;B30;B30 – Miljöfarlig verksamhet;Övergången till Miljöprövningsmyndigheten kräver uppdaterad ärendeplanering;utlösande faktor;4;Projektägare kan behöva verifiera om tidigare kommunicerade tidplaner fortfarande är giltiga efter att mottagaren av ansökan har bytts från länsstyrelse till Miljöprövningsmyndigheten.;analysis;;[]
R-B30-G110-02:consequence:01;R-B30-G110-02;B30-G110;B30;B30 – Miljöfarlig verksamhet;Övergången till Miljöprövningsmyndigheten kräver uppdaterad ärendeplanering;konsekvens;1;Länsstyrelsen ska överlämna handlingarna i det pågående ärendet och Miljöprövningsmyndigheten ska fortsätta handläggningen efter ikraftträdandet.;source;SFS2026_1442;"[""SFS2026_1442""]"
R-B30-G110-02:consequence:02;R-B30-G110-02;B30-G110;B30;B30 – Miljöfarlig verksamhet;Övergången till Miljöprövningsmyndigheten kräver uppdaterad ärendeplanering;konsekvens;2;Behovet av ändrad mottagare och kontaktväg kräver uppdaterad ärendeplanering hos projektägaren för att undvika administrativt fel.;analysis;;[]
R-B30-G110-02:consequence:03;R-B30-G110-02;B30-G110;B30;B30 – Miljöfarlig verksamhet;Övergången till Miljöprövningsmyndigheten kräver uppdaterad ärendeplanering;konsekvens;3;Rättsläget kring pågående handläggning blir beroende av hur övergångsbestämmelserna praktiskt tillämpas, vilket kan medföra oförutsedda administrativa hinder.;analysis;;[]
R-B30-G110-03:trigger:01;R-B30-G110-03;B30-G110;B30;B30 – Miljöfarlig verksamhet;Miljöprövningsdelegationens handläggningstid överskrider projektplanen;utlösande faktor;1;Den ansvariga miljöprövningsdelegationens aktuella kapacitet och arbetsbelastning begränsar möjligheten att hålla prognoserade handläggningstider.;analysis;;[]
R-B30-G110-03:trigger:02;R-B30-G110-03;B30-G110;B30;B30 – Miljöfarlig verksamhet;Miljöprövningsdelegationens handläggningstid överskrider projektplanen;utlösande faktor;2;Ärendets konkreta utredningsbehov, såsom behov av komplettering eller granskning, överskrider den förväntade standardtiden för delegationen.;analysis;;[]
R-B30-G110-03:trigger:03;R-B30-G110-03;B30-G110;B30;B30 – Miljöfarlig verksamhet;Miljöprövningsdelegationens handläggningstid överskrider projektplanen;utlösande faktor;3;Geografisk organisation där en delegation omfattar flera län kan leda till resurskonkurrens och varierande handläggningstider beroende på ärendets lokalisering.;analysis;;[]
R-B30-G110-03:trigger:04;R-B30-G110-03;B30-G110;B30;B30 – Miljöfarlig verksamhet;Miljöprövningsdelegationens handläggningstid överskrider projektplanen;utlösande faktor;4;Naturvårdsverkets statistik visar att handläggningstiderna hos miljöprövningsdelegationerna varierar, vilket indikerar en risk för överskridande av projektplanen.;source;NV_PERMIT;"[""NV_PERMIT""]"
R-B30-G110-03:consequence:01;R-B30-G110-03;B30-G110;B30;B30 – Miljöfarlig verksamhet;Miljöprövningsdelegationens handläggningstid överskrider projektplanen;konsekvens;1;Beslut fattas senare än vad projektets tidplan förutsätter, vilket försenar hela projektet.;analysis;;[]
R-B30-G110-03:consequence:02;R-B30-G110-03;B30-G110;B30;B30 – Miljöfarlig verksamhet;Miljöprövningsdelegationens handläggningstid överskrider projektplanen;konsekvens;2;Förseningen kan leda till följdverkningar för investeringstidtabeller, upphandlingsprocesser och möjligheten att utnyttja gynnsam byggsäsong.;analysis;;[]
R-B30-G110-03:consequence:03;R-B30-G110-03;B30-G110;B30;B30 – Miljöfarlig verksamhet;Miljöprövningsdelegationens handläggningstid överskrider projektplanen;konsekvens;3;Den dokumenterade variationen i handläggningstider gör att ett projektspecifikt beslutsdatum behöver planeras som ett intervall snarare än som en säker tidpunkt.;source;EXT: Naturvårdsverket, Samlad statistik om miljöprövning 2024 https://www.naturvardsverket.se/49e4ea/globalassets/vagledning/miljobalken/miljoprovning/samlad-statistik-om-miljoprovning-for-ar-2024.pdf;"[""EXT: Naturvårdsverket, Samlad statistik om miljöprövning 2024 https://www.naturvardsverket.se/49e4ea/globalassets/vagledning/miljobalken/miljoprovning/samlad-statistik-om-miljoprovning-for-ar-2024.pdf""]"
R-B30-GC130-01:trigger:01;R-B30-GC130-01;B30-GC130;B30;B30 – Miljöfarlig verksamhet;Obligatorisk BMP-bedömning förbises;utlösande faktor;1;Tillsynsmyndigheten handlägger anmälan som ett rutinärende utan att kontrollera om verksamhetsslaget omfattas av den obligatoriska bedömningen i 26 a § FMH.;source;FMH;"[""FMH""]"
R-B30-GC130-01:trigger:02;R-B30-GC130-01;B30-GC130;B30;B30 – Miljöfarlig verksamhet;Obligatorisk BMP-bedömning förbises;utlösande faktor;2;Verksamheten eller åtgärden räknas upp i 26 a § FMH som en anmälningspliktig verksamhet som kräver bedömning av betydande miljöpåverkan.;source;FMH;"[""FMH""]"
R-B30-GC130-01:trigger:03;R-B30-GC130-01;B30-GC130;B30;B30 – Miljöfarlig verksamhet;Obligatorisk BMP-bedömning förbises;utlösande faktor;3;Det obligatoriska momentet att bedöma betydande miljöpåverkan hoppas över, vilket innebär att det särskilda beslutet enligt 26 a § FMH inte fattas.;source;FMH;"[""FMH""]"
R-B30-GC130-01:trigger:04;R-B30-GC130-01;B30-GC130;B30;B30 – Miljöfarlig verksamhet;Obligatorisk BMP-bedömning förbises;utlösande faktor;4;Bedömningen ska göras mot omständigheterna i 10–13 §§ miljöbedömningsförordningen, vilket missaktas vid rutinhantering.;source;FMH;"[""FMH""]"
R-B30-GC130-01:consequence:01;R-B30-GC130-01;B30-GC130;B30;B30 – Miljöfarlig verksamhet;Obligatorisk BMP-bedömning förbises;konsekvens;1;Handläggningen kan behöva tas om eller kompletteras om den obligatoriska BMP-bedömningen har förbisetts.;source;FMH;"[""FMH""]"
R-B30-GC130-01:consequence:02;R-B30-GC130-01;B30-GC130;B30;B30 – Miljöfarlig verksamhet;Obligatorisk BMP-bedömning förbises;konsekvens;2;En verksamhet som omfattas av 26 a § FMH får inte påbörjas innan tillsynsmyndigheten har beslutat att betydande miljöpåverkan inte kan antas och övriga tillämpliga startkrav är uppfyllda.;source;FMH;"[""FMH""]"
R-B30-GC130-01:consequence:03;R-B30-GC130-01;B30-GC130;B30;B30 – Miljöfarlig verksamhet;Obligatorisk BMP-bedömning förbises;konsekvens;3;Ärendet kan behöva tas upp på nytt med en korrekt BMP-bedömning, vilket kan medföra ett föreläggande om tillståndsansökan.;analysis;;[]
R-B30-GC130-02:trigger:01;R-B30-GC130-02;B30-GC130;B30;B30 – Miljöfarlig verksamhet;Oklart vilka anmälningar som är BMP-pliktiga;utlösande faktor;1;Verksamheten eller åtgärden klassificeras under fel bestämmelse i miljöprövningsförordningen, vilket kan medföra att uppräkningen i 26 a § FMH tillämpas felaktigt.;source;FMH | MPF;"[""FMH"",""MPF""]"
R-B30-GC130-02:trigger:02;R-B30-GC130-02;B30-GC130;B30;B30 – Miljöfarlig verksamhet;Oklart vilka anmälningar som är BMP-pliktiga;utlösande faktor;2;Projektets verksamhetskod har ändrats eller angetts på en för grov nivå, så att den kodspecifika uppräkningen i 26 a § FMH inte kontrolleras mot den faktiska verksamheten.;source;FMH | MPF;"[""FMH"",""MPF""]"
R-B30-GC130-02:trigger:03;R-B30-GC130-02;B30-GC130;B30;B30 – Miljöfarlig verksamhet;Oklart vilka anmälningar som är BMP-pliktiga;utlösande faktor;3;Ett BMP-beslut fattas med stöd av 26 a § FMH för en verksamhet som inte omfattas av bestämmelsens uppräkning.;source;FMH | MPF;"[""FMH"",""MPF""]"
R-B30-GC130-02:trigger:04;R-B30-GC130-02;B30-GC130;B30;B30 – Miljöfarlig verksamhet;Oklart vilka anmälningar som är BMP-pliktiga;utlösande faktor;4;För ärenden som inte omfattas av 26 a § gäller i stället handläggningsordningen i 27 § FMH, vilket missförstås vid klassificeringen.;source;FMH;"[""FMH""]"
R-B30-GC130-02:consequence:01;R-B30-GC130-02;B30-GC130;B30;B30 – Miljöfarlig verksamhet;Oklart vilka anmälningar som är BMP-pliktiga;konsekvens;1;Handläggningen blir inkonsekvent och risken för felsortering av ärendet ökar.;analysis;;[]
R-B30-GC130-02:consequence:02;R-B30-GC130-02;B30-GC130;B30;B30 – Miljöfarlig verksamhet;Oklart vilka anmälningar som är BMP-pliktiga;konsekvens;2;Om en verksamhet felaktigt behandlas som om den låg utanför 26 a § FMH kan startspärren i 26 e § förbises.;source;FMH;"[""FMH""]"
R-B30-GC130-02:consequence:03;R-B30-GC130-02;B30-GC130;B30;B30 – Miljöfarlig verksamhet;Oklart vilka anmälningar som är BMP-pliktiga;konsekvens;3;Ett beslut som bygger på fel handläggningsordning kan angripas i den överklagandeordning som gäller för det efterföljande beslutet, med risk för ändring eller återförvisning.;analysis;;[]
R-B30-GC140-01:trigger:01;R-B30-GC140-01;B30-GC140;B30;B30 – Miljöfarlig verksamhet;Positiv BMP kastar om projektet till tillståndsspåret;utlösande faktor;1;Tillsynsmyndigheten bedömer vid BMP-prövningen att verksamheten eller ändringen kan antas medföra betydande miljöpåverkan.;source;FMH;"[""FMH""]"
R-B30-GC140-01:trigger:02;R-B30-GC140-01;B30-GC140;B30;B30 – Miljöfarlig verksamhet;Positiv BMP kastar om projektet till tillståndsspåret;utlösande faktor;2;Efter en positiv BMP-bedömning ska tillsynsmyndigheten enligt 26 d § FMH förelägga den som gjort anmälan att ansöka om tillstånd.;source;FMH;"[""FMH""]"
R-B30-GC140-01:trigger:03;R-B30-GC140-01;B30-GC140;B30;B30 – Miljöfarlig verksamhet;Positiv BMP kastar om projektet till tillståndsspåret;utlösande faktor;3;Bedömningen baseras på omständigheterna i miljöbedömningsförordningen som indikerar att anmälningsspåret inte är tillräckligt.;source;FMH;"[""FMH""]"
R-B30-GC140-01:trigger:04;R-B30-GC140-01;B30-GC140;B30;B30 – Miljöfarlig verksamhet;Positiv BMP kastar om projektet till tillståndsspåret;utlösande faktor;4;Verksamheten kan inte fortsätta enbart i anmälningsspåret utan kan behöva hanteras enligt det tillståndsspår som beslutet anger.;source;MB;"[""MB""]"
R-B30-GC140-01:consequence:01;R-B30-GC140-01;B30-GC140;B30;B30 – Miljöfarlig verksamhet;Positiv BMP kastar om projektet till tillståndsspåret;konsekvens;1;Projektet omställs till tillståndsprocessen med erforderligt samråd och utökade miljöunderlag.;source;MB;"[""MB""]"
R-B30-GC140-01:consequence:02;R-B30-GC140-01;B30-GC140;B30;B30 – Miljöfarlig verksamhet;Positiv BMP kastar om projektet till tillståndsspåret;konsekvens;2;Den planerade verksamhetsstarten skjuts upp eftersom verksamheten inte kan fortsätta enbart i anmälningsspåret efter ett positivt BMP-beslut.;source;FMH;"[""FMH""]"
R-B30-GC140-01:consequence:03;R-B30-GC140-01;B30-GC140;B30;B30 – Miljöfarlig verksamhet;Positiv BMP kastar om projektet till tillståndsspåret;konsekvens;3;Projektstarten försenas eftersom den behöriga tillståndsprövningen tar tid utöver den ursprungliga anmälningstiden.;analysis;;[]
R-B30-GC140-02:trigger:01;R-B30-GC140-02;B30-GC140;B30;B30 – Miljöfarlig verksamhet;BMP-bedömningen blir överklagandets måltavla;utlösande faktor;1;Beslutet om betydande miljöpåverkan överklagas av verksamhetsutövaren som anser bedömningen felaktig.;analysis;;[]
R-B30-GC140-02:trigger:02;R-B30-GC140-02;B30-GC140;B30;B30 – Miljöfarlig verksamhet;BMP-bedömningen blir överklagandets måltavla;utlösande faktor;2;Beslutet överklagas av sakägare och miljöorganisationer som anser att påverkan underskattats, med stöd av 16 kap. 13 a § miljöbalken.;source;MB;"[""MB""]"
R-B30-GC140-02:trigger:03;R-B30-GC140-02;B30-GC140;B30;B30 – Miljöfarlig verksamhet;BMP-bedömningen blir överklagandets måltavla;utlösande faktor;3;Det föreläggande eller förbud som följer av 26 d § FMH är överklagbart enligt miljöbalkens instansordning.;source;FMH | MB;"[""FMH"",""MB""]"
R-B30-GC140-02:trigger:04;R-B30-GC140-02;B30-GC140;B30;B30 – Miljöfarlig verksamhet;BMP-bedömningen blir överklagandets måltavla;utlösande faktor;4;Behörig överinstans bestäms enligt den överklagandeordning som gäller för det aktuella miljöbalksbeslutet, vilket aktiverar prövningsprocessen.;source;MB;"[""MB""]"
R-B30-GC140-02:consequence:01;R-B30-GC140-02;B30-GC140;B30;B30 – Miljöfarlig verksamhet;BMP-bedömningen blir överklagandets måltavla;konsekvens;1;Beslutet kan bli föremål för domstolsprövning i den överklagandeordning som gäller för ärendet.;source;MMDL | FL;"[""MMDL"",""FL""]"
R-B30-GC140-02:consequence:02;R-B30-GC140-02;B30-GC140;B30;B30 – Miljöfarlig verksamhet;BMP-bedömningen blir överklagandets måltavla;konsekvens;2;Det kan råda osäkerhet om när verksamheten får starta medan ett överklagbart beslut eller föreläggande i anmälningsärendet prövas.;analysis;;[]
R-B30-GC140-02:consequence:03;R-B30-GC140-02;B30-GC140;B30;B30 – Miljöfarlig verksamhet;BMP-bedömningen blir överklagandets måltavla;konsekvens;3;Både anmälnings- och tillståndsspår försenas beroende på utgången av den rättsliga prövningen.;analysis;;[]
R-B30-GC160-01:trigger:01;R-B30-GC160-01;B30-GC160;B30;B30 – Miljöfarlig verksamhet;Försiktighetsmått och förbud överklagas;utlösande faktor;1;Tillsynsmyndigheten beslutar om ett försiktighetsmått som verksamhetsutövaren bedömer vara oproportionerligt i förhållande till den aktuella miljöriskens allvar.;analysis;;[]
R-B30-GC160-01:trigger:02;R-B30-GC160-01;B30-GC160;B30;B30 – Miljöfarlig verksamhet;Försiktighetsmått och förbud överklagas;utlösande faktor;2;Verksamhetsutövaren och tillsynsmyndigheten är oense om vilken rättslig stabilitet ett beslut om försiktighetsmått ger jämfört med ett tillstånd.;analysis;;[]
R-B30-GC160-01:trigger:03;R-B30-GC160-01;B30-GC160;B30;B30 – Miljöfarlig verksamhet;Försiktighetsmått och förbud överklagas;utlösande faktor;3;Tillsynsmyndigheten meddelar ett föreläggande om försiktighetsmått eller ett förbud i anmälningsärendet, och en part med klagorätt angriper beslutet i den tillämpliga överklagandeordningen.;source;EXT: Regeringens proposition 2023/24:152 https://www.riksdagen.se/sv/dokument-och-lagar/dokument/proposition/steg-pa-vagen-mot-en-mer-effektiv-miljoprovning_hb03152/;"[""EXT: Regeringens proposition 2023/24:152 https://www.riksdagen.se/sv/dokument-och-lagar/dokument/proposition/steg-pa-vagen-mot-en-mer-effektiv-miljoprovning_hb03152/""]"
R-B30-GC160-01:trigger:04;R-B30-GC160-01;B30-GC160;B30;B30 – Miljöfarlig verksamhet;Försiktighetsmått och förbud överklagas;utlösande faktor;4;Det föreligger en tvist om huruvida det beslutade måttet är tekniskt genomförbart inom ramen för befintliga anläggningar.;analysis;;[]
R-B30-GC160-01:consequence:01;R-B30-GC160-01;B30-GC160;B30;B30 – Miljöfarlig verksamhet;Försiktighetsmått och förbud överklagas;konsekvens;1;Beslutet om försiktighetsmått saknar tillståndets rättskraft, vilket innebär att nya tillsynskrav kan aktualiseras senare inom myndighetens lagliga befogenheter.;source;EXT: Regeringens proposition 2023/24:152 https://www.riksdagen.se/sv/dokument-och-lagar/dokument/proposition/steg-pa-vagen-mot-en-mer-effektiv-miljoprovning_hb03152/;"[""EXT: Regeringens proposition 2023/24:152 https://www.riksdagen.se/sv/dokument-och-lagar/dokument/proposition/steg-pa-vagen-mot-en-mer-effektiv-miljoprovning_hb03152/""]"
R-B30-GC160-01:consequence:02;R-B30-GC160-01;B30-GC160;B30;B30 – Miljöfarlig verksamhet;Försiktighetsmått och förbud överklagas;konsekvens;2;Det uppstår osäkra driftsvillkor under överklagandetiden eftersom det rättsläget som gäller för verksamheten är föremål för prövning.;analysis;;[]
R-B30-GC160-01:consequence:03;R-B30-GC160-01;B30-GC160;B30;B30 – Miljöfarlig verksamhet;Försiktighetsmått och förbud överklagas;konsekvens;3;"Efter ett avslaget överklagande består det överklagade kravet; ytterligare eller skärpta tillsynskrav kan senare aktualiseras endast om myndigheten har rättslig och faktisk grund för nya åtgärder.";analysis;;[]
R-B30-GC160-01:consequence:04;R-B30-GC160-01;B30-GC160;B30;B30 – Miljöfarlig verksamhet;Försiktighetsmått och förbud överklagas;konsekvens;4;En rättsprocess om åtgärdskraven inleds, vilket binder resurser hos både myndighet och verksamhetsutövare.;analysis;;[]
R-B30-GC160-02:trigger:01;R-B30-GC160-02;B30-GC160;B30;B30 – Miljöfarlig verksamhet;Underrättelse om 'ingen åtgärd' ger falsk trygghet;utlösande faktor;1;Verksamhetsutövaren tolkar myndighetens underrättelse om att ingen åtgärd avses vidtas som ett slutgiltigt godkännande.;analysis;;[]
R-B30-GC160-02:trigger:02;R-B30-GC160-02;B30-GC160;B30;B30 – Miljöfarlig verksamhet;Underrättelse om 'ingen åtgärd' ger falsk trygghet;utlösande faktor;2;Tillsynsmyndigheten underrättar verksamhetsutövaren om att anmälningsärendet inte kommer att leda till någon åtgärd från myndighetens sida.;source;FMH;"[""FMH""]"
R-B30-GC160-02:trigger:03;R-B30-GC160-02;B30-GC160;B30;B30 – Miljöfarlig verksamhet;Underrättelse om 'ingen åtgärd' ger falsk trygghet;utlösande faktor;3;Det föreligger nya omständigheter såsom förändrad teknikbedömning, klagomål eller ny kunskap om farligheter som kan aktualisera ärendet på nytt.;analysis;;[]
R-B30-GC160-02:trigger:04;R-B30-GC160-02;B30-GC160;B30;B30 – Miljöfarlig verksamhet;Underrättelse om 'ingen åtgärd' ger falsk trygghet;utlösande faktor;4;Verksamhetsutövaren fattar investeringsbeslut baserat på antagandet om att underrättelsen ger varaktigt rättsskydd.;analysis;;[]
R-B30-GC160-02:consequence:01;R-B30-GC160-02;B30-GC160;B30;B30 – Miljöfarlig verksamhet;Underrättelse om 'ingen åtgärd' ger falsk trygghet;konsekvens;1;Underrättelsen saknar rättskraft, vilket innebär att nya tillsynskrav kan aktualiseras senare av tillsynsmyndigheten.;source;EXT: Regeringens proposition 2023/24:152 https://www.riksdagen.se/sv/dokument-och-lagar/dokument/proposition/steg-pa-vagen-mot-en-mer-effektiv-miljoprovning_hb03152/;"[""EXT: Regeringens proposition 2023/24:152 https://www.riksdagen.se/sv/dokument-och-lagar/dokument/proposition/steg-pa-vagen-mot-en-mer-effektiv-miljoprovning_hb03152/""]"
R-B30-GC160-02:consequence:02;R-B30-GC160-02;B30-GC160;B30;B30 – Miljöfarlig verksamhet;Underrättelse om 'ingen åtgärd' ger falsk trygghet;konsekvens;2;Verksamheten står utan det rättsskydd som ett tillstånd skulle ha gett, eftersom inget tillstånd finns och omprövningsgrunderna i 24 kap. miljöbalken inte är tillämpliga som spärr.;source;MB;"[""MB""]"
R-B30-GC160-02:consequence:03;R-B30-GC160-02;B30-GC160;B30;B30 – Miljöfarlig verksamhet;Underrättelse om 'ingen åtgärd' ger falsk trygghet;konsekvens;3;Myndigheten kan senare ställa nya krav om nya omständigheter framkommer och det finns rättslig grund för ett tillsynsingripande.;analysis;;[]
R-B30-GC160-02:consequence:04;R-B30-GC160-02;B30-GC160;B30;B30 – Miljöfarlig verksamhet;Underrättelse om 'ingen åtgärd' ger falsk trygghet;konsekvens;4;Verksamhetsutövarens förhandlingsposition kan försämras vid framtida tillståndsbehov på grund av det bristande rättsläget kring tidigare investeringar.;analysis;;[]
R-B30-GO110-01:trigger:01;R-B30-GO110-01;B30-GO110;B30;B30 – Miljöfarlig verksamhet;Talerätt och behörighet tvistas vid omprövning;utlösande faktor;1;Det är oklart om den myndighet som vill initiera omprövningen finns i 24 kap. 7 § miljöbalkens uppräkning av behöriga aktörer.;source;MB;"[""MB""]"
R-B30-GO110-01:trigger:02;R-B30-GO110-01;B30-GO110;B30;B30 – Miljöfarlig verksamhet;Talerätt och behörighet tvistas vid omprövning;utlösande faktor;2;Rollfördelningen blir oklar när kommunen har haft flera funktioner i den tidigare prövningen och det inte dokumenteras vilken aktör som nu är behörig att initiera omprövningen.;analysis;;[]
R-B30-GO110-01:trigger:03;R-B30-GO110-01;B30-GO110;B30;B30 – Miljöfarlig verksamhet;Talerätt och behörighet tvistas vid omprövning;utlösande faktor;3;Tillståndshavarens ansökan enligt 24 kap. 13 § har hamnat hos en instans som kan ifrågasättas vara rätt mottagare.;source;MB;"[""MB""]"
R-B30-GO110-01:trigger:04;R-B30-GO110-01;B30-GO110;B30;B30 – Miljöfarlig verksamhet;Talerätt och behörighet tvistas vid omprövning;utlösande faktor;4;En tillsynsmyndighet utgår från sin tillsynsroll men kontrollerar inte om den också omfattas av den uttömmande behörighetsregeln för att ansöka om den aktuella omprövningen.;analysis;;[]
R-B30-GO110-01:consequence:01;R-B30-GO110-01;B30-GO110;B30;B30 – Miljöfarlig verksamhet;Talerätt och behörighet tvistas vid omprövning;konsekvens;1;Ansökan eller initiativet riskerar att avvisas på behörighetsgrunder eftersom fel initierare eller fel mottagarinstans använts.;source;MB;"[""MB""]"
R-B30-GO110-01:consequence:02;R-B30-GO110-01;B30-GO110;B30;B30 – Miljöfarlig verksamhet;Talerätt och behörighet tvistas vid omprövning;konsekvens;2;Det förloras tid och kostnader för omgjord ansökan till rätt instans.;analysis;;[]
R-B30-GO110-01:consequence:03;R-B30-GO110-01;B30-GO110;B30;B30 – Miljöfarlig verksamhet;Talerätt och behörighet tvistas vid omprövning;konsekvens;3;Regleringen av de miljöfrågor som omprövningen avsåg att lösa fördröjs eftersom processen kan behöva inledas på nytt.;analysis;;[]
R-B30-GO110-02:trigger:01;R-B30-GO110-02;B30-GO110;B30;B30 – Miljöfarlig verksamhet;Återkallelsehotet hänger över driften;utlösande faktor;1;Tillsynsmyndigheten misstänker att tillståndshavaren grovt åsidosatt villkor eller bestämmelser.;analysis;;[]
R-B30-GO110-02:trigger:02;R-B30-GO110-02;B30-GO110;B30;B30 – Miljöfarlig verksamhet;Återkallelsehotet hänger över driften;utlösande faktor;2;En av grunderna i 24 kap. 3 § miljöbalken för återkallelse är uppfylld, såsom allvarliga eller upprepade villkorsöverträdelser.;source;MB;"[""MB""]"
R-B30-GO110-02:trigger:03;R-B30-GO110-02;B30-GO110;B30;B30 – Miljöfarlig verksamhet;Återkallelsehotet hänger över driften;utlösande faktor;3;Påtalade villkorsöverträdelser kvarstår eller upprepas trots tillsynskontakter och möjligheter att vidta rättelse.;analysis;;[]
R-B30-GO110-02:consequence:01;R-B30-GO110-02;B30-GO110;B30;B30 – Miljöfarlig verksamhet;Återkallelsehotet hänger över driften;konsekvens;1;Det finns en risk för förlorat tillstånd och därmed driftstopp om återkallelsen bifalls.;source;MB;"[""MB""]"
R-B30-GO110-02:consequence:02;R-B30-GO110-02;B30-GO110;B30;B30 – Miljöfarlig verksamhet;Återkallelsehotet hänger över driften;konsekvens;2;Finansierings- och försäkringsbilden försämras under ett pågående ärende om återkallelse.;analysis;;[]
R-B30-GO110-02:consequence:03;R-B30-GO110-02;B30-GO110;B30;B30 – Miljöfarlig verksamhet;Återkallelsehotet hänger över driften;konsekvens;3;Osäkerheten kring tillståndets bestånd skapar osäkerhet för framtida investeringar och avtal.;analysis;;[]
R-B30-GO110-03:trigger:01;R-B30-GO110-03;B30-GO110;B30;B30 – Miljöfarlig verksamhet;Äldre tillstånd saknar tydlig tillståndsmyndighet;utlösande faktor;1;Tillståndet meddelades enligt äldre regler av exempelvis länsstyrelsen, miljödomstol eller den dåvarande Koncessionsnämnden för miljöskydd.;source;EXT: SOU 2022:33 Om prövning och omprövning https://www.riksdagen.se/sv/dokument-och-lagar/dokument/statens-offentliga-utredningar/om-provning-och-omprovning_hab333/;"[""EXT: SOU 2022:33 Om prövning och omprövning https://www.riksdagen.se/sv/dokument-och-lagar/dokument/statens-offentliga-utredningar/om-provning-och-omprovning_hab333/""]"
R-B30-GO110-03:trigger:02;R-B30-GO110-03;B30-GO110;B30;B30 – Miljöfarlig verksamhet;Äldre tillstånd saknar tydlig tillståndsmyndighet;utlösande faktor;2;Det behöver utredas vilken nuvarande instans som är behörig att hantera omprövningen för detta äldre tillstånd.;analysis;;[]
R-B30-GO110-03:trigger:03;R-B30-GO110-03;B30-GO110;B30;B30 – Miljöfarlig verksamhet;Äldre tillstånd saknar tydlig tillståndsmyndighet;utlösande faktor;3;Kedjan av övergångsbestämmelser för beslut från tiden före miljöbalken är svår att följa.;analysis;;[]
R-B30-GO110-03:consequence:01;R-B30-GO110-03;B30-GO110;B30;B30 – Miljöfarlig verksamhet;Äldre tillstånd saknar tydlig tillståndsmyndighet;konsekvens;1;Processen fördröjs medan behörigheten klarläggs genom analys av historiska regelverk.;analysis;;[]
R-B30-GO110-03:consequence:02;R-B30-GO110-03;B30-GO110;B30;B30 – Miljöfarlig verksamhet;Äldre tillstånd saknar tydlig tillståndsmyndighet;konsekvens;2;Det finns en risk för att fel instans hanterar ärendet, vilket kan medföra avvisning.;source;MB;"[""MB""]"
R-B30-GO110-03:consequence:03;R-B30-GO110-03;B30-GO110;B30;B30 – Miljöfarlig verksamhet;Äldre tillstånd saknar tydlig tillståndsmyndighet;konsekvens;3;Osäkerhet uppstår om vilka handläggningsregler som gäller för det aktuella ärendet.;analysis;;[]
R-B30-GO130-01:trigger:01;R-B30-GO130-01;B30-GO130;B30;B30 – Miljöfarlig verksamhet;Instansvalet följer en tillståndskedja ingen längre överblickar;utlösande faktor;1;Behörighetsbedömningen för en efterföljande prövning knyts till det ursprungliga och motsvarande tillståndsslaget, samtidigt som verksamhetens klassificering har ändrats över tid.;source;EXT: SOU 2022:33 Om prövning och omprövning https://www.riksdagen.se/sv/dokument-och-lagar/dokument/statens-offentliga-utredningar/om-provning-och-omprovning_hab333/;"[""EXT: SOU 2022:33 Om prövning och omprövning https://www.riksdagen.se/sv/dokument-och-lagar/dokument/statens-offentliga-utredningar/om-provning-och-omprovning_hab333/""]"
R-B30-GO130-01:trigger:02;R-B30-GO130-01;B30-GO130;B30;B30 – Miljöfarlig verksamhet;Instansvalet följer en tillståndskedja ingen längre överblickar;utlösande faktor;2;Det är omtvistat vilket som är 'motsvarande' tillståndsslag i dagens klassificering för ett äldre länsstyrelsetillstånd.;analysis;;[]
R-B30-GO130-01:trigger:03;R-B30-GO130-01;B30-GO130;B30;B30 – Miljöfarlig verksamhet;Instansvalet följer en tillståndskedja ingen längre överblickar;utlösande faktor;3;MPF:s sektorskapitel har reviderats flera gånger sedan tillståndet meddelades, vilket skapar potentiella behörighetsglapp.;source;EXT: SOU 2022:33 Om prövning och omprövning https://www.riksdagen.se/sv/dokument-och-lagar/dokument/statens-offentliga-utredningar/om-provning-och-omprovning_hab333/;"[""EXT: SOU 2022:33 Om prövning och omprövning https://www.riksdagen.se/sv/dokument-och-lagar/dokument/statens-offentliga-utredningar/om-provning-och-omprovning_hab333/""]"
R-B30-GO130-01:consequence:01;R-B30-GO130-01;B30-GO130;B30;B30 – Miljöfarlig verksamhet;Instansvalet följer en tillståndskedja ingen längre överblickar;konsekvens;1;Fel instansval kan leda till avvisning eller behörighetsprövning som skjuter sakfrågan på framtiden.;source;MB | MPD;"[""MB"",""MPD""]"
R-B30-GO130-01:consequence:02;R-B30-GO130-01;B30-GO130;B30;B30 – Miljöfarlig verksamhet;Instansvalet följer en tillståndskedja ingen längre överblickar;konsekvens;2;Miljöfrågan som motiverade omprövningen förblir oreglerad under tiden tvisten pågår.;analysis;;[]
R-B30-GO130-01:consequence:03;R-B30-GO130-01;B30-GO130;B30;B30 – Miljöfarlig verksamhet;Instansvalet följer en tillståndskedja ingen längre överblickar;konsekvens;3;Processtid och resurser kan förbrukas på behörighetsfrågan i stället för på sakprövningen.;analysis;;[]
R-B30-GO130-02:trigger:01;R-B30-GO130-02;B30-GO130;B30;B30 – Miljöfarlig verksamhet;Omprövningar behöver hanteras enligt övergången till Miljöprövningsmyndigheten;utlösande faktor;1;Ett omprövningsärende har inletts hos en miljöprövningsdelegation men är inte avslutat när den nya myndighetsstrukturen träder i kraft den 1 juli 2027.;source;SFS2026_1442;"[""SFS2026_1442""]"
R-B30-GO130-02:trigger:02;R-B30-GO130-02;B30-GO130;B30;B30 – Miljöfarlig verksamhet;Omprövningar behöver hanteras enligt övergången till Miljöprövningsmyndigheten;utlösande faktor;2;En ny ansökan om omprövning eller ändring ges in efter ikraftträdandet och ska därför riktas till Miljöprövningsmyndigheten när motsvarande tillstånd då skulle ha meddelats av den myndigheten.;source;SFS2026_1442;"[""SFS2026_1442""]"
R-B30-GO130-02:trigger:03;R-B30-GO130-02;B30-GO130;B30;B30 – Miljöfarlig verksamhet;Omprövningar behöver hanteras enligt övergången till Miljöprövningsmyndigheten;utlösande faktor;3;Länsstyrelsen ska överlämna handlingarna i det pågående ärendet till Miljöprövningsmyndigheten för fortsatt handläggning.;source;SFS2026_1442;"[""SFS2026_1442""]"
R-B30-GO130-02:trigger:04;R-B30-GO130-02;B30-GO130;B30;B30 – Miljöfarlig verksamhet;Omprövningar behöver hanteras enligt övergången till Miljöprövningsmyndigheten;utlösande faktor;4;Projektets ärendeplanering har inte uppdaterats för den föreskrivna överföringen av pågående ärenden till Miljöprövningsmyndigheten.;analysis;;[]
R-B30-GO130-02:trigger:05;R-B30-GO130-02;B30-GO130;B30;B30 – Miljöfarlig verksamhet;Omprövningar behöver hanteras enligt övergången till Miljöprövningsmyndigheten;utlösande faktor;5;Projektet behöver ta höjd för att den nya organisationens rutiner för inkomna omprövningsansökningar kan skilja sig från länsstyrelsernas tidigare rutiner.;analysis;;[]
R-B30-GO130-02:consequence:01;R-B30-GO130-02;B30-GO130;B30;B30 – Miljöfarlig verksamhet;Omprövningar behöver hanteras enligt övergången till Miljöprövningsmyndigheten;konsekvens;1;Pågående MPD-ärenden ska efter ikraftträdandet handläggas av Miljöprövningsmyndigheten och handlingarna ska överlämnas dit av länsstyrelsen.;source;SFS2026_1442;"[""SFS2026_1442""]"
R-B30-GO130-02:consequence:02;R-B30-GO130-02;B30-GO130;B30;B30 – Miljöfarlig verksamhet;Omprövningar behöver hanteras enligt övergången till Miljöprövningsmyndigheten;konsekvens;2;Handläggningstiden kan påverkas om den föreskrivna ärendeöverföringen medför ett administrativt överlämnande i det konkreta ärendet.;analysis;;[]
R-B30-GO130-02:consequence:03;R-B30-GO130-02;B30-GO130;B30;B30 – Miljöfarlig verksamhet;Omprövningar behöver hanteras enligt övergången till Miljöprövningsmyndigheten;konsekvens;3;Projektets drift- eller investeringsplan påverkas negativt eftersom utgången av omprövningen försenas.;analysis;;[]
R-B30-GO130-02:consequence:04;R-B30-GO130-02;B30-GO130;B30;B30 – Miljöfarlig verksamhet;Omprövningar behöver hanteras enligt övergången till Miljöprövningsmyndigheten;konsekvens;4;Det krävs extra resurser för att hantera den administrativa övergången och säkerställa att ärendet handläggs korrekt av rätt instans.;analysis;;[]
R-B30-GO130-03:trigger:01;R-B30-GO130-03;B30-GO130;B30;B30 – Miljöfarlig verksamhet;Omprövningsmål påverkas av domstolens samlade målbelastning;utlösande faktor;1;Den nationella planen anger tidpunkter då vattenkraftsverksamheter ska ansöka om moderna miljövillkor, vilket tillför planerade mål till mark- och miljödomstolarna under genomförandeperioden.;source;EXT: HaV – Frågor och svar om den nationella planen (NAP) https://www.havochvatten.se/arbete-i-vatten-utslapp-till-vatten-och-energiproduktion/vattenkraftverk-och-dammar/nationella-planen-nap/fragor-och-svar-om-den-nationella-planen-nap.html;"[""EXT: HaV – Frågor och svar om den nationella planen (NAP) https://www.havochvatten.se/arbete-i-vatten-utslapp-till-vatten-och-energiproduktion/vattenkraftverk-och-dammar/nationella-planen-nap/fragor-och-svar-om-den-nationella-planen-nap.html""]"
R-B30-GO130-03:trigger:02;R-B30-GO130-03;B30-GO130;B30;B30 – Miljöfarlig verksamhet;Omprövningsmål påverkas av domstolens samlade målbelastning;utlösande faktor;2;Vattenkraftsverksamheter som omfattas av 11 kap. 27 § miljöbalken ska förses med moderna miljövillkor genom prövning enligt den nationella planen.;source;MB;"[""MB""]"
R-B30-GO130-03:trigger:03;R-B30-GO130-03;B30-GO130;B30;B30 – Miljöfarlig verksamhet;Omprövningsmål påverkas av domstolens samlade målbelastning;utlösande faktor;3;Den nationella planens tidplan anger när verksamhetsutövarna i en prövningsgrupp ska ansöka hos mark- och miljödomstol.;source;EXT: HaV – Frågor och svar om den nationella planen (NAP) https://www.havochvatten.se/arbete-i-vatten-utslapp-till-vatten-och-energiproduktion/vattenkraftverk-och-dammar/nationella-planen-nap/fragor-och-svar-om-den-nationella-planen-nap.html;"[""EXT: HaV – Frågor och svar om den nationella planen (NAP) https://www.havochvatten.se/arbete-i-vatten-utslapp-till-vatten-och-energiproduktion/vattenkraftverk-och-dammar/nationella-planen-nap/fragor-och-svar-om-den-nationella-planen-nap.html""]"
R-B30-GO130-03:trigger:04;R-B30-GO130-03;B30-GO130;B30;B30 – Miljöfarlig verksamhet;Omprövningsmål påverkas av domstolens samlade målbelastning;utlösande faktor;4;Om den aktuella domstolens tillgängliga kapacitet är låg i förhållande till inflödet och komplexiteten i målen kan handläggningstiden påverkas.;analysis;;[]
R-B30-GO130-03:trigger:05;R-B30-GO130-03;B30-GO130;B30;B30 – Miljöfarlig verksamhet;Omprövningsmål påverkas av domstolens samlade målbelastning;utlösande faktor;5;Enskilda mål kräver omfattande tekniskt underlag och samordning med andra verksamheter i samma vattenområde, vilket gör resursbehovet svårt att prognostisera.;analysis;;[]
R-B30-GO130-03:consequence:01;R-B30-GO130-03;B30-GO130;B30;B30 – Miljöfarlig verksamhet;Omprövningsmål påverkas av domstolens samlade målbelastning;konsekvens;1;En vattenkraftsverksamhet som omfattas av den nationella planen behöver lämna in sin ansökan vid planerad tidpunkt och delta i mark- och miljödomstolens prövning innan moderna miljövillkor beslutas.;source;EXT: HaV – Frågor och svar om den nationella planen (NAP) https://www.havochvatten.se/arbete-i-vatten-utslapp-till-vatten-och-energiproduktion/vattenkraftverk-och-dammar/nationella-planen-nap/fragor-och-svar-om-den-nationella-planen-nap.html;"[""EXT: HaV – Frågor och svar om den nationella planen (NAP) https://www.havochvatten.se/arbete-i-vatten-utslapp-till-vatten-och-energiproduktion/vattenkraftverk-och-dammar/nationella-planen-nap/fragor-och-svar-om-den-nationella-planen-nap.html""]"
R-B30-GO130-03:consequence:02;R-B30-GO130-03;B30-GO130;B30;B30 – Miljöfarlig verksamhet;Omprövningsmål påverkas av domstolens samlade målbelastning;konsekvens;2;Befintliga villkor gäller normalt under handläggningen, men osäkerheten om framtida villkor kan göra teknik- och investeringsbeslut svårare.;analysis;;[]
R-B30-GO130-03:consequence:03;R-B30-GO130-03;B30-GO130;B30;B30 – Miljöfarlig verksamhet;Omprövningsmål påverkas av domstolens samlade målbelastning;konsekvens;3;Teknikinvesteringar som är beroende av utgången av omprövningen kan bli försenade eller felplacerade.;analysis;;[]
R-B30-GO130-03:consequence:04;R-B30-GO130-03;B30-GO130;B30;B30 – Miljöfarlig verksamhet;Omprövningsmål påverkas av domstolens samlade målbelastning;konsekvens;4;Projektets planering blir mer osäker på grund av den oförutsägbara tidsåtgången i domstolsprocessen.;analysis;;[]
R-B30-O100-01:trigger:01;R-B30-O100-01;B30-O100;B30;B30 – Miljöfarlig verksamhet;Miljökvalitetsnormsöverträdelse tvingar fram omprövning;utlösande faktor;1;Övervakning visar att en miljökvalitetsnorm har överträtts i recipienten.;source;MB;"[""MB""]"
R-B30-O100-01:trigger:02;R-B30-O100-01;B30-O100;B30;B30 – Miljöfarlig verksamhet;Miljökvalitetsnormsöverträdelse tvingar fram omprövning;utlösande faktor;2;Det kan styrkas att verksamheten med någon betydelse har medverkat till normöverträdelsen, vilket uppfyller kravet i 24 kap. 5 § miljöbalken.;source;MB;"[""MB""]"
R-B30-O100-01:trigger:03;R-B30-O100-01;B30-O100;B30;B30 – Miljöfarlig verksamhet;Miljökvalitetsnormsöverträdelse tvingar fram omprövning;utlösande faktor;3;Miljösamverkan Sveriges handläggarstöd beskriver att tolkningen av 'betydelse' i bidragsfördelning är en tvistefråga när flera aktörer bidrar.;source;EXT: Miljösamverkan Sverige, Handläggarstöd för omprövning av vattenverksamheter https://www.miljosamverkansverige.se/wp-content/uploads/Handlaggarstod-for-omprovning-av-vattenverksamheter.pdf;"[""EXT: Miljösamverkan Sverige, Handläggarstöd för omprövning av vattenverksamheter https://www.miljosamverkansverige.se/wp-content/uploads/Handlaggarstod-for-omprovning-av-vattenverksamheter.pdf""]"
R-B30-O100-01:trigger:04;R-B30-O100-01;B30-O100;B30;B30 – Miljöfarlig verksamhet;Miljökvalitetsnormsöverträdelse tvingar fram omprövning;utlösande faktor;4;Normer har skärpts på EU-nivå, vilket gör att fler verksamheter löpande hamnar i situationer där de riskerar att överträda gränsvärden.;analysis;;[]
R-B30-O100-01:trigger:05;R-B30-O100-01;B30-O100;B30;B30 – Miljöfarlig verksamhet;Miljökvalitetsnormsöverträdelse tvingar fram omprövning;utlösande faktor;5;Det är tekniskt svårt att exakt kvantifiera den enskilda verksamhetens bidrag till en samlad normöverträdelse i komplexa recipienter.;analysis;;[]
R-B30-O100-01:consequence:01;R-B30-O100-01;B30-O100;B30;B30 – Miljöfarlig verksamhet;Miljökvalitetsnormsöverträdelse tvingar fram omprövning;konsekvens;1;En behörig aktör kan ansöka om omprövning för att ändra tillståndet när förutsättningarna i 24 kap. miljöbalken är uppfyllda.;source;MB;"[""MB""]"
R-B30-O100-01:consequence:02;R-B30-O100-01;B30-O100;B30;B30 – Miljöfarlig verksamhet;Miljökvalitetsnormsöverträdelse tvingar fram omprövning;konsekvens;2;Det finns en risk för skärpta villkor eller begränsad drift av verksamheten som ett resultat av omprövningen.;analysis;;[]
R-B30-O100-01:consequence:03;R-B30-O100-01;B30-O100;B30;B30 – Miljöfarlig verksamhet;Miljökvalitetsnormsöverträdelse tvingar fram omprövning;konsekvens;3;Det uppstår osäkerhet om verksamhetens långsiktiga tillståndsstatus och möjlighet att fortsätta driften under nuvarande villkor.;analysis;;[]
R-B30-O100-01:consequence:04;R-B30-O100-01;B30-O100;B30;B30 – Miljöfarlig verksamhet;Miljökvalitetsnormsöverträdelse tvingar fram omprövning;konsekvens;4;Myndigheten eller tillståndshavaren kan behöva in i en juridisk tvist om omfattningen av bidraget till normöverträdelsen.;analysis;;[]
R-B30-O100-02:trigger:01;R-B30-O100-02;B30-O100;B30;B30 – Miljöfarlig verksamhet;Reformdriven omprövningsplikt träffar äldre tillstånd;utlösande faktor;1;En framtida bindande lagstiftning genomför ett förslag om obligatorisk omprövning av äldre tillstånd för miljöfarlig verksamhet och omfattar den aktuella verksamheten.;analysis;;[]
R-B30-O100-02:trigger:02;R-B30-O100-02;B30-O100;B30;B30 – Miljöfarlig verksamhet;Reformdriven omprövningsplikt träffar äldre tillstånd;utlösande faktor;2;En vattenkraftsverksamhet omfattas av den beslutade nationella planen för moderna miljövillkor och når den tidpunkt då ansökan ska ges in.;source;EXT: Havs- och vattenmyndigheten, Nationella planen (NAP) https://www.havochvatten.se/arbete-i-vatten-och-energiproduktion/vattenkraftverk-och-dammar/nationella-planen-nap/fragor-och-svar-om-den-nationella-planen-nap.html;"[""EXT: Havs- och vattenmyndigheten, Nationella planen (NAP) https://www.havochvatten.se/arbete-i-vatten-och-energiproduktion/vattenkraftverk-och-dammar/nationella-planen-nap/fragor-och-svar-om-den-nationella-planen-nap.html""]"
R-B30-O100-02:trigger:03;R-B30-O100-02;B30-O100;B30;B30 – Miljöfarlig verksamhet;Reformdriven omprövningsplikt träffar äldre tillstånd;utlösande faktor;3;SOU 2022:33 föreslår uttryckligen att obligatorisk omprövning ska införas för tillståndspliktiga miljöfarliga verksamheter prövade av länsstyrelse eller mark- och miljödomstol.;source;EXT: SOU 2022:33 Om prövning och omprövning https://www.riksdagen.se/sv/dokument-och-lagar/dokument/statens-offentliga-utredningar/om-provning-och-omprovning_hab333/;"[""EXT: SOU 2022:33 Om prövning och omprövning https://www.riksdagen.se/sv/dokument-och-lagar/dokument/statens-offentliga-utredningar/om-provning-och-omprovning_hab333/""]"
R-B30-O100-02:trigger:04;R-B30-O100-02;B30-O100;B30;B30 – Miljöfarlig verksamhet;Reformdriven omprövningsplikt träffar äldre tillstånd;utlösande faktor;4;"För andra verksamheter medför skärpta BAT- eller miljökrav inte automatiskt den obligatoriska omprövningscykel som risken avser; en konkret grund i gällande rätt eller en framtida bindande reform krävs.";analysis;;[]
R-B30-O100-02:trigger:05;R-B30-O100-02;B30-O100;B30;B30 – Miljöfarlig verksamhet;Reformdriven omprövningsplikt träffar äldre tillstånd;utlösande faktor;5;Den nationella planen för vattenkraft visar hur en sådan återprövningsregim kan vara sektorsvis, domstolsbunden och mångårig.;source;EXT: Havs- och vattenmyndigheten, Nationella planen (NAP) https://www.havochvatten.se/arbete-i-vatten-och-energiproduktion/vattenkraftverk-och-dammar/nationella-planen-nap/fragor-och-svar-om-den-nationella-planen-nap.html;"[""EXT: Havs- och vattenmyndigheten, Nationella planen (NAP) https://www.havochvatten.se/arbete-i-vatten-och-energiproduktion/vattenkraftverk-och-dammar/nationella-planen-nap/fragor-och-svar-om-den-nationella-planen-nap.html""]"
R-B30-O100-02:consequence:01;R-B30-O100-02;B30-O100;B30;B30 – Miljöfarlig verksamhet;Reformdriven omprövningsplikt träffar äldre tillstånd;konsekvens;1;Det uppstår planeringsosäkerhet för kapitalintensiva verksamheter som är beroende av stabila villkor.;analysis;;[]
R-B30-O100-02:consequence:02;R-B30-O100-02;B30-O100;B30;B30 – Miljöfarlig verksamhet;Reformdriven omprövningsplikt träffar äldre tillstånd;konsekvens;2;"Verksamheten kan behöva genomföra de tekniska anpassningar eller investeringar som följer av de moderna miljövillkor som slutligen beslutas; innehållet är ärendespecifikt.";analysis;;[]
R-B30-O100-02:consequence:03;R-B30-O100-02;B30-O100;B30;B30 – Miljöfarlig verksamhet;Reformdriven omprövningsplikt träffar äldre tillstånd;konsekvens;3;En vattenkraftsverksamhet som omfattas av den nationella planen behöver lämna in sin ansökan vid planerad tidpunkt och delta i domstolens prövning av moderna miljövillkor.;source;EXT: Havs- och vattenmyndigheten, Nationella planen (NAP) https://www.havochvatten.se/arbete-i-vatten-och-energiproduktion/vattenkraftverk-och-dammar/nationella-planen-nap/fragor-och-svar-om-den-nationella-planen-nap.html;"[""EXT: Havs- och vattenmyndigheten, Nationella planen (NAP) https://www.havochvatten.se/arbete-i-vatten-och-energiproduktion/vattenkraftverk-och-dammar/nationella-planen-nap/fragor-och-svar-om-den-nationella-planen-nap.html""]"
R-B30-O100-02:consequence:04;R-B30-O100-02;B30-O100;B30;B30 – Miljöfarlig verksamhet;Reformdriven omprövningsplikt träffar äldre tillstånd;konsekvens;4;Äldre tillstånd kan bli föremål för en ny prövning utan att tillståndshavaren själv har initierat en ändring, om en beslutad sektorsregim eller framtida lagreform föreskriver det.;analysis;;[]
R-B30-O120-01:trigger:01;R-B30-O120-01;B30-O120;B30;B30 – Miljöfarlig verksamhet;Sambandskravet begränsar vilka villkor som får röras;utlösande faktor;1;Vid omprövning får endast villkor som har samband med omprövningsgrunden ändras, enligt praxis och förarbeten.;source;EXT: SOU 2014:35 I vått och torrt https://www.riksdagen.se/sv/dokument-och-lagar/dokument/statens-offentliga-utredningar/i-vatt-och-torrt-forslag-till-andrade-vattenrattsliga_h2b335/;"[""EXT: SOU 2014:35 I vått och torrt https://www.riksdagen.se/sv/dokument-och-lagar/dokument/statens-offentliga-utredningar/i-vatt-och-torrt-forslag-till-andrade-vattenrattsliga_h2b335/""]"
R-B30-O120-01:trigger:02;R-B30-O120-01;B30-O120;B30;B30 – Miljöfarlig verksamhet;Sambandskravet begränsar vilka villkor som får röras;utlösande faktor;2;Parterna tvistar om vilka av tillståndets villkor som omfattas av ramen för sambandskravet.;analysis;;[]
R-B30-O120-01:trigger:03;R-B30-O120-01;B30-O120;B30;B30 – Miljöfarlig verksamhet;Sambandskravet begränsar vilka villkor som får röras;utlösande faktor;3;En grund om utsläpp till luft öppnar inte automatiskt för ändring av vattenvillkor, vilket begränsar omprövningsramen.;analysis;;[]
R-B30-O120-01:trigger:04;R-B30-O120-01;B30-O120;B30;B30 – Miljöfarlig verksamhet;Sambandskravet begränsar vilka villkor som får röras;utlösande faktor;4;Både myndigheter och tillståndshavare har incitament att tvista om ramen för att gynna sin egen position.;analysis;;[]
R-B30-O120-01:trigger:05;R-B30-O120-01;B30-O120;B30;B30 – Miljöfarlig verksamhet;Sambandskravet begränsar vilka villkor som får röras;utlösande faktor;5;SOU 2014:35 sammanfattar att ett villkor får ändras endast om det har samband med den ändring som prövas.;source;EXT: SOU 2014:35 I vått och torrt https://www.riksdagen.se/sv/dokument-och-lagar/dokument/statens-offentliga-utredningar/i-vatt-och-torrt-forslag-till-andrade-vattenrattsliga_h2b335/;"[""EXT: SOU 2014:35 I vått och torrt https://www.riksdagen.se/sv/dokument-och-lagar/dokument/statens-offentliga-utredningar/i-vatt-och-torrt-forslag-till-andrade-vattenrattsliga_h2b335/""]"
R-B30-O120-01:consequence:01;R-B30-O120-01;B30-O120;B30;B30 – Miljöfarlig verksamhet;Sambandskravet begränsar vilka villkor som får röras;konsekvens;1;Omprövningsbeslutet kan delvis upphävas eller ändras vid överklagande på grund av felaktigt dragen ram.;source;MB;"[""MB""]"
R-B30-O120-01:consequence:02;R-B30-O120-01;B30-O120;B30;B30 – Miljöfarlig verksamhet;Sambandskravet begränsar vilka villkor som får röras;konsekvens;2;Ärendet kan återförvisas efter överklagande, vilket förlänger processen.;analysis;;[]
R-B30-O120-01:consequence:03;R-B30-O120-01;B30-O120;B30;B30 – Miljöfarlig verksamhet;Sambandskravet begränsar vilka villkor som får röras;konsekvens;3;Villkor som trots processen lämnas oförändrade kvarstår med sina miljö- eller driftproblem.;analysis;;[]
R-B30-O120-01:consequence:04;R-B30-O120-01;B30-O120;B30;B30 – Miljöfarlig verksamhet;Sambandskravet begränsar vilka villkor som får röras;konsekvens;4;Det finns en risk att hela omprövningsbeslutet fälls vid överklagande om ramen har bedömts felaktigt.;analysis;;[]
R-B30-O120-02:trigger:01;R-B30-O120-02;B30-O120;B30;B30 – Miljöfarlig verksamhet;Tekniskt underlag för årtionden gammal anläggning saknas;utlösande faktor;1;Prövningen saknar aktuella uppgifter om processer, utsläpp och tillämpliga tekniska krav som behövs för att bedöma verksamheten mot dagens rättsläge.;source;MB;"[""MB""]"
R-B30-O120-02:trigger:02;R-B30-O120-02;B30-O120;B30;B30 – Miljöfarlig verksamhet;Tekniskt underlag för årtionden gammal anläggning saknas;utlösande faktor;2;Anläggningens tekniska dokumentation är föråldrad, spridd mellan ägargenerationer eller aldrig upprättad i modern form.;analysis;;[]
R-B30-O120-02:trigger:03;R-B30-O120-02;B30-O120;B30;B30 – Miljöfarlig verksamhet;Tekniskt underlag för årtionden gammal anläggning saknas;utlösande faktor;3;Ett äldre vattenkraftstillstånd som omfattas av den nationella planen ska prövas för moderna miljövillkor, men det saknas aktuellt tekniskt och miljömässigt underlag för ansökan.;source;EXT: Havs- och vattenmyndigheten, Nationella planen (NAP) https://www.havochvatten.se/arbete-i-vatten-och-energiproduktion/vattenkraftverk-och-dammar/nationella-planen-nap/fragor-och-svar-om-den-nationella-planen-nap.html;"[""EXT: Havs- och vattenmyndigheten, Nationella planen (NAP) https://www.havochvatten.se/arbete-i-vatten-och-energiproduktion/vattenkraftverk-och-dammar/nationella-planen-nap/fragor-och-svar-om-den-nationella-planen-nap.html""]"
R-B30-O120-02:trigger:04;R-B30-O120-02;B30-O120;B30;B30 – Miljöfarlig verksamhet;Tekniskt underlag för årtionden gammal anläggning saknas;utlösande faktor;4;22 kap. 1 d och 2 a §§ miljöbalken ställer särskilda krav på redovisningen av tidigare tillstånd, villkor och yrkanden vid ändrings- och omprövningsmål.;source;MB;"[""MB""]"
R-B30-O120-02:trigger:05;R-B30-O120-02;B30-O120;B30;B30 – Miljöfarlig verksamhet;Tekniskt underlag för årtionden gammal anläggning saknas;utlösande faktor;5;Det finns kunskapsluckor gällande nuvarande verksamhet som inte kan fyllas utan nya mätningar och utredningar.;analysis;;[]
R-B30-O120-02:consequence:01;R-B30-O120-02;B30-O120;B30;B30 – Miljöfarlig verksamhet;Tekniskt underlag för årtionden gammal anläggning saknas;konsekvens;1;Prövningsinstansen kan förelägga sökanden att komplettera det tekniska underlaget och avvisa ansökan om en väsentlig brist inte avhjälps.;source;MB;"[""MB""]"
R-B30-O120-02:consequence:02;R-B30-O120-02;B30-O120;B30;B30 – Miljöfarlig verksamhet;Tekniskt underlag för årtionden gammal anläggning saknas;konsekvens;2;Kostnaden och arbetsbördan för ansökan ökar när historiska driftuppgifter behöver rekonstrueras eller nya mätningar genomföras.;analysis;;[]
R-B30-O120-02:consequence:03;R-B30-O120-02;B30-O120;B30;B30 – Miljöfarlig verksamhet;Tekniskt underlag för årtionden gammal anläggning saknas;konsekvens;3;Befintliga villkor gäller normalt under tiden, men osäkerheten om framtida villkor gör teknik- och investeringsbeslut svårare.;analysis;;[]
R-B30-O120-02:consequence:04;R-B30-O120-02;B30-O120;B30;B30 – Miljöfarlig verksamhet;Tekniskt underlag för årtionden gammal anläggning saknas;konsekvens;4;Prövningstiden förlängs påtagligt på grund av behovet av att generera nytt tekniskt underlag.;analysis;;[]
R-B30-START-01:trigger:01;R-B30-START-01;B30-START;B30;B30 – Miljöfarlig verksamhet;Tillståndsmatrisen missar 9 kap.-plikten;utlösande faktor;1;Verksamhetskoden i miljöprövningsförordningen tolkas felaktigt så att verksamheten klassificeras som anmälningspliktig eller fri istället för tillståndspliktig enligt 9 kap. miljöbalken.;source;MPF;"[""MPF""]"
R-B30-START-01:trigger:02;R-B30-START-01;B30-START;B30;B30 – Miljöfarlig verksamhet;Tillståndsmatrisen missar 9 kap.-plikten;utlösande faktor;2;En ändring av en befintlig verksamhet identifieras inte som tillståndspliktig trots att ändringen träffas av en bestämmelse om tillståndsplikt i MPF.;source;MPF;"[""MPF""]"
R-B30-START-01:trigger:03;R-B30-START-01;B30-START;B30;B30 – Miljöfarlig verksamhet;Tillståndsmatrisen missar 9 kap.-plikten;utlösande faktor;3;Tillståndsmatrisen i förstudien ger ett felaktigt underlag som indikerar att ingen tillståndsplikt föreligger, vilket kan medföra att processen B30 inte aktiveras.;analysis;;[]
R-B30-START-01:trigger:04;R-B30-START-01;B30-START;B30;B30 – Miljöfarlig verksamhet;Tillståndsmatrisen missar 9 kap.-plikten;utlösande faktor;4;Gränsdragningen mellan tillståndspliktig miljöfarlig verksamhet och anmälningspliktig verksamhet bedöms felaktigt som att den aktuella verksamheten faller utanför tillståndskravet.;analysis;;[]
R-B30-START-01:consequence:01;R-B30-START-01;B30-START;B30;B30 – Miljöfarlig verksamhet;Tillståndsmatrisen missar 9 kap.-plikten;konsekvens;1;"Verksamheten kan påbörjas eller fortsätta utan ett tillstånd som krävs; om detta sker uppsåtligen eller av oaktsamhet kan ansvar för otillåten miljöverksamhet aktualiseras.";source;MB;"[""MB""]"
R-B30-START-01:consequence:02;R-B30-START-01;B30-START;B30;B30 – Miljöfarlig verksamhet;Tillståndsmatrisen missar 9 kap.-plikten;konsekvens;2;Tillsynsmyndigheten förelägger verksamhetsutövaren att ansöka om tillstånd i efterhand, vilket kräver en fullständig prövning.;source;FMH;"[""FMH""]"
R-B30-START-01:consequence:03;R-B30-START-01;B30-START;B30;B30 – Miljöfarlig verksamhet;Tillståndsmatrisen missar 9 kap.-plikten;konsekvens;3;Projektet drabbas av betydande fördröjningar eftersom processen kan behöva omstarta med en formell tillståndsansökan.;analysis;;[]
R-B30-START-01:consequence:04;R-B30-START-01;B30-START;B30;B30 – Miljöfarlig verksamhet;Tillståndsmatrisen missar 9 kap.-plikten;konsekvens;4;"Tillsynsmyndigheten kan meddela föreläggande eller förbud och förena beslutet med vite; separat straffansvar kan aktualiseras om rekvisiten för miljöbrottsligheten är uppfyllda.";source;MB;"[""MB""]"
R-B40-010-01:trigger:01;R-B40-010-01;B40-010;B40;B40 – Vattenverksamhet;Salami-slicing: åtgärden delas upp och undgår prövning;utlösande faktor;1;Prövningsobjektet ska omfatta de åtgärder som funktionellt och miljömässigt hör samman så att verksamhetens samlade konsekvenser kan bedömas.;source;MB;"[""MB""]"
R-B40-010-01:trigger:02;R-B40-010-01;B40-010;B40;B40 – Vattenverksamhet;Salami-slicing: åtgärden delas upp och undgår prövning;utlösande faktor;2;Projektägaren avgränsar prövningsobjektet för snävt, t.ex. genom att söka för huvudåtgärden men inte för tillfälliga arbeten, schaktmassor eller följdåtgärder.;analysis;;[]
R-B40-010-01:trigger:03;R-B40-010-01;B40-010;B40;B40 – Vattenverksamhet;Salami-slicing: åtgärden delas upp och undgår prövning;utlösande faktor;3;Projektets tekniska utformning ändras efter att den vattenrättsliga avgränsningen har låsts.;analysis;;[]
R-B40-010-01:trigger:04;R-B40-010-01;B40-010;B40;B40 – Vattenverksamhet;Salami-slicing: åtgärden delas upp och undgår prövning;utlösande faktor;4;Ansvar för följdåtgärder är uppdelat mellan discipliner som inte delar ett gemensamt prövningsunderlag.;analysis;;[]
R-B40-010-01:consequence:01;R-B40-010-01;B40-010;B40;B40 – Vattenverksamhet;Salami-slicing: åtgärden delas upp och undgår prövning;konsekvens;1;En tillståndspliktig vattenverksamhet får inte bedrivas utan det tillstånd som krävs enligt 11 kap. miljöbalken.;source;MB;"[""MB""]"
R-B40-010-01:consequence:02;R-B40-010-01;B40-010;B40;B40 – Vattenverksamhet;Salami-slicing: åtgärden delas upp och undgår prövning;konsekvens;2;Den aktuella vattenrisken kan leda till återförvisning eller omprövning.;analysis;;[]
R-B40-010-01:consequence:03;R-B40-010-01;B40-010;B40;B40 – Vattenverksamhet;Salami-slicing: åtgärden delas upp och undgår prövning;konsekvens;3;Projektet kan behöva genomgå en tillståndsprocess i efterhand.;analysis;;[]
R-B40-010-01:consequence:04;R-B40-010-01;B40-010;B40;B40 – Vattenverksamhet;Salami-slicing: åtgärden delas upp och undgår prövning;konsekvens;4;Tillsynsföreläggande med vite eller straffansvar kan aktualiseras om en tillståndspliktig vattenverksamhet bedrivs utan nödvändigt tillstånd.;source;MB;"[""MB""]"
R-B40-010-02:trigger:01;R-B40-010-02;B40-010;B40;B40 – Vattenverksamhet;Tillfälliga arbeten och grundvattenbortledning faller utanför avgränsningen;utlösande faktor;1;Tillfällig grundvattenbortledning under byggskedet kan vara vattenverksamhet enligt 11 kap. miljöbalken och behöver därför ingå i avgränsningen om undantag inte är tillämpligt.;source;MB;"[""MB""]"
R-B40-010-02:trigger:02;R-B40-010-02;B40-010;B40;B40 – Vattenverksamhet;Tillfälliga arbeten och grundvattenbortledning faller utanför avgränsningen;utlösande faktor;2;Byggskedets tillfälliga grundvattensänkning, spontningsinvallningar eller arbetsgropor betraktas som en tillfällig teknikfråga och tas inte med i prövningsobjektet.;analysis;;[]
R-B40-010-02:trigger:03;R-B40-010-02;B40-010;B40;B40 – Vattenverksamhet;Tillfälliga arbeten och grundvattenbortledning faller utanför avgränsningen;utlösande faktor;3;Projektets tekniska utformning ändras efter att den vattenrättsliga avgränsningen har låsts.;analysis;;[]
R-B40-010-02:trigger:04;R-B40-010-02;B40-010;B40;B40 – Vattenverksamhet;Tillfälliga arbeten och grundvattenbortledning faller utanför avgränsningen;utlösande faktor;4;Ansvar för följdåtgärder är uppdelat mellan discipliner som inte delar ett gemensamt prövningsunderlag.;analysis;;[]
R-B40-010-02:consequence:01;R-B40-010-02;B40-010;B40;B40 – Vattenverksamhet;Tillfälliga arbeten och grundvattenbortledning faller utanför avgränsningen;konsekvens;1;Domstolen kan kräva att ansökan kompletteras när byggskedets vattenverksamhet inte omfattas av prövningsunderlaget.;source;MB | COURT_WV;"[""MB"",""COURT_WV""]"
R-B40-010-02:consequence:02;R-B40-010-02;B40-010;B40;B40 – Vattenverksamhet;Tillfälliga arbeten och grundvattenbortledning faller utanför avgränsningen;konsekvens;2;Ansökan eller anmälan kan behöva kompletteras innan prövningen kan fortsätta i ärendet vid processteget ”Avgränsa vattenåtgärden”.;analysis;;[]
R-B40-010-02:consequence:03;R-B40-010-02;B40-010;B40;B40 – Vattenverksamhet;Tillfälliga arbeten och grundvattenbortledning faller utanför avgränsningen;konsekvens;3;Den aktuella vattenrisken kan leda till stoppade arbeten.;analysis;;[]
R-B40-010-02:consequence:04;R-B40-010-02;B40-010;B40;B40 – Vattenverksamhet;Tillfälliga arbeten och grundvattenbortledning faller utanför avgränsningen;konsekvens;4;Den aktuella vattenrisken kan leda till skadeståndsanspråk från brunnsägare och grannar.;analysis;;[]
R-B40-010-03:trigger:01;R-B40-010-03;B40-010;B40;B40 – Vattenverksamhet;Följdåtgärder utanför huvudplatsen missas;utlösande faktor;1;11 kap. 2 § MB definierar vattenverksamhet och omfattar bland annat åtgärder som syftar till att ändra vattnets djup eller läge.;source;MB;"[""MB""]"
R-B40-010-03:trigger:02;R-B40-010-03;B40-010;B40;B40 – Vattenverksamhet;Följdåtgärder utanför huvudplatsen missas;utlösande faktor;2;Schaktmassor som tippas i vatten, avledda diken utanför arbetsområdet eller erosionsskydd längre nedströms bedöms som separata smååtgärder.;analysis;;[]
R-B40-010-03:trigger:03;R-B40-010-03;B40-010;B40;B40 – Vattenverksamhet;Följdåtgärder utanför huvudplatsen missas;utlösande faktor;3;Projektets tekniska utformning ändras efter att den vattenrättsliga avgränsningen har låsts.;analysis;;[]
R-B40-010-03:trigger:04;R-B40-010-03;B40-010;B40;B40 – Vattenverksamhet;Följdåtgärder utanför huvudplatsen missas;utlösande faktor;4;Ansvar för följdåtgärder är uppdelat mellan discipliner som inte delar ett gemensamt prövningsunderlag.;analysis;;[]
R-B40-010-03:consequence:01;R-B40-010-03;B40-010;B40;B40 – Vattenverksamhet;Följdåtgärder utanför huvudplatsen missas;konsekvens;1;Ansökan och kungörelsen behöver avgränsa den verksamhet som ska prövas.;source;MB;"[""MB""]"
R-B40-010-03:consequence:02;R-B40-010-03;B40-010;B40;B40 – Vattenverksamhet;Följdåtgärder utanför huvudplatsen missas;konsekvens;2;Den vattenrättsliga prövningen och projektets planerade genomförande kan fördröjas i ärendet vid processteget ”Avgränsa vattenåtgärden”.;analysis;;[]
R-B40-010-03:consequence:03;R-B40-010-03;B40-010;B40;B40 – Vattenverksamhet;Följdåtgärder utanför huvudplatsen missas;konsekvens;3;Projektet riskerar att tillståndet inte täcker hela genomförandet.;analysis;;[]
R-B40-010-03:consequence:04;R-B40-010-03;B40-010;B40;B40 – Vattenverksamhet;Följdåtgärder utanför huvudplatsen missas;konsekvens;4;Projektet kan behöva öppna ett nytt prövningsspår för en tidigare utelämnad åtgärd.;analysis;;[]
R-B40-030-01:trigger:01;R-B40-030-01;B40-030;B40;B40 – Vattenverksamhet;Hydrologiskt och hydrogeologiskt underlag håller inte domstolsmått;utlösande faktor;1;Ett vattenverksamhetsunderlag behöver beskriva berörda vattenförhållanden, påverkan, osäkerheter och skyddsåtgärder så att domstolen kan bedöma tillåtlighet och villkor.;source;MB;"[""MB""]"
R-B40-030-01:trigger:02;R-B40-030-01;B40-030;B40;B40 – Vattenverksamhet;Hydrologiskt och hydrogeologiskt underlag håller inte domstolsmått;utlösande faktor;2;Grundvattenmätningar görs under för kort tid eller fel årstid, och recipients- eller flödesdata saknas för relevanta årsvariationer.;analysis;;[]
R-B40-030-01:trigger:03;R-B40-030-01;B40-030;B40;B40 – Vattenverksamhet;Hydrologiskt och hydrogeologiskt underlag håller inte domstolsmått;utlösande faktor;3;Underlaget bygger på register eller mätserier som inte täcker hela det berörda området.;analysis;;[]
R-B40-030-01:trigger:04;R-B40-030-01;B40-030;B40;B40 – Vattenverksamhet;Hydrologiskt och hydrogeologiskt underlag håller inte domstolsmått;utlösande faktor;4;Ägar-, rättighets- eller naturförhållanden hinner ändras mellan inventering och ansökan.;analysis;;[]
R-B40-030-01:consequence:01;R-B40-030-01;B40-030;B40;B40 – Vattenverksamhet;Hydrologiskt och hydrogeologiskt underlag håller inte domstolsmått;konsekvens;1;Domstolen kan förelägga sökanden att komplettera en ansökan som inte ger ett tillräckligt prövningsunderlag.;source;MB | COURT_WV;"[""MB"",""COURT_WV""]"
R-B40-030-01:consequence:02;R-B40-030-01;B40-030;B40;B40 – Vattenverksamhet;Hydrologiskt och hydrogeologiskt underlag håller inte domstolsmått;konsekvens;2;Projektet kan fördröjas till dess att ett tillräckligt mätunderlag finns.;analysis;;[]
R-B40-030-01:consequence:03;R-B40-030-01;B40-030;B40;B40 – Vattenverksamhet;Hydrologiskt och hydrogeologiskt underlag håller inte domstolsmått;konsekvens;3;Den aktuella vattenrisken kan leda till merkostnad för kompletterande fältarbete.;analysis;;[]
R-B40-030-01:consequence:04;R-B40-030-01;B40-030;B40;B40 – Vattenverksamhet;Hydrologiskt och hydrogeologiskt underlag håller inte domstolsmått;konsekvens;4;Den aktuella vattenrisken kan leda till en svagare processposition.;analysis;;[]
R-B40-030-02:trigger:01;R-B40-030-02;B40-030;B40;B40 – Vattenverksamhet;Befintliga tillstånd och gamla vattendomar förbises;utlösande faktor;1;Äldre vattendomar och vattenrättigheter kan fortfarande vara rättsligt relevanta även när de inte framgår av moderna digitala register.;source;MB | LVV;"[""MB"",""LVV""]"
R-B40-030-02:trigger:02;R-B40-030-02;B40-030;B40;B40 – Vattenverksamhet;Befintliga tillstånd och gamla vattendomar förbises;utlösande faktor;2;Inventeringen av befintliga tillstånd begränsas till digitala register och missar äldre vattendomar, rättigheter och förmåner som inte är registrerade.;analysis;;[]
R-B40-030-02:trigger:03;R-B40-030-02;B40-030;B40;B40 – Vattenverksamhet;Befintliga tillstånd och gamla vattendomar förbises;utlösande faktor;3;Underlaget bygger på register eller mätserier som inte täcker hela det berörda området.;analysis;;[]
R-B40-030-02:trigger:04;R-B40-030-02;B40-030;B40;B40 – Vattenverksamhet;Befintliga tillstånd och gamla vattendomar förbises;utlösande faktor;4;Ägar-, rättighets- eller naturförhållanden hinner ändras mellan inventering och ansökan.;analysis;;[]
R-B40-030-02:consequence:01;R-B40-030-02;B40-030;B40;B40 – Vattenverksamhet;Befintliga tillstånd och gamla vattendomar förbises;konsekvens;1;Befintliga vattendomar och vattenrättigheter måste beaktas vid prövningen av en ny eller ändrad vattenverksamhet.;source;MB | LVV;"[""MB"",""LVV""]"
R-B40-030-02:consequence:02;R-B40-030-02;B40-030;B40;B40 – Vattenverksamhet;Befintliga tillstånd och gamla vattendomar förbises;konsekvens;2;Den aktuella vattenrisken kan leda till ersättningskrav och sakägartvister i prövningen.;analysis;;[]
R-B40-030-02:consequence:03;R-B40-030-02;B40-030;B40;B40 – Vattenverksamhet;Befintliga tillstånd och gamla vattendomar förbises;konsekvens;3;Projektet kan fördröjas och åtgärden kan i värsta fall behöva ändras.;analysis;;[]
R-B40-030-02:consequence:04;R-B40-030-02;B40-030;B40;B40 – Vattenverksamhet;Befintliga tillstånd och gamla vattendomar förbises;konsekvens;4;Projektets bevisläge kan försvagas när nya uppgifter kommer fram sent i prövningen.;analysis;;[]
R-B40-030-03:trigger:01;R-B40-030-03;B40-030;B40;B40 – Vattenverksamhet;Sakägarförteckningen blir felaktig eller ofullständig;utlösande faktor;1;LVV och 22 kap. MB kräver att berörda får den underrättelse och möjlighet att yttra sig som följer av processreglerna.;source;LVV | MB;"[""LVV"",""MB""]"
R-B40-030-03:trigger:02;R-B40-030-03;B40-030;B40;B40 – Vattenverksamhet;Sakägarförteckningen blir felaktig eller ofullständig;utlösande faktor;2;Fastighetsgränser i vatten, fiskerättigheter och delägarskap i vattenområden är svårutredda, och fel personer listas som berörda.;analysis;;[]
R-B40-030-03:trigger:03;R-B40-030-03;B40-030;B40;B40 – Vattenverksamhet;Sakägarförteckningen blir felaktig eller ofullständig;utlösande faktor;3;Underlaget bygger på register eller mätserier som inte täcker hela det berörda området.;analysis;;[]
R-B40-030-03:trigger:04;R-B40-030-03;B40-030;B40;B40 – Vattenverksamhet;Sakägarförteckningen blir felaktig eller ofullständig;utlösande faktor;4;Ägar-, rättighets- eller naturförhållanden hinner ändras mellan inventering och ansökan.;analysis;;[]
R-B40-030-03:consequence:01;R-B40-030-03;B40-030;B40;B40 – Vattenverksamhet;Sakägarförteckningen blir felaktig eller ofullständig;konsekvens;1;Fel i sakägarbild, kungörelse eller delgivning kan därför leda till att avgörandet undanröjs eller att handläggningen måste göras om.;source;MB;"[""MB""]"
R-B40-030-03:consequence:02;R-B40-030-03;B40-030;B40;B40 – Vattenverksamhet;Sakägarförteckningen blir felaktig eller ofullständig;konsekvens;2;Den aktuella vattenrisken kan leda till återförvisning på formella grunder.;analysis;;[]
R-B40-030-03:consequence:03;R-B40-030-03;B40-030;B40;B40 – Vattenverksamhet;Sakägarförteckningen blir felaktig eller ofullständig;konsekvens;3;Den vattenrättsliga prövningen och projektets planerade genomförande kan fördröjas i ärendet vid processteget ”Ta fram vatten-, miljö- och sakägarunderlag”.;analysis;;[]
R-B40-030-03:consequence:04;R-B40-030-03;B40-030;B40;B40 – Vattenverksamhet;Sakägarförteckningen blir felaktig eller ofullständig;konsekvens;4;Den aktuella vattenrisken kan leda till skärpt motstånd från sakägare som upptäcker att de inte beretts möjlighet att yttra sig.;analysis;;[]
R-B40-050-01:trigger:01;R-B40-050-01;B40-050;B40;B40 – Vattenverksamhet;Förhandling om rättighet misslyckas och tvingar fram omprojektering;utlösande faktor;1;Rådighet enligt 2 kap. LVV är en processförutsättning.;source;LVV | MB;"[""LVV"",""MB""]"
R-B40-050-01:trigger:02;R-B40-050-01;B40-050;B40;B40 – Vattenverksamhet;Förhandling om rättighet misslyckas och tvingar fram omprojektering;utlösande faktor;2;Fastighetsägaren vägrar sälja eller upplåta rättigheten, eller kräver ersättningsnivåer som projektet inte kan bära.;analysis;;[]
R-B40-050-01:trigger:03;R-B40-050-01;B40-050;B40;B40 – Vattenverksamhet;Förhandling om rättighet misslyckas och tvingar fram omprojektering;utlösande faktor;3;Rättighetsförhandlingen genomförs innan arbetsområdets slutliga utbredning är fastställd.;analysis;;[]
R-B40-050-01:trigger:04;R-B40-050-01;B40-050;B40;B40 – Vattenverksamhet;Förhandling om rättighet misslyckas och tvingar fram omprojektering;utlösande faktor;4;Avtalen omfattar inte samtliga fastigheter, rättighetshavare eller tillfälliga arbetsområden.;analysis;;[]
R-B40-050-01:consequence:01;R-B40-050-01;B40-050;B40;B40 – Vattenverksamhet;Förhandling om rättighet misslyckas och tvingar fram omprojektering;konsekvens;1;Om nödvändig rätt till vattenområdet saknas kan projektet behöva avtal eller ett tillämpligt tvångsrättsinstitut innan prövningen kan slutföras.;source;LVV;"[""LVV""]"
R-B40-050-01:consequence:02;R-B40-050-01;B40-050;B40;B40 – Vattenverksamhet;Förhandling om rättighet misslyckas och tvingar fram omprojektering;konsekvens;2;Den aktuella vattenrisken kan leda till långvarig fördröjning.;analysis;;[]
R-B40-050-01:consequence:03;R-B40-050-01;B40-050;B40;B40 – Vattenverksamhet;Förhandling om rättighet misslyckas och tvingar fram omprojektering;konsekvens;3;Rättighetskostnaderna kan öka och åtgärden kan behöva flyttas eller avbrytas.;analysis;;[]
R-B40-050-01:consequence:04;R-B40-050-01;B40-050;B40;B40 – Vattenverksamhet;Förhandling om rättighet misslyckas och tvingar fram omprojektering;konsekvens;4;Projektet kan behöva omförhandla rättigheter eller flytta delar av åtgärden.;analysis;;[]
R-B40-050-02:trigger:01;R-B40-050-02;B40-050;B40;B40 – Vattenverksamhet;Säkrad rättighet täcker inte hela det slutliga prövningsobjektet;utlösande faktor;1;Rådigheten enligt 2 kap. LVV måste täcka det faktiska åtgärdsområde som ansökan avser.;source;LVV;"[""LVV""]"
R-B40-050-02:trigger:02;R-B40-050-02;B40-050;B40;B40 – Vattenverksamhet;Säkrad rättighet täcker inte hela det slutliga prövningsobjektet;utlösande faktor;2;Rättigheten säkras utifrån ett preliminärt åtgärdsomfång, men projekteringen eller kompletteringarna ändrar sedan arbetsområdets utbredning.;analysis;;[]
R-B40-050-02:trigger:03;R-B40-050-02;B40-050;B40;B40 – Vattenverksamhet;Säkrad rättighet täcker inte hela det slutliga prövningsobjektet;utlösande faktor;3;Rättighetsförhandlingen genomförs innan arbetsområdets slutliga utbredning är fastställd.;analysis;;[]
R-B40-050-02:trigger:04;R-B40-050-02;B40-050;B40;B40 – Vattenverksamhet;Säkrad rättighet täcker inte hela det slutliga prövningsobjektet;utlösande faktor;4;Avtalen omfattar inte samtliga fastigheter, rättighetshavare eller tillfälliga arbetsområden.;analysis;;[]
R-B40-050-02:consequence:01;R-B40-050-02;B40-050;B40;B40 – Vattenverksamhet;Säkrad rättighet täcker inte hela det slutliga prövningsobjektet;konsekvens;1;Om omfånget ändras under handläggningen kan rådighetsunderlaget och ansökan behöva kompletteras.;source;LVV;"[""LVV""]"
R-B40-050-02:consequence:02;R-B40-050-02;B40-050;B40;B40 – Vattenverksamhet;Säkrad rättighet täcker inte hela det slutliga prövningsobjektet;konsekvens;2;Den aktuella vattenrisken kan leda till förnyade förhandlingar under pågående process.;analysis;;[]
R-B40-050-02:consequence:03;R-B40-050-02;B40-050;B40;B40 – Vattenverksamhet;Säkrad rättighet täcker inte hela det slutliga prövningsobjektet;konsekvens;3;Ansökan eller anmälan kan behöva kompletteras innan prövningen kan fortsätta i ärendet vid processteget ”Säkra rättighet eller omprojektera”.;analysis;;[]
R-B40-050-02:consequence:04;R-B40-050-02;B40-050;B40;B40 – Vattenverksamhet;Säkrad rättighet täcker inte hela det slutliga prövningsobjektet;konsekvens;4;Den vattenrättsliga prövningen och projektets planerade genomförande kan fördröjas i ärendet vid processteget ”Säkra rättighet eller omprojektera”.;analysis;;[]
R-B40-060-01:trigger:01;R-B40-060-01;B40-060;B40;B40 – Vattenverksamhet;Dispensbehov för delar utanför miljöbalkstillståndets strandskyddsundantag missas;utlösande faktor;1;Strandskyddets förbud och undantag följer av 7 kap. 15–16 §§ MB.;source;STRAND | MB;"[""STRAND"",""MB""]"
R-B40-060-01:trigger:02;R-B40-060-01;B40-060;B40;B40 – Vattenverksamhet;Dispensbehov för delar utanför miljöbalkstillståndets strandskyddsundantag missas;utlösande faktor;2;En åtgärd eller anläggningsdel ligger inom ett strandskyddat område men saknar den dispens som genomförandet kräver.;analysis;;[]
R-B40-060-01:trigger:03;R-B40-060-01;B40-060;B40;B40 – Vattenverksamhet;Dispensbehov för delar utanför miljöbalkstillståndets strandskyddsundantag missas;utlösande faktor;3;Screeningen omfattar huvudåtgärden men inte tillfarter, ledningar, upplag eller andra följdåtgärder.;analysis;;[]
R-B40-060-01:trigger:04;R-B40-060-01;B40-060;B40;B40 – Vattenverksamhet;Dispensbehov för delar utanför miljöbalkstillståndets strandskyddsundantag missas;utlösande faktor;4;Parallella prövningar använder olika ritningsversioner eller miljöförutsättningar.;analysis;;[]
R-B40-060-01:consequence:01;R-B40-060-01;B40-060;B40;B40 – Vattenverksamhet;Dispensbehov för delar utanför miljöbalkstillståndets strandskyddsundantag missas;konsekvens;1;Om ett projektmoment inte omfattas av ett undantag kräver dispens ett tillämpligt särskilt skäl och en prövning mot strandskyddets syften.;source;STRAND;"[""STRAND""]"
R-B40-060-01:consequence:02;R-B40-060-01;B40-060;B40;B40 – Vattenverksamhet;Dispensbehov för delar utanför miljöbalkstillståndets strandskyddsundantag missas;konsekvens;2;Den aktuella vattenrisken kan leda till stopp i genomförandet trots vunnet vattentillstånd.;analysis;;[]
R-B40-060-01:consequence:03;R-B40-060-01;B40-060;B40;B40 – Vattenverksamhet;Dispensbehov för delar utanför miljöbalkstillståndets strandskyddsundantag missas;konsekvens;3;Den vattenrättsliga prövningen och projektets planerade genomförande kan fördröjas i ärendet vid processteget ”Screena parallella prövningar”.;analysis;;[]
R-B40-060-01:consequence:04;R-B40-060-01;B40-060;B40;B40 – Vattenverksamhet;Dispensbehov för delar utanför miljöbalkstillståndets strandskyddsundantag missas;konsekvens;4;Projektet riskerar att inte kunna genomföras som planerat.;analysis;;[]
R-B40-060-02:trigger:01;R-B40-060-02;B40-060;B40;B40 – Vattenverksamhet;Natura 2000-påverkan upptäcks först efter vägvalet;utlösande faktor;1;En vattenåtgärd utanför ett Natura 2000-område kan ändå kräva Natura 2000-prövning om en hydrologisk eller annan funktionell påverkan kan bli betydande.;source;MB | NATURA;"[""MB"",""NATURA""]"
R-B40-060-02:trigger:02;R-B40-060-02;B40-060;B40;B40 – Vattenverksamhet;Natura 2000-påverkan upptäcks först efter vägvalet;utlösande faktor;2;Screeningen bygger på kartavstånd i stället för funktionell analys av påverkan på skyddsvärden, t.ex. hydrologisk koppling till ett Natura 2000-område.;analysis;;[]
R-B40-060-02:trigger:03;R-B40-060-02;B40-060;B40;B40 – Vattenverksamhet;Natura 2000-påverkan upptäcks först efter vägvalet;utlösande faktor;3;Screeningen omfattar huvudåtgärden men inte tillfarter, ledningar, upplag eller andra följdåtgärder.;analysis;;[]
R-B40-060-02:trigger:04;R-B40-060-02;B40-060;B40;B40 – Vattenverksamhet;Natura 2000-påverkan upptäcks först efter vägvalet;utlösande faktor;4;Parallella prövningar använder olika ritningsversioner eller miljöförutsättningar.;analysis;;[]
R-B40-060-02:consequence:01;R-B40-060-02;B40-060;B40;B40 – Vattenverksamhet;Natura 2000-påverkan upptäcks först efter vägvalet;konsekvens;1;Natura 2000-tillstånd får bara lämnas när förutsättningarna i 7 kap. 28 b § miljöbalken är uppfyllda.;source;MB | NATURA;"[""MB"",""NATURA""]"
R-B40-060-02:consequence:02;R-B40-060-02;B40-060;B40;B40 – Vattenverksamhet;Natura 2000-påverkan upptäcks först efter vägvalet;konsekvens;2;Den aktuella vattenrisken kan leda till omarbetat vägval.;analysis;;[]
R-B40-060-02:consequence:03;R-B40-060-02;B40-060;B40;B40 – Vattenverksamhet;Natura 2000-påverkan upptäcks först efter vägvalet;konsekvens;3;Den vattenrättsliga prövningen och projektets planerade genomförande kan fördröjas i ärendet vid processteget ”Screena parallella prövningar”.;analysis;;[]
R-B40-060-02:consequence:04;R-B40-060-02;B40-060;B40;B40 – Vattenverksamhet;Natura 2000-påverkan upptäcks först efter vägvalet;konsekvens;4;Ett olöst parallellt tillstånd kan blockera byggstart trots att vattenfrågan är avgjord.;analysis;;[]
R-B40-060-03:trigger:01;R-B40-060-03;B40-060;B40;B40 – Vattenverksamhet;Muddermassor, dumpning och sektorstillstånd staplas i fel ordning;utlösande faktor;1;Muddermassor, följdanläggningar och arbeten på land kan aktivera separata beslut enligt miljöbalken, kulturmiljölagen och plan- och bygglagen utöver vattenprövningen.;source;MB | KML | PBL;"[""MB"",""KML"",""PBL""]"
R-B40-060-03:trigger:02;R-B40-060-03;B40-060;B40;B40 – Vattenverksamhet;Muddermassor, dumpning och sektorstillstånd staplas i fel ordning;utlösande faktor;2;Åtgärden kräver även tillstånd för dumpning av muddermassor, ledningskoncession, kulturmiljötillstånd eller PBL-prövning, och dessa spår har motstridiga villkor eller tidplaner.;analysis;;[]
R-B40-060-03:trigger:03;R-B40-060-03;B40-060;B40;B40 – Vattenverksamhet;Muddermassor, dumpning och sektorstillstånd staplas i fel ordning;utlösande faktor;3;Screeningen omfattar huvudåtgärden men inte tillfarter, ledningar, upplag eller andra följdåtgärder.;analysis;;[]
R-B40-060-03:trigger:04;R-B40-060-03;B40-060;B40;B40 – Vattenverksamhet;Muddermassor, dumpning och sektorstillstånd staplas i fel ordning;utlösande faktor;4;Parallella prövningar använder olika ritningsversioner eller miljöförutsättningar.;analysis;;[]
R-B40-060-03:consequence:01;R-B40-060-03;B40-060;B40;B40 – Vattenverksamhet;Muddermassor, dumpning och sektorstillstånd staplas i fel ordning;konsekvens;1;Projektets olika delar kan kräva separata beslut enligt miljöbalken, kulturmiljölagen och plan- och bygglagen.;source;MB | KML | PBL;"[""MB"",""KML"",""PBL""]"
R-B40-060-03:consequence:02;R-B40-060-03;B40-060;B40;B40 – Vattenverksamhet;Muddermassor, dumpning och sektorstillstånd staplas i fel ordning;konsekvens;2;Den vattenrättsliga prövningen och projektets planerade genomförande kan fördröjas i ärendet vid processteget ”Screena parallella prövningar”.;analysis;;[]
R-B40-060-03:consequence:03;R-B40-060-03;B40-060;B40;B40 – Vattenverksamhet;Muddermassor, dumpning och sektorstillstånd staplas i fel ordning;konsekvens;3;Den aktuella vattenrisken kan leda till dubbelarbete i utredningar.;analysis;;[]
R-B40-060-03:consequence:04;R-B40-060-03;B40-060;B40;B40 – Vattenverksamhet;Muddermassor, dumpning och sektorstillstånd staplas i fel ordning;konsekvens;4;De parallella tillstånden kan få motstridiga villkor som försvårar genomförandet.;analysis;;[]
R-B40-E130-01:trigger:01;R-B40-E130-01;B40-E130;B40;B40 – Vattenverksamhet;Undantagspaketet saknar spårbar bevisning vid senare tvist;utlösande faktor;1;När projektet åberopar ett undantag i 11 kap. MB finns inget tillståndsavgörande som fastställer bedömningen med rättskraft.;source;MB;"[""MB""]"
R-B40-E130-01:trigger:02;R-B40-E130-01;B40-E130;B40;B40 – Vattenverksamhet;Undantagspaketet saknar spårbar bevisning vid senare tvist;utlösande faktor;2;Dispenser, rättigheter, samråd och undantagsbedömningar slutförs men dokumenteras ostrukturerat eller spritt mellan konsulter och projektorganisationen.;analysis;;[]
R-B40-E130-01:trigger:03;R-B40-E130-01;B40-E130;B40;B40 – Vattenverksamhet;Undantagspaketet saknar spårbar bevisning vid senare tvist;utlösande faktor;3;Ansvar för dispenser, rättigheter och undantagsbedömningar är fördelat mellan konsulter utan gemensam dokumentstruktur.;analysis;;[]
R-B40-E130-01:trigger:04;R-B40-E130-01;B40-E130;B40;B40 – Vattenverksamhet;Undantagspaketet saknar spårbar bevisning vid senare tvist;utlösande faktor;4;Underlag och beslutshistorik går förlorade vid konsultbyte, personalomsättning eller ägarbyte.;analysis;;[]
R-B40-E130-01:consequence:01;R-B40-E130-01;B40-E130;B40;B40 – Vattenverksamhet;Undantagspaketet saknar spårbar bevisning vid senare tvist;konsekvens;1;Tillsynsmyndighetens befogenheter enligt miljöbalken kvarstår när verksamhetsutövaren har förlitat sig på ett undantag utan tillståndsbeslut.;source;MB;"[""MB""]"
R-B40-E130-01:consequence:02;R-B40-E130-01;B40-E130;B40;B40 – Vattenverksamhet;Undantagspaketet saknar spårbar bevisning vid senare tvist;konsekvens;2;Den aktuella vattenrisken kan leda till oförmåga att försvara genomförda arbeten vid tillsyn eller ägarbyte, med krav på återställning eller efterhandsprövning som möjlig följd.;analysis;;[]
R-B40-E130-01:consequence:03;R-B40-E130-01;B40-E130;B40;B40 – Vattenverksamhet;Undantagspaketet saknar spårbar bevisning vid senare tvist;konsekvens;3;Redan utförda arbeten kan behöva avbrytas eller anpassas efter en senare rättslig prövning.;analysis;;[]
R-B40-E130-01:consequence:04;R-B40-E130-01;B40-E130;B40;B40 – Vattenverksamhet;Undantagspaketet saknar spårbar bevisning vid senare tvist;konsekvens;4;Projektets tidplan och resursbehov kan behöva omprövas i ärendet vid processteget ”Slutför övriga prövningar och dokumentera bedömningen”.;analysis;;[]
R-B40-E130-02:trigger:01;R-B40-E130-02;B40-E130;B40;B40 – Vattenverksamhet;Parallella beslut är inte lagakraftvunna vid byggstart;utlösande faktor;1;Ett meddelat strandskydds- eller artskyddsbeslut kan överklagas innan det vinner laga kraft.;source;STRAND | ARTSKYDD;"[""STRAND"",""ARTSKYDD""]"
R-B40-E130-02:trigger:02;R-B40-E130-02;B40-E130;B40;B40 – Vattenverksamhet;Parallella beslut är inte lagakraftvunna vid byggstart;utlösande faktor;2;Strandskyddsdispens, artskyddsdispens eller annat parallellt beslut är meddelat men ännu inte lagakraftvunnet när arbetena planeras starta.;analysis;;[]
R-B40-E130-02:trigger:03;R-B40-E130-02;B40-E130;B40;B40 – Vattenverksamhet;Parallella beslut är inte lagakraftvunna vid byggstart;utlösande faktor;3;Projektets tidplan utgår från beslutsdagen i stället för dagen då beslutet vinner laga kraft.;analysis;;[]
R-B40-E130-02:trigger:04;R-B40-E130-02;B40-E130;B40;B40 – Vattenverksamhet;Parallella beslut är inte lagakraftvunna vid byggstart;utlösande faktor;4;Projektet följer inte inkomna överklaganden eller yrkanden om inhibition före byggstart.;analysis;;[]
R-B40-E130-02:consequence:01;R-B40-E130-02;B40-E130;B40;B40 – Vattenverksamhet;Parallella beslut är inte lagakraftvunna vid byggstart;konsekvens;1;Ett parallellt dispensbeslut kan upphävas efter överklagande innan det har vunnit laga kraft.;source;STRAND | ARTSKYDD;"[""STRAND"",""ARTSKYDD""]"
R-B40-E130-02:consequence:02;R-B40-E130-02;B40-E130;B40;B40 – Vattenverksamhet;Parallella beslut är inte lagakraftvunna vid byggstart;konsekvens;2;Den aktuella vattenrisken kan leda till tvungna återställningsåtgärder.;analysis;;[]
R-B40-E130-02:consequence:03;R-B40-E130-02;B40-E130;B40;B40 – Vattenverksamhet;Parallella beslut är inte lagakraftvunna vid byggstart;konsekvens;3;Bygget kan behöva avbrytas medan beslutets giltighet eller omfattning klarläggs.;analysis;;[]
R-B40-E130-02:consequence:04;R-B40-E130-02;B40-E130;B40;B40 – Vattenverksamhet;Parallella beslut är inte lagakraftvunna vid byggstart;konsekvens;4;Projektet kan förlora redan gjorda investeringar om det parallella beslutet upphävs.;analysis;;[]
R-B40-G020-01:trigger:01;R-B40-G020-01;B40-G020;B40;B40 – Vattenverksamhet;Felklassificering av tillfällig grundvattenbortledning;utlösande faktor;1;Vid bergbyggnad och infrastruktur kan grundvattenbortledning och inflöde bli centrala vattenrättsliga frågor.;source;MB;"[""MB""]"
R-B40-G020-01:trigger:02;R-B40-G020-01;B40-G020;B40;B40 – Vattenverksamhet;Felklassificering av tillfällig grundvattenbortledning;utlösande faktor;2;Projektägaren bedömer felaktigt att den tillfälliga grundvattensänkningen inte utgör vattenverksamhet.;analysis;;[]
R-B40-G020-01:trigger:03;R-B40-G020-01;B40-G020;B40;B40 – Vattenverksamhet;Felklassificering av tillfällig grundvattenbortledning;utlösande faktor;3;Den tekniska benämningen på åtgärden används i stället för miljöbalkens definition av dess faktiska vattenpåverkan.;analysis;;[]
R-B40-G020-01:trigger:04;R-B40-G020-01;B40-G020;B40;B40 – Vattenverksamhet;Felklassificering av tillfällig grundvattenbortledning;utlösande faktor;4;Tillfälliga och geografiskt spridda delmoment faller bort när verksamheten klassificeras.;analysis;;[]
R-B40-G020-01:consequence:01;R-B40-G020-01;B40-G020;B40;B40 – Vattenverksamhet;Felklassificering av tillfällig grundvattenbortledning;konsekvens;1;Felklassificeringen kan medföra att vattenverksamheten saknar det tillstånd eller den anmälan som genomförandet kräver.;source;MB;"[""MB""]"
R-B40-G020-01:consequence:02;R-B40-G020-01;B40-G020;B40;B40 – Vattenverksamhet;Felklassificering av tillfällig grundvattenbortledning;konsekvens;2;Tillsynsmyndigheten kan ingripa med föreläggande eller förbud mot den felaktigt bedrivna åtgärden.;analysis;;[]
R-B40-G020-01:consequence:03;R-B40-G020-01;B40-G020;B40;B40 – Vattenverksamhet;Felklassificering av tillfällig grundvattenbortledning;konsekvens;3;Den aktuella vattenrisken kan leda till återförvisning till tillståndsspåret.;analysis;;[]
R-B40-G020-01:consequence:04;R-B40-G020-01;B40-G020;B40;B40 – Vattenverksamhet;Felklassificering av tillfällig grundvattenbortledning;konsekvens;4;Den aktuella vattenrisken kan leda till stoppade arbeten och återställningskostnader.;analysis;;[]
R-B40-G020-02:trigger:01;R-B40-G020-02;B40-G020;B40;B40 – Vattenverksamhet;Gränsdragning mot husbehov och undantagna smååtgärder feltolkas;utlösande faktor;1;11 kap. 3 § MB definierar flera former av vattenverksamhet, och SOU 2023:72 beskriver gränsdragningar kring bland annat vattentäkt och förbrukning för husbehov.;source;EXT: SOU 2023:72 Gällande rätt för vattenfrågor https://data.riksdagen.se/dokument/hbb372 | MB;"[""EXT: SOU 2023:72 Gällande rätt för vattenfrågor https://data.riksdagen.se/dokument/hbb372"",""MB""]"
R-B40-G020-02:trigger:02;R-B40-G020-02;B40-G020;B40;B40 – Vattenverksamhet;Gränsdragning mot husbehov och undantagna smååtgärder feltolkas;utlösande faktor;2;Åtgärder som avledning av dagvatten, infiltration för att öka grundvattenmängden eller små vattentäkter antas falla utanför vattenverksamhetsbegreppet.;analysis;;[]
R-B40-G020-02:trigger:03;R-B40-G020-02;B40-G020;B40;B40 – Vattenverksamhet;Gränsdragning mot husbehov och undantagna smååtgärder feltolkas;utlösande faktor;3;Den tekniska benämningen på åtgärden används i stället för miljöbalkens definition av dess faktiska vattenpåverkan.;analysis;;[]
R-B40-G020-02:trigger:04;R-B40-G020-02;B40-G020;B40;B40 – Vattenverksamhet;Gränsdragning mot husbehov och undantagna smååtgärder feltolkas;utlösande faktor;4;Tillfälliga och geografiskt spridda delmoment faller bort när verksamheten klassificeras.;analysis;;[]
R-B40-G020-02:consequence:01;R-B40-G020-02;B40-G020;B40;B40 – Vattenverksamhet;Gränsdragning mot husbehov och undantagna smååtgärder feltolkas;konsekvens;1;Om åtgärden omfattas av vattenverksamhetsdefinitionen och inget undantag gäller kvarstår tillämpligt tillstånds- eller anmälningskrav.;source;MB;"[""MB""]"
R-B40-G020-02:consequence:02;R-B40-G020-02;B40-G020;B40;B40 – Vattenverksamhet;Gränsdragning mot husbehov och undantagna smååtgärder feltolkas;konsekvens;2;Den aktuella vattenrisken kan leda till retroaktiv tillståndsprövning.;analysis;;[]
R-B40-G020-02:consequence:03;R-B40-G020-02;B40-G020;B40;B40 – Vattenverksamhet;Gränsdragning mot husbehov och undantagna smååtgärder feltolkas;konsekvens;3;Tillsynsmyndigheten kan kräva att den otillåtna påverkan återställs i ärendet vid processteget ”Är åtgärden vattenverksamhet?”.;analysis;;[]
R-B40-G020-02:consequence:04;R-B40-G020-02;B40-G020;B40;B40 – Vattenverksamhet;Gränsdragning mot husbehov och undantagna smååtgärder feltolkas;konsekvens;4;Felklassificeringen kan göra att arbetet saknar det prövningsbeslut som genomförandet kräver.;analysis;;[]
R-B40-G020-03:trigger:01;R-B40-G020-03;B40-G020;B40;B40 – Vattenverksamhet;Sammansatt åtgärd klassificeras bara delvis;utlösande faktor;1;Vattenverksamhetsdefinitionen behöver tillämpas på varje vattenpåverkande delmoment i en sammansatt åtgärd.;source;MB;"[""MB""]"
R-B40-G020-03:trigger:02;R-B40-G020-03;B40-G020;B40;B40 – Vattenverksamhet;Sammansatt åtgärd klassificeras bara delvis;utlösande faktor;2;Åtgärden innehåller flera led – t.ex. pålning i vatten, muddring och grundvatteninfiltration – men bara det mest synliga ledet klassificeras.;analysis;;[]
R-B40-G020-03:trigger:03;R-B40-G020-03;B40-G020;B40;B40 – Vattenverksamhet;Sammansatt åtgärd klassificeras bara delvis;utlösande faktor;3;Den tekniska benämningen på åtgärden används i stället för miljöbalkens definition av dess faktiska vattenpåverkan.;analysis;;[]
R-B40-G020-03:trigger:04;R-B40-G020-03;B40-G020;B40;B40 – Vattenverksamhet;Sammansatt åtgärd klassificeras bara delvis;utlösande faktor;4;Tillfälliga och geografiskt spridda delmoment faller bort när verksamheten klassificeras.;analysis;;[]
R-B40-G020-03:consequence:01;R-B40-G020-03;B40-G020;B40;B40 – Vattenverksamhet;Sammansatt åtgärd klassificeras bara delvis;konsekvens;1;En ansökan eller anmälan som bara omfattar ett delmoment kan behöva kompletteras eller ersättas med ett prövningsunderlag för hela den prövningspliktiga åtgärden.;source;MB;"[""MB""]"
R-B40-G020-03:consequence:02;R-B40-G020-03;B40-G020;B40;B40 – Vattenverksamhet;Sammansatt åtgärd klassificeras bara delvis;konsekvens;2;Den aktuella vattenrisken kan leda till ofullständig ansökan eller anmälan.;analysis;;[]
R-B40-G020-03:consequence:03;R-B40-G020-03;B40-G020;B40;B40 – Vattenverksamhet;Sammansatt åtgärd klassificeras bara delvis;konsekvens;3;Ansökan eller anmälan kan behöva kompletteras innan prövningen kan fortsätta i ärendet vid processteget ”Är åtgärden vattenverksamhet?”.;analysis;;[]
R-B40-G020-03:consequence:04;R-B40-G020-03;B40-G020;B40;B40 – Vattenverksamhet;Sammansatt åtgärd klassificeras bara delvis;konsekvens;4;Den vattenrättsliga prövningen och projektets planerade genomförande kan fördröjas i ärendet vid processteget ”Är åtgärden vattenverksamhet?”.;analysis;;[]
R-B40-G040-01:trigger:01;R-B40-G040-01;B40-G040;B40;B40 – Vattenverksamhet;Rådighetsbrist leder till avvisning utan sakprövning;utlösande faktor;1;Rådighet är en processförutsättning för en ansökan om vattenverksamhet enligt 2 kap. lagen (1998:812) med särskilda bestämmelser om vattenverksamhet.;source;LVV;"[""LVV""]"
R-B40-G040-01:trigger:02;R-B40-G040-01;B40-G040;B40;B40 – Vattenverksamhet;Rådighetsbrist leder till avvisning utan sakprövning;utlösande faktor;2;Projektägaren saknar äganderätt, servitut, nyttjanderätt eller lagstadgad rådighet över hela det vattenområde där åtgärden ska bedrivas.;analysis;;[]
R-B40-G040-01:trigger:03;R-B40-G040-01;B40-G040;B40;B40 – Vattenverksamhet;Rådighetsbrist leder till avvisning utan sakprövning;utlösande faktor;3;Fastighets- och avtalsunderlaget speglar inte alla ägare eller rättighetshavare inom vattenområdet.;analysis;;[]
R-B40-G040-01:trigger:04;R-B40-G040-01;B40-G040;B40;B40 – Vattenverksamhet;Rådighetsbrist leder till avvisning utan sakprövning;utlösande faktor;4;Rådighetsavtalet omfattar inte hela verksamhetsområdet eller den tid som genomförandet kräver.;analysis;;[]
R-B40-G040-01:consequence:01;R-B40-G040-01;B40-G040;B40;B40 – Vattenverksamhet;Rådighetsbrist leder till avvisning utan sakprövning;konsekvens;1;Ansökan kan avvisas utan sakprövning om sökanden saknar den rådighet som krävs enligt LVV.;source;LVV;"[""LVV""]"
R-B40-G040-01:consequence:02;R-B40-G040-01;B40-G040;B40;B40 – Vattenverksamhet;Rådighetsbrist leder till avvisning utan sakprövning;konsekvens;2;Det pågående ärendet avslutas utan materiellt avgörande och behöver startas om efter att rådigheten har säkrats.;analysis;;[]
R-B40-G040-01:consequence:03;R-B40-G040-01;B40-G040;B40;B40 – Vattenverksamhet;Rådighetsbrist leder till avvisning utan sakprövning;konsekvens;3;Den aktuella vattenrisken kan leda till förlorad avgift och handläggningstid.;analysis;;[]
R-B40-G040-01:consequence:04;R-B40-G040-01;B40-G040;B40;B40 – Vattenverksamhet;Rådighetsbrist leder till avvisning utan sakprövning;konsekvens;4;Projektet kan få behov av att säkra rättigheter eller omprojektera.;analysis;;[]
R-B40-G040-02:trigger:01;R-B40-G040-02;B40-G040;B40;B40 – Vattenverksamhet;Kommunal rådighet enligt LVV 2 kap. 5 § missförstås;utlösande faktor;1;I MÖD:s mål M 7988-22 begärde två kommuner tillstånd att riva en damm.;source;EXT: MÖD – M 7988-22, slutligt beslut 26 april 2024 https://www.domstol.se/mark--och-miljooverdomstolen/mark--och-miljooverdomstolens-avgoranden/2024/144045/;"[""EXT: MÖD – M 7988-22, slutligt beslut 26 april 2024 https://www.domstol.se/mark--och-miljooverdomstolen/mark--och-miljooverdomstolens-avgoranden/2024/144045/""]"
R-B40-G040-02:trigger:02;R-B40-G040-02;B40-G040;B40;B40 – Vattenverksamhet;Kommunal rådighet enligt LVV 2 kap. 5 § missförstås;utlösande faktor;2;En kommun eller annan aktör åberopar en allmän rådighetsgrund trots att dess förutsättningar inte är uppfyllda.;analysis;;[]
R-B40-G040-02:trigger:03;R-B40-G040-02;B40-G040;B40;B40 – Vattenverksamhet;Kommunal rådighet enligt LVV 2 kap. 5 § missförstås;utlösande faktor;3;Fastighets- och avtalsunderlaget speglar inte alla ägare eller rättighetshavare inom vattenområdet.;analysis;;[]
R-B40-G040-02:trigger:04;R-B40-G040-02;B40-G040;B40;B40 – Vattenverksamhet;Kommunal rådighet enligt LVV 2 kap. 5 § missförstås;utlösande faktor;4;Rådighetsavtalet omfattar inte hela verksamhetsområdet eller den tid som genomförandet kräver.;analysis;;[]
R-B40-G040-02:consequence:01;R-B40-G040-02;B40-G040;B40;B40 – Vattenverksamhet;Kommunal rådighet enligt LVV 2 kap. 5 § missförstås;konsekvens;1;MÖD bedömde att kommunerna varken ägde eller drev anläggningen och därför saknade den rådighet som krävdes för den sökta åtgärden.;source;EXT: MÖD – M 7988-22, slutligt beslut 26 april 2024 https://www.domstol.se/mark--och-miljooverdomstolen/mark--och-miljooverdomstolens-avgoranden/2024/144045/ | LVV;"[""EXT: MÖD – M 7988-22, slutligt beslut 26 april 2024 https://www.domstol.se/mark--och-miljooverdomstolen/mark--och-miljooverdomstolens-avgoranden/2024/144045/"",""LVV""]"
R-B40-G040-02:consequence:02;R-B40-G040-02;B40-G040;B40;B40 – Vattenverksamhet;Kommunal rådighet enligt LVV 2 kap. 5 § missförstås;konsekvens;2;Processen kan avslutas utan det tillstånd projektet behöver, så den planerade klimat- eller miljöåtgärden skjuts fram.;analysis;;[]
R-B40-G040-02:consequence:03;R-B40-G040-02;B40-G040;B40;B40 – Vattenverksamhet;Kommunal rådighet enligt LVV 2 kap. 5 § missförstås;konsekvens;3;Projektet kan behöva säkra nya rättigheter innan sakprövningen kan fortsätta.;analysis;;[]
R-B40-G040-02:consequence:04;R-B40-G040-02;B40-G040;B40;B40 – Vattenverksamhet;Kommunal rådighet enligt LVV 2 kap. 5 § missförstås;konsekvens;4;Projektets tidplan och resursbehov kan behöva omprövas i ärendet vid processteget ”Finns rådighet över vattnet?”.;analysis;;[]
R-B40-G040-03:trigger:01;R-B40-G040-03;B40-G040;B40;B40 – Vattenverksamhet;Avtal om rådighet håller inte för domstolens krav;utlösande faktor;1;Rådighet är en processförutsättning enligt 2 kap. lagen med särskilda bestämmelser om vattenverksamhet och måste styrkas för den vattenverksamhet som ansökan avser.;source;LVV;"[""LVV""]"
R-B40-G040-03:trigger:02;R-B40-G040-03;B40-G040;B40;B40 – Vattenverksamhet;Avtal om rådighet håller inte för domstolens krav;utlösande faktor;2;Rådighetsavtal är muntliga, äldre än den tillåtna avtalstiden eller tecknade av fel part (t.ex. en delägare utan fullmakt).;analysis;;[]
R-B40-G040-03:trigger:03;R-B40-G040-03;B40-G040;B40;B40 – Vattenverksamhet;Avtal om rådighet håller inte för domstolens krav;utlösande faktor;3;Fastighets- och avtalsunderlaget speglar inte alla ägare eller rättighetshavare inom vattenområdet.;analysis;;[]
R-B40-G040-03:trigger:04;R-B40-G040-03;B40-G040;B40;B40 – Vattenverksamhet;Avtal om rådighet håller inte för domstolens krav;utlösande faktor;4;Rådighetsavtalet omfattar inte hela verksamhetsområdet eller den tid som genomförandet kräver.;analysis;;[]
R-B40-G040-03:consequence:01;R-B40-G040-03;B40-G040;B40;B40 – Vattenverksamhet;Avtal om rådighet håller inte för domstolens krav;konsekvens;1;Om sökanden inte kan styrka rådighet över vattenområdet kan ansökan inte sakprövas.;source;LVV;"[""LVV""]"
R-B40-G040-03:consequence:02;R-B40-G040-03;B40-G040;B40;B40 – Vattenverksamhet;Avtal om rådighet håller inte för domstolens krav;konsekvens;2;Den aktuella vattenrisken kan leda till avvisning eller omfattande komplettering.;analysis;;[]
R-B40-G040-03:consequence:03;R-B40-G040-03;B40-G040;B40;B40 – Vattenverksamhet;Avtal om rådighet håller inte för domstolens krav;konsekvens;3;Den vattenrättsliga prövningen och projektets planerade genomförande kan fördröjas i ärendet vid processteget ”Finns rådighet över vattnet?”.;analysis;;[]
R-B40-G040-03:consequence:04;R-B40-G040-03;B40-G040;B40;B40 – Vattenverksamhet;Avtal om rådighet håller inte för domstolens krav;konsekvens;4;Den aktuella vattenrisken kan leda till försvagad förhandlingsposition mot markägarna.;analysis;;[]
R-B40-G070-01:trigger:01;R-B40-G070-01;B40-G070;B40;B40 – Vattenverksamhet;Fel spår väljs: undantag trots att tillståndsplikt föreligger;utlösande faktor;1;Naturvårdsverkets vägledning och 11 kap. 11–16 §§ MB anger förutsättningarna för undantag och markavvattning.;source;EXT: Naturvårdsverket – Markavvattning https://www.naturvardsverket.se/vagledning-och-stod/branscher-och-verksamheter/markavvattning/ | MB;"[""EXT: Naturvårdsverket – Markavvattning https://www.naturvardsverket.se/vagledning-och-stod/branscher-och-verksamheter/markavvattning/"",""MB""]"
R-B40-G070-01:trigger:02;R-B40-G070-01;B40-G070;B40;B40 – Vattenverksamhet;Fel spår väljs: undantag trots att tillståndsplikt föreligger;utlösande faktor;2;Projektägaren väljer undantags- eller anmälningsspåret utan att ha verifierat samtliga rättsliga förutsättningar.;analysis;;[]
R-B40-G070-01:trigger:03;R-B40-G070-01;B40-G070;B40;B40 – Vattenverksamhet;Fel spår väljs: undantag trots att tillståndsplikt föreligger;utlösande faktor;3;Åtgärdens blandade syften och delmoment gör att flera prövningsregler kan vara tillämpliga samtidigt.;analysis;;[]
R-B40-G070-01:trigger:04;R-B40-G070-01;B40-G070;B40;B40 – Vattenverksamhet;Fel spår väljs: undantag trots att tillståndsplikt föreligger;utlösande faktor;4;Projektet förlitar sig på en preliminär myndighetsdialog utan att själv kontrollera samtliga rekvisit.;analysis;;[]
R-B40-G070-01:consequence:01;R-B40-G070-01;B40-G070;B40;B40 – Vattenverksamhet;Fel spår väljs: undantag trots att tillståndsplikt föreligger;konsekvens;1;Om ett undantag tillämpas utan att rekvisiten är uppfyllda kan tillsynsmyndigheten ingripa, och verksamhetsutövaren behöver kunna visa vilket underlag bedömningen byggde på.;source;MB;"[""MB""]"
R-B40-G070-01:consequence:02;R-B40-G070-01;B40-G070;B40;B40 – Vattenverksamhet;Fel spår väljs: undantag trots att tillståndsplikt föreligger;konsekvens;2;Tillsynsmyndigheten kan ingripa med förbud och återställningskrav.;analysis;;[]
R-B40-G070-01:consequence:03;R-B40-G070-01;B40-G070;B40;B40 – Vattenverksamhet;Fel spår väljs: undantag trots att tillståndsplikt föreligger;konsekvens;3;Den aktuella vattenrisken kan leda till tvingad ansökan i efterhand.;analysis;;[]
R-B40-G070-01:consequence:04;R-B40-G070-01;B40-G070;B40;B40 – Vattenverksamhet;Fel spår väljs: undantag trots att tillståndsplikt föreligger;konsekvens;4;Den vattenrättsliga prövningen och projektets planerade genomförande kan fördröjas i ärendet vid processteget ”Bestäm prövningsväg”.;analysis;;[]
R-B40-G070-02:trigger:01;R-B40-G070-02;B40-G070;B40;B40 – Vattenverksamhet;Muntlig myndighetsdialog ger falsk trygghet;utlösande faktor;1;Tillstånds- och anmälningsplikten bestäms av miljöbalken och förordningen om vattenverksamheter, inte av ett informellt myndighetsbesked.;source;MB | FVV;"[""MB"",""FVV""]"
R-B40-G070-02:trigger:02;R-B40-G070-02;B40-G070;B40;B40 – Vattenverksamhet;Muntlig myndighetsdialog ger falsk trygghet;utlösande faktor;2;Tillsynsmyndigheten lämnar muntliga eller informella besked om vilket spår som är rätt, utan att beskedet är bindande eller dokumenterat.;analysis;;[]
R-B40-G070-02:trigger:03;R-B40-G070-02;B40-G070;B40;B40 – Vattenverksamhet;Muntlig myndighetsdialog ger falsk trygghet;utlösande faktor;3;Åtgärdens blandade syften och delmoment gör att flera prövningsregler kan vara tillämpliga samtidigt.;analysis;;[]
R-B40-G070-02:trigger:04;R-B40-G070-02;B40-G070;B40;B40 – Vattenverksamhet;Muntlig myndighetsdialog ger falsk trygghet;utlösande faktor;4;Projektet förlitar sig på en preliminär myndighetsdialog utan att själv kontrollera samtliga rekvisit.;analysis;;[]
R-B40-G070-02:consequence:01;R-B40-G070-02;B40-G070;B40;B40 – Vattenverksamhet;Muntlig myndighetsdialog ger falsk trygghet;konsekvens;1;Ett informellt myndighetsbesked ger inte samma rättskraft som ett tillståndsbeslut.;source;MB | FVV;"[""MB"",""FVV""]"
R-B40-G070-02:consequence:02;R-B40-G070-02;B40-G070;B40;B40 – Vattenverksamhet;Muntlig myndighetsdialog ger falsk trygghet;konsekvens;2;Den aktuella vattenrisken kan leda till förlorad bevisning för vägvalet.;analysis;;[]
R-B40-G070-02:consequence:03;R-B40-G070-02;B40-G070;B40;B40 – Vattenverksamhet;Muntlig myndighetsdialog ger falsk trygghet;konsekvens;3;Den aktuella vattenrisken kan leda till omprövning av spårvalet.;analysis;;[]
R-B40-G070-02:consequence:04;R-B40-G070-02;B40-G070;B40;B40 – Vattenverksamhet;Muntlig myndighetsdialog ger falsk trygghet;konsekvens;4;Den vattenrättsliga prövningen och projektets planerade genomförande kan fördröjas i ärendet vid processteget ”Bestäm prövningsväg”.;analysis;;[]
R-B40-G070-03:trigger:01;R-B40-G070-03;B40-G070;B40;B40 – Vattenverksamhet;Markavvattning förväxlas med övrig vattenverksamhet;utlösande faktor;1;SOU 2026:18 anger att markavvattning regleras särskilt och inte omfattas av undantaget i 11 kap. 12 § MB.;source;EXT: SOU 2026:18 Odlingstorv och klimatet https://www.riksdagen.se/sv/dokument-och-lagar/dokument/statens-offentliga-utredningar/odlingstorv-och-klimatet_heb318/html/ | MB;"[""EXT: SOU 2026:18 Odlingstorv och klimatet https://www.riksdagen.se/sv/dokument-och-lagar/dokument/statens-offentliga-utredningar/odlingstorv-och-klimatet_heb318/html/"",""MB""]"
R-B40-G070-03:trigger:02;R-B40-G070-03;B40-G070;B40;B40 – Vattenverksamhet;Markavvattning förväxlas med övrig vattenverksamhet;utlösande faktor;2;Åtgärden har både avvattnande och andra syften, och projektägaren väljer anmälnings- eller tillståndsspår trots att den särskilda markavvattningsregleringen ska tillämpas.;analysis;;[]
R-B40-G070-03:trigger:03;R-B40-G070-03;B40-G070;B40;B40 – Vattenverksamhet;Markavvattning förväxlas med övrig vattenverksamhet;utlösande faktor;3;Åtgärdens blandade syften och delmoment gör att flera prövningsregler kan vara tillämpliga samtidigt.;analysis;;[]
R-B40-G070-03:trigger:04;R-B40-G070-03;B40-G070;B40;B40 – Vattenverksamhet;Markavvattning förväxlas med övrig vattenverksamhet;utlösande faktor;4;Projektet förlitar sig på en preliminär myndighetsdialog utan att själv kontrollera samtliga rekvisit.;analysis;;[]
R-B40-G070-03:consequence:01;R-B40-G070-03;B40-G070;B40;B40 – Vattenverksamhet;Markavvattning förväxlas med övrig vattenverksamhet;konsekvens;1;Om dikning felaktigt bedöms omfattas av undantaget kan tillsyn eller krav på annan prövning aktualiseras.;source;MB;"[""MB""]"
R-B40-G070-03:consequence:02;R-B40-G070-03;B40-G070;B40;B40 – Vattenverksamhet;Markavvattning förväxlas med övrig vattenverksamhet;konsekvens;2;Den aktuella vattenrisken kan leda till avvisning eller återförvisning till rätt instans.;analysis;;[]
R-B40-G070-03:consequence:03;R-B40-G070-03;B40-G070;B40;B40 – Vattenverksamhet;Markavvattning förväxlas med övrig vattenverksamhet;konsekvens;3;Projektet kan förlora handläggningstid genom att ärendet måste tas om i rätt prövningsspår.;analysis;;[]
R-B40-G070-03:consequence:04;R-B40-G070-03;B40-G070;B40;B40 – Vattenverksamhet;Markavvattning förväxlas med övrig vattenverksamhet;konsekvens;4;Tillsynsmyndigheten kan ingripa mot redan utförda dikningsåtgärder.;analysis;;[]
R-B40-GE100-01:trigger:01;R-B40-GE100-01;B40-GE100;B40;B40 – Vattenverksamhet;'Uppenbart'-kriteriet går inte att styrka i efterhand;utlösande faktor;1;Undantaget i 11 kap. 12 § miljöbalken gäller endast när det är uppenbart att varken allmänna eller enskilda intressen skadas genom vattenverksamhetens inverkan på vattenförhållandena.;source;MB;"[""MB""]"
R-B40-GE100-01:trigger:02;R-B40-GE100-01;B40-GE100;B40;B40 – Vattenverksamhet;'Uppenbart'-kriteriet går inte att styrka i efterhand;utlösande faktor;2;Undantaget bygger på en egen bedömning att det är uppenbart att varken allmänna eller enskilda intressen skadas, men dokumentationen saknar substans.;analysis;;[]
R-B40-GE100-01:trigger:03;R-B40-GE100-01;B40-GE100;B40;B40 – Vattenverksamhet;'Uppenbart'-kriteriet går inte att styrka i efterhand;utlösande faktor;3;Undantagsbedömningen bygger på äldre natur-, sakägar- eller hydrologiska uppgifter.;analysis;;[]
R-B40-GE100-01:trigger:04;R-B40-GE100-01;B40-GE100;B40;B40 – Vattenverksamhet;'Uppenbart'-kriteriet går inte att styrka i efterhand;utlösande faktor;4;Bedömningen analyserar inte alla allmänna och enskilda intressen som vattenpåverkan kan beröra.;analysis;;[]
R-B40-GE100-01:consequence:01;R-B40-GE100-01;B40-GE100;B40;B40 – Vattenverksamhet;'Uppenbart'-kriteriet går inte att styrka i efterhand;konsekvens;1;Tillsynsmyndigheten kan besluta om föreläggande eller förbud när undantagets förutsättningar inte är uppfyllda.;source;MB;"[""MB""]"
R-B40-GE100-01:consequence:02;R-B40-GE100-01;B40-GE100;B40;B40 – Vattenverksamhet;'Uppenbart'-kriteriet går inte att styrka i efterhand;konsekvens;2;Tillsynsmyndigheten kan kräva återställning eller tillståndsprövning i efterhand om undantagets förutsättningar inte var uppfyllda.;analysis;;[]
R-B40-GE100-01:consequence:03;R-B40-GE100-01;B40-GE100;B40;B40 – Vattenverksamhet;'Uppenbart'-kriteriet går inte att styrka i efterhand;konsekvens;3;Pågående arbete kan behöva stoppas medan undantagets rättsliga förutsättningar klarläggs.;analysis;;[]
R-B40-GE100-01:consequence:04;R-B40-GE100-01;B40-GE100;B40;B40 – Vattenverksamhet;'Uppenbart'-kriteriet går inte att styrka i efterhand;konsekvens;4;Projektets tidplan och resursbehov kan behöva omprövas i ärendet vid processteget ”Är undantagsgrunden styrkt?”.;analysis;;[]
R-B40-GE100-02:trigger:01;R-B40-GE100-02;B40-GE100;B40;B40 – Vattenverksamhet;Särskilt undantag i 11 kap. 15–16 §§ tolkas för extensivt;utlösande faktor;1;11 kap. 15 § MB innehåller en särskild anmälningsregel när skada på fisket kan befaras.;source;MB;"[""MB""]"
R-B40-GE100-02:trigger:02;R-B40-GE100-02;B40-GE100;B40;B40 – Vattenverksamhet;Särskilt undantag i 11 kap. 15–16 §§ tolkas för extensivt;utlösande faktor;2;Undantagen för vissa ledningsdragningar eller andra särskilt reglerade åtgärder tillämpas utan att samtliga rekvisit (t.ex. anmälan vid skada på fisket) iakttas.;analysis;;[]
R-B40-GE100-02:trigger:03;R-B40-GE100-02;B40-GE100;B40;B40 – Vattenverksamhet;Särskilt undantag i 11 kap. 15–16 §§ tolkas för extensivt;utlösande faktor;3;Undantagsbedömningen bygger på äldre natur-, sakägar- eller hydrologiska uppgifter.;analysis;;[]
R-B40-GE100-02:trigger:04;R-B40-GE100-02;B40-GE100;B40;B40 – Vattenverksamhet;Särskilt undantag i 11 kap. 15–16 §§ tolkas för extensivt;utlösande faktor;4;Bedömningen analyserar inte alla allmänna och enskilda intressen som vattenpåverkan kan beröra.;analysis;;[]
R-B40-GE100-02:consequence:01;R-B40-GE100-02;B40-GE100;B40;B40 – Vattenverksamhet;Särskilt undantag i 11 kap. 15–16 §§ tolkas för extensivt;konsekvens;1;En missad anmälningsskyldighet innebär att den åberopade undantagsregeln inte ensam bär genomförandet.;source;MB;"[""MB""]"
R-B40-GE100-02:consequence:02;R-B40-GE100-02;B40-GE100;B40;B40 – Vattenverksamhet;Särskilt undantag i 11 kap. 15–16 §§ tolkas för extensivt;konsekvens;2;Den aktuella vattenrisken kan leda till formellt felaktigt undantag.;analysis;;[]
R-B40-GE100-02:consequence:03;R-B40-GE100-02;B40-GE100;B40;B40 – Vattenverksamhet;Särskilt undantag i 11 kap. 15–16 §§ tolkas för extensivt;konsekvens;3;Tillsynsmyndigheten kan inleda ett tillsynsärende om åtgärden genomförs på fel rättslig grund.;analysis;;[]
R-B40-GE100-02:consequence:04;R-B40-GE100-02;B40-GE100;B40;B40 – Vattenverksamhet;Särskilt undantag i 11 kap. 15–16 §§ tolkas för extensivt;konsekvens;4;Projektet kan få behov av att komplettera med anmälan eller tillståndsansökan i efterhand.;analysis;;[]
R-B40-GE100-03:trigger:01;R-B40-GE100-03;B40-GE100;B40;B40 – Vattenverksamhet;Förändrade förhållanden gör undantaget inaktuellt;utlösande faktor;1;Ett undantag får inte samma myndighetsprövning som ett tillstånd eller en anmälan.;source;MB;"[""MB""]"
R-B40-GE100-03:trigger:02;R-B40-GE100-03;B40-GE100;B40;B40 – Vattenverksamhet;Förändrade förhållanden gör undantaget inaktuellt;utlösande faktor;2;Nya skyddsbeslut, nya kunskapslägen om arters förekomst eller ändrade hydrologiska förhållanden uppstår mellan bedömningen och genomförandet.;analysis;;[]
R-B40-GE100-03:trigger:03;R-B40-GE100-03;B40-GE100;B40;B40 – Vattenverksamhet;Förändrade förhållanden gör undantaget inaktuellt;utlösande faktor;3;Undantagsbedömningen bygger på äldre natur-, sakägar- eller hydrologiska uppgifter.;analysis;;[]
R-B40-GE100-03:trigger:04;R-B40-GE100-03;B40-GE100;B40;B40 – Vattenverksamhet;Förändrade förhållanden gör undantaget inaktuellt;utlösande faktor;4;Bedömningen analyserar inte alla allmänna och enskilda intressen som vattenpåverkan kan beröra.;analysis;;[]
R-B40-GE100-03:consequence:01;R-B40-GE100-03;B40-GE100;B40;B40 – Vattenverksamhet;Förändrade förhållanden gör undantaget inaktuellt;konsekvens;1;Ett undantag enligt 11 kap. miljöbalken ersätter inte en Natura 2000-prövning som krävs enligt 7 kap. 28 a §.;source;MB | NATURA;"[""MB"",""NATURA""]"
R-B40-GE100-03:consequence:02;R-B40-GE100-03;B40-GE100;B40;B40 – Vattenverksamhet;Förändrade förhållanden gör undantaget inaktuellt;konsekvens;2;Den aktuella vattenrisken kan leda till inkräktande på nya skyddsvärden.;analysis;;[]
R-B40-GE100-03:consequence:03;R-B40-GE100-03;B40-GE100;B40;B40 – Vattenverksamhet;Förändrade förhållanden gör undantaget inaktuellt;konsekvens;3;Tillsynsmyndigheten kan ingripa med föreläggande eller förbud mot den felaktigt bedrivna åtgärden.;analysis;;[]
R-B40-GE100-03:consequence:04;R-B40-GE100-03;B40-GE100;B40;B40 – Vattenverksamhet;Förändrade förhållanden gör undantaget inaktuellt;konsekvens;4;Om genomförandet sker utan en uppdaterad bedömning kan tillsyn och krav på rättelse aktualiseras.;source;MB | NATURA;"[""MB"",""NATURA""]"
R-B40-GE110-01:trigger:01;R-B40-GE110-01;B40-GE110;B40;B40 – Vattenverksamhet;Kumulativa effekter på Natura 2000 underskattas;utlösande faktor;1;En Natura 2000-bedömning ska omfatta projektets effekter tillsammans med andra relevanta planer och projekt.;source;NATURA;"[""NATURA""]"
R-B40-GE110-01:trigger:02;R-B40-GE110-01;B40-GE110;B40;B40 – Vattenverksamhet;Kumulativa effekter på Natura 2000 underskattas;utlösande faktor;2;Bedömningen tittar bara på den egna åtgärdens effekter och bortser från sammantagna effekter med andra planer och projekt i samma vattensystem.;analysis;;[]
R-B40-GE110-01:trigger:03;R-B40-GE110-01;B40-GE110;B40;B40 – Vattenverksamhet;Kumulativa effekter på Natura 2000 underskattas;utlösande faktor;3;Bedömningen använder kartavstånd men modellerar inte hydrologiska samband med Natura 2000-området.;analysis;;[]
R-B40-GE110-01:trigger:04;R-B40-GE110-01;B40-GE110;B40;B40 – Vattenverksamhet;Kumulativa effekter på Natura 2000 underskattas;utlösande faktor;4;Andra planer och projekt i samma påverkansområde saknas i den kumulativa analysen.;analysis;;[]
R-B40-GE110-01:consequence:01;R-B40-GE110-01;B40-GE110;B40;B40 – Vattenverksamhet;Kumulativa effekter på Natura 2000 underskattas;konsekvens;1;Natura 2000-tillstånd krävs när en åtgärd på ett betydande sätt kan påverka miljön i det skyddade området.;source;MB | NATURA;"[""MB"",""NATURA""]"
R-B40-GE110-01:consequence:02;R-B40-GE110-01;B40-GE110;B40;B40 – Vattenverksamhet;Kumulativa effekter på Natura 2000 underskattas;konsekvens;2;Den vattenrättsliga prövningen och projektets planerade genomförande kan fördröjas i ärendet vid processteget ”Kan Natura 2000 påverkas betydande?”.;analysis;;[]
R-B40-GE110-01:consequence:03;R-B40-GE110-01;B40-GE110;B40;B40 – Vattenverksamhet;Kumulativa effekter på Natura 2000 underskattas;konsekvens;3;Om underlaget lämnar kvar rimligt vetenskapligt tvivel kan Natura 2000-tillstånd vägras eller projektutformningen behöva ändras.;source;MB | NATURA;"[""MB"",""NATURA""]"
R-B40-GE110-01:consequence:04;R-B40-GE110-01;B40-GE110;B40;B40 – Vattenverksamhet;Kumulativa effekter på Natura 2000 underskattas;konsekvens;4;Projektet kan behöva komplettera med en separat och mer detaljerad Natura 2000-prövning.;analysis;;[]
R-B40-GE110-02:trigger:01;R-B40-GE110-02;B40-GE110;B40;B40 – Vattenverksamhet;Undantaget förväxlas med befrielse från Natura 2000-kraven;utlösande faktor;1;Den rättsliga riskbedömningen utgår från MB 11 kap. 9 § tredje stycket och 7 kap. 28 a–29 b §§: regelverken är kumulativa, och Naturvårdsverkets vägledning om Natura 2000 betonar att art- och habitatdirektivets krav gäller oavsett nationella tillståndsundantag.;source;NATURA | MB;"[""NATURA"",""MB""]"
R-B40-GE110-02:trigger:02;R-B40-GE110-02;B40-GE110;B40;B40 – Vattenverksamhet;Undantaget förväxlas med befrielse från Natura 2000-kraven;utlösande faktor;2;Projektet antar att ett vattenrättsligt undantag innebär att ingen separat Natura 2000-prövning behövs.;analysis;;[]
R-B40-GE110-02:trigger:03;R-B40-GE110-02;B40-GE110;B40;B40 – Vattenverksamhet;Undantaget förväxlas med befrielse från Natura 2000-kraven;utlösande faktor;3;Bedömningen använder kartavstånd men modellerar inte hydrologiska samband med Natura 2000-området.;analysis;;[]
R-B40-GE110-02:trigger:04;R-B40-GE110-02;B40-GE110;B40;B40 – Vattenverksamhet;Undantaget förväxlas med befrielse från Natura 2000-kraven;utlösande faktor;4;Andra planer och projekt i samma påverkansområde saknas i den kumulativa analysen.;analysis;;[]
R-B40-GE110-02:consequence:01;R-B40-GE110-02;B40-GE110;B40;B40 – Vattenverksamhet;Undantaget förväxlas med befrielse från Natura 2000-kraven;konsekvens;1;En verksamhet som kräver Natura 2000-tillstånd får inte genomföras enbart med stöd av ett vattenrättsligt undantag.;source;MB | NATURA;"[""MB"",""NATURA""]"
R-B40-GE110-02:consequence:02;R-B40-GE110-02;B40-GE110;B40;B40 – Vattenverksamhet;Undantaget förväxlas med befrielse från Natura 2000-kraven;konsekvens;2;Det vattenrättsliga undantaget förlorar sitt praktiska värde som bygggrund för den Natura 2000-berörda delen.;analysis;;[]
R-B40-GE110-02:consequence:03;R-B40-GE110-02;B40-GE110;B40;B40 – Vattenverksamhet;Undantaget förväxlas med befrielse från Natura 2000-kraven;konsekvens;3;Tillsynsmyndigheten kan kräva att den otillåtna påverkan återställs i ärendet vid processteget ”Kan Natura 2000 påverkas betydande?”.;analysis;;[]
R-B40-GE110-02:consequence:04;R-B40-GE110-02;B40-GE110;B40;B40 – Vattenverksamhet;Undantaget förväxlas med befrielse från Natura 2000-kraven;konsekvens;4;Projektet kan behöva komplettera med en separat och mer detaljerad Natura 2000-prövning.;analysis;;[]
R-B40-GE110-03:trigger:01;R-B40-GE110-03;B40-GE110;B40;B40 – Vattenverksamhet;Betydandeprövningen görs utan tillräckligt ekologiskt underlag;utlösande faktor;1;Enligt 7 kap. 28 b § miljöbalken får Natura 2000-tillstånd lämnas endast om prövningsinstansen kan försäkra sig om att den skyddade livsmiljön eller arten inte skadas eller störs på det sätt som bestämmelsen anger.;source;NATURA | MB;"[""NATURA"",""MB""]"
R-B40-GE110-03:trigger:02;R-B40-GE110-03;B40-GE110;B40;B40 – Vattenverksamhet;Betydandeprövningen görs utan tillräckligt ekologiskt underlag;utlösande faktor;2;Bedömningen av om betydande påverkan kan antas görs på generella kartdata utan fältinventering av skyddsvärdena i påverkansområdet.;analysis;;[]
R-B40-GE110-03:trigger:03;R-B40-GE110-03;B40-GE110;B40;B40 – Vattenverksamhet;Betydandeprövningen görs utan tillräckligt ekologiskt underlag;utlösande faktor;3;Bedömningen använder kartavstånd men modellerar inte hydrologiska samband med Natura 2000-området.;analysis;;[]
R-B40-GE110-03:trigger:04;R-B40-GE110-03;B40-GE110;B40;B40 – Vattenverksamhet;Betydandeprövningen görs utan tillräckligt ekologiskt underlag;utlösande faktor;4;Andra planer och projekt i samma påverkansområde saknas i den kumulativa analysen.;analysis;;[]
R-B40-GE110-03:consequence:01;R-B40-GE110-03;B40-GE110;B40;B40 – Vattenverksamhet;Betydandeprövningen görs utan tillräckligt ekologiskt underlag;konsekvens;1;Ett otillräckligt ekologiskt underlag hindrar ett positivt Natura 2000-beslut till dess att osäkerheten har klarlagts.;source;MB | NATURA;"[""MB"",""NATURA""]"
R-B40-GE110-03:consequence:02;R-B40-GE110-03;B40-GE110;B40;B40 – Vattenverksamhet;Betydandeprövningen görs utan tillräckligt ekologiskt underlag;konsekvens;2;Den aktuella vattenrisken kan leda till kompletteringsbehov.;analysis;;[]
R-B40-GE110-03:consequence:03;R-B40-GE110-03;B40-GE110;B40;B40 – Vattenverksamhet;Betydandeprövningen görs utan tillräckligt ekologiskt underlag;konsekvens;3;Projektet kan fördröjas om ytterligare inventering eller analys krävs.;analysis;;[]
R-B40-GE110-03:consequence:04;R-B40-GE110-03;B40-GE110;B40;B40 – Vattenverksamhet;Betydandeprövningen görs utan tillräckligt ekologiskt underlag;konsekvens;4;Projektet kan behöva komplettera med en separat och mer detaljerad Natura 2000-prövning.;analysis;;[]
R-B40-GE120-01:trigger:01;R-B40-GE120-01;B40-GE120;B40;B40 – Vattenverksamhet;12:6-samrådet missas trots väsentlig naturmiljöpåverkan;utlösande faktor;1;12 kap. 6 § MB kan kräva samråd för en verksamhet eller åtgärd som kan komma att väsentligt ändra naturmiljön.;source;MB;"[""MB""]"
R-B40-GE120-01:trigger:02;R-B40-GE120-01;B40-GE120;B40;B40 – Vattenverksamhet;12:6-samrådet missas trots väsentlig naturmiljöpåverkan;utlösande faktor;2;Projektet behandlar den vattenrättsliga undantagsbedömningen som om den även ersatte ett separat naturmiljösamråd.;analysis;;[]
R-B40-GE120-01:trigger:03;R-B40-GE120-01;B40-GE120;B40;B40 – Vattenverksamhet;12:6-samrådet missas trots väsentlig naturmiljöpåverkan;utlösande faktor;3;Tillfälliga arbetsområdens naturpåverkan faller mellan projektets vatten-, miljö- och entreprenadansvar.;analysis;;[]
R-B40-GE120-01:trigger:04;R-B40-GE120-01;B40-GE120;B40;B40 – Vattenverksamhet;12:6-samrådet missas trots väsentlig naturmiljöpåverkan;utlösande faktor;4;Tillfälliga arbetsområden och följdåtgärder lämnas utanför screeningen av påverkan på naturmiljön.;analysis;;[]
R-B40-GE120-01:consequence:01;R-B40-GE120-01;B40-GE120;B40;B40 – Vattenverksamhet;12:6-samrådet missas trots väsentlig naturmiljöpåverkan;konsekvens;1;Om samrådsanmälan underlåts trots att bestämmelsen är tillämplig kan tillsynsmyndigheten besluta om förbud eller försiktighetsmått.;source;MB;"[""MB""]"
R-B40-GE120-01:consequence:02;R-B40-GE120-01;B40-GE120;B40;B40 – Vattenverksamhet;12:6-samrådet missas trots väsentlig naturmiljöpåverkan;konsekvens;2;Arbete som redan har utförts kan behöva anpassas eller göras om efter länsstyrelsens försiktighetsmått.;analysis;;[]
R-B40-GE120-01:consequence:03;R-B40-GE120-01;B40-GE120;B40;B40 – Vattenverksamhet;12:6-samrådet missas trots väsentlig naturmiljöpåverkan;konsekvens;3;Den vattenrättsliga prövningen och projektets planerade genomförande kan fördröjas i ärendet vid processteget ”Krävs 12:6-samråd?”.;analysis;;[]
R-B40-GE120-01:consequence:04;R-B40-GE120-01;B40-GE120;B40;B40 – Vattenverksamhet;12:6-samrådet missas trots väsentlig naturmiljöpåverkan;konsekvens;4;Entreprenadens planerade arbetsfönster kan gå förlorat medan samrådsfrågan hanteras.;analysis;;[]
R-B40-GE120-02:trigger:01;R-B40-GE120-02;B40-GE120;B40;B40 – Vattenverksamhet;12:6-samrådet kan pågå längre än sexveckorsspärren;utlösande faktor;1;En samrådspliktig åtgärd får enligt 12 kap. 6 § miljöbalken påbörjas tidigast sex veckor efter anmälan, om inte tillsynsmyndigheten medger annat.;source;MB;"[""MB""]"
R-B40-GE120-02:trigger:02;R-B40-GE120-02;B40-GE120;B40;B40 – Vattenverksamhet;12:6-samrådet kan pågå längre än sexveckorsspärren;utlösande faktor;2;Länsstyrelsen hanterar samrådsanmälan med låg prioritet eftersom bestämmelsen saknar lagfästa handläggningstider.;analysis;;[]
R-B40-GE120-02:trigger:03;R-B40-GE120-02;B40-GE120;B40;B40 – Vattenverksamhet;12:6-samrådet kan pågå längre än sexveckorsspärren;utlösande faktor;3;Länsstyrelsen behöver kompletterande natur- eller åtgärdsuppgifter innan samrådet kan avslutas.;analysis;;[]
R-B40-GE120-02:trigger:04;R-B40-GE120-02;B40-GE120;B40;B40 – Vattenverksamhet;12:6-samrådet kan pågå längre än sexveckorsspärren;utlösande faktor;4;Ärendet konkurrerar om samma specialistresurser som tillsyns- och tillståndsärenden hos länsstyrelsen.;analysis;;[]
R-B40-GE120-02:consequence:01;R-B40-GE120-02;B40-GE120;B40;B40 – Vattenverksamhet;12:6-samrådet kan pågå längre än sexveckorsspärren;konsekvens;1;Sexveckorsregeln är en startspärr men ingen generell tidsfrist för att avsluta myndighetens handläggning eller besluta om försiktighetsmått.;source;MB;"[""MB""]"
R-B40-GE120-02:consequence:02;R-B40-GE120-02;B40-GE120;B40;B40 – Vattenverksamhet;12:6-samrådet kan pågå längre än sexveckorsspärren;konsekvens;2;Den vattenrättsliga prövningen och projektets planerade genomförande kan fördröjas i ärendet vid processteget ”Krävs 12:6-samråd?”.;analysis;;[]
R-B40-GE120-02:consequence:03;R-B40-GE120-02;B40-GE120;B40;B40 – Vattenverksamhet;12:6-samrådet kan pågå längre än sexveckorsspärren;konsekvens;3;Projektet kan förlora det planerade arbetsfönstret för vattenarbetena.;analysis;;[]
R-B40-GE120-02:consequence:04;R-B40-GE120-02;B40-GE120;B40;B40 – Vattenverksamhet;12:6-samrådet kan pågå längre än sexveckorsspärren;konsekvens;4;Den aktuella vattenrisken kan leda till merkostnad för omplanering av entreprenad.;analysis;;[]
R-B40-GM100-01:trigger:01;R-B40-GM100-01;B40-GM100;B40;B40 – Vattenverksamhet;Gränsen mellan markavvattning och tillfällig sänkning dras fel;utlösande faktor;1;Om en dräneringsåtgärd har ett varaktigt avvattningssyfte ska klassificeringen göras mot markavvattningsreglerna, oavsett att den tekniskt beskrivs som tillfällig.;source;MB | FVV;"[""MB"",""FVV""]"
R-B40-GM100-01:trigger:02;R-B40-GM100-01;B40-GM100;B40;B40 – Vattenverksamhet;Gränsen mellan markavvattning och tillfällig sänkning dras fel;utlösande faktor;2;Åtgärden presenteras som tillfällig dränering trots att dess varaktiga syfte motsvarar markavvattning.;analysis;;[]
R-B40-GM100-01:trigger:03;R-B40-GM100-01;B40-GM100;B40;B40 – Vattenverksamhet;Gränsen mellan markavvattning och tillfällig sänkning dras fel;utlösande faktor;3;Åtgärden beskrivs utifrån byggmetoden i stället för sitt varaktiga syfte och sin effekt på markens lämplighet.;analysis;;[]
R-B40-GM100-01:trigger:04;R-B40-GM100-01;B40-GM100;B40;B40 – Vattenverksamhet;Gränsen mellan markavvattning och tillfällig sänkning dras fel;utlösande faktor;4;Nyttan och skadan för andra fastigheter identifieras inte i den första klassificeringen.;analysis;;[]
R-B40-GM100-01:consequence:01;R-B40-GM100-01;B40-GM100;B40;B40 – Vattenverksamhet;Gränsen mellan markavvattning och tillfällig sänkning dras fel;konsekvens;1;Om åtgärden är markavvattning avgör de särskilda tillstånds-, undantags- och förbudsreglerna vilken prövningsväg som krävs.;source;MB | FVV;"[""MB"",""FVV""]"
R-B40-GM100-01:consequence:02;R-B40-GM100-01;B40-GM100;B40;B40 – Vattenverksamhet;Gränsen mellan markavvattning och tillfällig sänkning dras fel;konsekvens;2;Den aktuella vattenrisken kan leda till fel instans och fel regelverk, med avvisning.;analysis;;[]
R-B40-GM100-01:consequence:03;R-B40-GM100-01;B40-GM100;B40;B40 – Vattenverksamhet;Gränsen mellan markavvattning och tillfällig sänkning dras fel;konsekvens;3;Den aktuella vattenrisken kan leda till omhandläggning.;analysis;;[]
R-B40-GM100-01:consequence:04;R-B40-GM100-01;B40-GM100;B40;B40 – Vattenverksamhet;Gränsen mellan markavvattning och tillfällig sänkning dras fel;konsekvens;4;Tillsynsmyndigheten kan ingripa mot de utförda dikningsåtgärderna.;analysis;;[]
R-B40-GM100-02:trigger:01;R-B40-GM100-02;B40-GM100;B40;B40 – Vattenverksamhet;Skydds- och nyttointressen i avvattningen bortfaller ur analysen;utlösande faktor;1;MÖD 2019:12, mål M 4651-18, gällde omprövning av en markavvattningssamfällighet efter ansökan av Trafikverket.;source;EXT: MÖD 2019:12, mål M 4651-18 https://www.domstol.se/mark--och-miljooverdomstolen/mark--och-miljooverdomstolens-avgoranden/2019/65481/;"[""EXT: MÖD 2019:12, mål M 4651-18 https://www.domstol.se/mark--och-miljooverdomstolen/mark--och-miljooverdomstolens-avgoranden/2019/65481/""]"
R-B40-GM100-02:trigger:02;R-B40-GM100-02;B40-GM100;B40;B40 – Vattenverksamhet;Skydds- och nyttointressen i avvattningen bortfaller ur analysen;utlösande faktor;2;Klassificeringen fokuserar på tekniken och missar att markavvattning per definition berör andra fastighetsägares nytta och skador, inklusive väghållare.;analysis;;[]
R-B40-GM100-02:trigger:03;R-B40-GM100-02;B40-GM100;B40;B40 – Vattenverksamhet;Skydds- och nyttointressen i avvattningen bortfaller ur analysen;utlösande faktor;3;Åtgärden beskrivs utifrån byggmetoden i stället för sitt varaktiga syfte och sin effekt på markens lämplighet.;analysis;;[]
R-B40-GM100-02:trigger:04;R-B40-GM100-02;B40-GM100;B40;B40 – Vattenverksamhet;Skydds- och nyttointressen i avvattningen bortfaller ur analysen;utlösande faktor;4;Nyttan och skadan för andra fastigheter identifieras inte i den första klassificeringen.;analysis;;[]
R-B40-GM100-02:consequence:01;R-B40-GM100-02;B40-GM100;B40;B40 – Vattenverksamhet;Skydds- och nyttointressen i avvattningen bortfaller ur analysen;konsekvens;1;Avgörandet visar att deltagande, ersättning och underhåll kan behöva lösas uttryckligen i ett omprövningsmål.;source;LVV;"[""LVV""]"
R-B40-GM100-02:consequence:02;R-B40-GM100-02;B40-GM100;B40;B40 – Vattenverksamhet;Skydds- och nyttointressen i avvattningen bortfaller ur analysen;konsekvens;2;Den aktuella vattenrisken kan leda till kostnadsfördelningstvister.;analysis;;[]
R-B40-GM100-02:consequence:03;R-B40-GM100-02;B40-GM100;B40;B40 – Vattenverksamhet;Skydds- och nyttointressen i avvattningen bortfaller ur analysen;konsekvens;3;Den aktuella vattenrisken kan leda till överlämnande till MMD och förlängd process.;analysis;;[]
R-B40-GM100-02:consequence:04;R-B40-GM100-02;B40-GM100;B40;B40 – Vattenverksamhet;Skydds- och nyttointressen i avvattningen bortfaller ur analysen;konsekvens;4;Fel regelverk kan leda till att ärendet måste flyttas till en annan prövningsordning.;analysis;;[]
R-B40-GM110-01:trigger:01;R-B40-GM110-01;B40-GM110;B40;B40 – Vattenverksamhet;Täckdikningsundantagets 300 mm-gräns och jordbruksmarksrekvisit överskrids;utlösande faktor;1;För dränering av jordbruksmark genom täckdikning med dräneringsrör vars största diameter är 300 millimeter krävs tillstånd endast om det är sannolikt att allmänna eller enskilda intressen skadas.;source;MB;"[""MB""]"
R-B40-GM110-01:trigger:02;R-B40-GM110-01;B40-GM110;B40;B40 – Vattenverksamhet;Täckdikningsundantagets 300 mm-gräns och jordbruksmarksrekvisit överskrids;utlösande faktor;2;Dräneringen dimensioneras större än 300 mm eller görs på mark som inte är jordbruksmark, men behandlas som undantagen täckdikning.;analysis;;[]
R-B40-GM110-01:trigger:03;R-B40-GM110-01;B40-GM110;B40;B40 – Vattenverksamhet;Täckdikningsundantagets 300 mm-gräns och jordbruksmarksrekvisit överskrids;utlösande faktor;3;Projekteringen utgår från fel ledningsdimension, markslag eller geografiskt förbudsområde.;analysis;;[]
R-B40-GM110-01:trigger:04;R-B40-GM110-01;B40-GM110;B40;B40 – Vattenverksamhet;Täckdikningsundantagets 300 mm-gräns och jordbruksmarksrekvisit överskrids;utlösande faktor;4;Flera närliggande dikningsåtgärder bedöms var för sig trots ett gemensamt avvattningssyfte.;analysis;;[]
R-B40-GM110-01:consequence:01;R-B40-GM110-01;B40-GM110;B40;B40 – Vattenverksamhet;Täckdikningsundantagets 300 mm-gräns och jordbruksmarksrekvisit överskrids;konsekvens;1;Om dimension- eller markrekvisitet inte är uppfyllt kan projektet inte förlita sig på täckdikningsregeln utan måste bedöma tillstånd och eventuell dispens.;source;MB | FVV;"[""MB"",""FVV""]"
R-B40-GM110-01:consequence:02;R-B40-GM110-01;B40-GM110;B40;B40 – Vattenverksamhet;Täckdikningsundantagets 300 mm-gräns och jordbruksmarksrekvisit överskrids;konsekvens;2;Den utförda avvattningen kan bedömas som otillåten markavvattning.;analysis;;[]
R-B40-GM110-01:consequence:03;R-B40-GM110-01;B40-GM110;B40;B40 – Vattenverksamhet;Täckdikningsundantagets 300 mm-gräns och jordbruksmarksrekvisit överskrids;konsekvens;3;Tillsynsmyndigheten kan ingripa och kräva att projektet ansöker om tillstånd eller dispens i efterhand.;analysis;;[]
R-B40-GM110-01:consequence:04;R-B40-GM110-01;B40-GM110;B40;B40 – Vattenverksamhet;Täckdikningsundantagets 300 mm-gräns och jordbruksmarksrekvisit överskrids;konsekvens;4;Projektet kan behöva både dispens och tillstånd innan markavvattningen får genomföras.;analysis;;[]
R-B40-GM110-02:trigger:01;R-B40-GM110-02;B40-GM110;B40;B40 – Vattenverksamhet;Markavvattningsförbudet i södra Sverige förbises;utlösande faktor;1;Markavvattning är förbjuden i de områden som anges i förordningen om vattenverksamheter och kräver dispens innan ett eventuellt tillstånd kan ges.;source;MB | FVV;"[""MB"",""FVV""]"
R-B40-GM110-02:trigger:02;R-B40-GM110-02;B40-GM110;B40;B40 – Vattenverksamhet;Markavvattningsförbudet i södra Sverige förbises;utlösande faktor;2;Projektet förbiser att den planerade markavvattningen ligger inom ett förbudsområde och därför kräver dispens utöver tillstånd.;analysis;;[]
R-B40-GM110-02:trigger:03;R-B40-GM110-02;B40-GM110;B40;B40 – Vattenverksamhet;Markavvattningsförbudet i södra Sverige förbises;utlösande faktor;3;Projekteringen utgår från fel ledningsdimension, markslag eller geografiskt förbudsområde.;analysis;;[]
R-B40-GM110-02:trigger:04;R-B40-GM110-02;B40-GM110;B40;B40 – Vattenverksamhet;Markavvattningsförbudet i södra Sverige förbises;utlösande faktor;4;Flera närliggande dikningsåtgärder bedöms var för sig trots ett gemensamt avvattningssyfte.;analysis;;[]
R-B40-GM110-02:consequence:01;R-B40-GM110-02;B40-GM110;B40;B40 – Vattenverksamhet;Markavvattningsförbudet i södra Sverige förbises;konsekvens;1;Markavvattning inom ett förbudsområde kräver dispens utöver det tillstånd som annars kan behövas.;source;MB | FVV;"[""MB"",""FVV""]"
R-B40-GM110-02:consequence:02;R-B40-GM110-02;B40-GM110;B40;B40 – Vattenverksamhet;Markavvattningsförbudet i södra Sverige förbises;konsekvens;2;Den aktuella vattenrisken kan leda till extra processled med osäker utgång.;analysis;;[]
R-B40-GM110-02:consequence:03;R-B40-GM110-02;B40-GM110;B40;B40 – Vattenverksamhet;Markavvattningsförbudet i södra Sverige förbises;konsekvens;3;Den vattenrättsliga prövningen och projektets planerade genomförande kan fördröjas i ärendet vid processteget ”Gäller täckdikningsundantag eller förbudsområde?”.;analysis;;[]
R-B40-GM110-02:consequence:04;R-B40-GM110-02;B40-GM110;B40;B40 – Vattenverksamhet;Markavvattningsförbudet i södra Sverige förbises;konsekvens;4;Den planerade markavvattningen kan i sista hand hindras helt.;analysis;;[]
R-B40-GM140-01:trigger:01;R-B40-GM140-01;B40-GM140;B40;B40 – Vattenverksamhet;Obligatoriskt överlämnande upptäcks sent och tillför en domstolsfas;utlösande faktor;1;7 kap. 19 § LVV anger när länsstyrelsen ska eller får överlämna ett markavvattningsärende till mark- och miljödomstolen, bland annat när frågor om deltagande, tvångsrätt eller ersättning aktualiseras.;source;LVV;"[""LVV""]"
R-B40-GM140-01:trigger:02;R-B40-GM140-01;B40-GM140;B40;B40 – Vattenverksamhet;Obligatoriskt överlämnande upptäcks sent och tillför en domstolsfas;utlösande faktor;2;Yrkanden om annans deltagande, tvångsrätt, ersättning eller inlösen tillkommer först under länsstyrelsens handläggning.;analysis;;[]
R-B40-GM140-01:trigger:03;R-B40-GM140-01;B40-GM140;B40;B40 – Vattenverksamhet;Obligatoriskt överlämnande upptäcks sent och tillför en domstolsfas;utlösande faktor;3;Behovet av deltagande eller tvångsrätt framgår först när fastighets- och nyttobilden kompletteras.;analysis;;[]
R-B40-GM140-01:trigger:04;R-B40-GM140-01;B40-GM140;B40;B40 – Vattenverksamhet;Obligatoriskt överlämnande upptäcks sent och tillför en domstolsfas;utlösande faktor;4;Påverkan på tredje mans fastighet upptäcks först när sakägare granskar det tekniska underlaget.;analysis;;[]
R-B40-GM140-01:consequence:01;R-B40-GM140-01;B40-GM140;B40;B40 – Vattenverksamhet;Obligatoriskt överlämnande upptäcks sent och tillför en domstolsfas;konsekvens;1;När ett yrkande enligt 7 kap. 19 § första stycket LVV framställs ska länsstyrelsen överlämna markavvattningsärendet till mark- och miljödomstolen.;source;LVV;"[""LVV""]"
R-B40-GM140-01:consequence:02;R-B40-GM140-01;B40-GM140;B40;B40 – Vattenverksamhet;Obligatoriskt överlämnande upptäcks sent och tillför en domstolsfas;konsekvens;2;Ärendet kan behöva fortsätta i mark- och miljödomstol med nya processkostnader.;analysis;;[]
R-B40-GM140-01:consequence:03;R-B40-GM140-01;B40-GM140;B40;B40 – Vattenverksamhet;Obligatoriskt överlämnande upptäcks sent och tillför en domstolsfas;konsekvens;3;Projektets tidplan och resursbehov kan behöva omprövas i ärendet vid processteget ”Ska ärendet överlämnas till MMD?”.;analysis;;[]
R-B40-GM140-02:trigger:01;R-B40-GM140-02;B40-GM140;B40;B40 – Vattenverksamhet;Diskretionärt överlämnande vid berörda tredje fastigheter skapar oförutsägbarhet;utlösande faktor;1;7 kap. 19 § andra stycket LVV ger länsstyrelsen ett bedömningsutrymme i de fall bestämmelsen omfattar.;source;LVV;"[""LVV""]"
R-B40-GM140-02:trigger:02;R-B40-GM140-02;B40-GM140;B40;B40 – Vattenverksamhet;Diskretionärt överlämnande vid berörda tredje fastigheter skapar oförutsägbarhet;utlösande faktor;2;Länsstyrelsen utnyttjar möjligheten att överlämna ärendet till MMD eftersom andra fastigheter än sökandens kan beröras, trots att projektet planerat för ett länsstyrelsebeslut.;analysis;;[]
R-B40-GM140-02:trigger:03;R-B40-GM140-02;B40-GM140;B40;B40 – Vattenverksamhet;Diskretionärt överlämnande vid berörda tredje fastigheter skapar oförutsägbarhet;utlösande faktor;3;Yrkanden om deltagande, tvångsrätt eller ersättning tillkommer först efter att länsstyrelsens handläggning har börjat.;analysis;;[]
R-B40-GM140-02:trigger:04;R-B40-GM140-02;B40-GM140;B40;B40 – Vattenverksamhet;Diskretionärt överlämnande vid berörda tredje fastigheter skapar oförutsägbarhet;utlösande faktor;4;Påverkan på tredje mans fastighet upptäcks först när sakägare granskar det tekniska underlaget.;analysis;;[]
R-B40-GM140-02:consequence:01;R-B40-GM140-02;B40-GM140;B40;B40 – Vattenverksamhet;Diskretionärt överlämnande vid berörda tredje fastigheter skapar oförutsägbarhet;konsekvens;1;Eftersom markavvattningens effekter kan sträcka sig över fastighetsgränser kan frågor om deltagande, tvångsrätt eller ersättning utlösa ett domstolsspår.;source;LVV;"[""LVV""]"
R-B40-GM140-02:consequence:02;R-B40-GM140-02;B40-GM140;B40;B40 – Vattenverksamhet;Diskretionärt överlämnande vid berörda tredje fastigheter skapar oförutsägbarhet;konsekvens;2;Den fortsatta prövningen kan bli mer resurskrävande än projektet har planerat för.;analysis;;[]
R-B40-GM140-02:consequence:03;R-B40-GM140-02;B40-GM140;B40;B40 – Vattenverksamhet;Diskretionärt överlämnande vid berörda tredje fastigheter skapar oförutsägbarhet;konsekvens;3;Ärendet kan behöva fortsätta i mark- och miljödomstol med nya processkostnader.;analysis;;[]
R-B40-GM140-02:consequence:04;R-B40-GM140-02;B40-GM140;B40;B40 – Vattenverksamhet;Diskretionärt överlämnande vid berörda tredje fastigheter skapar oförutsägbarhet;konsekvens;4;Projektets tidplan och resursbehov kan behöva omprövas i ärendet vid processteget ”Ska ärendet överlämnas till MMD?”.;analysis;;[]
R-B40-GN100-01:trigger:01;R-B40-GN100-01;B40-GN100;B40;B40 – Vattenverksamhet;Tröskelvärdena i FVV 19 § feltolkas;utlösande faktor;1;FVV 19 § anger vilka vattenverksamheter som omfattas av anmälningsplikt i stället för tillståndsplikt.;source;FVV;"[""FVV""]"
R-B40-GN100-01:trigger:02;R-B40-GN100-01;B40-GN100;B40;B40 – Vattenverksamhet;Tröskelvärdena i FVV 19 § feltolkas;utlösande faktor;2;Åtgärdens art, storlek eller läge ligger nära anmälningsgränsen och klassificeras felaktigt som anmälningspliktig.;analysis;;[]
R-B40-GN100-01:trigger:03;R-B40-GN100-01;B40-GN100;B40;B40 – Vattenverksamhet;Tröskelvärdena i FVV 19 § feltolkas;utlösande faktor;3;Tröskelvärdet beräknas på ett enskilt delmoment i stället för åtgärdens samlade omfattning.;analysis;;[]
R-B40-GN100-01:trigger:04;R-B40-GN100-01;B40-GN100;B40;B40 – Vattenverksamhet;Tröskelvärdena i FVV 19 § feltolkas;utlösande faktor;4;Mätosäkerhet eller en senare projekteringsändring gör att åtgärden passerar anmälningsgränsen.;analysis;;[]
R-B40-GN100-01:consequence:01;R-B40-GN100-01;B40-GN100;B40;B40 – Vattenverksamhet;Tröskelvärdena i FVV 19 § feltolkas;konsekvens;1;En felklassificering kan därför medföra att ärendet måste byta prövningsspår.;source;FVV;"[""FVV""]"
R-B40-GN100-01:consequence:02;R-B40-GN100-01;B40-GN100;B40;B40 – Vattenverksamhet;Tröskelvärdena i FVV 19 § feltolkas;konsekvens;2;Projektet kan behöva göra om underlaget och lämna in en tillståndsansökan.;analysis;;[]
R-B40-GN100-01:consequence:03;R-B40-GN100-01;B40-GN100;B40;B40 – Vattenverksamhet;Tröskelvärdena i FVV 19 § feltolkas;konsekvens;3;Projektet kan förlora handläggningstid genom att ärendet måste tas om i rätt prövningsspår.;analysis;;[]
R-B40-GN100-01:consequence:04;R-B40-GN100-01;B40-GN100;B40;B40 – Vattenverksamhet;Tröskelvärdena i FVV 19 § feltolkas;konsekvens;4;Tillsynsmyndigheten kan ingripa om arbetena redan har påbörjats.;analysis;;[]
R-B40-GN100-02:trigger:01;R-B40-GN100-02;B40-GN100;B40;B40 – Vattenverksamhet;Listningen garanterar inte att ärendet stannar i anmälningsspåret;utlösande faktor;1;FVV 22 a–22 d §§ reglerar tillsynsmyndighetens bedömning av betydande miljöpåverkan för en anmäld vattenverksamhet.;source;FVV;"[""FVV""]"
R-B40-GN100-02:trigger:02;R-B40-GN100-02;B40-GN100;B40;B40 – Vattenverksamhet;Listningen garanterar inte att ärendet stannar i anmälningsspåret;utlösande faktor;2;Projektet planerar tid och kostnad efter det snabba anmälningsspåret utan att räkna med att BMP-bedömningen kan tvinga fram tillståndsansökan.;analysis;;[]
R-B40-GN100-02:trigger:03;R-B40-GN100-02;B40-GN100;B40;B40 – Vattenverksamhet;Listningen garanterar inte att ärendet stannar i anmälningsspåret;utlösande faktor;3;Tröskelvärdet beräknas på ett enskilt delmoment i stället för åtgärdens samlade omfattning.;analysis;;[]
R-B40-GN100-02:trigger:04;R-B40-GN100-02;B40-GN100;B40;B40 – Vattenverksamhet;Listningen garanterar inte att ärendet stannar i anmälningsspåret;utlösande faktor;4;Mätosäkerhet eller en senare projekteringsändring gör att åtgärden passerar anmälningsgränsen.;analysis;;[]
R-B40-GN100-02:consequence:01;R-B40-GN100-02;B40-GN100;B40;B40 – Vattenverksamhet;Listningen garanterar inte att ärendet stannar i anmälningsspåret;konsekvens;1;Om myndigheten finner att en annan prövningsform krävs kan projektet behöva byta spår.;source;FVV;"[""FVV""]"
R-B40-GN100-02:consequence:02;R-B40-GN100-02;B40-GN100;B40;B40 – Vattenverksamhet;Listningen garanterar inte att ärendet stannar i anmälningsspåret;konsekvens;2;Den aktuella vattenrisken kan leda till ökade utredningskostnader.;analysis;;[]
R-B40-GN100-02:consequence:03;R-B40-GN100-02;B40-GN100;B40;B40 – Vattenverksamhet;Listningen garanterar inte att ärendet stannar i anmälningsspåret;konsekvens;3;Projektet kan tvingas ersätta anmälningsspåret med en tillståndsansökan.;analysis;;[]
R-B40-GN100-02:consequence:04;R-B40-GN100-02;B40-GN100;B40;B40 – Vattenverksamhet;Listningen garanterar inte att ärendet stannar i anmälningsspåret;konsekvens;4;Projektets tidplan och resursbehov kan behöva omprövas i ärendet vid processteget ”Ryms åtgärden i anmälningslistan?”.;analysis;;[]
R-B40-GN130-01:trigger:01;R-B40-GN130-01;B40-GN130;B40;B40 – Vattenverksamhet;Kompletteringskrav triggar ändlös loop mot upprättandet;utlösande faktor;1;En anmälan måste innehålla de uppgifter som behövs för tillsynsmyndighetens bedömning enligt förordningen om vattenverksamheter och miljöbedömningsreglerna.;source;FVV | MBD;"[""FVV"",""MBD""]"
R-B40-GN130-01:trigger:02;R-B40-GN130-01;B40-GN130;B40;B40 – Vattenverksamhet;Kompletteringskrav triggar ändlös loop mot upprättandet;utlösande faktor;2;Tillsynsmyndigheten begär komplettering av art, omfattning, sakägare eller miljöeffekter, och varje komplettering leder till nya frågor.;analysis;;[]
R-B40-GN130-01:trigger:03;R-B40-GN130-01;B40-GN130;B40;B40 – Vattenverksamhet;Kompletteringskrav triggar ändlös loop mot upprättandet;utlösande faktor;3;Anmälan bygger på en tidigare utformning och uppdateras inte när arbetsmetod eller omfattning ändras.;analysis;;[]
R-B40-GN130-01:trigger:04;R-B40-GN130-01;B40-GN130;B40;B40 – Vattenverksamhet;Kompletteringskrav triggar ändlös loop mot upprättandet;utlösande faktor;4;Sakägare, miljöeffekter eller skyddsåtgärder beskrivs på en nivå som inte medger myndighetens bedömning.;analysis;;[]
R-B40-GN130-01:consequence:01;R-B40-GN130-01;B40-GN130;B40;B40 – Vattenverksamhet;Kompletteringskrav triggar ändlös loop mot upprättandet;konsekvens;1;Om nya uppgifter förändrar bedömningen kan ytterligare komplettering behövas innan myndigheten kan ta ställning.;source;FVV;"[""FVV""]"
R-B40-GN130-01:consequence:02;R-B40-GN130-01;B40-GN130;B40;B40 – Vattenverksamhet;Kompletteringskrav triggar ändlös loop mot upprättandet;konsekvens;2;Den aktuella vattenrisken kan leda till oplanerbar fördröjning.;analysis;;[]
R-B40-GN130-01:consequence:03;R-B40-GN130-01;B40-GN130;B40;B40 – Vattenverksamhet;Kompletteringskrav triggar ändlös loop mot upprättandet;konsekvens;3;Den aktuella vattenrisken kan leda till stigande konsultkostnader.;analysis;;[]
R-B40-GN130-01:consequence:04;R-B40-GN130-01;B40-GN130;B40;B40 – Vattenverksamhet;Kompletteringskrav triggar ändlös loop mot upprättandet;konsekvens;4;Projektet riskerar att säsongsfönstret för arbetet missas.;analysis;;[]
R-B40-GN130-02:trigger:01;R-B40-GN130-02;B40-GN130;B40;B40 – Vattenverksamhet;Kompletteringskraven avslöjar att åtgärden hör hemma i tillståndsspåret;utlösande faktor;1;FVV 19 och 22 a–22 d §§ innebär att tillsynsmyndigheten ska bedöma den anmälda åtgärdens miljöpåverkan.;source;FVV;"[""FVV""]"
R-B40-GN130-02:trigger:02;R-B40-GN130-02;B40-GN130;B40;B40 – Vattenverksamhet;Kompletteringskraven avslöjar att åtgärden hör hemma i tillståndsspåret;utlösande faktor;2;Granskningen visar att åtgärdens verkliga omfattning överskrider anmälningsspårets gränser eller kräver en fullständig prövning.;analysis;;[]
R-B40-GN130-02:trigger:03;R-B40-GN130-02;B40-GN130;B40;B40 – Vattenverksamhet;Kompletteringskraven avslöjar att åtgärden hör hemma i tillståndsspåret;utlösande faktor;3;Anmälan bygger på en tidigare utformning och uppdateras inte när arbetsmetod eller omfattning ändras.;analysis;;[]
R-B40-GN130-02:trigger:04;R-B40-GN130-02;B40-GN130;B40;B40 – Vattenverksamhet;Kompletteringskraven avslöjar att åtgärden hör hemma i tillståndsspåret;utlösande faktor;4;Sakägare, miljöeffekter eller skyddsåtgärder beskrivs på en nivå som inte medger myndighetens bedömning.;analysis;;[]
R-B40-GN130-02:consequence:01;R-B40-GN130-02;B40-GN130;B40;B40 – Vattenverksamhet;Kompletteringskraven avslöjar att åtgärden hör hemma i tillståndsspåret;konsekvens;1;Om granskningen visar att förutsättningarna för anmälningsspåret inte är uppfyllda kan myndigheten hänvisa verksamhetsutövaren till tillståndsprövning.;source;FVV;"[""FVV""]"
R-B40-GN130-02:consequence:02;R-B40-GN130-02;B40-GN130;B40;B40 – Vattenverksamhet;Kompletteringskraven avslöjar att åtgärden hör hemma i tillståndsspåret;konsekvens;2;Den aktuella vattenrisken kan leda till full omläggning till domstolsspår med nya underlagskrav.;analysis;;[]
R-B40-GN130-02:consequence:03;R-B40-GN130-02;B40-GN130;B40;B40 – Vattenverksamhet;Kompletteringskraven avslöjar att åtgärden hör hemma i tillståndsspåret;konsekvens;3;Den aktuella vattenrisken kan leda till fördyrad utredning.;analysis;;[]
R-B40-GN130-02:consequence:04;R-B40-GN130-02;B40-GN130;B40;B40 – Vattenverksamhet;Kompletteringskraven avslöjar att åtgärden hör hemma i tillståndsspåret;konsekvens;4;Upprepade kompletteringar kan göra starttidpunkten oförutsebar.;analysis;;[]
R-B40-GN150-01:trigger:01;R-B40-GN150-01;B40-GN150;B40;B40 – Vattenverksamhet;Positivt BMP-beslut tvingar fram tillståndsföreläggande;utlösande faktor;1;FVV 22 a–d §§ innehåller bedömningsregel, motiverings- och tillgänglighetskrav, en åttaveckorsfrist samt följden att ett positivt BMP-beslut ska leda till tillståndsföreläggande.;source;FVV;"[""FVV""]"
R-B40-GN150-01:trigger:02;R-B40-GN150-01;B40-GN150;B40;B40 – Vattenverksamhet;Positivt BMP-beslut tvingar fram tillståndsföreläggande;utlösande faktor;2;Myndigheten bedömer att den anmälda vattenverksamheten kan medföra betydande miljöpåverkan och kräver en tillståndsansökan.;analysis;;[]
R-B40-GN150-01:trigger:03;R-B40-GN150-01;B40-GN150;B40;B40 – Vattenverksamhet;Positivt BMP-beslut tvingar fram tillståndsföreläggande;utlösande faktor;3;Anmälan beskriver potentiellt betydande vatten- och natureffekter för översiktligt.;analysis;;[]
R-B40-GN150-01:trigger:04;R-B40-GN150-01;B40-GN150;B40;B40 – Vattenverksamhet;Positivt BMP-beslut tvingar fram tillståndsföreläggande;utlösande faktor;4;Kumulativa effekter tillsammans med andra åtgärder gör att betydande miljöpåverkan inte kan uteslutas.;analysis;;[]
R-B40-GN150-01:consequence:01;R-B40-GN150-01;B40-GN150;B40;B40 – Vattenverksamhet;Positivt BMP-beslut tvingar fram tillståndsföreläggande;konsekvens;1;Ett positivt beslut om betydande miljöpåverkan ska följas av ett föreläggande att ansöka om tillstånd.;source;FVV;"[""FVV""]"
R-B40-GN150-01:consequence:02;R-B40-GN150-01;B40-GN150;B40;B40 – Vattenverksamhet;Positivt BMP-beslut tvingar fram tillståndsföreläggande;konsekvens;2;Den aktuella vattenrisken kan leda till nya underlagskrav och väsentligt ökade kostnader.;analysis;;[]
R-B40-GN150-01:consequence:03;R-B40-GN150-01;B40-GN150;B40;B40 – Vattenverksamhet;Positivt BMP-beslut tvingar fram tillståndsföreläggande;konsekvens;3;Projektet kan behöva ta fram det mer omfattande underlag som en tillståndsprövning kräver.;analysis;;[]
R-B40-GN150-01:consequence:04;R-B40-GN150-01;B40-GN150;B40;B40 – Vattenverksamhet;Positivt BMP-beslut tvingar fram tillståndsföreläggande;konsekvens;4;Projektets tidplan och resursbehov kan behöva omprövas i ärendet vid processteget ”Kan betydande miljöpåverkan antas?”.;analysis;;[]
R-B40-GN150-02:trigger:01;R-B40-GN150-02;B40-GN150;B40;B40 – Vattenverksamhet;BMP-beslutet motiveras eller offentliggörs felaktigt;utlösande faktor;1;FVV 22 b § anger krav på innehåll och tillgängliggörande.;source;FVV;"[""FVV""]"
R-B40-GN150-02:trigger:02;R-B40-GN150-02;B40-GN150;B40;B40 – Vattenverksamhet;BMP-beslutet motiveras eller offentliggörs felaktigt;utlösande faktor;2;Tillsynsmyndigheten brådskar och lämnar ett beslut utan tillräcklig motivering eller utan det offentliggörande som FVV kräver.;analysis;;[]
R-B40-GN150-02:trigger:03;R-B40-GN150-02;B40-GN150;B40;B40 – Vattenverksamhet;BMP-beslutet motiveras eller offentliggörs felaktigt;utlösande faktor;3;Beslutet använder en standardmotivering som inte redovisar bedömningen i det enskilda ärendet.;analysis;;[]
R-B40-GN150-02:trigger:04;R-B40-GN150-02;B40-GN150;B40;B40 – Vattenverksamhet;BMP-beslutet motiveras eller offentliggörs felaktigt;utlösande faktor;4;Myndighetens publicerings- eller expedieringsrutin tillämpas fel på BMP-beslutet.;analysis;;[]
R-B40-GN150-02:consequence:01;R-B40-GN150-02;B40-GN150;B40;B40 – Vattenverksamhet;BMP-beslutet motiveras eller offentliggörs felaktigt;konsekvens;1;Följden av ett formfel bestäms inte i paragrafen och får därför inte beskrivas som automatisk nullitet.;source;FVV;"[""FVV""]"
R-B40-GN150-02:consequence:02;R-B40-GN150-02;B40-GN150;B40;B40 – Vattenverksamhet;BMP-beslutet motiveras eller offentliggörs felaktigt;konsekvens;2;Den aktuella vattenrisken kan leda till upphävt eller ifrågasatt beslut.;analysis;;[]
R-B40-GN150-02:consequence:03;R-B40-GN150-02;B40-GN150;B40;B40 – Vattenverksamhet;BMP-beslutet motiveras eller offentliggörs felaktigt;konsekvens;3;Den aktuella vattenrisken kan leda till förnyad handläggning och juridisk osäkerhet om åtgärdens status.;analysis;;[]
R-B40-GN150-02:consequence:04;R-B40-GN150-02;B40-GN150;B40;B40 – Vattenverksamhet;BMP-beslutet motiveras eller offentliggörs felaktigt;konsekvens;4;Berörda får ett sämre underlag för att förstå, bedöma och angripa beslutet.;analysis;;[]
R-B40-GN150-03:trigger:01;R-B40-GN150-03;B40-GN150;B40;B40 – Vattenverksamhet;BMP-begreppet är omdiskuterat och påverkas av pågående reform;utlösande faktor;1;Reglerna om betydande miljöpåverkan och övergången till Miljöprövningsmyndigheten gör att behörig instans och processordning beror på ärendets start- och beslutsdatum.;source;FVV | NEW_AUTH;"[""FVV"",""NEW_AUTH""]"
R-B40-GN150-03:trigger:02;R-B40-GN150-03;B40-GN150;B40;B40 – Vattenverksamhet;BMP-begreppet är omdiskuterat och påverkas av pågående reform;utlösande faktor;2;Reformarbetet med samordnad miljöbedömning och nya tröskelbegrepp ändrar tolkningsramverket medan ärendet pågår.;analysis;;[]
R-B40-GN150-03:trigger:03;R-B40-GN150-03;B40-GN150;B40;B40 – Vattenverksamhet;BMP-begreppet är omdiskuterat och påverkas av pågående reform;utlösande faktor;3;Övergångsbestämmelserna ger ett annat behörighets- eller processutfall än projektet planerat för.;analysis;;[]
R-B40-GN150-03:trigger:04;R-B40-GN150-03;B40-GN150;B40;B40 – Vattenverksamhet;BMP-begreppet är omdiskuterat och påverkas av pågående reform;utlösande faktor;4;Ny myndighetspraxis har ännu inte stabiliserats när bedömningen ska göras.;analysis;;[]
R-B40-GN150-03:consequence:01;R-B40-GN150-03;B40-GN150;B40;B40 – Vattenverksamhet;BMP-begreppet är omdiskuterat och påverkas av pågående reform;konsekvens;1;Tillämpliga övergångsbestämmelser avgör vilken myndighet som är behörig att handlägga ett pågående ärende.;source;FVV | NEW_AUTH;"[""FVV"",""NEW_AUTH""]"
R-B40-GN150-03:consequence:02;R-B40-GN150-03;B40-GN150;B40;B40 – Vattenverksamhet;BMP-begreppet är omdiskuterat och påverkas av pågående reform;konsekvens;2;Projektet kan få svårare att förutse myndighetens bedömning och planera nästa processsteg.;analysis;;[]
R-B40-GN150-03:consequence:03;R-B40-GN150-03;B40-GN150;B40;B40 – Vattenverksamhet;BMP-begreppet är omdiskuterat och påverkas av pågående reform;konsekvens;3;Anmälningsärendets fortsatta handläggning och projektets planerade start kan fördröjas i ärendet vid processteget ”Kan betydande miljöpåverkan antas?”.;analysis;;[]
R-B40-GN150-03:consequence:04;R-B40-GN150-03;B40-GN150;B40;B40 – Vattenverksamhet;BMP-begreppet är omdiskuterat och påverkas av pågående reform;konsekvens;4;Projektet kan få behov av att omvärdera spårvalet mitt i ärendet.;analysis;;[]
R-B40-GN170-01:trigger:01;R-B40-GN170-01;B40-GN170;B40;B40 – Vattenverksamhet;Försiktighetsmått blir i praktiken en ny villkorsprövning;utlösande faktor;1;FVV 23 § ger tillsynsmyndigheten möjlighet att besluta om de förbud eller försiktighetsmått som behövs.;source;FVV;"[""FVV""]"
R-B40-GN170-01:trigger:02;R-B40-GN170-01;B40-GN170;B40;B40 – Vattenverksamhet;Försiktighetsmått blir i praktiken en ny villkorsprövning;utlösande faktor;2;Tillsynsmyndigheten beslutar om tekniskt eller ekonomiskt betungande försiktighetsmått, exempelvis övervakning eller arbetstidsbegränsningar.;analysis;;[]
R-B40-GN170-01:trigger:03;R-B40-GN170-01;B40-GN170;B40;B40 – Vattenverksamhet;Försiktighetsmått blir i praktiken en ny villkorsprövning;utlösande faktor;3;Tillsynsmyndigheten identifierar kvarstående osäkerheter om arbetsmetod, kontroll eller miljöpåverkan.;analysis;;[]
R-B40-GN170-01:trigger:04;R-B40-GN170-01;B40-GN170;B40;B40 – Vattenverksamhet;Försiktighetsmått blir i praktiken en ny villkorsprövning;utlösande faktor;4;Projektet behandlar en underrättelse om passivitet som om den gav samma rättsliga skydd som ett tillstånd.;analysis;;[]
R-B40-GN170-01:consequence:01;R-B40-GN170-01;B40-GN170;B40;B40 – Vattenverksamhet;Försiktighetsmått blir i praktiken en ny villkorsprövning;konsekvens;1;Ett sådant beslut kan reglera exempelvis arbetstid, metod eller övervakning och kan överklagas enligt tillämpliga regler.;source;FVV;"[""FVV""]"
R-B40-GN170-01:consequence:02;R-B40-GN170-01;B40-GN170;B40;B40 – Vattenverksamhet;Försiktighetsmått blir i praktiken en ny villkorsprövning;konsekvens;2;Den aktuella vattenrisken kan leda till fördyrat eller försenat genomförande.;analysis;;[]
R-B40-GN170-01:consequence:03;R-B40-GN170-01;B40-GN170;B40;B40 – Vattenverksamhet;Försiktighetsmått blir i praktiken en ny villkorsprövning;konsekvens;3;Projektet kan behöva överklaga försiktighetsmåtten, vilket kan förlänga handläggningen.;analysis;;[]
R-B40-GN170-01:consequence:04;R-B40-GN170-01;B40-GN170;B40;B40 – Vattenverksamhet;Försiktighetsmått blir i praktiken en ny villkorsprövning;konsekvens;4;Nya försiktighetsmått kan kräva att entreprenadens metod eller ordningsföljd ändras.;analysis;;[]
R-B40-GN170-02:trigger:01;R-B40-GN170-02;B40-GN170;B40;B40 – Vattenverksamhet;Underrättelse om 'ingen åtgärd' ger falsk trygghet;utlösande faktor;1;Anmälningsinstitutet enligt FVV och 11 kap. 9 b § MB är inte ett tillstånd med motsvarande rättskraft.;source;FVV | MB;"[""FVV"",""MB""]"
R-B40-GN170-02:trigger:02;R-B40-GN170-02;B40-GN170;B40;B40 – Vattenverksamhet;Underrättelse om 'ingen åtgärd' ger falsk trygghet;utlösande faktor;2;Projektet bygger vidare på en underrättelse om att myndigheten inte avser vidta åtgärd, utan att beakta att underrättelsen inte är en tillståndsgaranti.;analysis;;[]
R-B40-GN170-02:trigger:03;R-B40-GN170-02;B40-GN170;B40;B40 – Vattenverksamhet;Underrättelse om 'ingen åtgärd' ger falsk trygghet;utlösande faktor;3;Tillsynsmyndigheten identifierar kvarstående osäkerheter om arbetsmetod, kontroll eller miljöpåverkan.;analysis;;[]
R-B40-GN170-02:trigger:04;R-B40-GN170-02;B40-GN170;B40;B40 – Vattenverksamhet;Underrättelse om 'ingen åtgärd' ger falsk trygghet;utlösande faktor;4;Den utförda metoden eller omfattningen avviker efter underrättelsen från den åtgärd som anmäldes.;analysis;;[]
R-B40-GN170-02:consequence:01;R-B40-GN170-02;B40-GN170;B40;B40 – Vattenverksamhet;Underrättelse om 'ingen åtgärd' ger falsk trygghet;konsekvens;1;Om utförandet avviker från det anmälda kan tillsynsmyndigheten ingripa enligt sina tillsynsbefogenheter.;source;FVV;"[""FVV""]"
R-B40-GN170-02:consequence:02;R-B40-GN170-02;B40-GN170;B40;B40 – Vattenverksamhet;Underrättelse om 'ingen åtgärd' ger falsk trygghet;konsekvens;2;Tillsynsmyndigheten kan ingripa med föreläggande eller förbud under pågående arbete.;analysis;;[]
R-B40-GN170-02:consequence:03;R-B40-GN170-02;B40-GN170;B40;B40 – Vattenverksamhet;Underrättelse om 'ingen åtgärd' ger falsk trygghet;konsekvens;3;Tillsynsmyndigheten kan kräva att den otillåtna påverkan återställs i ärendet vid processteget ”Ställningstagande”.;analysis;;[]
R-B40-GN170-02:consequence:04;R-B40-GN170-02;B40-GN170;B40;B40 – Vattenverksamhet;Underrättelse om 'ingen åtgärd' ger falsk trygghet;konsekvens;4;Den aktuella vattenrisken kan leda till förlorat förtroende för anmälan som dokumentation.;analysis;;[]
R-B40-M120-01:trigger:01;R-B40-M120-01;B40-M120;B40;B40 – Vattenverksamhet;Dispens beviljas inte eftersom 'särskilda skäl' är en restriktiv prövning;utlösande faktor;1;Dispens från markavvattningsförbudet kräver särskilda skäl enligt 11 kap. 14 § miljöbalken.;source;MB;"[""MB""]"
R-B40-M120-01:trigger:02;R-B40-M120-01;B40-M120;B40;B40 – Vattenverksamhet;Dispens beviljas inte eftersom 'särskilda skäl' är en restriktiv prövning;utlösande faktor;2;Länsstyrelsen finner att området har naturvårdsvärden eller att skälen inte är tillräckligt starka, och avslår dispensansökan.;analysis;;[]
R-B40-M120-01:trigger:03;R-B40-M120-01;B40-M120;B40;B40 – Vattenverksamhet;Dispens beviljas inte eftersom 'särskilda skäl' är en restriktiv prövning;utlösande faktor;3;Dispensansökan visar inte att det finns särskilda skäl som väger mot markavvattningsförbudets skyddsintresse.;analysis;;[]
R-B40-M120-01:trigger:04;R-B40-M120-01;B40-M120;B40;B40 – Vattenverksamhet;Dispens beviljas inte eftersom 'särskilda skäl' är en restriktiv prövning;utlösande faktor;4;Projektet blandar ihop dispens från förbudet med den separata tillståndsprövningen av markavvattningen.;analysis;;[]
R-B40-M120-01:consequence:01;R-B40-M120-01;B40-M120;B40;B40 – Vattenverksamhet;Dispens beviljas inte eftersom 'särskilda skäl' är en restriktiv prövning;konsekvens;1;Naturvårdsverkets vägledning anger att förbudets syfte att kraftigt begränsa eller stoppa utarmningen av våtmarker är centralt i bedömningen och att låga naturvärden i sig inte är ett särskilt skäl.;source;EXT: Naturvårdsverket – Markavvattning https://www.naturvardsverket.se/vagledning-och-stod/branscher-och-verksamheter/markavvattning/;"[""EXT: Naturvårdsverket – Markavvattning https://www.naturvardsverket.se/vagledning-och-stod/branscher-och-verksamheter/markavvattning/""]"
R-B40-M120-01:consequence:02;R-B40-M120-01;B40-M120;B40;B40 – Vattenverksamhet;Dispens beviljas inte eftersom 'särskilda skäl' är en restriktiv prövning;konsekvens;2;Den aktuella vattenrisken kan leda till projektstopp för avvattningsåtgärden.;analysis;;[]
R-B40-M120-01:consequence:03;R-B40-M120-01;B40-M120;B40;B40 – Vattenverksamhet;Dispens beviljas inte eftersom 'särskilda skäl' är en restriktiv prövning;konsekvens;3;Projektet kan få behov av omprojektering till lösning utan dikning.;analysis;;[]
R-B40-M120-01:consequence:04;R-B40-M120-01;B40-M120;B40;B40 – Vattenverksamhet;Dispens beviljas inte eftersom 'särskilda skäl' är en restriktiv prövning;konsekvens;4;Den aktuella vattenrisken kan leda till förlorade utredningskostnader.;analysis;;[]
R-B40-M120-02:trigger:01;R-B40-M120-02;B40-M120;B40;B40 – Vattenverksamhet;Dispensbeslutet misstas vara ett tillstånd;utlösande faktor;1;Naturvårdsverkets vägledning anger att en dispens från markavvattningsförbudet inte ersätter kravet på tillstånd.;source;EXT: Naturvårdsverket – Markavvattning https://www.naturvardsverket.se/vagledning-och-stod/branscher-och-verksamheter/markavvattning/;"[""EXT: Naturvårdsverket – Markavvattning https://www.naturvardsverket.se/vagledning-och-stod/branscher-och-verksamheter/markavvattning/""]"
R-B40-M120-02:trigger:02;R-B40-M120-02;B40-M120;B40;B40 – Vattenverksamhet;Dispensbeslutet misstas vara ett tillstånd;utlösande faktor;2;Projektet påbörjar avvattningen efter beviljad dispens utan att ha sökt och fått markavvattningstillstånd.;analysis;;[]
R-B40-M120-02:trigger:03;R-B40-M120-02;B40-M120;B40;B40 – Vattenverksamhet;Dispensbeslutet misstas vara ett tillstånd;utlösande faktor;3;Dispensansökan visar inte att det finns särskilda skäl som väger mot markavvattningsförbudets skyddsintresse.;analysis;;[]
R-B40-M120-02:trigger:04;R-B40-M120-02;B40-M120;B40;B40 – Vattenverksamhet;Dispensbeslutet misstas vara ett tillstånd;utlösande faktor;4;Projektet blandar ihop dispens från förbudet med den separata tillståndsprövningen av markavvattningen.;analysis;;[]
R-B40-M120-02:consequence:01;R-B40-M120-02;B40-M120;B40;B40 – Vattenverksamhet;Dispensbeslutet misstas vara ett tillstånd;konsekvens;1;Även efter beviljad dispens måste verksamhetsutövaren därför söka tillstånd till markavvattningen.;source;MB;"[""MB""]"
R-B40-M120-02:consequence:02;R-B40-M120-02;B40-M120;B40;B40 – Vattenverksamhet;Dispensbeslutet misstas vara ett tillstånd;konsekvens;2;Den aktuella vattenrisken kan leda till förbud mot pågående arbete.;analysis;;[]
R-B40-M120-02:consequence:03;R-B40-M120-02;B40-M120;B40;B40 – Vattenverksamhet;Dispensbeslutet misstas vara ett tillstånd;konsekvens;3;Tillsynsmyndigheten kan kräva att den otillåtna påverkan återställs i ärendet vid processteget ”Sök dispens från markavvattningsförbud”.;analysis;;[]
R-B40-M120-02:consequence:04;R-B40-M120-02;B40-M120;B40;B40 – Vattenverksamhet;Dispensbeslutet misstas vara ett tillstånd;konsekvens;4;Avvattningslösningen kan behöva ersättas med en utformning som bevarar våtmarkens hydrologi.;analysis;;[]
R-B40-M130-01:trigger:01;R-B40-M130-01;B40-M130;B40;B40 – Vattenverksamhet;Handläggningstiden för markavvattning är osäker;utlösande faktor;1;Naturvårdsverkets statistik redovisar variationer i handläggningstider för miljötillståndsprövning.;source;EXT: Naturvårdsverket – Handläggningstid för miljötillståndsprövning https://www.naturvardsverket.se/vagledning-och-stod/miljobalken/handlaggningstid-for-miljotillstandsprovning/;"[""EXT: Naturvårdsverket – Handläggningstid för miljötillståndsprövning https://www.naturvardsverket.se/vagledning-och-stod/miljobalken/handlaggningstid-for-miljotillstandsprovning/""]"
R-B40-M130-01:trigger:02;R-B40-M130-01;B40-M130;B40;B40 – Vattenverksamhet;Handläggningstiden för markavvattning är osäker;utlösande faktor;2;Markavvattningsärendet behöver samordnas med andra uppgifter hos länsstyrelsen och handläggningstiden avviker från projektets prognos.;analysis;;[]
R-B40-M130-01:trigger:03;R-B40-M130-01;B40-M130;B40;B40 – Vattenverksamhet;Handläggningstiden för markavvattning är osäker;utlösande faktor;3;Länsstyrelsen saknar tillgänglig specialistkapacitet för vattenrätt, hydrologi eller våtmarksekologi.;analysis;;[]
R-B40-M130-01:trigger:04;R-B40-M130-01;B40-M130;B40;B40 – Vattenverksamhet;Handläggningstiden för markavvattning är osäker;utlösande faktor;4;Ärendet behöver samordnas mellan flera enheter eller myndigheter innan beslut kan fattas.;analysis;;[]
R-B40-M130-01:consequence:01;R-B40-M130-01;B40-M130;B40;B40 – Vattenverksamhet;Handläggningstiden för markavvattning är osäker;konsekvens;1;Den officiella handläggningsstatistiken ger inte en bindande tidsprognos för det enskilda markavvattningsärendet.;source;EXT: Naturvårdsverket – Handläggningstid för miljötillståndsprövning https://www.naturvardsverket.se/vagledning-och-stod/miljobalken/handlaggningstid-for-miljotillstandsprovning/;"[""EXT: Naturvårdsverket – Handläggningstid för miljötillståndsprövning https://www.naturvardsverket.se/vagledning-och-stod/miljobalken/handlaggningstid-for-miljotillstandsprovning/""]"
R-B40-M130-01:consequence:02;R-B40-M130-01;B40-M130;B40;B40 – Vattenverksamhet;Handläggningstiden för markavvattning är osäker;konsekvens;2;Den aktuella vattenrisken kan leda till osäker handläggningstid.;analysis;;[]
R-B40-M130-01:consequence:03;R-B40-M130-01;B40-M130;B40;B40 – Vattenverksamhet;Handläggningstiden för markavvattning är osäker;konsekvens;3;De planerade arbetsfönstren kan behöva flyttas.;analysis;;[]
R-B40-M130-01:consequence:04;R-B40-M130-01;B40-M130;B40;B40 – Vattenverksamhet;Handläggningstiden för markavvattning är osäker;konsekvens;4;Kompletterande miljöutredningar kan flytta både beslut och planerade markarbeten.;analysis;;[]
R-B40-M130-02:trigger:01;R-B40-M130-02;B40-M130;B40;B40 – Vattenverksamhet;Miljöbedömningen i markavvattningsansökan möter strängare krav på våtmarks- och klimatanalys;utlösande faktor;1;SOU 2026:18 (Odlingstorv och klimatet) och Naturvårdsverkets omprövningsvägledning för markavvattning visar att klimat- och våtmarksfrågorna nu är centrala i prövningen.;source;EXT: SOU 2026:18 Odlingstorv och klimatet https://www.riksdagen.se/sv/dokument-och-lagar/dokument/statens-offentliga-utredningar/odlingstorv-och-klimatet_heb318/html/ | EXT: Naturvårdsverket – Omprövning och återkallelse av tillstånd till markavvattning https://www.naturvardsverket.se/vagledning-och-stod/miljobalken/omprovning-och-aterkallelse-av-tillstand-till-markavvattning/;"[""EXT: SOU 2026:18 Odlingstorv och klimatet https://www.riksdagen.se/sv/dokument-och-lagar/dokument/statens-offentliga-utredningar/odlingstorv-och-klimatet_heb318/html/"",""EXT: Naturvårdsverket – Omprövning och återkallelse av tillstånd till markavvattning https://www.naturvardsverket.se/vagledning-och-stod/miljobalken/omprovning-och-aterkallelse-av-tillstand-till-markavvattning/""]"
R-B40-M130-02:trigger:02;R-B40-M130-02;B40-M130;B40;B40 – Vattenverksamhet;Miljöbedömningen i markavvattningsansökan möter strängare krav på våtmarks- och klimatanalys;utlösande faktor;2;Ansökans miljöbedömning saknar analys av våtmarkens naturvärden, klimatpåverkan från dränerad torvmark och effekter på vattenkvalitet nedströms.;analysis;;[]
R-B40-M130-02:trigger:03;R-B40-M130-02;B40-M130;B40;B40 – Vattenverksamhet;Miljöbedömningen i markavvattningsansökan möter strängare krav på våtmarks- och klimatanalys;utlösande faktor;3;Nedströms vatteneffekter och torvmarkens klimatpåverkan redovisas i separata bilagor utan ett gemensamt avvattningsscenario.;analysis;;[]
R-B40-M130-02:trigger:04;R-B40-M130-02;B40-M130;B40;B40 – Vattenverksamhet;Miljöbedömningen i markavvattningsansökan möter strängare krav på våtmarks- och klimatanalys;utlösande faktor;4;Ett äldre miljöunderlag återanvänds trots att avvattningsområdet eller kunskapsläget har förändrats.;analysis;;[]
R-B40-M130-02:consequence:01;R-B40-M130-02;B40-M130;B40;B40 – Vattenverksamhet;Miljöbedömningen i markavvattningsansökan möter strängare krav på våtmarks- och klimatanalys;konsekvens;1;Prövningsunderlaget måste göra det möjligt att bedöma markavvattningens relevanta miljöeffekter.;source;MB;"[""MB""]"
R-B40-M130-02:consequence:02;R-B40-M130-02;B40-M130;B40;B40 – Vattenverksamhet;Miljöbedömningen i markavvattningsansökan möter strängare krav på våtmarks- och klimatanalys;konsekvens;2;Ansökan eller anmälan kan behöva kompletteras innan prövningen kan fortsätta i ärendet vid processteget ”Ge in markavvattningsansökan”.;analysis;;[]
R-B40-M130-02:consequence:03;R-B40-M130-02;B40-M130;B40;B40 – Vattenverksamhet;Miljöbedömningen i markavvattningsansökan möter strängare krav på våtmarks- och klimatanalys;konsekvens;3;Markavvattningsärendets fortsatta handläggning och genomförande kan fördröjas.;analysis;;[]
R-B40-M130-02:consequence:04;R-B40-M130-02;B40-M130;B40;B40 – Vattenverksamhet;Miljöbedömningen i markavvattningsansökan möter strängare krav på våtmarks- och klimatanalys;konsekvens;4;Kompletterande miljöutredningar kan flytta både beslut och planerade markarbeten.;analysis;;[]
R-B40-M150-01:trigger:01;R-B40-M150-01;B40-M150;B40;B40 – Vattenverksamhet;Beslutet överklagas av sakägare eller miljöorganisationer;utlösande faktor;1;Vem som får överklaga ett markavvattningsbeslut och till vilken instans avgörs av beslutstypen och bestämmelserna i miljöbalken, förordningen om vattenverksamheter och lagen med särskilda bestämmelser om vattenverksamhet.;source;FVV | LVV;"[""FVV"",""LVV""]"
R-B40-M150-01:trigger:02;R-B40-M150-01;B40-M150;B40;B40 – Vattenverksamhet;Beslutet överklagas av sakägare eller miljöorganisationer;utlösande faktor;2;Berörda fastighetsägare, väghållare eller naturvårdsorganisationer överklagar länsstyrelsens markavvattningsbeslut till MMD.;analysis;;[]
R-B40-M150-01:trigger:03;R-B40-M150-01;B40-M150;B40;B40 – Vattenverksamhet;Beslutet överklagas av sakägare eller miljöorganisationer;utlösande faktor;3;Berörda fastighetsägare eller organisationer gör en annan bedömning av avvattningens nytta, skada eller naturpåverkan.;analysis;;[]
R-B40-M150-01:trigger:04;R-B40-M150-01;B40-M150;B40;B40 – Vattenverksamhet;Beslutet överklagas av sakägare eller miljöorganisationer;utlösande faktor;4;Nya sakuppgifter under handläggningen ger en behörig klagande ytterligare invändningar mot beslutet.;analysis;;[]
R-B40-M150-01:consequence:01;R-B40-M150-01;B40-M150;B40;B40 – Vattenverksamhet;Beslutet överklagas av sakägare eller miljöorganisationer;konsekvens;1;En behörig klagande kan angripa beslutet inom den överklagandeordning som gäller i det enskilda fallet.;source;MB;"[""MB""]"
R-B40-M150-01:consequence:02;R-B40-M150-01;B40-M150;B40;B40 – Vattenverksamhet;Beslutet överklagas av sakägare eller miljöorganisationer;konsekvens;2;Beslutet kan vinna laga kraft senare än projektets genomförandeplan förutsätter.;analysis;;[]
R-B40-M150-01:consequence:03;R-B40-M150-01;B40-M150;B40;B40 – Vattenverksamhet;Beslutet överklagas av sakägare eller miljöorganisationer;konsekvens;3;Den aktuella vattenrisken kan leda till osäkerhet om starttidpunkten.;analysis;;[]
R-B40-M150-01:consequence:04;R-B40-M150-01;B40-M150;B40;B40 – Vattenverksamhet;Beslutet överklagas av sakägare eller miljöorganisationer;konsekvens;4;Beslutet eller dess villkor kan ändras i överinstansen.;analysis;;[]
R-B40-M150-02:trigger:01;R-B40-M150-02;B40-M150;B40;B40 – Vattenverksamhet;Villkoren för avvattningen blir tekniskt ogenomförbara eller kostsamma;utlösande faktor;1;Villkor enligt miljöbalkens vattenregler är ett verktyg för att hantera motstående intressen.;source;MB;"[""MB""]"
R-B40-M150-02:trigger:02;R-B40-M150-02;B40-M150;B40;B40 – Vattenverksamhet;Villkoren för avvattningen blir tekniskt ogenomförbara eller kostsamma;utlösande faktor;2;Länsstyrelsen förenar tillståndet med villkor om flödesbegränsning, återvätning, skyddszoner eller övervakning som projektet inte räknat med.;analysis;;[]
R-B40-M150-02:trigger:03;R-B40-M150-02;B40-M150;B40;B40 – Vattenverksamhet;Villkoren för avvattningen blir tekniskt ogenomförbara eller kostsamma;utlösande faktor;3;Osäkerheter i underlaget leder till villkor som begränsar flöde, metod, arbetstid eller uppföljning.;analysis;;[]
R-B40-M150-02:trigger:04;R-B40-M150-02;B40-M150;B40;B40 – Vattenverksamhet;Villkoren för avvattningen blir tekniskt ogenomförbara eller kostsamma;utlösande faktor;4;Ansökan redovisar inte ett tekniskt genomförbart alternativ för de skyddskrav som prövningen aktualiserar.;analysis;;[]
R-B40-M150-02:consequence:01;R-B40-M150-02;B40-M150;B40;B40 – Vattenverksamhet;Villkoren för avvattningen blir tekniskt ogenomförbara eller kostsamma;konsekvens;1;Villkor om exempelvis minsta vattenföring kan vara avgörande för projektets praktiska genomförbarhet.;source;MB;"[""MB""]"
R-B40-M150-02:consequence:02;R-B40-M150-02;B40-M150;B40;B40 – Vattenverksamhet;Villkoren för avvattningen blir tekniskt ogenomförbara eller kostsamma;konsekvens;2;Den aktuella vattenrisken kan leda till fördyrat eller tekniskt förändrat genomförande.;analysis;;[]
R-B40-M150-02:consequence:03;R-B40-M150-02;B40-M150;B40;B40 – Vattenverksamhet;Villkoren för avvattningen blir tekniskt ogenomförbara eller kostsamma;konsekvens;3;Ett överklagande av villkoren tillför handläggningstid och skjuter upp beslutets finalitet.;analysis;;[]
R-B40-M150-02:consequence:04;R-B40-M150-02;B40-M150;B40;B40 – Vattenverksamhet;Villkoren för avvattningen blir tekniskt ogenomförbara eller kostsamma;konsekvens;4;Beslutets innehåll kan ändras i överinstans innan det får stabil rättsverkan.;analysis;;[]
R-B40-M160-01:trigger:01;R-B40-M160-01;B40-M160;B40;B40 – Vattenverksamhet;Kostnadsfördelning och deltagandefrågor blåser upp processen;utlösande faktor;1;I mål M 4651-18 prövade Mark- och miljööverdomstolen frågor om deltagande och kostnadsfördelning i ett dikningsföretag, bland annat en väghållares ställning.;source;LVV | EXT: MÖD M 4651-18 https://www.domstol.se/globalassets/filer/domstol/markochmiljooverdomstolen/avgoranden/2019/m-4651-18.pdf;"[""LVV"",""EXT: MÖD M 4651-18 https://www.domstol.se/globalassets/filer/domstol/markochmiljooverdomstolen/avgoranden/2019/m-4651-18.pdf""]"
R-B40-M160-01:trigger:02;R-B40-M160-01;B40-M160;B40;B40 – Vattenverksamhet;Kostnadsfördelning och deltagandefrågor blåser upp processen;utlösande faktor;2;Fastighetsägare som ska delta i avvattningen bestrider nyttan, kostnadsfördelningen eller själva deltagandet, och väghållare dras in som part.;analysis;;[]
R-B40-M160-01:trigger:03;R-B40-M160-01;B40-M160;B40;B40 – Vattenverksamhet;Kostnadsfördelning och deltagandefrågor blåser upp processen;utlösande faktor;3;Deltagarna värderar nyttan av avvattningen och kostnadsansvaret på oförenliga sätt.;analysis;;[]
R-B40-M160-01:trigger:04;R-B40-M160-01;B40-M160;B40;B40 – Vattenverksamhet;Kostnadsfördelning och deltagandefrågor blåser upp processen;utlösande faktor;4;Deltagarkretsen är ofullständig eller bygger på en inaktuell fastighets- och väghållarbild.;analysis;;[]
R-B40-M160-01:consequence:01;R-B40-M160-01;B40-M160;B40;B40 – Vattenverksamhet;Kostnadsfördelning och deltagandefrågor blåser upp processen;konsekvens;1;M 4651-18 visar att deltagarkrets och kostnadsfördelning kan vara centrala frågor vid omprövning av en markavvattningssamfällighet.;source;LVV | EXT: MÖD M 4651-18 https://www.domstol.se/globalassets/filer/domstol/markochmiljooverdomstolen/avgoranden/2019/m-4651-18.pdf;"[""LVV"",""EXT: MÖD M 4651-18 https://www.domstol.se/globalassets/filer/domstol/markochmiljooverdomstolen/avgoranden/2019/m-4651-18.pdf""]"
R-B40-M160-01:consequence:02;R-B40-M160-01;B40-M160;B40;B40 – Vattenverksamhet;Kostnadsfördelning och deltagandefrågor blåser upp processen;konsekvens;2;Den aktuella vattenrisken kan leda till lång och dyr domstolsprocess.;analysis;;[]
R-B40-M160-01:consequence:03;R-B40-M160-01;B40-M160;B40;B40 – Vattenverksamhet;Kostnadsfördelning och deltagandefrågor blåser upp processen;konsekvens;3;Den aktuella vattenrisken kan leda till osäker kostnadsbild.;analysis;;[]
R-B40-M160-01:consequence:04;R-B40-M160-01;B40-M160;B40;B40 – Vattenverksamhet;Kostnadsfördelning och deltagandefrågor blåser upp processen;konsekvens;4;Projektet kan få svårt att styrka nyckelfastigheternas deltagande.;analysis;;[]
R-B40-M160-02:trigger:01;R-B40-M160-02;B40-M160;B40;B40 – Vattenverksamhet;Sent överlämnande till MMD förlänger den samlade prövningen;utlösande faktor;1;Ett överlämnat markavvattningsärende prövas av mark- och miljödomstolen enligt den ordning som följer av LVV.;source;LVV | COURT_WV;"[""LVV"",""COURT_WV""]"
R-B40-M160-02:trigger:02;R-B40-M160-02;B40-M160;B40;B40 – Vattenverksamhet;Sent överlämnande till MMD förlänger den samlade prövningen;utlösande faktor;2;Ärendet överlämnas först efter en längre länsstyrelsehandläggning, så domstolsfasen börjar senare än projektet planerat.;analysis;;[]
R-B40-M160-02:trigger:03;R-B40-M160-02;B40-M160;B40;B40 – Vattenverksamhet;Sent överlämnande till MMD förlänger den samlade prövningen;utlösande faktor;3;Domstolens tillgängliga vattenrättsliga resurser är bundna i andra omfattande mål.;analysis;;[]
R-B40-M160-02:trigger:04;R-B40-M160-02;B40-M160;B40;B40 – Vattenverksamhet;Sent överlämnande till MMD förlänger den samlade prövningen;utlösande faktor;4;Ärendet kräver en ny inläsning efter överlämnandet eftersom länsstyrelsens material inte motsvarar domstolens processupplägg.;analysis;;[]
R-B40-M160-02:consequence:01;R-B40-M160-02;B40-M160;B40;B40 – Vattenverksamhet;Sent överlämnande till MMD förlänger den samlade prövningen;konsekvens;1;När ärendet överlämnas blir ett avgörande i mark- och miljödomstolen nödvändigt innan projektet kan få det sökta tillståndet.;source;LVV | COURT_WV;"[""LVV"",""COURT_WV""]"
R-B40-M160-02:consequence:02;R-B40-M160-02;B40-M160;B40;B40 – Vattenverksamhet;Sent överlämnande till MMD förlänger den samlade prövningen;konsekvens;2;Markavvattningsärendets fortsatta handläggning och genomförande kan fördröjas.;analysis;;[]
R-B40-M160-02:consequence:03;R-B40-M160-02;B40-M160;B40;B40 – Vattenverksamhet;Sent överlämnande till MMD förlänger den samlade prövningen;konsekvens;3;Delutfall i rättighets- eller ersättningsfrågorna kan göra den tillåtna lösningen ekonomiskt svår att genomföra.;analysis;;[]
R-B40-M160-02:consequence:04;R-B40-M160-02;B40-M160;B40;B40 – Vattenverksamhet;Sent överlämnande till MMD förlänger den samlade prövningen;konsekvens;4;Projektets tidplan och resursbehov kan behöva omprövas i ärendet vid processteget ”MMD prövar överlämnat ärende”.;analysis;;[]
R-B40-M160-03:trigger:01;R-B40-M160-03;B40-M160;B40;B40 – Vattenverksamhet;Tvångsrätt, ersättning och inlösen prövas i samma mål och gör domen oförutsägbar;utlösande faktor;1;Enligt 7 kap. 19 § lagen med särskilda bestämmelser om vattenverksamhet ska länsstyrelsen överlämna ett markavvattningsärende till mark- och miljödomstolen när det framställs yrkande om någon annans deltagande, särskild tvångsrätt, ersättning eller inlösen.;source;LVV | MB;"[""LVV"",""MB""]"
R-B40-M160-03:trigger:02;R-B40-M160-03;B40-M160;B40;B40 – Vattenverksamhet;Tvångsrätt, ersättning och inlösen prövas i samma mål och gör domen oförutsägbar;utlösande faktor;2;Målet omfattar samtidigt tillstånd, deltagande, tvångsrätt, ersättning och inlösen med motstridiga yrkanden.;analysis;;[]
R-B40-M160-03:trigger:03;R-B40-M160-03;B40-M160;B40;B40 – Vattenverksamhet;Tvångsrätt, ersättning och inlösen prövas i samma mål och gör domen oförutsägbar;utlösande faktor;3;Parterna lägger fram oförenliga värderingar av intrång, nytta och kostnadsfördelning.;analysis;;[]
R-B40-M160-03:consequence:01;R-B40-M160-03;B40-M160;B40;B40 – Vattenverksamhet;Tvångsrätt, ersättning och inlösen prövas i samma mål och gör domen oförutsägbar;konsekvens;1;Kostnadsansvaret i ett överlämnat markavvattningsmål följer bland annat av 25 kap. 10 § miljöbalken.;source;MB | LVV;"[""MB"",""LVV""]"
R-B40-M160-03:consequence:02;R-B40-M160-03;B40-M160;B40;B40 – Vattenverksamhet;Tvångsrätt, ersättning och inlösen prövas i samma mål och gör domen oförutsägbar;konsekvens;2;Domens delutfall kan bli svåra att förutse och underminera projektets genomförbarhet.;analysis;;[]
R-B40-M160-03:consequence:03;R-B40-M160-03;B40-M160;B40;B40 – Vattenverksamhet;Tvångsrätt, ersättning och inlösen prövas i samma mål och gör domen oförutsägbar;konsekvens;3;Ett avslag kan medföra att sökanden får bära betydande delar av processkostnaderna.;analysis;;[]
R-B40-M160-03:consequence:04;R-B40-M160-03;B40-M160;B40;B40 – Vattenverksamhet;Tvångsrätt, ersättning och inlösen prövas i samma mål och gör domen oförutsägbar;konsekvens;4;Delutfall i rättighets- eller ersättningsfrågorna kan göra den tillåtna lösningen ekonomiskt svår att genomföra.;analysis;;[]
R-B40-N110-01:trigger:01;R-B40-N110-01;B40-N110;B40;B40 – Vattenverksamhet;Anmälningsunderlaget underdimensioneras i tron att 'det är bara en anmälan';utlösande faktor;1;Havs- och vattenmyndighetens vägledning och FVV anger vilka uppgifter som behövs för att bedöma den anmälda vattenverksamhetens art, omfattning och miljöpåverkan.;source;FVV | HAV_WV;"[""FVV"",""HAV_WV""]"
R-B40-N110-01:trigger:02;R-B40-N110-01;B40-N110;B40;B40 – Vattenverksamhet;Anmälningsunderlaget underdimensioneras i tron att 'det är bara en anmälan';utlösande faktor;2;Projektet satsar minimalt på kartor, ritningar och miljöeffektbeskrivning eftersom anmälan uppfattas som enklare än en ansökan.;analysis;;[]
R-B40-N110-01:trigger:03;R-B40-N110-01;B40-N110;B40;B40 – Vattenverksamhet;Anmälningsunderlaget underdimensioneras i tron att 'det är bara en anmälan';utlösande faktor;3;Anmälan tilldelas mindre utredningsresurser än vad åtgärdens faktiska miljöpåverkan kräver.;analysis;;[]
R-B40-N110-01:trigger:04;R-B40-N110-01;B40-N110;B40;B40 – Vattenverksamhet;Anmälningsunderlaget underdimensioneras i tron att 'det är bara en anmälan';utlösande faktor;4;Kartor, fastighetsuppgifter eller tekniska ritningar hinner bli inaktuella före myndighetens granskning.;analysis;;[]
R-B40-N110-01:consequence:01;R-B40-N110-01;B40-N110;B40;B40 – Vattenverksamhet;Anmälningsunderlaget underdimensioneras i tron att 'det är bara en anmälan';konsekvens;1;Om underlaget inte medger den bedömningen kan länsstyrelsen begära komplettering eller besluta enligt de alternativ som följer av förordningen om vattenverksamheter.;source;FVV;"[""FVV""]"
R-B40-N110-01:consequence:02;R-B40-N110-01;B40-N110;B40;B40 – Vattenverksamhet;Anmälningsunderlaget underdimensioneras i tron att 'det är bara en anmälan';konsekvens;2;Den aktuella vattenrisken kan leda till kompletteringsloopar som fördröjer start.;analysis;;[]
R-B40-N110-01:consequence:03;R-B40-N110-01;B40-N110;B40;B40 – Vattenverksamhet;Anmälningsunderlaget underdimensioneras i tron att 'det är bara en anmälan';konsekvens;3;Ett otillräckligt underlag kan leda till kompletteringskrav eller, om verksamheten bedöms kunna medföra betydande miljöpåverkan, föreläggande att ansöka om tillstånd.;source;FVV;"[""FVV""]"
R-B40-N110-01:consequence:04;R-B40-N110-01;B40-N110;B40;B40 – Vattenverksamhet;Anmälningsunderlaget underdimensioneras i tron att 'det är bara en anmälan';konsekvens;4;Myndigheten kan behöva begära nytt underlag innan den kan ta ställning till åtgärden.;analysis;;[]
R-B40-N110-02:trigger:01;R-B40-N110-02;B40-N110;B40;B40 – Vattenverksamhet;Sakägar- och fastighetsuppgifter i anmälan är inaktuella eller felaktiga;utlösande faktor;1;Reglerna om kungörelse, underrättelse och kommunicering ska ge särskilt berörda möjlighet att delta i prövningen.;source;FVV;"[""FVV""]"
R-B40-N110-02:trigger:02;R-B40-N110-02;B40-N110;B40;B40 – Vattenverksamhet;Sakägar- och fastighetsuppgifter i anmälan är inaktuella eller felaktiga;utlösande faktor;2;Fastighetsförteckningen bygger på äldre registerutdrag och ägarbyten eller nya avstyckningar har hunnit ske.;analysis;;[]
R-B40-N110-02:trigger:03;R-B40-N110-02;B40-N110;B40;B40 – Vattenverksamhet;Sakägar- och fastighetsuppgifter i anmälan är inaktuella eller felaktiga;utlösande faktor;3;Anmälan tilldelas mindre utredningsresurser än vad åtgärdens faktiska miljöpåverkan kräver.;analysis;;[]
R-B40-N110-02:trigger:04;R-B40-N110-02;B40-N110;B40;B40 – Vattenverksamhet;Sakägar- och fastighetsuppgifter i anmälan är inaktuella eller felaktiga;utlösande faktor;4;Kartor, fastighetsuppgifter eller tekniska ritningar hinner bli inaktuella före myndighetens granskning.;analysis;;[]
R-B40-N110-02:consequence:01;R-B40-N110-02;B40-N110;B40;B40 – Vattenverksamhet;Sakägar- och fastighetsuppgifter i anmälan är inaktuella eller felaktiga;konsekvens;1;Ett väsentligt fel kan kräva att handläggningen görs om eller att ett avgörande undanröjs.;source;FVV;"[""FVV""]"
R-B40-N110-02:consequence:02;R-B40-N110-02;B40-N110;B40;B40 – Vattenverksamhet;Sakägar- och fastighetsuppgifter i anmälan är inaktuella eller felaktiga;konsekvens;2;Den aktuella vattenrisken kan leda till återförvisning eller upphävt ställningstagande.;analysis;;[]
R-B40-N110-02:consequence:03;R-B40-N110-02;B40-N110;B40;B40 – Vattenverksamhet;Sakägar- och fastighetsuppgifter i anmälan är inaktuella eller felaktiga;konsekvens;3;Anmälningsärendets fortsatta handläggning och projektets planerade start kan fördröjas i ärendet vid processteget ”Upprätta anmälan”.;analysis;;[]
R-B40-N110-02:consequence:04;R-B40-N110-02;B40-N110;B40;B40 – Vattenverksamhet;Sakägar- och fastighetsuppgifter i anmälan är inaktuella eller felaktiga;konsekvens;4;Den aktuella vattenrisken kan leda till skärpt lokal opinion.;analysis;;[]
R-B40-N120-01:trigger:01;R-B40-N120-01;B40-N120;B40;B40 – Vattenverksamhet;Anmälan lämnas till fel tillsynsmyndighet;utlösande faktor;1;11 kap. 9 b § miljöbalken, FVV:s behörighetsregler och förordningen (2024:1212) skapar olika anmälnings- och beslutsvägar beroende på verksamhetstyp.;source;MB | FVV | EXT: Förordning (2024:1212) om anmälan av vissa försvarsverksamheter https://www.riksdagen.se/sv/dokument-och-lagar/dokument/svensk-forfattningssamling/forordning-20241212-med-sarskilda-bestammelser_sfs-2024-1212/;"[""MB"",""FVV"",""EXT: Förordning (2024:1212) om anmälan av vissa försvarsverksamheter https://www.riksdagen.se/sv/dokument-och-lagar/dokument/svensk-forfattningssamling/forordning-20241212-med-sarskilda-bestammelser_sfs-2024-1212/""]"
R-B40-N120-01:trigger:02;R-B40-N120-01;B40-N120;B40;B40 – Vattenverksamhet;Anmälan lämnas till fel tillsynsmyndighet;utlösande faktor;2;Behörighetsfördelningen mellan länsstyrelse, kommunal nämnd och Försvarsinspektören för hälsa och miljö feltolkas för åtgärdens plats eller karaktär.;analysis;;[]
R-B40-N120-01:trigger:03;R-B40-N120-01;B40-N120;B40;B40 – Vattenverksamhet;Anmälan lämnas till fel tillsynsmyndighet;utlösande faktor;3;Projektet utgår från en generell instansordning utan att kontrollera verksamhetstyp, plats och eventuell försvarsanknytning.;analysis;;[]
R-B40-N120-01:trigger:04;R-B40-N120-01;B40-N120;B40;B40 – Vattenverksamhet;Anmälan lämnas till fel tillsynsmyndighet;utlösande faktor;4;Ett delegerat kommunalt tillsynsansvar eller en särskild försvarsregel identifieras inte före inlämningen.;analysis;;[]
R-B40-N120-01:consequence:01;R-B40-N120-01;B40-N120;B40;B40 – Vattenverksamhet;Anmälan lämnas till fel tillsynsmyndighet;konsekvens;1;Den behöriga tillsynsmyndigheten måste handlägga anmälan innan startreglerna för anmäld vattenverksamhet kan tillämpas.;source;MB | FVV;"[""MB"",""FVV""]"
R-B40-N120-01:consequence:02;R-B40-N120-01;B40-N120;B40;B40 – Vattenverksamhet;Anmälan lämnas till fel tillsynsmyndighet;konsekvens;2;Projektet kan fördröjas och sakna klarhet om när åtgärden får påbörjas.;analysis;;[]
R-B40-N120-01:consequence:03;R-B40-N120-01;B40-N120;B40;B40 – Vattenverksamhet;Anmälan lämnas till fel tillsynsmyndighet;konsekvens;3;Arbetet kan i värsta fall påbörjas utan att de rättsliga startvillkoren är uppfyllda.;analysis;;[]
R-B40-N120-01:consequence:04;R-B40-N120-01;B40-N120;B40;B40 – Vattenverksamhet;Anmälan lämnas till fel tillsynsmyndighet;konsekvens;4;Osäkerheten om behörig myndighet kan skjuta fram den dag då arbetet får påbörjas.;analysis;;[]
R-B40-N120-02:trigger:01;R-B40-N120-02;B40-N120;B40;B40 – Vattenverksamhet;Fördröjd initial handläggning äter upp åttaveckorsfristen;utlösande faktor;1;Tidsregeln finns i 22 c § FVV.;source;FVV;"[""FVV""]"
R-B40-N120-02:trigger:02;R-B40-N120-02;B40-N120;B40;B40 – Vattenverksamhet;Fördröjd initial handläggning äter upp åttaveckorsfristen;utlösande faktor;2;Länsstyrelsen eller kommunen har handläggarkö och prioriterar tillståndsärenden och tillsyn före anmälningar.;analysis;;[]
R-B40-N120-02:trigger:03;R-B40-N120-02;B40-N120;B40;B40 – Vattenverksamhet;Fördröjd initial handläggning äter upp åttaveckorsfristen;utlösande faktor;3;Den mottagande myndighetens kö fördröjer fördelningen till handläggare och den första sakgranskningen.;analysis;;[]
R-B40-N120-02:trigger:04;R-B40-N120-02;B40-N120;B40;B40 – Vattenverksamhet;Fördröjd initial handläggning äter upp åttaveckorsfristen;utlösande faktor;4;Brister i anmälans grunduppgifter hindrar myndigheten från att snabbt påbörja den materiella handläggningen.;analysis;;[]
R-B40-N120-02:consequence:01;R-B40-N120-02;B40-N120;B40;B40 – Vattenverksamhet;Fördröjd initial handläggning äter upp åttaveckorsfristen;konsekvens;1;Beslutet om betydande miljöpåverkan ska fattas inom den frist som följer av 22 c § FVV.;source;FVV;"[""FVV""]"
R-B40-N120-02:consequence:02;R-B40-N120-02;B40-N120;B40;B40 – Vattenverksamhet;Fördröjd initial handläggning äter upp åttaveckorsfristen;konsekvens;2;Den aktuella vattenrisken kan leda till förskjuten byggstart.;analysis;;[]
R-B40-N120-02:consequence:03;R-B40-N120-02;B40-N120;B40;B40 – Vattenverksamhet;Fördröjd initial handläggning äter upp åttaveckorsfristen;konsekvens;3;Projektet kan förlora det planerade arbetsfönstret för vattenarbetena.;analysis;;[]
R-B40-N120-02:consequence:04;R-B40-N120-02;B40-N120;B40;B40 – Vattenverksamhet;Fördröjd initial handläggning äter upp åttaveckorsfristen;konsekvens;4;Den aktuella vattenrisken kan leda till osäkerhet i entreprenadplaneringen.;analysis;;[]
R-B40-N140-01:trigger:01;R-B40-N140-01;B40-N140;B40;B40 – Vattenverksamhet;Fiske- och naturintressen mobiliserar motstånd vid remissen;utlösande faktor;1;Fiske, vandringshinder och minsta vattenföring kan vara materiella remissfrågor i vattenverksamheter som påverkar fisk eller ekologisk konnektivitet.;source;FVV;"[""FVV""]"
R-B40-N140-01:trigger:02;R-B40-N140-01;B40-N140;B40;B40 – Vattenverksamhet;Fiske- och naturintressen mobiliserar motstånd vid remissen;utlösande faktor;2;HaV, fiskevårdsorganisationer, Naturskyddsföreningen eller särskilt berörda lämnar negativa yttranden med krav på omprojektering eller tillståndsprövning.;analysis;;[]
R-B40-N140-01:trigger:03;R-B40-N140-01;B40-N140;B40;B40 – Vattenverksamhet;Fiske- och naturintressen mobiliserar motstånd vid remissen;utlösande faktor;3;Anmälan underskattar påverkan på fiskvandring, lekbottnar eller ekologisk konnektivitet.;analysis;;[]
R-B40-N140-01:trigger:04;R-B40-N140-01;B40-N140;B40;B40 – Vattenverksamhet;Fiske- och naturintressen mobiliserar motstånd vid remissen;utlösande faktor;4;Remissinstanserna använder nyare eller mer detaljerade naturdata än projektets underlag.;analysis;;[]
R-B40-N140-01:consequence:01;R-B40-N140-01;B40-N140;B40;B40 – Vattenverksamhet;Fiske- och naturintressen mobiliserar motstånd vid remissen;konsekvens;1;Tillsynsmyndigheten får besluta om de förbud eller försiktighetsmått som behövs enligt FVV 23 §.;source;FVV;"[""FVV""]"
R-B40-N140-01:consequence:02;R-B40-N140-01;B40-N140;B40;B40 – Vattenverksamhet;Fiske- och naturintressen mobiliserar motstånd vid remissen;konsekvens;2;Myndigheten kan besluta om mer ingripande villkor än projektet har planerat för.;analysis;;[]
R-B40-N140-01:consequence:03;R-B40-N140-01;B40-N140;B40;B40 – Vattenverksamhet;Fiske- och naturintressen mobiliserar motstånd vid remissen;konsekvens;3;Den aktuella vattenrisken kan leda till omarbetad åtgärdsutformning eller tvingad övergång till tillståndsspår.;analysis;;[]
R-B40-N140-01:consequence:04;R-B40-N140-01;B40-N140;B40;B40 – Vattenverksamhet;Fiske- och naturintressen mobiliserar motstånd vid remissen;konsekvens;4;Anmälningsärendets fortsatta handläggning och projektets planerade start kan fördröjas i ärendet vid processteget ”Remittera och inhämta yttranden”.;analysis;;[]
R-B40-N140-02:trigger:01;R-B40-N140-02;B40-N140;B40;B40 – Vattenverksamhet;Remissinstanser svarar sent eller inte alls;utlösande faktor;1;Den tidsfrist som anges för länsstyrelsens beslut om betydande miljöpåverkan följer av 22 c § förordningen (1998:1388) om vattenverksamheter m.m. Tidplanen ska räknas från den utlösande tidpunkt som paragrafen anger i det konkreta ärendet.;source;FVV;"[""FVV""]"
R-B40-N140-02:trigger:02;R-B40-N140-02;B40-N140;B40;B40 – Vattenverksamhet;Remissinstanser svarar sent eller inte alls;utlösande faktor;2;Kommunal nämnd, HaV eller berörda myndigheter saknar kapacitet att yttra sig inom utsatt tid, och tillsynsmyndigheten förlänger eller inväntar svar.;analysis;;[]
R-B40-N140-02:trigger:03;R-B40-N140-02;B40-N140;B40;B40 – Vattenverksamhet;Remissinstanser svarar sent eller inte alls;utlösande faktor;3;Remissbegäran är otydlig eller saknar det underlag som mottagaren behöver för sitt yttrande.;analysis;;[]
R-B40-N140-02:trigger:04;R-B40-N140-02;B40-N140;B40;B40 – Vattenverksamhet;Remissinstanser svarar sent eller inte alls;utlösande faktor;4;Remissinstansen saknar tillgänglig specialistkapacitet inom den svarstid som myndigheten har angett.;analysis;;[]
R-B40-N140-02:consequence:01;R-B40-N140-02;B40-N140;B40;B40 – Vattenverksamhet;Remissinstanser svarar sent eller inte alls;konsekvens;1;Tillsynsmyndighetens beslut om betydande miljöpåverkan omfattas av tidsregeln i FVV 22 c §.;source;FVV;"[""FVV""]"
R-B40-N140-02:consequence:02;R-B40-N140-02;B40-N140;B40;B40 – Vattenverksamhet;Remissinstanser svarar sent eller inte alls;konsekvens;2;Den aktuella vattenrisken kan leda till fördröjt beslut.;analysis;;[]
R-B40-N140-02:consequence:03;R-B40-N140-02;B40-N140;B40;B40 – Vattenverksamhet;Remissinstanser svarar sent eller inte alls;konsekvens;3;Projektet kan förlora det planerade arbetsfönstret för vattenarbetena.;analysis;;[]
R-B40-N140-02:consequence:04;R-B40-N140-02;B40-N140;B40;B40 – Vattenverksamhet;Remissinstanser svarar sent eller inte alls;konsekvens;4;Den aktuella vattenrisken kan leda till osäker tidplan för byggstart.;analysis;;[]
R-B40-N180-01:trigger:01;R-B40-N180-01;B40-N180;B40;B40 – Vattenverksamhet;Överklagande eller inhibition av ett överklagbart beslut i anmälningsärendet förskjuter starten;utlösande faktor;1;FVV 22 e–f §§ reglerar startspärren för den anmälda vattenverksamheten.;source;FVV;"[""FVV""]"
R-B40-N180-01:trigger:02;R-B40-N180-01;B40-N180;B40;B40 – Vattenverksamhet;Överklagande eller inhibition av ett överklagbart beslut i anmälningsärendet förskjuter starten;utlösande faktor;2;En granne, fiskevårdsförening eller miljöorganisation överklagar ställningstagandet eller BMP-beslutet till mark- och miljödomstolen.;analysis;;[]
R-B40-N180-01:trigger:03;R-B40-N180-01;B40-N180;B40;B40 – Vattenverksamhet;Överklagande eller inhibition av ett överklagbart beslut i anmälningsärendet förskjuter starten;utlösande faktor;3;Projektet beställer entreprenad innan startspärrar, överklaganden och parallella beslut har kontrollerats samlat.;analysis;;[]
R-B40-N180-01:trigger:04;R-B40-N180-01;B40-N180;B40;B40 – Vattenverksamhet;Överklagande eller inhibition av ett överklagbart beslut i anmälningsärendet förskjuter starten;utlösande faktor;4;Den anmälda utformningen ändras efter myndighetens ställningstagande men före byggstart.;analysis;;[]
R-B40-N180-01:consequence:01;R-B40-N180-01;B40-N180;B40;B40 – Vattenverksamhet;Överklagande eller inhibition av ett överklagbart beslut i anmälningsärendet förskjuter starten;konsekvens;1;Överinstansen får besluta om inhibition enligt 48 § förvaltningslagen när ett överklagat beslut annars kan verkställas.;source;FL | COURT_APPEAL;"[""FL"",""COURT_APPEAL""]"
R-B40-N180-01:consequence:02;R-B40-N180-01;B40-N180;B40;B40 – Vattenverksamhet;Överklagande eller inhibition av ett överklagbart beslut i anmälningsärendet förskjuter starten;konsekvens;2;Den aktuella vattenrisken kan leda till kostnader för stillastående entreprenad.;analysis;;[]
R-B40-N180-01:consequence:03;R-B40-N180-01;B40-N180;B40;B40 – Vattenverksamhet;Överklagande eller inhibition av ett överklagbart beslut i anmälningsärendet förskjuter starten;konsekvens;3;Projektet kan förbli osäkert på om åtgärden överhuvudtaget får genomföras.;analysis;;[]
R-B40-N180-01:consequence:04;R-B40-N180-01;B40-N180;B40;B40 – Vattenverksamhet;Överklagande eller inhibition av ett överklagbart beslut i anmälningsärendet förskjuter starten;konsekvens;4;Påbörjade arbeten kan behöva stoppas medan beslutets verkställbarhet prövas.;analysis;;[]
R-B40-N180-02:trigger:01;R-B40-N180-02;B40-N180;B40;B40 – Vattenverksamhet;Start sker före negativt BMP-beslut eller särskilt startdatum;utlösande faktor;1;Startspärren för en anmäld vattenverksamhet följer av 22 e–f §§ förordningen om vattenverksamheter.;source;FVV;"[""FVV""]"
R-B40-N180-02:trigger:02;R-B40-N180-02;B40-N180;B40;B40 – Vattenverksamhet;Start sker före negativt BMP-beslut eller särskilt startdatum;utlösande faktor;2;Arbetet påbörjas innan den lagstadgade startspärren har löpt ut eller efter att anmälans aktualitet har blivit osäker.;analysis;;[]
R-B40-N180-02:trigger:03;R-B40-N180-02;B40-N180;B40;B40 – Vattenverksamhet;Start sker före negativt BMP-beslut eller särskilt startdatum;utlösande faktor;3;Projektet beställer entreprenad innan startspärrar, överklaganden och parallella beslut har kontrollerats samlat.;analysis;;[]
R-B40-N180-02:trigger:04;R-B40-N180-02;B40-N180;B40;B40 – Vattenverksamhet;Start sker före negativt BMP-beslut eller särskilt startdatum;utlösande faktor;4;Den anmälda utformningen ändras efter myndighetens ställningstagande men före byggstart.;analysis;;[]
R-B40-N180-02:consequence:01;R-B40-N180-02;B40-N180;B40;B40 – Vattenverksamhet;Start sker före negativt BMP-beslut eller särskilt startdatum;konsekvens;1;När verksamheten får påbörjas behöver bedömas utifrån dessa bestämmelser och det beslut som har meddelats i det enskilda ärendet.;source;FVV;"[""FVV""]"
R-B40-N180-02:consequence:02;R-B40-N180-02;B40-N180;B40;B40 – Vattenverksamhet;Start sker före negativt BMP-beslut eller särskilt startdatum;konsekvens;2;Tillsynsmyndigheten kan inleda ett tillsynsärende om åtgärden genomförs på fel rättslig grund.;analysis;;[]
R-B40-N180-02:consequence:03;R-B40-N180-02;B40-N180;B40;B40 – Vattenverksamhet;Start sker före negativt BMP-beslut eller särskilt startdatum;konsekvens;3;Den aktuella vattenrisken kan leda till ett möjligt vite.;analysis;;[]
R-B40-N180-02:consequence:04;R-B40-N180-02;B40-N180;B40;B40 – Vattenverksamhet;Start sker före negativt BMP-beslut eller särskilt startdatum;konsekvens;4;Projektet kan möta krav på förnyad anmälan med förnyad väntetid.;analysis;;[]
R-B40-N180-03:trigger:01;R-B40-N180-03;B40-N180;B40;B40 – Vattenverksamhet;Parallella beslut och rättigheter är inte synkade vid start;utlösande faktor;1;Byggstart kräver en samlad kontroll av att nödvändiga tillstånd, dispenser, planer och rättigheter är verkställbara och tidsmässigt samordnade.;source;FVV;"[""FVV""]"
R-B40-N180-03:trigger:02;R-B40-N180-03;B40-N180;B40;B40 – Vattenverksamhet;Parallella beslut och rättigheter är inte synkade vid start;utlösande faktor;2;Anmälningsbeslutet är klart men strandskyddsdispens, rättighetsavtal eller andra sektorsbeslut saknas eller är överklagade.;analysis;;[]
R-B40-N180-03:trigger:03;R-B40-N180-03;B40-N180;B40;B40 – Vattenverksamhet;Parallella beslut och rättigheter är inte synkade vid start;utlösande faktor;3;Projektet beställer entreprenad innan startspärrar, överklaganden och parallella beslut har kontrollerats samlat.;analysis;;[]
R-B40-N180-03:trigger:04;R-B40-N180-03;B40-N180;B40;B40 – Vattenverksamhet;Parallella beslut och rättigheter är inte synkade vid start;utlösande faktor;4;Den anmälda utformningen ändras efter myndighetens ställningstagande men före byggstart.;analysis;;[]
R-B40-N180-03:consequence:01;R-B40-N180-03;B40-N180;B40;B40 – Vattenverksamhet;Parallella beslut och rättigheter är inte synkade vid start;konsekvens;1;En åtgärd inom strandskyddsområde kräver dispens om inget tillämpligt undantag från strandskyddsreglerna finns.;source;MB | STRAND;"[""MB"",""STRAND""]"
R-B40-N180-03:consequence:02;R-B40-N180-03;B40-N180;B40;B40 – Vattenverksamhet;Parallella beslut och rättigheter är inte synkade vid start;konsekvens;2;De påbörjade arbetena kan bedömas som otillåtna och bli föremål för tillsyn.;analysis;;[]
R-B40-N180-03:consequence:03;R-B40-N180-03;B40-N180;B40;B40 – Vattenverksamhet;Parallella beslut och rättigheter är inte synkade vid start;konsekvens;3;Tillsynsmyndigheten kan kräva att den otillåtna påverkan återställs i ärendet vid processteget ”Uppfyll startvillkor och hantera överklagande”.;analysis;;[]
R-B40-N180-03:consequence:04;R-B40-N180-03;B40-N180;B40;B40 – Vattenverksamhet;Parallella beslut och rättigheter är inte synkade vid start;konsekvens;4;Anmälningsärendets fortsatta handläggning och projektets planerade start kan fördröjas i ärendet vid processteget ”Uppfyll startvillkor och hantera överklagande”.;analysis;;[]
R-B40-P100-01:trigger:01;R-B40-P100-01;B40-P100;B40;B40 – Vattenverksamhet;B20:s miljöunderlag är föråldrat eller fel avgränsat för vattenfrågorna;utlösande faktor;1;6 kap. MB kräver att miljökonsekvensbeskrivningen är anpassad till den verksamhet och de effekter som ska prövas.;source;MB;"[""MB""]"
R-B40-P100-01:trigger:02;R-B40-P100-01;B40-P100;B40;B40 – Vattenverksamhet;B20:s miljöunderlag är föråldrat eller fel avgränsat för vattenfrågorna;utlösande faktor;2;Tillståndsvägen återanvänder B20:s miljöbedömning, men den gjordes innan åtgärdens vattenpåverkan var känd eller med en avgränsning som inte täcker hydrologiska effekter.;analysis;;[]
R-B40-P100-01:trigger:03;R-B40-P100-01;B40-P100;B40;B40 – Vattenverksamhet;B20:s miljöunderlag är föråldrat eller fel avgränsat för vattenfrågorna;utlösande faktor;3;Miljöbedömningen färdigställs innan den slutliga vattenpåverkan eller ansökans avgränsning är känd.;analysis;;[]
R-B40-P100-01:trigger:04;R-B40-P100-01;B40-P100;B40;B40 – Vattenverksamhet;B20:s miljöunderlag är föråldrat eller fel avgränsat för vattenfrågorna;utlösande faktor;4;B20-underlaget beskriver verksamhetens miljöeffekter men saknar den hydrologiska detaljnivå som vattenmålet kräver.;analysis;;[]
R-B40-P100-01:consequence:01;R-B40-P100-01;B40-P100;B40;B40 – Vattenverksamhet;B20:s miljöunderlag är föråldrat eller fel avgränsat för vattenfrågorna;konsekvens;1;Ett inaktuellt eller generiskt underlag kan därför behöva kompletteras.;source;MB;"[""MB""]"
R-B40-P100-01:consequence:02;R-B40-P100-01;B40-P100;B40;B40 – Vattenverksamhet;B20:s miljöunderlag är föråldrat eller fel avgränsat för vattenfrågorna;konsekvens;2;Ansökan eller anmälan kan behöva kompletteras innan prövningen kan fortsätta i ärendet vid processteget ”Verifiera specifik miljöbedömning eller förenklat underlag”.;analysis;;[]
R-B40-P100-01:consequence:03;R-B40-P100-01;B40-P100;B40;B40 – Vattenverksamhet;B20:s miljöunderlag är föråldrat eller fel avgränsat för vattenfrågorna;konsekvens;3;Den aktuella vattenrisken kan leda till projektspecifik fördröjning.;analysis;;[]
R-B40-P100-01:consequence:04;R-B40-P100-01;B40-P100;B40;B40 – Vattenverksamhet;B20:s miljöunderlag är föråldrat eller fel avgränsat för vattenfrågorna;konsekvens;4;Den aktuella vattenrisken kan leda till en svagare bevisposition i de frågor som underlaget inte täcker.;analysis;;[]
R-B40-P100-02:trigger:01;R-B40-P100-02;B40-P100;B40;B40 – Vattenverksamhet;Nya 2026-regler om skriftlig MKB-avgränsning tillämpas fel;utlösande faktor;1;Lag (2026:400) inför 6 kap. 32 a § miljöbalken om skriftlig redovisning vid avgränsningssamråd.;source;SFS2026_400 | MB;"[""SFS2026_400"",""MB""]"
R-B40-P100-02:trigger:02;R-B40-P100-02;B40-P100;B40;B40 – Vattenverksamhet;Nya 2026-regler om skriftlig MKB-avgränsning tillämpas fel;utlösande faktor;2;Ett projekt som inleddes före regeländringen saknar skriftlig dokumentation av det tidigare avgränsningssamrådet.;analysis;;[]
R-B40-P100-02:trigger:03;R-B40-P100-02;B40-P100;B40;B40 – Vattenverksamhet;Nya 2026-regler om skriftlig MKB-avgränsning tillämpas fel;utlösande faktor;3;Dokumentationen finns endast i spridda mötesanteckningar och visar inte vilka synpunkter som påverkade den slutliga avgränsningen.;analysis;;[]
R-B40-P100-02:trigger:04;R-B40-P100-02;B40-P100;B40;B40 – Vattenverksamhet;Nya 2026-regler om skriftlig MKB-avgränsning tillämpas fel;utlösande faktor;4;Projektet tillämpar fel ikraftträdande- eller övergångsregel på den aktuella ansökan.;analysis;;[]
R-B40-P100-02:consequence:01;R-B40-P100-02;B40-P100;B40;B40 – Vattenverksamhet;Nya 2026-regler om skriftlig MKB-avgränsning tillämpas fel;konsekvens;1;Tillämpliga ärenden måste uppfylla kravet på skriftlig avgränsningsredovisning i 6 kap. 32 a § miljöbalken.;source;SFS2026_400 | MB;"[""SFS2026_400"",""MB""]"
R-B40-P100-02:consequence:02;R-B40-P100-02;B40-P100;B40;B40 – Vattenverksamhet;Nya 2026-regler om skriftlig MKB-avgränsning tillämpas fel;konsekvens;2;Den aktuella vattenrisken kan leda till formella invändningar mot MKB:n.;analysis;;[]
R-B40-P100-02:consequence:03;R-B40-P100-02;B40-P100;B40;B40 – Vattenverksamhet;Nya 2026-regler om skriftlig MKB-avgränsning tillämpas fel;konsekvens;3;Ansökan eller anmälan kan behöva kompletteras innan prövningen kan fortsätta i ärendet vid processteget ”Verifiera specifik miljöbedömning eller förenklat underlag”.;analysis;;[]
R-B40-P100-02:consequence:04;R-B40-P100-02;B40-P100;B40;B40 – Vattenverksamhet;Nya 2026-regler om skriftlig MKB-avgränsning tillämpas fel;konsekvens;4;Projektet kan behöva hantera osäkerhet om vilket regelverk som ska tillämpas.;analysis;;[]
R-B40-P110-01:trigger:01;R-B40-P110-01;B40-P110;B40;B40 – Vattenverksamhet;Oprecist yrkande försvårar eller fäller ansökan;utlösande faktor;1;Ansökans innehåll regleras i 22 kap. 1 och 1 a §§ miljöbalken samt, för vissa vattenmål, 7 kap. 4 § lagen med särskilda bestämmelser om vattenverksamhet.;source;LVV | MB;"[""LVV"",""MB""]"
R-B40-P110-01:trigger:02;R-B40-P110-01;B40-P110;B40;B40 – Vattenverksamhet;Oprecist yrkande försvårar eller fäller ansökan;utlösande faktor;2;Yrkandet beskriver åtgärden vagt ('dammbyggnad och reglering') utan exakta mått, nivåer, flöden och tidsgränser, eller omfattar inte hela avgränsade prövningsobjektet.;analysis;;[]
R-B40-P110-01:trigger:03;R-B40-P110-01;B40-P110;B40;B40 – Vattenverksamhet;Oprecist yrkande försvårar eller fäller ansökan;utlösande faktor;3;Yrkanden, kartor och tekniska beskrivningar anger olika omfattning eller olika versioner av åtgärden.;analysis;;[]
R-B40-P110-01:trigger:04;R-B40-P110-01;B40-P110;B40;B40 – Vattenverksamhet;Oprecist yrkande försvårar eller fäller ansökan;utlösande faktor;4;Ansökan utelämnar nivåer, flöden, arbetstid eller andra parametrar som behövs för ett verkställbart avgörande.;analysis;;[]
R-B40-P110-01:consequence:01;R-B40-P110-01;B40-P110;B40;B40 – Vattenverksamhet;Oprecist yrkande försvårar eller fäller ansökan;konsekvens;1;Domstolen kan förelägga sökanden att komplettera en vattenansökan som inte uppfyller innehållskraven.;source;MB | COURT_WV;"[""MB"",""COURT_WV""]"
R-B40-P110-01:consequence:02;R-B40-P110-01;B40-P110;B40;B40 – Vattenverksamhet;Oprecist yrkande försvårar eller fäller ansökan;konsekvens;2;Ansökan eller anmälan kan behöva kompletteras innan prövningen kan fortsätta i ärendet vid processteget ”Färdigställ vattenansökan”.;analysis;;[]
R-B40-P110-01:consequence:03;R-B40-P110-01;B40-P110;B40;B40 – Vattenverksamhet;Oprecist yrkande försvårar eller fäller ansökan;konsekvens;3;Den aktuella vattenrisken kan leda till förskjuten huvudförhandling eller en dom som inte täcker hela behovet.;analysis;;[]
R-B40-P110-01:consequence:04;R-B40-P110-01;B40-P110;B40;B40 – Vattenverksamhet;Oprecist yrkande försvårar eller fäller ansökan;konsekvens;4;Projektet kan behöva lämna in en ny ändringsansökan.;analysis;;[]
R-B40-P110-02:trigger:01;R-B40-P110-02;B40-P110;B40;B40 – Vattenverksamhet;Ersättnings- och sakägaravsnitt provocerar fram motstånd;utlösande faktor;1;MÖD 2019:12, mål M 4651-18, gällde omprövning av en markavvattningssamfällighet.;source;EXT: MÖD 2019:12, mål M 4651-18 https://www.domstol.se/mark--och-miljooverdomstolen/mark--och-miljooverdomstolens-avgoranden/2019/65481/;"[""EXT: MÖD 2019:12, mål M 4651-18 https://www.domstol.se/mark--och-miljooverdomstolen/mark--och-miljooverdomstolens-avgoranden/2019/65481/""]"
R-B40-P110-02:trigger:02;R-B40-P110-02;B40-P110;B40;B40 – Vattenverksamhet;Ersättnings- och sakägaravsnitt provocerar fram motstånd;utlösande faktor;2;Ansökan måste redovisa berörda fastigheter och ersättningsfrågor, och sakägare som ser sina intressen beskrivna mobiliserar invändningar.;analysis;;[]
R-B40-P110-02:trigger:03;R-B40-P110-02;B40-P110;B40;B40 – Vattenverksamhet;Ersättnings- och sakägaravsnitt provocerar fram motstånd;utlösande faktor;3;Sakägarförteckningen gör tidigare okända intrång och ersättningsanspråk synliga för de berörda.;analysis;;[]
R-B40-P110-02:trigger:04;R-B40-P110-02;B40-P110;B40;B40 – Vattenverksamhet;Ersättnings- och sakägaravsnitt provocerar fram motstånd;utlösande faktor;4;Projektets ersättningsmodell värderar nytta, skada eller underhållsansvar annorlunda än sakägarna.;analysis;;[]
R-B40-P110-02:consequence:01;R-B40-P110-02;B40-P110;B40;B40 – Vattenverksamhet;Ersättnings- och sakägaravsnitt provocerar fram motstånd;konsekvens;1;MÖD 2019:12 visar att ekonomiska anspråk och deltagandefrågor kan vara materiella delar av prövningen.;source;LVV | EXT: MÖD 2019:12, mål M 4651-18 https://www.domstol.se/mark--och-miljooverdomstolen/mark--och-miljooverdomstolens-avgoranden/2019/65481/;"[""LVV"",""EXT: MÖD 2019:12, mål M 4651-18 https://www.domstol.se/mark--och-miljooverdomstolen/mark--och-miljooverdomstolens-avgoranden/2019/65481/""]"
R-B40-P110-02:consequence:02;R-B40-P110-02;B40-P110;B40;B40 – Vattenverksamhet;Ersättnings- och sakägaravsnitt provocerar fram motstånd;konsekvens;2;Den aktuella vattenrisken kan leda till förlängd domstolsprocess.;analysis;;[]
R-B40-P110-02:consequence:03;R-B40-P110-02;B40-P110;B40;B40 – Vattenverksamhet;Ersättnings- och sakägaravsnitt provocerar fram motstånd;konsekvens;3;Den aktuella vattenrisken kan leda till fördyrad ersättningsbild.;analysis;;[]
R-B40-P110-02:consequence:04;R-B40-P110-02;B40-P110;B40;B40 – Vattenverksamhet;Ersättnings- och sakägaravsnitt provocerar fram motstånd;konsekvens;4;Den aktuella vattenrisken kan leda till ökad risk för överklagande av domen.;analysis;;[]
R-B40-P110-03:trigger:01;R-B40-P110-03;B40-P110;B40;B40 – Vattenverksamhet;Kollision med pågående vattenkraftsomprövning i samma vattensystem;utlösande faktor;1;Den nationella planen för moderna miljövillkor och 11 kap. 27 § miljöbalken omfattar de vattenkraftsverksamheter som faller inom reglernas tillämpningsområde.;source;MB;"[""MB""]"
R-B40-P110-03:trigger:02;R-B40-P110-03;B40-P110;B40;B40 – Vattenverksamhet;Kollision med pågående vattenkraftsomprövning i samma vattensystem;utlösande faktor;2;Ansökan berör ett vattensystem där vattenkraftens miljötillstånd samtidigt omprövas, och villkoren för det egna projektet hänger på omprövningens utfall.;analysis;;[]
R-B40-P110-03:trigger:03;R-B40-P110-03;B40-P110;B40;B40 – Vattenverksamhet;Kollision med pågående vattenkraftsomprövning i samma vattensystem;utlösande faktor;3;Det egna vattenmålet och vattenkraftsomprövningen handläggs samtidigt med beroende frågor i samma vattensystem.;analysis;;[]
R-B40-P110-03:trigger:04;R-B40-P110-03;B40-P110;B40;B40 – Vattenverksamhet;Kollision med pågående vattenkraftsomprövning i samma vattensystem;utlösande faktor;4;Förutsättningarna för flöde eller reglering ändras efter att det egna projektets underlag har färdigställts.;analysis;;[]
R-B40-P110-03:consequence:01;R-B40-P110-03;B40-P110;B40;B40 – Vattenverksamhet;Kollision med pågående vattenkraftsomprövning i samma vattensystem;konsekvens;1;En omprövning kan påverka flera verksamhetsutövare och intressen i samma avrinningsområde.;source;MB;"[""MB""]"
R-B40-P110-03:consequence:02;R-B40-P110-03;B40-P110;B40;B40 – Vattenverksamhet;Kollision med pågående vattenkraftsomprövning i samma vattensystem;konsekvens;2;Den aktuella vattenrisken kan leda till avvaktan eller samordning i domstolen.;analysis;;[]
R-B40-P110-03:consequence:03;R-B40-P110-03;B40-P110;B40;B40 – Vattenverksamhet;Kollision med pågående vattenkraftsomprövning i samma vattensystem;konsekvens;3;Domstolsprövningen och projektets planerade genomförande kan fördröjas.;analysis;;[]
R-B40-P110-03:consequence:04;R-B40-P110-03;B40-P110;B40;B40 – Vattenverksamhet;Kollision med pågående vattenkraftsomprövning i samma vattensystem;konsekvens;4;Ett senare utfall i vattenkraftsomprövningen kan göra det egna tillståndets flödes- eller regleringsvillkor praktiskt mindre användbara.;analysis;;[]
R-B40-P120-01:trigger:01;R-B40-P120-01;B40-P120;B40;B40 – Vattenverksamhet;Handläggningstiden i vattenmål påverkar projektets tidplan;utlösande faktor;1;Naturvårdsverkets statistik för 2024 omfattar 193 första avgöranden i tillståndsmål om vattenverksamhet och anger en median på 356 dagar från ansökan till första avgörande.;source;EXT: Naturvårdsverket – Samlad statistik om miljöprövning för år 2024 https://www.naturvardsverket.se/49e4ea/globalassets/vagledning/miljobalken/miljoprovning/samlad-statistik-om-miljoprovning-for-ar-2024.pdf;"[""EXT: Naturvårdsverket – Samlad statistik om miljöprövning för år 2024 https://www.naturvardsverket.se/49e4ea/globalassets/vagledning/miljobalken/miljoprovning/samlad-statistik-om-miljoprovning-for-ar-2024.pdf""]"
R-B40-P120-01:trigger:02;R-B40-P120-01;B40-P120;B40;B40 – Vattenverksamhet;Handläggningstiden i vattenmål påverkar projektets tidplan;utlösande faktor;2;Domstolsprövningen och en eventuell överprövning tar längre tid än projektets planerade ledtid.;analysis;;[]
R-B40-P120-01:trigger:03;R-B40-P120-01;B40-P120;B40;B40 – Vattenverksamhet;Handläggningstiden i vattenmål påverkar projektets tidplan;utlösande faktor;3;Domstolens arbetsbelastning är hög när ansökan kommer in.;analysis;;[]
R-B40-P120-01:trigger:04;R-B40-P120-01;B40-P120;B40;B40 – Vattenverksamhet;Handläggningstiden i vattenmål påverkar projektets tidplan;utlösande faktor;4;Omfattande kompletteringar eller överprövning gör att projektets ursprungliga ledtidsantagande inte håller.;analysis;;[]
R-B40-P120-01:consequence:01;R-B40-P120-01;B40-P120;B40;B40 – Vattenverksamhet;Handläggningstiden i vattenmål påverkar projektets tidplan;konsekvens;1;För vattenverksamhetsmål som fick ett slutligt avgörande i överinstans under 2024 var medianen 1 004 dagar från ansökan i första instans till lagakraftvunnet avgörande.;source;EXT: Naturvårdsverket – Samlad statistik om miljöprövning för år 2024 https://www.naturvardsverket.se/49e4ea/globalassets/vagledning/miljobalken/miljoprovning/samlad-statistik-om-miljoprovning-for-ar-2024.pdf;"[""EXT: Naturvårdsverket – Samlad statistik om miljöprövning för år 2024 https://www.naturvardsverket.se/49e4ea/globalassets/vagledning/miljobalken/miljoprovning/samlad-statistik-om-miljoprovning-for-ar-2024.pdf""]"
R-B40-P120-01:consequence:02;R-B40-P120-01;B40-P120;B40;B40 – Vattenverksamhet;Handläggningstiden i vattenmål påverkar projektets tidplan;konsekvens;2;Domstolsprövningen och projektets planerade genomförande kan fördröjas.;analysis;;[]
R-B40-P120-01:consequence:03;R-B40-P120-01;B40-P120;B40;B40 – Vattenverksamhet;Handläggningstiden i vattenmål påverkar projektets tidplan;konsekvens;3;Projektets kapital kan förbli bundet medan den vattenrättsliga prövningen pågår.;analysis;;[]
R-B40-P120-01:consequence:04;R-B40-P120-01;B40-P120;B40;B40 – Vattenverksamhet;Handläggningstiden i vattenmål påverkar projektets tidplan;konsekvens;4;Marknads- eller finansieringsförutsättningarna kan ändras under processen.;analysis;;[]
R-B40-P120-02:trigger:01;R-B40-P120-02;B40-P120;B40;B40 – Vattenverksamhet;Avgiftstvist eller underbetalning stoppar handläggningsstarten;utlösande faktor;1;Sveriges Domstolars information om ansökan om vattenverksamhet beskriver att en ansökningsavgift tas ut enligt den tillämpliga avgiftsordningen.;source;COURT_WV;"[""COURT_WV""]"
R-B40-P120-02:trigger:02;R-B40-P120-02;B40-P120;B40;B40 – Vattenverksamhet;Avgiftstvist eller underbetalning stoppar handläggningsstarten;utlösande faktor;2;Domstolens fastställda ansökningsavgift är högre än projektet budgeterat, eller betalningen dröjer, så att handläggningen inte formellt påbörjas.;analysis;;[]
R-B40-P120-02:trigger:03;R-B40-P120-02;B40-P120;B40;B40 – Vattenverksamhet;Avgiftstvist eller underbetalning stoppar handläggningsstarten;utlösande faktor;3;Ansökningsavgiften har budgeterats efter fel måltyp eller omfattning.;analysis;;[]
R-B40-P120-02:trigger:04;R-B40-P120-02;B40-P120;B40;B40 – Vattenverksamhet;Avgiftstvist eller underbetalning stoppar handläggningsstarten;utlösande faktor;4;Betalningen, betalningsreferensen eller hanteringen av domstolens avgiftsbesked fördröjs administrativt.;analysis;;[]
R-B40-P120-02:consequence:01;R-B40-P120-02;B40-P120;B40;B40 – Vattenverksamhet;Avgiftstvist eller underbetalning stoppar handläggningsstarten;konsekvens;1;Om en begärd avgift eller komplettering inte hanteras kan handläggningen fördröjas och ansökans fortsatta behandling påverkas enligt de regler som gäller.;source;COURT_WV;"[""COURT_WV""]"
R-B40-P120-02:consequence:02;R-B40-P120-02;B40-P120;B40;B40 – Vattenverksamhet;Avgiftstvist eller underbetalning stoppar handläggningsstarten;konsekvens;2;Kapital och entreprenadresurser kan bindas medan ansökan ännu inte är materiellt prövad.;analysis;;[]
R-B40-P120-02:consequence:03;R-B40-P120-02;B40-P120;B40;B40 – Vattenverksamhet;Avgiftstvist eller underbetalning stoppar handläggningsstarten;konsekvens;3;Projektets tidplan och resursbehov kan behöva omprövas i ärendet vid processteget ”Ge in ansökan till MMD och betala avgift”.;analysis;;[]
R-B40-P120-03:trigger:01;R-B40-P120-03;B40-P120;B40;B40 – Vattenverksamhet;Behörighets- och kungörelsefel ger återförvisning efter överklagande;utlösande faktor;1;Korrekt kungörelse och underrättelse är en förutsättning för att berörda ska kunna delta i vattenmålet.;source;MMDL;"[""MMDL""]"
R-B40-P120-03:trigger:02;R-B40-P120-03;B40-P120;B40;B40 – Vattenverksamhet;Behörighets- och kungörelsefel ger återförvisning efter överklagande;utlösande faktor;2;Ansökan registreras vid fel domstol, eller kungörandet når inte alla särskilt berörda, vilket motparter driver i överinstansen.;analysis;;[]
R-B40-P120-03:trigger:03;R-B40-P120-03;B40-P120;B40;B40 – Vattenverksamhet;Behörighets- och kungörelsefel ger återförvisning efter överklagande;utlösande faktor;3;Ansökan lämnas till fel behörig mark- och miljödomstol.;analysis;;[]
R-B40-P120-03:trigger:04;R-B40-P120-03;B40-P120;B40;B40 – Vattenverksamhet;Behörighets- och kungörelsefel ger återförvisning efter överklagande;utlösande faktor;4;Kungörelse- eller underrättelseunderlaget omfattar inte samtliga särskilt berörda.;analysis;;[]
R-B40-P120-03:consequence:01;R-B40-P120-03;B40-P120;B40;B40 – Vattenverksamhet;Behörighets- och kungörelsefel ger återförvisning efter överklagande;konsekvens;1;Ett väsentligt fel kan leda till kompletterad handläggning eller återförvisning.;source;MMDL;"[""MMDL""]"
R-B40-P120-03:consequence:02;R-B40-P120-03;B40-P120;B40;B40 – Vattenverksamhet;Behörighets- och kungörelsefel ger återförvisning efter överklagande;konsekvens;2;Den aktuella vattenrisken kan leda till återförvisning eller kompletterad handläggning med en längre och dyrare process för parterna.;analysis;;[]
R-B40-P120-03:consequence:03;R-B40-P120-03;B40-P120;B40;B40 – Vattenverksamhet;Behörighets- och kungörelsefel ger återförvisning efter överklagande;konsekvens;3;Kapital och entreprenadresurser kan bindas medan ansökan ännu inte är materiellt prövad.;analysis;;[]
R-B40-P120-03:consequence:04;R-B40-P120-03;B40-P120;B40;B40 – Vattenverksamhet;Behörighets- och kungörelsefel ger återförvisning efter överklagande;konsekvens;4;Projektets tidplan och resursbehov kan behöva omprövas i ärendet vid processteget ”Ge in ansökan till MMD och betala avgift”.;analysis;;[]
R-B40-START-01:trigger:01;R-B40-START-01;B40-START;B40;B40 – Vattenverksamhet;Vattenpåverkan upptäcks för sent i genomförandekonceptet;utlösande faktor;1;11 kap. 3 § miljöbalken definierar flera typer av vattenverksamhet, bland annat arbete i vattenområde och bortledande av grundvatten.;source;MB;"[""MB""]"
R-B40-START-01:trigger:02;R-B40-START-01;B40-START;B40;B40 – Vattenverksamhet;Vattenpåverkan upptäcks för sent i genomförandekonceptet;utlösande faktor;2;Projektets genomförandekoncept fastställs utan att någon vattenrättslig screening görs av grundvatten, diken, våtmarker eller vattenområden som berörs.;analysis;;[]
R-B40-START-01:trigger:03;R-B40-START-01;B40-START;B40;B40 – Vattenverksamhet;Vattenpåverkan upptäcks för sent i genomförandekonceptet;utlösande faktor;3;Den vattenrättsliga screeningen genomförs först efter att projektets tekniska huvudkoncept har låsts.;analysis;;[]
R-B40-START-01:trigger:04;R-B40-START-01;B40-START;B40;B40 – Vattenverksamhet;Vattenpåverkan upptäcks för sent i genomförandekonceptet;utlösande faktor;4;Grundvatten, diken, våtmarker och vattenområden saknar en gemensam ansvarig i den tidiga projekteringen.;analysis;;[]
R-B40-START-01:consequence:01;R-B40-START-01;B40-START;B40;B40 – Vattenverksamhet;Vattenpåverkan upptäcks för sent i genomförandekonceptet;konsekvens;1;Om en sådan åtgärd identifieras först efter att projektets huvudspår har planerats kan ett separat tillstånds- eller anmälningsärende och kompletterande underlag behövas.;source;MB;"[""MB""]"
R-B40-START-01:consequence:02;R-B40-START-01;B40-START;B40;B40 – Vattenverksamhet;Vattenpåverkan upptäcks för sent i genomförandekonceptet;konsekvens;2;Den vattenrättsliga prövningen och projektets planerade genomförande kan fördröjas i ärendet vid processteget ”Vattenåtgärd initierad”.;analysis;;[]
R-B40-START-01:consequence:03;R-B40-START-01;B40-START;B40;B40 – Vattenverksamhet;Vattenpåverkan upptäcks för sent i genomförandekonceptet;konsekvens;3;Den aktuella vattenrisken kan leda till merkostnad för kompletterande utredningar.;analysis;;[]
R-B40-START-01:consequence:04;R-B40-START-01;B40-START;B40;B40 – Vattenverksamhet;Vattenpåverkan upptäcks för sent i genomförandekonceptet;konsekvens;4;Projektet kan behöva inleda ett anmälnings- eller tillståndsförfarande mitt i genomförandet.;analysis;;[]
R-B50-E010-01:trigger:01;R-B50-E010-01;B50-E010;B50;B50 – Tvärgående och sektorsspecifika spår;Korridorvalet kolliderar med riksintressen, rennäring eller Natura 2000;utlösande faktor;1;Den studerade ledningskorridoren berör ett område med ett lagreglerat skydds- eller hushållningsintresse.;source;MB | ELLAG;"[""MB"",""ELLAG""]"
R-B50-E010-01:trigger:02;R-B50-E010-01;B50-E010;B50;B50 – Tvärgående och sektorsspecifika spår;Korridorvalet kolliderar med riksintressen, rennäring eller Natura 2000;utlösande faktor;2;Den tekniskt kortaste sträckningen sammanfaller med mark som används av rennäringen.;analysis;;[]
R-B50-E010-01:trigger:03;R-B50-E010-01;B50-E010;B50;B50 – Tvärgående och sektorsspecifika spår;Korridorvalet kolliderar med riksintressen, rennäring eller Natura 2000;utlösande faktor;3;Alternativa korridorer ger större kostnad eller sämre nätfunktion och har därför utretts för ytligt.;analysis;;[]
R-B50-E010-01:consequence:01;R-B50-E010-01;B50-E010;B50;B50 – Tvärgående och sektorsspecifika spår;Korridorvalet kolliderar med riksintressen, rennäring eller Natura 2000;konsekvens;1;Koncessionsprövningen behöver beakta ledningens lokalisering och berörda allmänna intressen.;source;ELLAG | EI_GRID;"[""ELLAG"",""EI_GRID""]"
R-B50-E010-01:consequence:02;R-B50-E010-01;B50-E010;B50;B50 – Tvärgående och sektorsspecifika spår;Korridorvalet kolliderar med riksintressen, rennäring eller Natura 2000;konsekvens;2;Korridoren behöver flyttas eller utredas med fördjupade skyddsåtgärder.;analysis;;[]
R-B50-E010-01:consequence:03;R-B50-E010-01;B50-E010;B50;B50 – Tvärgående och sektorsspecifika spår;Korridorvalet kolliderar med riksintressen, rennäring eller Natura 2000;konsekvens;3;Nätbeslutet och projektets övriga tillstånd får en senare och mer osäker gemensam tidplan.;analysis;;[]
R-B50-E010-02:trigger:01;R-B50-E010-02;B50-E010;B50;B50 – Tvärgående och sektorsspecifika spår;Anslutningskö och osäker framkomlighet underminerar nätutredningens antaganden;utlösande faktor;1;Nätutredningen förutsätter en anslutningsvolym eller systemutveckling som ännu inte är beslutad eller genomförd.;source;ELLAG | EI_GRID;"[""ELLAG"",""EI_GRID""]"
R-B50-E010-02:trigger:02;R-B50-E010-02;B50-E010;B50;B50 – Tvärgående och sektorsspecifika spår;Anslutningskö och osäker framkomlighet underminerar nätutredningens antaganden;utlösande faktor;2;En planerad produktionsanläggning eller större kund senareläggs eller avbryts.;analysis;;[]
R-B50-E010-02:trigger:03;R-B50-E010-02;B50-E010;B50;B50 – Tvärgående och sektorsspecifika spår;Anslutningskö och osäker framkomlighet underminerar nätutredningens antaganden;utlösande faktor;3;Ett beroende ställverk eller en annan nätförstärkning får en annan utformning än prognosen.;analysis;;[]
R-B50-E010-02:consequence:01;R-B50-E010-02;B50-E010;B50;B50 – Tvärgående och sektorsspecifika spår;Anslutningskö och osäker framkomlighet underminerar nätutredningens antaganden;konsekvens;1;Ledningens behov och lämplighet behöver fortfarande kunna visas i koncessionsprövningen.;source;ELLAG;"[""ELLAG""]"
R-B50-E010-02:consequence:02;R-B50-E010-02;B50-E010;B50;B50 – Tvärgående och sektorsspecifika spår;Anslutningskö och osäker framkomlighet underminerar nätutredningens antaganden;konsekvens;2;Kapacitets-, sträcknings- och lönsamhetsantaganden behöver räknas om.;analysis;;[]
R-B50-E010-02:consequence:03;R-B50-E010-02;B50-E010;B50;B50 – Tvärgående och sektorsspecifika spår;Anslutningskö och osäker framkomlighet underminerar nätutredningens antaganden;konsekvens;3;Ansökan kan ändras eller återkallas och redan utförda utredningar förlora värde.;analysis;;[]
R-B50-E020-01:trigger:01;R-B50-E020-01;B50-E020;B50;B50 – Tvärgående och sektorsspecifika spår;Ansökan bedöms som ofullständig och måste kompletteras innan sakprövningen går vidare;utlösande faktor;1;Koncessionsansökan saknar en miljöbedömning eller annan obligatorisk ansökningsuppgift.;source;ELLAG | MBD;"[""ELLAG"",""MBD""]"
R-B50-E020-01:trigger:02;R-B50-E020-01;B50-E020;B50;B50 – Tvärgående och sektorsspecifika spår;Ansökan bedöms som ofullständig och måste kompletteras innan sakprövningen går vidare;utlösande faktor;2;Tekniska bilagor använder en annan ledningssträckning än miljöunderlaget.;analysis;;[]
R-B50-E020-01:trigger:03;R-B50-E020-01;B50-E020;B50;B50 – Tvärgående och sektorsspecifika spår;Ansökan bedöms som ofullständig och måste kompletteras innan sakprövningen går vidare;utlösande faktor;3;Sakägar- eller fastighetsförteckningen är ofullständig för den sökta korridoren.;analysis;;[]
R-B50-E020-01:consequence:01;R-B50-E020-01;B50-E020;B50;B50 – Tvärgående och sektorsspecifika spår;Ansökan bedöms som ofullständig och måste kompletteras innan sakprövningen går vidare;konsekvens;1;Energimarknadsinspektionen behöver begära in tillräckligt underlag innan ansökan kan prövas.;source;ELLAG | EI_GRID;"[""ELLAG"",""EI_GRID""]"
R-B50-E020-01:consequence:02;R-B50-E020-01;B50-E020;B50;B50 – Tvärgående och sektorsspecifika spår;Ansökan bedöms som ofullständig och måste kompletteras innan sakprövningen går vidare;konsekvens;2;Koncessionsspårets sakberedning och beslut skjuts fram.;analysis;;[]
R-B50-E020-01:consequence:03;R-B50-E020-01;B50-E020;B50;B50 – Tvärgående och sektorsspecifika spår;Ansökan bedöms som ofullständig och måste kompletteras innan sakprövningen går vidare;konsekvens;3;Parallella miljö-, plan- och kulturmiljöspår kan behöva vänta eller uppdateras.;analysis;;[]
R-B50-E030-01:trigger:01;R-B50-E030-01;B50-E030;B50;B50 – Tvärgående och sektorsspecifika spår;Remissvaren kräver nya utredningar och omstart av materialet;utlösande faktor;1;En remissinstans begär ytterligare utredning av en fråga som behövs för koncessionsprövningen.;source;ELLAG | EI_GRID;"[""ELLAG"",""EI_GRID""]"
R-B50-E030-01:trigger:02;R-B50-E030-01;B50-E030;B50;B50 – Tvärgående och sektorsspecifika spår;Remissvaren kräver nya utredningar och omstart av materialet;utlösande faktor;2;Remissvaret visar att alternativa sträckningar inte har jämförts på ett likvärdigt underlag.;analysis;;[]
R-B50-E030-01:trigger:03;R-B50-E030-01;B50-E030;B50;B50 – Tvärgående och sektorsspecifika spår;Remissvaren kräver nya utredningar och omstart av materialet;utlösande faktor;3;Nya uppgifter om kumulativ påverkan eller sakägare framkommer efter remissen.;analysis;;[]
R-B50-E030-01:consequence:01;R-B50-E030-01;B50-E030;B50;B50 – Tvärgående och sektorsspecifika spår;Remissvaren kräver nya utredningar och omstart av materialet;konsekvens;1;Det nya underlaget behöver beredas och beaktas innan koncessionsärendet avgörs.;source;ELLAG | EI_GRID;"[""ELLAG"",""EI_GRID""]"
R-B50-E030-01:consequence:02;R-B50-E030-01;B50-E030;B50;B50 – Tvärgående och sektorsspecifika spår;Remissvaren kräver nya utredningar och omstart av materialet;konsekvens;2;Utrednings- och konsultkostnader ökar.;analysis;;[]
R-B50-E030-01:consequence:03;R-B50-E030-01;B50-E030;B50;B50 – Tvärgående och sektorsspecifika spår;Remissvaren kräver nya utredningar och omstart av materialet;konsekvens;3;Ledningens slutliga sträckning och villkor förblir osäkra längre.;analysis;;[]
R-B50-E030-02:trigger:01;R-B50-E030-02;B50-E030;B50;B50 – Tvärgående och sektorsspecifika spår;Sakägare nås inte – kännedomsprocessen haltar;utlösande faktor;1;En berörd fastighetsägare eller rättighetshavare kan inte nås genom den ordinarie handläggningen.;source;ELLAG | EI_GRID;"[""ELLAG"",""EI_GRID""]"
R-B50-E030-02:trigger:02;R-B50-E030-02;B50-E030;B50;B50 – Tvärgående och sektorsspecifika spår;Sakägare nås inte – kännedomsprocessen haltar;utlösande faktor;2;Ägar- eller adressuppgifterna är inaktuella eller knutna till ett oskiftat dödsbo.;analysis;;[]
R-B50-E030-02:trigger:03;R-B50-E030-02;B50-E030;B50;B50 – Tvärgående och sektorsspecifika spår;Sakägare nås inte – kännedomsprocessen haltar;utlösande faktor;3;Den sökta korridoren ändras utan att sakägarkretsen uppdateras.;analysis;;[]
R-B50-E030-02:consequence:01;R-B50-E030-02;B50-E030;B50;B50 – Tvärgående och sektorsspecifika spår;Sakägare nås inte – kännedomsprocessen haltar;konsekvens;1;Ärendet behöver använda den delgivnings- eller underrättelseåtgärd som den tillämpliga processen kräver.;source;ELLAG;"[""ELLAG""]"
R-B50-E030-02:consequence:02;R-B50-E030-02;B50-E030;B50;B50 – Tvärgående och sektorsspecifika spår;Sakägare nås inte – kännedomsprocessen haltar;konsekvens;2;Beslutet senareläggs medan berörda identifieras och ges möjlighet att yttra sig.;analysis;;[]
R-B50-E030-02:consequence:03;R-B50-E030-02;B50-E030;B50;B50 – Tvärgående och sektorsspecifika spår;Sakägare nås inte – kännedomsprocessen haltar;konsekvens;3;En utebliven kommunicering kan leda till att avgörandet angrips och återförvisas.;analysis;;[]
R-B50-E040-01:trigger:01;R-B50-E040-01;B50-E040;B50;B50 – Tvärgående och sektorsspecifika spår;Koncessionsbeslutet överklagas – lång överprövning hos regering eller domstol;utlösande faktor;1;Koncessionsbeslutet går en aktör med klagorätt emot i fråga om sträckning, intrång eller villkor.;source;ELLAG | EI_GRID;"[""ELLAG"",""EI_GRID""]"
R-B50-E040-01:trigger:02;R-B50-E040-01;B50-E040;B50;B50 – Tvärgående och sektorsspecifika spår;Koncessionsbeslutet överklagas – lång överprövning hos regering eller domstol;utlösande faktor;2;Markägare motsätter sig sträckningen eller intrångets omfattning.;analysis;;[]
R-B50-E040-01:trigger:03;R-B50-E040-01;B50-E040;B50;B50 – Tvärgående och sektorsspecifika spår;Koncessionsbeslutet överklagas – lång överprövning hos regering eller domstol;utlösande faktor;3;En kommun, myndighet eller organisation vill få andra skyddsvillkor eller ett annat lokaliseringsutfall.;analysis;;[]
R-B50-E040-01:consequence:01;R-B50-E040-01;B50-E040;B50;B50 – Tvärgående och sektorsspecifika spår;Koncessionsbeslutet överklagas – lång överprövning hos regering eller domstol;konsekvens;1;Koncessionsbeslutet går vidare i den överklagandeordning som ellagen anger.;source;ELLAG;"[""ELLAG""]"
R-B50-E040-01:consequence:02;R-B50-E040-01;B50-E040;B50;B50 – Tvärgående och sektorsspecifika spår;Koncessionsbeslutet överklagas – lång överprövning hos regering eller domstol;konsekvens;2;Anslutande verksamheter får osäkerhet om när ledningen kan byggas.;analysis;;[]
R-B50-E040-01:consequence:03;R-B50-E040-01;B50-E040;B50;B50 – Tvärgående och sektorsspecifika spår;Koncessionsbeslutet överklagas – lång överprövning hos regering eller domstol;konsekvens;3;Avgörandet kan ändras eller upphävas och ärendet kan behöva handläggas på nytt.;analysis;;[]
R-B50-E040-02:trigger:01;R-B50-E040-02;B50-E040;B50;B50 – Tvärgående och sektorsspecifika spår;Lämplighetsprövningen urholkas av förändrat behov eller ny politik;utlösande faktor;1;De faktiska förutsättningarna för ledningens behov eller lämplighet ändras under koncessionsprövningen.;source;ELLAG;"[""ELLAG""]"
R-B50-E040-02:trigger:02;R-B50-E040-02;B50-E040;B50;B50 – Tvärgående och sektorsspecifika spår;Lämplighetsprövningen urholkas av förändrat behov eller ny politik;utlösande faktor;2;Den produktion eller förbrukning som skulle anslutas genomförs inte enligt nätutredningen.;analysis;;[]
R-B50-E040-02:trigger:03;R-B50-E040-02;B50-E040;B50;B50 – Tvärgående och sektorsspecifika spår;Lämplighetsprövningen urholkas av förändrat behov eller ny politik;utlösande faktor;3;Ett nytt regel- eller planeringsläge förändrar vilken nätlösning som framstår som motiverad.;analysis;;[]
R-B50-E040-02:consequence:01;R-B50-E040-02;B50-E040;B50;B50 – Tvärgående och sektorsspecifika spår;Lämplighetsprövningen urholkas av förändrat behov eller ny politik;konsekvens;1;Koncessionsmyndigheten behöver pröva ansökan mot de krav på lämplighet som gäller vid avgörandet.;source;ELLAG;"[""ELLAG""]"
R-B50-E040-02:consequence:02;R-B50-E040-02;B50-E040;B50;B50 – Tvärgående och sektorsspecifika spår;Lämplighetsprövningen urholkas av förändrat behov eller ny politik;konsekvens;2;Behovsanalys, teknikval eller sträckning behöver kompletteras.;analysis;;[]
R-B50-E040-02:consequence:03;R-B50-E040-02;B50-E040;B50;B50 – Tvärgående och sektorsspecifika spår;Lämplighetsprövningen urholkas av förändrat behov eller ny politik;konsekvens;3;Projektet kan begränsas, återkallas eller avslås och utredningskostnader gå förlorade.;analysis;;[]
R-B50-E040-03:trigger:01;R-B50-E040-03;B50-E040;B50;B50 – Tvärgående och sektorsspecifika spår;Villkor om skyddsåtgärder eller sträckning blir ogenomförbara i byggskedet;utlösande faktor;1;Koncessionsbeslutet innehåller ett bindande villkor om sträckning eller skyddsåtgärd.;source;ELLAG;"[""ELLAG""]"
R-B50-E040-03:trigger:02;R-B50-E040-03;B50-E040;B50;B50 – Tvärgående och sektorsspecifika spår;Villkor om skyddsåtgärder eller sträckning blir ogenomförbara i byggskedet;utlösande faktor;2;Detaljprojekteringen visar att den föreskrivna tekniken inte fungerar på platsen.;analysis;;[]
R-B50-E040-03:trigger:03;R-B50-E040-03;B50-E040;B50;B50 – Tvärgående och sektorsspecifika spår;Villkor om skyddsåtgärder eller sträckning blir ogenomförbara i byggskedet;utlösande faktor;3;Villkorets kostnad eller markbehov har underskattats i ansökan.;analysis;;[]
R-B50-E040-03:consequence:01;R-B50-E040-03;B50-E040;B50;B50 – Tvärgående och sektorsspecifika spår;Villkor om skyddsåtgärder eller sträckning blir ogenomförbara i byggskedet;konsekvens;1;Ledningen måste byggas och drivas inom koncessionens räckvidd och villkor.;source;ELLAG;"[""ELLAG""]"
R-B50-E040-03:consequence:02;R-B50-E040-03;B50-E040;B50;B50 – Tvärgående och sektorsspecifika spår;Villkor om skyddsåtgärder eller sträckning blir ogenomförbara i byggskedet;konsekvens;2;Byggstarten skjuts fram medan en genomförbar lösning tas fram.;analysis;;[]
R-B50-E040-03:consequence:03;R-B50-E040-03;B50-E040;B50;B50 – Tvärgående och sektorsspecifika spår;Villkor om skyddsåtgärder eller sträckning blir ogenomförbara i byggskedet;konsekvens;3;Koncessionen eller kompletterande beslut kan behöva ändras innan den nya lösningen används.;analysis;;[]
R-B50-E050-01:trigger:01;R-B50-E050-01;B50-E050;B50;B50 – Tvärgående och sektorsspecifika spår;Ledningsrätt eller markupplåtelseavtal blir inte klart i tid – byggstart blockeras trots koncession;utlösande faktor;1;Frivilligt avtal om den mark som ledningen behöver kan inte träffas med en berörd ägare.;source;LEDNINGSRATT | JB;"[""LEDNINGSRATT"",""JB""]"
R-B50-E050-01:trigger:02;R-B50-E050-01;B50-E050;B50;B50 – Tvärgående och sektorsspecifika spår;Ledningsrätt eller markupplåtelseavtal blir inte klart i tid – byggstart blockeras trots koncession;utlösande faktor;2;Parterna är oeniga om ersättning, sträckning eller villkor för tillträdet.;analysis;;[]
R-B50-E050-01:trigger:03;R-B50-E050-01;B50-E050;B50;B50 – Tvärgående och sektorsspecifika spår;Ledningsrätt eller markupplåtelseavtal blir inte klart i tid – byggstart blockeras trots koncession;utlösande faktor;3;Ledningsrättsförrättningen eller dess överprövning är inte klar när byggorganisationen ska mobiliseras.;analysis;;[]
R-B50-E050-01:consequence:01;R-B50-E050-01;B50-E050;B50;B50 – Tvärgående och sektorsspecifika spår;Ledningsrätt eller markupplåtelseavtal blir inte klart i tid – byggstart blockeras trots koncession;konsekvens;1;Koncessionen ersätter inte den markåtkomst som måste säkras genom avtal eller ledningsrätt.;source;ELLAG | LEDNINGSRATT;"[""ELLAG"",""LEDNINGSRATT""]"
R-B50-E050-01:consequence:02;R-B50-E050-01;B50-E050;B50;B50 – Tvärgående och sektorsspecifika spår;Ledningsrätt eller markupplåtelseavtal blir inte klart i tid – byggstart blockeras trots koncession;konsekvens;2;Byggstarten för berörda sträckor skjuts fram.;analysis;;[]
R-B50-E050-01:consequence:03;R-B50-E050-01;B50-E050;B50;B50 – Tvärgående och sektorsspecifika spår;Ledningsrätt eller markupplåtelseavtal blir inte klart i tid – byggstart blockeras trots koncession;konsekvens;3;Projektet får högre kostnader för rättighetsprocess, ersättning och omplanering.;analysis;;[]
R-B50-E050-02:trigger:01;R-B50-E050-02;B50-E050;B50;B50 – Tvärgående och sektorsspecifika spår;Kompletterande miljö-, PBL- och KML-beslut faller inte på plats sträckvis;utlösande faktor;1;En delsträcka saknar ett annat beslut som lagen kräver utöver nätkoncessionen.;source;MB | PBL | KML;"[""MB"",""PBL"",""KML""]"
R-B50-E050-02:trigger:02;R-B50-E050-02;B50-E050;B50;B50 – Tvärgående och sektorsspecifika spår;Kompletterande miljö-, PBL- och KML-beslut faller inte på plats sträckvis;utlösande faktor;2;Ställverk, vägpassage eller vattenarbete har behandlats som en del av ledningen trots en egen prövningsplikt.;analysis;;[]
R-B50-E050-02:trigger:03;R-B50-E050-02;B50-E050;B50;B50 – Tvärgående och sektorsspecifika spår;Kompletterande miljö-, PBL- och KML-beslut faller inte på plats sträckvis;utlösande faktor;3;Besluten täcker olika projektversioner eller geografiska gränser.;analysis;;[]
R-B50-E050-02:consequence:01;R-B50-E050-02;B50-E050;B50;B50 – Tvärgående och sektorsspecifika spår;Kompletterande miljö-, PBL- och KML-beslut faller inte på plats sträckvis;konsekvens;1;Det berörda arbetet får inte utföras innan det kompletterande beslutet finns och kan användas.;source;MB | PBL | KML;"[""MB"",""PBL"",""KML""]"
R-B50-E050-02:consequence:02;R-B50-E050-02;B50-E050;B50;B50 – Tvärgående och sektorsspecifika spår;Kompletterande miljö-, PBL- och KML-beslut faller inte på plats sträckvis;konsekvens;2;Byggprogrammet behöver delas upp eller ordnas om.;analysis;;[]
R-B50-E050-02:consequence:03;R-B50-E050-02;B50-E050;B50;B50 – Tvärgående och sektorsspecifika spår;Kompletterande miljö-, PBL- och KML-beslut faller inte på plats sträckvis;konsekvens;3;En blockerad kritisk nod kan senarelägga hela ledningens färdigställande.;analysis;;[]
R-B50-G010-01:trigger:01;R-B50-G010-01;B50-G010;B50;B50 – Tvärgående och sektorsspecifika spår;Ofullständig tillämpbarhetsmatris lämnar obligatoriska spår utanför;utlösande faktor;1;Projektets lokalisering eller utformning aktiverar ett lagreglerat prövnings- eller förbudsspår som saknas i matrisen.;source;MB | PBL | KML;"[""MB"",""PBL"",""KML""]"
R-B50-G010-01:trigger:02;R-B50-G010-01;B50-G010;B50;B50 – Tvärgående och sektorsspecifika spår;Ofullständig tillämpbarhetsmatris lämnar obligatoriska spår utanför;utlösande faktor;2;Den juridiska analysen görs innan detaljprojekteringen visar alla följdåtgärder.;analysis;;[]
R-B50-G010-01:trigger:03;R-B50-G010-01;B50-G010;B50;B50 – Tvärgående och sektorsspecifika spår;Ofullständig tillämpbarhetsmatris lämnar obligatoriska spår utanför;utlösande faktor;3;Ansvar för sektorsregler är splittrat mellan flera rådgivare utan gemensam kontroll.;analysis;;[]
R-B50-G010-01:consequence:01;R-B50-G010-01;B50-G010;B50;B50 – Tvärgående och sektorsspecifika spår;Ofullständig tillämpbarhetsmatris lämnar obligatoriska spår utanför;konsekvens;1;Den förbisedda åtgärden kan inte genomföras lagligen förrän det saknade tillståndet, dispensen eller lovet har hanterats.;source;MB | PBL | KML;"[""MB"",""PBL"",""KML""]"
R-B50-G010-01:consequence:02;R-B50-G010-01;B50-G010;B50;B50 – Tvärgående och sektorsspecifika spår;Ofullständig tillämpbarhetsmatris lämnar obligatoriska spår utanför;konsekvens;2;Ett helt parallellspår behöver startas sent och byggstarten förskjuts.;analysis;;[]
R-B50-G010-01:consequence:03;R-B50-G010-01;B50-G010;B50;B50 – Tvärgående och sektorsspecifika spår;Ofullständig tillämpbarhetsmatris lämnar obligatoriska spår utanför;konsekvens;3;Redan påbörjat arbete kan möta tillsyn, stopp eller krav på rättelse.;analysis;;[]
R-B50-G010-02:trigger:01;R-B50-G010-02;B50-G010;B50;B50 – Tvärgående och sektorsspecifika spår;Reformläget ändrar spårens regler och instanser mitt i processen;utlösande faktor;1;En beslutad lagändring ändrar behörighet eller processkrav för ett pågående eller planerat spår.;source;SFS2026_400 | SFS2026_1442;"[""SFS2026_400"",""SFS2026_1442""]"
R-B50-G010-02:trigger:02;R-B50-G010-02;B50-G010;B50;B50 – Tvärgående och sektorsspecifika spår;Reformläget ändrar spårens regler och instanser mitt i processen;utlösande faktor;2;Projektets klassificering bygger på rättsläget före reformens ikraftträdande.;analysis;;[]
R-B50-G010-02:trigger:03;R-B50-G010-02;B50-G010;B50;B50 – Tvärgående och sektorsspecifika spår;Reformläget ändrar spårens regler och instanser mitt i processen;utlösande faktor;3;Övergångsreglernas anknytning till start- eller beslutsdatum registreras fel.;analysis;;[]
R-B50-G010-02:consequence:01;R-B50-G010-02;B50-G010;B50;B50 – Tvärgående och sektorsspecifika spår;Reformläget ändrar spårens regler och instanser mitt i processen;konsekvens;1;Ärendet behöver följa den instans- och processordning som övergångsbestämmelserna anger.;source;SFS2026_1442 | SFS2026_1443;"[""SFS2026_1442"",""SFS2026_1443""]"
R-B50-G010-02:consequence:02;R-B50-G010-02;B50-G010;B50;B50 – Tvärgående och sektorsspecifika spår;Reformläget ändrar spårens regler och instanser mitt i processen;konsekvens;2;Tillämpbarhetsmatris och ansökningsstrategi behöver göras om.;analysis;;[]
R-B50-G010-02:consequence:03;R-B50-G010-02;B50-G010;B50;B50 – Tvärgående och sektorsspecifika spår;Reformläget ändrar spårens regler och instanser mitt i processen;konsekvens;3;Underlag kan behöva disponeras om eller överlämnas till en ny aktör innan prövningen fortsätter.;analysis;;[]
R-B50-G900-01:trigger:01;R-B50-G900-01;B50-G900;B50;B50 – Tvärgående och sektorsspecifika spår;AND-gatens sista spår blir projektets kritiska linje;utlösande faktor;1;Ett rättsligt nödvändigt parallellspår saknar fortfarande ett slutligt eller användbart avgörande.;source;MB | PBL | ELLAG | MINERALLAG;"[""MB"",""PBL"",""ELLAG"",""MINERALLAG""]"
R-B50-G900-01:trigger:02;R-B50-G900-01;B50-G900;B50;B50 – Tvärgående och sektorsspecifika spår;AND-gatens sista spår blir projektets kritiska linje;utlösande faktor;2;Projektets plan behandlar flera beroenden som parallella utan att identifiera den långsammaste gaten.;analysis;;[]
R-B50-G900-01:trigger:03;R-B50-G900-01;B50-G900;B50;B50 – Tvärgående och sektorsspecifika spår;AND-gatens sista spår blir projektets kritiska linje;utlösande faktor;3;Ett sent överklagande eller kompletteringskrav håller just det sista spåret öppet.;analysis;;[]
R-B50-G900-01:consequence:01;R-B50-G900-01;B50-G900;B50;B50 – Tvärgående och sektorsspecifika spår;AND-gatens sista spår blir projektets kritiska linje;konsekvens;1;Projektet kan inte betraktas som samlat byggklart förrän varje tillämpligt rättsligt krav är uppfyllt.;source;MB | PBL | ELLAG | MINERALLAG;"[""MB"",""PBL"",""ELLAG"",""MINERALLAG""]"
R-B50-G900-01:consequence:02;R-B50-G900-01;B50-G900;B50;B50 – Tvärgående och sektorsspecifika spår;AND-gatens sista spår blir projektets kritiska linje;konsekvens;2;Huvudtillståndens praktiska värde skjuts fram trots att de har vunnits.;analysis;;[]
R-B50-G900-01:consequence:03;R-B50-G900-01;B50-G900;B50;B50 – Tvärgående och sektorsspecifika spår;AND-gatens sista spår blir projektets kritiska linje;konsekvens;3;Finansiering, entreprenad och interna investeringsbeslut behöver omplaneras.;analysis;;[]
R-B50-G900-02:trigger:01;R-B50-G900-02;B50-G900;B50;B50 – Tvärgående och sektorsspecifika spår;Återkoppling till G010: ett sent upptäckt krav behöver hanteras;utlösande faktor;1;Konvergenskontrollen visar att en åtgärd omfattas av ett ännu ohanterat tillstånds-, dispens- eller förbudskrav.;source;MB | ARTSKYDD | STRAND;"[""MB"",""ARTSKYDD"",""STRAND""]"
R-B50-G900-02:trigger:02;R-B50-G900-02;B50-G900;B50;B50 – Tvärgående och sektorsspecifika spår;Återkoppling till G010: ett sent upptäckt krav behöver hanteras;utlösande faktor;2;Den slutliga projekteringen berör större yta eller andra skyddsvärden än den ursprungliga screeningen.;analysis;;[]
R-B50-G900-02:trigger:03;R-B50-G900-02;B50-G900;B50;B50 – Tvärgående och sektorsspecifika spår;Återkoppling till G010: ett sent upptäckt krav behöver hanteras;utlösande faktor;3;En ändring i ett parallellspår skapar ett nytt följdkrav som inte återrapporterats till matrisen.;analysis;;[]
R-B50-G900-02:consequence:01;R-B50-G900-02;B50-G900;B50;B50 – Tvärgående och sektorsspecifika spår;Återkoppling till G010: ett sent upptäckt krav behöver hanteras;konsekvens;1;Det nyupptäckta kravet behöver prövas eller hanteras innan den berörda åtgärden genomförs.;source;MB | ARTSKYDD | STRAND;"[""MB"",""ARTSKYDD"",""STRAND""]"
R-B50-G900-02:consequence:02;R-B50-G900-02;B50-G900;B50;B50 – Tvärgående och sektorsspecifika spår;Återkoppling till G010: ett sent upptäckt krav behöver hanteras;konsekvens;2;Ett nytt ärende eller en komplettering öppnas sent i processen.;analysis;;[]
R-B50-G900-02:consequence:03;R-B50-G900-02;B50-G900;B50;B50 – Tvärgående och sektorsspecifika spår;Återkoppling till G010: ett sent upptäckt krav behöver hanteras;konsekvens;3;Omprojektering och överprövning kan senarelägga hela konvergensen.;analysis;;[]
R-B50-G900-03:trigger:01;R-B50-G900-03;B50-G900;B50;B50 – Tvärgående och sektorsspecifika spår;Tidsglapp mellan spåren urholkar tidiga beslut;utlösande faktor;1;Ett tidigt beslut innehåller en giltighets-, start- eller genomförandetid som närmar sig sitt slut.;source;MB | PBL_START;"[""MB"",""PBL_START""]"
R-B50-G900-03:trigger:02;R-B50-G900-03;B50-G900;B50;B50 – Tvärgående och sektorsspecifika spår;Tidsglapp mellan spåren urholkar tidiga beslut;utlösande faktor;2;Det sista parallellspåret tar längre tid än den tidsmässiga marginal som beslutspaketet byggde på.;analysis;;[]
R-B50-G900-03:trigger:03;R-B50-G900-03;B50-G900;B50;B50 – Tvärgående och sektorsspecifika spår;Tidsglapp mellan spåren urholkar tidiga beslut;utlösande faktor;3;Projektets teknik ändras så att ett äldre beslut inte längre motsvarar den planerade utformningen.;analysis;;[]
R-B50-G900-03:consequence:01;R-B50-G900-03;B50-G900;B50;B50 – Tvärgående och sektorsspecifika spår;Tidsglapp mellan spåren urholkar tidiga beslut;konsekvens;1;Ett beslut kan behöva förlängas, ändras eller sökas på nytt när föreskriven tid eller räckvidd inte längre bär projektet.;source;MB;"[""MB""]"
R-B50-G900-03:consequence:02;R-B50-G900-03;B50-G900;B50;B50 – Tvärgående och sektorsspecifika spår;Tidsglapp mellan spåren urholkar tidiga beslut;konsekvens;2;Tidigt utförda utredningar och godkännanden behöver uppdateras.;analysis;;[]
R-B50-G900-03:consequence:03;R-B50-G900-03;B50-G900;B50;B50 – Tvärgående och sektorsspecifika spår;Tidsglapp mellan spåren urholkar tidiga beslut;konsekvens;3;Konvergensen flyttas fram och nya beslut kan ge ytterligare överklaganderisk.;analysis;;[]
R-B50-GN040-01:trigger:01;R-B50-GN040-01;B50-GN040;B50;B50 – Tvärgående och sektorsspecifika spår;Kvarstående vetenskapligt tvivel leder till avslag;utlösande faktor;1;Underlaget lämnar kvar rimligt vetenskapligt tvivel om skada på ett Natura 2000-områdes skyddade värden.;source;MB | NATURA;"[""MB"",""NATURA""]"
R-B50-GN040-01:trigger:02;R-B50-GN040-01;B50-GN040;B50;B50 – Tvärgående och sektorsspecifika spår;Kvarstående vetenskapligt tvivel leder till avslag;utlösande faktor;2;Fältdata täcker inte relevanta årstider, arter eller ekologiska samband.;analysis;;[]
R-B50-GN040-01:trigger:03;R-B50-GN040-01;B50-GN040;B50;B50 – Tvärgående och sektorsspecifika spår;Kvarstående vetenskapligt tvivel leder till avslag;utlösande faktor;3;Föreslagna skyddsåtgärders effekt kan inte visas med tillräcklig säkerhet.;analysis;;[]
R-B50-GN040-01:consequence:01;R-B50-GN040-01;B50-GN040;B50;B50 – Tvärgående och sektorsspecifika spår;Kvarstående vetenskapligt tvivel leder till avslag;konsekvens;1;Natura 2000-tillstånd kan inte ges om förutsättningarna i 7 kap. miljöbalken inte är uppfyllda.;source;MB | NATURA;"[""MB"",""NATURA""]"
R-B50-GN040-01:consequence:02;R-B50-GN040-01;B50-GN040;B50;B50 – Tvärgående och sektorsspecifika spår;Kvarstående vetenskapligt tvivel leder till avslag;konsekvens;2;Projektet behöver flyttas, begränsas eller utredas vidare.;analysis;;[]
R-B50-GN040-01:consequence:03;R-B50-GN040-01;B50-GN040;B50;B50 – Tvärgående och sektorsspecifika spår;Kvarstående vetenskapligt tvivel leder till avslag;konsekvens;3;Ett undantagsspår kan tillföra kompensationskrav och ett regeringsavgörande.;analysis;;[]
R-B50-GN040-02:trigger:01;R-B50-GN040-02;B50-GN040;B50;B50 – Tvärgående och sektorsspecifika spår;Instanserna landar i olika bedömningar av samma bevisning;utlösande faktor;1;Natura-underlaget innehåller osäkerhet om påverkan eller skyddsåtgärdernas effekt som olika instanser kan värdera olika.;source;EXT: MÖD – M 5375-14, SMA Mineral/Stucks https://www.domstol.se/mark--och-miljooverdomstolen/mark--och-miljooverdomstolens-avgoranden/2018/66855/ | EXT: MÖD – M 5431-14, Nordkalk/Bunge https://www.domstol.se/mark--och-miljooverdomstolen/mark--och-miljooverdomstolens-avgoranden/2018/66859/;"[""EXT: MÖD – M 5375-14, SMA Mineral/Stucks https://www.domstol.se/mark--och-miljooverdomstolen/mark--och-miljooverdomstolens-avgoranden/2018/66855/"",""EXT: MÖD – M 5431-14, Nordkalk/Bunge https://www.domstol.se/mark--och-miljooverdomstolen/mark--och-miljooverdomstolens-avgoranden/2018/66859/""]"
R-B50-GN040-02:trigger:02;R-B50-GN040-02;B50-GN040;B50;B50 – Tvärgående och sektorsspecifika spår;Instanserna landar i olika bedömningar av samma bevisning;utlösande faktor;2;Sakkunniga använder skilda antaganden, modeller eller osäkerhetsmarginaler för samma ekologiska samband.;analysis;;[]
R-B50-GN040-02:trigger:03;R-B50-GN040-02;B50-GN040;B50;B50 – Tvärgående och sektorsspecifika spår;Instanserna landar i olika bedömningar av samma bevisning;utlösande faktor;3;Underinstansens bevisvärdering lämnar en rättslig eller vetenskaplig fråga öppen för överprövning.;analysis;;[]
R-B50-GN040-02:consequence:01;R-B50-GN040-02;B50-GN040;B50;B50 – Tvärgående och sektorsspecifika spår;Instanserna landar i olika bedömningar av samma bevisning;konsekvens;1;Natura-frågan kan prövas i flera instanser enligt den tillämpliga överklagandeordningen.;source;MB;"[""MB""]"
R-B50-GN040-02:consequence:02;R-B50-GN040-02;B50-GN040;B50;B50 – Tvärgående och sektorsspecifika spår;Instanserna landar i olika bedömningar av samma bevisning;konsekvens;2;Projektets slutliga villkor och genomförbarhet förblir osäkra längre.;analysis;;[]
R-B50-GN040-02:consequence:03;R-B50-GN040-02;B50-GN040;B50;B50 – Tvärgående och sektorsspecifika spår;Instanserna landar i olika bedömningar av samma bevisning;konsekvens;3;Juridiska och vetenskapliga expertkostnader ökar under instanskedjan.;analysis;;[]
R-B50-GN040-03:trigger:01;R-B50-GN040-03;B50-GN040;B50;B50 – Tvärgående och sektorsspecifika spår;Behörighetsregeln för Natura 2000 tillämpas fel i gräns- eller kombinationsfall;utlösande faktor;1;Natura 2000-ansökan lämnas till en annan instans än den som är behörig enligt 7 kap. 29 b eller 32 § miljöbalken.;source;MB;"[""MB""]"
R-B50-GN040-03:trigger:02;R-B50-GN040-03;B50-GN040;B50;B50 – Tvärgående och sektorsspecifika spår;Behörighetsregeln för Natura 2000 tillämpas fel i gräns- eller kombinationsfall;utlösande faktor;2;Projektet skiljer felaktigt Natura-frågan från en samtidig miljöbalksprövning.;analysis;;[]
R-B50-GN040-03:trigger:03;R-B50-GN040-03;B50-GN040;B50;B50 – Tvärgående och sektorsspecifika spår;Behörighetsregeln för Natura 2000 tillämpas fel i gräns- eller kombinationsfall;utlösande faktor;3;Verksamhetens geografiska läge eller kombination av prövningar bedöms mot fel behörighetsregel.;analysis;;[]
R-B50-GN040-03:consequence:01;R-B50-GN040-03;B50-GN040;B50;B50 – Tvärgående och sektorsspecifika spår;Behörighetsregeln för Natura 2000 tillämpas fel i gräns- eller kombinationsfall;konsekvens;1;Ärendet behöver handläggas av den behöriga instans som miljöbalken anger.;source;MB;"[""MB""]"
R-B50-GN040-03:consequence:02;R-B50-GN040-03;B50-GN040;B50;B50 – Tvärgående och sektorsspecifika spår;Behörighetsregeln för Natura 2000 tillämpas fel i gräns- eller kombinationsfall;konsekvens;2;Ett beslut kan undanröjas utan att Natura-frågan prövas i sak.;analysis;;[]
R-B50-GN040-03:consequence:03;R-B50-GN040-03;B50-GN040;B50;B50 – Tvärgående och sektorsspecifika spår;Behörighetsregeln för Natura 2000 tillämpas fel i gräns- eller kombinationsfall;konsekvens;3;Handlingar behöver överlämnas eller ges in på nytt och handläggningen börjar senare hos rätt aktör.;analysis;;[]
R-B50-GX020-01:trigger:01;R-B50-GX020-01;B50-GX020;B50;B50 – Tvärgående och sektorsspecifika spår;Fel behörig instans väljs för dispens eller tillstånd;utlösande faktor;1;Dispens- eller tillståndsansökan ges in till en myndighet som inte är behörig enligt den tillämpliga skyddsbestämmelsen.;source;MB | ARTSKYDD | STRAND;"[""MB"",""ARTSKYDD"",""STRAND""]"
R-B50-GX020-01:trigger:02;R-B50-GX020-01;B50-GX020;B50;B50 – Tvärgående och sektorsspecifika spår;Fel behörig instans väljs för dispens eller tillstånd;utlösande faktor;2;Ansökan använder rekvisit från en annan dispensgrund än det förbud som åtgärden träffar.;analysis;;[]
R-B50-GX020-01:trigger:03;R-B50-GX020-01;B50-GX020;B50;B50 – Tvärgående och sektorsspecifika spår;Fel behörig instans väljs för dispens eller tillstånd;utlösande faktor;3;Ett kombinerat skyddsärende delas inte upp efter de olika beslutsmyndigheternas behörighet.;analysis;;[]
R-B50-GX020-01:consequence:01;R-B50-GX020-01;B50-GX020;B50;B50 – Tvärgående och sektorsspecifika spår;Fel behörig instans väljs för dispens eller tillstånd;konsekvens;1;Ansökan behöver prövas av rätt myndighet och mot rätt materiella förutsättningar.;source;MB | ARTSKYDD | STRAND;"[""MB"",""ARTSKYDD"",""STRAND""]"
R-B50-GX020-01:consequence:02;R-B50-GX020-01;B50-GX020;B50;B50 – Tvärgående och sektorsspecifika spår;Fel behörig instans väljs för dispens eller tillstånd;konsekvens;2;Ärendet avvisas, överlämnas eller behöver startas om.;analysis;;[]
R-B50-GX020-01:consequence:03;R-B50-GX020-01;B50-GX020;B50;B50 – Tvärgående och sektorsspecifika spår;Fel behörig instans väljs för dispens eller tillstånd;konsekvens;3;Ett felaktigt beslut kan upphävas vid överprövning och byggberedskapen gå förlorad.;analysis;;[]
R-B50-K010-01:trigger:01;R-B50-K010-01;B50-K010;B50;B50 – Tvärgående och sektorsspecifika spår;Okända fornlämningar påträffas sent – Fornsök är inte uttömmande;utlösande faktor;1;En tidigare okänd fornlämning påträffas vid fältinventering eller markarbete.;source;KML;"[""KML""]"
R-B50-K010-01:trigger:02;R-B50-K010-01;B50-K010;B50;B50 – Tvärgående och sektorsspecifika spår;Okända fornlämningar påträffas sent – Fornsök är inte uttömmande;utlösande faktor;2;Register- och arkivscreeningen behandlas som fullständig trots att området inte inventerats systematiskt.;analysis;;[]
R-B50-K010-01:trigger:03;R-B50-K010-01;B50-K010;B50;B50 – Tvärgående och sektorsspecifika spår;Okända fornlämningar påträffas sent – Fornsök är inte uttömmande;utlösande faktor;3;Detaljprojekteringen flyttar schakt eller väg till mark som inte ingick i den tidiga kulturmiljökontrollen.;analysis;;[]
R-B50-K010-01:consequence:01;R-B50-K010-01;B50-K010;B50;B50 – Tvärgående och sektorsspecifika spår;Okända fornlämningar påträffas sent – Fornsök är inte uttömmande;konsekvens;1;Arbetet vid fyndplatsen behöver hanteras enligt kulturmiljölagens regler om fornlämningar och fynd.;source;KML;"[""KML""]"
R-B50-K010-01:consequence:02;R-B50-K010-01;B50-K010;B50;B50 – Tvärgående och sektorsspecifika spår;Okända fornlämningar påträffas sent – Fornsök är inte uttömmande;konsekvens;2;Arkeologisk utredning eller omprojektering behöver genomföras innan markarbetet fortsätter.;analysis;;[]
R-B50-K010-01:consequence:03;R-B50-K010-01;B50-K010;B50;B50 – Tvärgående och sektorsspecifika spår;Okända fornlämningar påträffas sent – Fornsök är inte uttömmande;konsekvens;3;Entreprenadsekvens och kostnad påverkas av ett sent arbetsstopp.;analysis;;[]
R-B50-K010-02:trigger:01;R-B50-K010-02;B50-K010;B50;B50 – Tvärgående och sektorsspecifika spår;Samrådsplikten enligt KML iakttas för sent och förgiftar relationen med länsstyrelsen;utlösande faktor;1;Projektägaren inleder samrådet med länsstyrelsen först efter att lokaliseringen har låsts.;source;KML;"[""KML""]"
R-B50-K010-02:trigger:02;R-B50-K010-02;B50-K010;B50;B50 – Tvärgående och sektorsspecifika spår;Samrådsplikten enligt KML iakttas för sent och förgiftar relationen med länsstyrelsen;utlösande faktor;2;Kulturmiljökompetens kopplas in efter att tekniska och markrättsliga avtal redan utformats.;analysis;;[]
R-B50-K010-02:trigger:03;R-B50-K010-02;B50-K010;B50;B50 – Tvärgående och sektorsspecifika spår;Samrådsplikten enligt KML iakttas för sent och förgiftar relationen med länsstyrelsen;utlösande faktor;3;Projektet underskattar att även kända och möjliga fornlämningar kan kräva tidig samordning.;analysis;;[]
R-B50-K010-02:consequence:01;R-B50-K010-02;B50-K010;B50;B50 – Tvärgående och sektorsspecifika spår;Samrådsplikten enligt KML iakttas för sent och förgiftar relationen med länsstyrelsen;konsekvens;1;Samrådet och eventuell prövning behöver ändå genomföras enligt kulturmiljölagen.;source;KML;"[""KML""]"
R-B50-K010-02:consequence:02;R-B50-K010-02;B50-K010;B50;B50 – Tvärgående och sektorsspecifika spår;Samrådsplikten enligt KML iakttas för sent och förgiftar relationen med länsstyrelsen;konsekvens;2;Länsstyrelsen får mindre utrymme att lösa frågan genom tidig lokalisering och kan behöva kräva mer underlag.;analysis;;[]
R-B50-K010-02:consequence:03;R-B50-K010-02;B50-K010;B50;B50 – Tvärgående och sektorsspecifika spår;Samrådsplikten enligt KML iakttas för sent och förgiftar relationen med länsstyrelsen;konsekvens;3;Projektets förhandlingsläge och relation till berörda kulturmiljöaktörer försämras.;analysis;;[]
R-B50-K020-01:trigger:01;R-B50-K020-01;B50-K020;B50;B50 – Tvärgående och sektorsspecifika spår;Arkeologisk kapacitetsbrist och upphandlingskrav förlänger utredningskedjan;utlösande faktor;1;Länsstyrelsen beslutar att en arkeologisk utredning eller förundersökning ska genomföras.;source;KML;"[""KML""]"
R-B50-K020-01:trigger:02;R-B50-K020-01;B50-K020;B50;B50 – Tvärgående och sektorsspecifika spår;Arkeologisk kapacitetsbrist och upphandlingskrav förlänger utredningskedjan;utlösande faktor;2;Lämpliga arkeologiska utförare saknar kapacitet under det planerade fältfönstret.;analysis;;[]
R-B50-K020-01:trigger:03;R-B50-K020-01;B50-K020;B50;B50 – Tvärgående och sektorsspecifika spår;Arkeologisk kapacitetsbrist och upphandlingskrav förlänger utredningskedjan;utlösande faktor;3;Upphandling, tillstånd eller tillträde är inte klart när fältarbetet skulle börja.;analysis;;[]
R-B50-K020-01:consequence:01;R-B50-K020-01;B50-K020;B50;B50 – Tvärgående och sektorsspecifika spår;Arkeologisk kapacitetsbrist och upphandlingskrav förlänger utredningskedjan;konsekvens;1;Den beslutade arkeologiska undersökningen behöver slutföras och rapporteras enligt kulturmiljöprocessen.;source;KML;"[""KML""]"
R-B50-K020-01:consequence:02;R-B50-K020-01;B50-K020;B50;B50 – Tvärgående och sektorsspecifika spår;Arkeologisk kapacitetsbrist och upphandlingskrav förlänger utredningskedjan;konsekvens;2;Projektering och markarbete i berörda delar skjuts fram.;analysis;;[]
R-B50-K020-01:consequence:03;R-B50-K020-01;B50-K020;B50;B50 – Tvärgående och sektorsspecifika spår;Arkeologisk kapacitetsbrist och upphandlingskrav förlänger utredningskedjan;konsekvens;3;Kostnader uppstår för upphandling, undersökning och omplanerad entreprenad.;analysis;;[]
R-B50-K020-02:trigger:01;R-B50-K020-02;B50-K020;B50;B50 – Tvärgående och sektorsspecifika spår;Utredningsresultatet visar större och värdefullare lämningar än väntat;utlösande faktor;1;Förundersökningen visar att fornlämningen är mer omfattande eller har högre bevarandevärde än tidigare underlag angav.;source;KML;"[""KML""]"
R-B50-K020-02:trigger:02;R-B50-K020-02;B50-K020;B50;B50 – Tvärgående och sektorsspecifika spår;Utredningsresultatet visar större och värdefullare lämningar än väntat;utlösande faktor;2;Registergeometrin underskattar lämningens faktiska utbredning.;analysis;;[]
R-B50-K020-02:trigger:03;R-B50-K020-02;B50-K020;B50;B50 – Tvärgående och sektorsspecifika spår;Utredningsresultatet visar större och värdefullare lämningar än väntat;utlösande faktor;3;Bevarandeförhållandena är bättre än vad skrivbordsstudien förutsatte.;analysis;;[]
R-B50-K020-02:consequence:01;R-B50-K020-02;B50-K020;B50;B50 – Tvärgående och sektorsspecifika spår;Utredningsresultatet visar större och värdefullare lämningar än väntat;konsekvens;1;Den fortsatta prövningen behöver utgå från den faktiska fornlämningens omfattning och betydelse.;source;KML;"[""KML""]"
R-B50-K020-02:consequence:02;R-B50-K020-02;B50-K020;B50;B50 – Tvärgående och sektorsspecifika spår;Utredningsresultatet visar större och värdefullare lämningar än väntat;konsekvens;2;Projekterade anläggningsdelar behöver flyttas eller omarbetas.;analysis;;[]
R-B50-K020-02:consequence:03;R-B50-K020-02;B50-K020;B50;B50 – Tvärgående och sektorsspecifika spår;Utredningsresultatet visar större och värdefullare lämningar än väntat;konsekvens;3;Tidigare projekteringskostnader skrivs av och ingreppsansökans utgång blir mer osäker.;analysis;;[]
R-B50-K030-01:trigger:01;R-B50-K030-01;B50-K030;B50;B50 – Tvärgående och sektorsspecifika spår;Länsstyrelsen avslår ingreppsansökan – fornlämningen ska bevaras;utlösande faktor;1;Fornlämningens betydelse väger i KML-prövningen tyngre än den olägenhet som ett avslag medför för projektet.;source;KML;"[""KML""]"
R-B50-K030-01:trigger:02;R-B50-K030-01;B50-K030;B50;B50 – Tvärgående och sektorsspecifika spår;Länsstyrelsen avslår ingreppsansökan – fornlämningen ska bevaras;utlösande faktor;2;Den valda utformningen medför ett större ingrepp än vad projektets funktion kräver.;analysis;;[]
R-B50-K030-01:trigger:03;R-B50-K030-01;B50-K030;B50;B50 – Tvärgående och sektorsspecifika spår;Länsstyrelsen avslår ingreppsansökan – fornlämningen ska bevaras;utlösande faktor;3;Sökanden har inte visat att en lokalisering som bevarar lämningen saknas.;analysis;;[]
R-B50-K030-01:consequence:01;R-B50-K030-01;B50-K030;B50;B50 – Tvärgående och sektorsspecifika spår;Länsstyrelsen avslår ingreppsansökan – fornlämningen ska bevaras;konsekvens;1;Den sökta ändringen eller borttagningen av fornlämningen får inte genomföras efter avslaget.;source;KML;"[""KML""]"
R-B50-K030-01:consequence:02;R-B50-K030-01;B50-K030;B50;B50 – Tvärgående och sektorsspecifika spår;Länsstyrelsen avslår ingreppsansökan – fornlämningen ska bevaras;konsekvens;2;Väg, ledning eller anläggning behöver omprojekteras.;analysis;;[]
R-B50-K030-01:consequence:03;R-B50-K030-01;B50-K030;B50;B50 – Tvärgående och sektorsspecifika spår;Länsstyrelsen avslår ingreppsansökan – fornlämningen ska bevaras;konsekvens;3;Ny projektering och eventuella följdprövningar förskjuter projektets byggstart.;analysis;;[]
R-B50-K030-02:trigger:01;R-B50-K030-02;B50-K030;B50;B50 – Tvärgående och sektorsspecifika spår;Slutundersökningsvillkoren blir dyrare och långsammare än budgeterat;utlösande faktor;1;Tillståndet till ingrepp förenas med krav på arkeologisk undersökning på exploatörens bekostnad.;source;KML;"[""KML""]"
R-B50-K030-02:trigger:02;R-B50-K030-02;B50-K030;B50;B50 – Tvärgående och sektorsspecifika spår;Slutundersökningsvillkoren blir dyrare och långsammare än budgeterat;utlösande faktor;2;Förundersökningen har underskattat lämningens utbredning eller dokumentationsbehov.;analysis;;[]
R-B50-K030-02:trigger:03;R-B50-K030-02;B50-K030;B50;B50 – Tvärgående och sektorsspecifika spår;Slutundersökningsvillkoren blir dyrare och långsammare än budgeterat;utlösande faktor;3;Fältarbetet kan inte genomföras enligt plan på grund av markförhållanden eller tillgänglig kapacitet.;analysis;;[]
R-B50-K030-02:consequence:01;R-B50-K030-02;B50-K030;B50;B50 – Tvärgående och sektorsspecifika spår;Slutundersökningsvillkoren blir dyrare och långsammare än budgeterat;konsekvens;1;De arkeologiska villkoren behöver uppfyllas innan det villkorsbundna ingreppet genomförs.;source;KML;"[""KML""]"
R-B50-K030-02:consequence:02;R-B50-K030-02;B50-K030;B50;B50 – Tvärgående och sektorsspecifika spår;Slutundersökningsvillkoren blir dyrare och långsammare än budgeterat;konsekvens;2;Kostnaden för undersökning och rapportering blir högre än projektets budget.;analysis;;[]
R-B50-K030-02:consequence:03;R-B50-K030-02;B50-K030;B50;B50 – Tvärgående och sektorsspecifika spår;Slutundersökningsvillkoren blir dyrare och långsammare än budgeterat;konsekvens;3;Markarbetets start och entreprenadsekvens flyttas fram.;analysis;;[]
R-B50-K040-01:trigger:01;R-B50-K040-01;B50-K040;B50;B50 – Tvärgående och sektorsspecifika spår;Överklagat KML-beslut eller ohanterade förstartsvillkor blockerar markarbetet;utlösande faktor;1;Ett beslut om ingrepp i fornlämning överklagas eller har ännu inte fått den rättsliga status som krävs för genomförande.;source;KML;"[""KML""]"
R-B50-K040-01:trigger:02;R-B50-K040-01;B50-K040;B50;B50 – Tvärgående och sektorsspecifika spår;Överklagat KML-beslut eller ohanterade förstartsvillkor blockerar markarbetet;utlösande faktor;2;Projektet har inte planerat in ett bindande villkor om undersökning före schakt.;analysis;;[]
R-B50-K040-01:trigger:03;R-B50-K040-01;B50-K040;B50;B50 – Tvärgående och sektorsspecifika spår;Överklagat KML-beslut eller ohanterade förstartsvillkor blockerar markarbetet;utlösande faktor;3;Byggledningen använder tillståndsbeslutet utan att kontrollera dess senaste överklagande- och villkorsstatus.;analysis;;[]
R-B50-K040-01:consequence:01;R-B50-K040-01;B50-K040;B50;B50 – Tvärgående och sektorsspecifika spår;Överklagat KML-beslut eller ohanterade förstartsvillkor blockerar markarbetet;konsekvens;1;Markarbetet måste följa kulturmiljöbeslutet och dess förstartsvillkor.;source;KML;"[""KML""]"
R-B50-K040-01:consequence:02;R-B50-K040-01;B50-K040;B50;B50 – Tvärgående och sektorsspecifika spår;Överklagat KML-beslut eller ohanterade förstartsvillkor blockerar markarbetet;konsekvens;2;Schaktstarten skjuts upp eller ett påbörjat arbete stoppas.;analysis;;[]
R-B50-K040-01:consequence:03;R-B50-K040-01;B50-K040;B50;B50 – Tvärgående och sektorsspecifika spår;Överklagat KML-beslut eller ohanterade förstartsvillkor blockerar markarbetet;konsekvens;3;Projektet exponeras för tillsyn, avtalskrav och kostnader för ommobilisering.;analysis;;[]
R-B50-M010-01:trigger:01;R-B50-M010-01;B50-M010;B50;B50 – Tvärgående och sektorsspecifika spår;Fyndighetsbevisningen eller företrädet till koncession är otillräckligt;utlösande faktor;1;Ansökan visar inte att en fyndighet som sannolikt kan tillgodogöras ekonomiskt har påträffats.;source;MINERALLAG | SGU_MINING;"[""MINERALLAG"",""SGU_MINING""]"
R-B50-M010-01:trigger:02;R-B50-M010-01;B50-M010;B50;B50 – Tvärgående och sektorsspecifika spår;Fyndighetsbevisningen eller företrädet till koncession är otillräckligt;utlösande faktor;2;Provtagning, modellering eller ekonomiska antaganden ger inte ett tillräckligt sammanhängande fyndighetsunderlag.;analysis;;[]
R-B50-M010-01:trigger:03;R-B50-M010-01;B50-M010;B50;B50 – Tvärgående och sektorsspecifika spår;Fyndighetsbevisningen eller företrädet till koncession är otillräckligt;utlösande faktor;3;En konkurrerande ansökan eller befintlig mineralrätt påverkar sökandens företräde.;source;MINERALLAG;"[""MINERALLAG""]"
R-B50-M010-01:consequence:01;R-B50-M010-01;B50-M010;B50;B50 – Tvärgående och sektorsspecifika spår;Fyndighetsbevisningen eller företrädet till koncession är otillräckligt;konsekvens;1;Bearbetningskoncession kan inte beviljas utan att minerallagens koncessionsförutsättningar är uppfyllda.;source;MINERALLAG;"[""MINERALLAG""]"
R-B50-M010-01:consequence:02;R-B50-M010-01;B50-M010;B50;B50 – Tvärgående och sektorsspecifika spår;Fyndighetsbevisningen eller företrädet till koncession är otillräckligt;konsekvens;2;Ytterligare undersökning och dokumentation behöver tas fram innan projektet kan gå vidare.;analysis;;[]
R-B50-M010-01:consequence:03;R-B50-M010-01;B50-M010;B50;B50 – Tvärgående och sektorsspecifika spår;Fyndighetsbevisningen eller företrädet till koncession är otillräckligt;konsekvens;3;En konkurrent kan få företräde eller den sökta ytan behöva begränsas.;analysis;;[]
R-B50-M010-02:trigger:01;R-B50-M010-02;B50-M010;B50;B50 – Tvärgående och sektorsspecifika spår;Koncessions-MKB:n täcker inte de frågor som ska prövas i koncessionsärendet;utlösande faktor;1;Koncessions-MKB:n saknar underlag för den hushållningsprövning som ska göras i koncessionsärendet.;source;MINERALLAG;"[""MINERALLAG""]"
R-B50-M010-02:trigger:02;R-B50-M010-02;B50-M010;B50;B50 – Tvärgående och sektorsspecifika spår;Koncessions-MKB:n täcker inte de frågor som ska prövas i koncessionsärendet;utlösande faktor;2;Underlaget lägger huvuddelen av analysen på den senare miljötillståndsprövningen i stället för koncessionsfrågorna.;analysis;;[]
R-B50-M010-02:trigger:03;R-B50-M010-02;B50-M010;B50;B50 – Tvärgående och sektorsspecifika spår;Koncessions-MKB:n täcker inte de frågor som ska prövas i koncessionsärendet;utlösande faktor;3;Projektets geografiska anspråk och följdanläggningar är inte tillräckligt tydliga för markanvändningsbedömningen.;analysis;;[]
R-B50-M010-02:consequence:01;R-B50-M010-02;B50-M010;B50;B50 – Tvärgående och sektorsspecifika spår;Koncessions-MKB:n täcker inte de frågor som ska prövas i koncessionsärendet;konsekvens;1;Koncessionsmyndigheten behöver ett underlag som täcker de frågor som minerallagen hänför till koncessionsprövningen.;source;MINERALLAG | SGU_MINING;"[""MINERALLAG"",""SGU_MINING""]"
R-B50-M010-02:consequence:02;R-B50-M010-02;B50-M010;B50;B50 – Tvärgående och sektorsspecifika spår;Koncessions-MKB:n täcker inte de frågor som ska prövas i koncessionsärendet;konsekvens;2;Ansökan behöver kompletteras och MKB-strukturen göras om.;analysis;;[]
R-B50-M010-02:consequence:03;R-B50-M010-02;B50-M010;B50;B50 – Tvärgående och sektorsspecifika spår;Koncessions-MKB:n täcker inte de frågor som ska prövas i koncessionsärendet;konsekvens;3;Koncessionen kan inte beviljas på det befintliga underlaget och efterföljande prövningar förskjuts.;analysis;;[]
R-B50-M020-01:trigger:01;R-B50-M020-01;B50-M020;B50;B50 – Tvärgående och sektorsspecifika spår;Kungörelse och samråd med länsstyrelsen blir en konfliktarena;utlösande faktor;1;Kungörelsen av koncessionsansökan ger berörda aktörer möjlighet att lämna synpunkter i ärendet.;source;MINERALLAG | SGU_MINING;"[""MINERALLAG"",""SGU_MINING""]"
R-B50-M020-01:trigger:02;R-B50-M020-01;B50-M020;B50;B50 – Tvärgående och sektorsspecifika spår;Kungörelse och samråd med länsstyrelsen blir en konfliktarena;utlösande faktor;2;Samebyar, markägare och kommuner invänder mot olika delar av lokaliseringen och markanvändningen.;analysis;;[]
R-B50-M020-01:trigger:03;R-B50-M020-01;B50-M020;B50;B50 – Tvärgående och sektorsspecifika spår;Kungörelse och samråd med länsstyrelsen blir en konfliktarena;utlösande faktor;3;Synpunkterna visar kunskapsluckor som sökanden inte har förberett tekniska svar på.;analysis;;[]
R-B50-M020-01:consequence:01;R-B50-M020-01;B50-M020;B50;B50 – Tvärgående och sektorsspecifika spår;Kungörelse och samråd med länsstyrelsen blir en konfliktarena;konsekvens;1;Bergmästaren behöver bereda relevanta synpunkter och det underlag som krävs för koncessionsprövningen.;source;MINERALLAG;"[""MINERALLAG""]"
R-B50-M020-01:consequence:02;R-B50-M020-01;B50-M020;B50;B50 – Tvärgående och sektorsspecifika spår;Kungörelse och samråd med länsstyrelsen blir en konfliktarena;konsekvens;2;Kompletterings- och kommuniceringsomgångar förlänger ärendet.;analysis;;[]
R-B50-M020-01:consequence:03;R-B50-M020-01;B50-M020;B50;B50 – Tvärgående och sektorsspecifika spår;Kungörelse och samråd med länsstyrelsen blir en konfliktarena;konsekvens;3;Konflikten följer med till senare miljö-, mark- och genomförandeprövningar.;analysis;;[]
R-B50-M020-02:trigger:01;R-B50-M020-02;B50-M020;B50;B50 – Tvärgående och sektorsspecifika spår;Kompletteringsbehov fördröjer koncessionsärendets sakprövning;utlösande faktor;1;Ansökan eller miljöunderlaget saknar en uppgift som behövs för koncessionsprövningen.;source;MINERALLAG | SGU_MINING;"[""MINERALLAG"",""SGU_MINING""]"
R-B50-M020-02:trigger:02;R-B50-M020-02;B50-M020;B50;B50 – Tvärgående och sektorsspecifika spår;Kompletteringsbehov fördröjer koncessionsärendets sakprövning;utlösande faktor;2;Remissvaren aktualiserar ett alternativ eller en markanvändningsfråga som inte analyserats.;analysis;;[]
R-B50-M020-02:trigger:03;R-B50-M020-02;B50-M020;B50;B50 – Tvärgående och sektorsspecifika spår;Kompletteringsbehov fördröjer koncessionsärendets sakprövning;utlösande faktor;3;Fyndighets-, projekt- och MKB-underlagen utgår från olika avgränsningar.;analysis;;[]
R-B50-M020-02:consequence:01;R-B50-M020-02;B50-M020;B50;B50 – Tvärgående och sektorsspecifika spår;Kompletteringsbehov fördröjer koncessionsärendets sakprövning;konsekvens;1;Koncessionsärendet behöver kompletteras och beredas innan sakprövningen kan slutföras.;source;MINERALLAG | FL;"[""MINERALLAG"",""FL""]"
R-B50-M020-02:consequence:02;R-B50-M020-02;B50-M020;B50;B50 – Tvärgående och sektorsspecifika spår;Kompletteringsbehov fördröjer koncessionsärendets sakprövning;konsekvens;2;Koncessionsbeslutet och beroende investeringsbeslut kommer senare.;analysis;;[]
R-B50-M020-02:consequence:03;R-B50-M020-02;B50-M020;B50;B50 – Tvärgående och sektorsspecifika spår;Kompletteringsbehov fördröjer koncessionsärendets sakprövning;konsekvens;3;Projektets finansierings- och genomförandeplan behöver hållas öppen eller revideras.;analysis;;[]
R-B50-M030-01:trigger:01;R-B50-M030-01;B50-M030;B50;B50 – Tvärgående och sektorsspecifika spår;Hänskjutande till regeringen lägger till ett prövningsled med osäker tidsplan;utlösande faktor;1;Bergmästaren bedömer att koncessionsfrågan är särskilt betydelsefull från allmän synpunkt.;source;MINERALLAG;"[""MINERALLAG""]"
R-B50-M030-01:trigger:02;R-B50-M030-01;B50-M030;B50;B50 – Tvärgående och sektorsspecifika spår;Hänskjutande till regeringen lägger till ett prövningsled med osäker tidsplan;utlösande faktor;2;Bergmästaren avser att frångå länsstyrelsens förslag i en hushållningsfråga som omfattas av hänskjutanderegeln.;source;MINERALLAG | MB;"[""MINERALLAG"",""MB""]"
R-B50-M030-01:trigger:03;R-B50-M030-01;B50-M030;B50;B50 – Tvärgående och sektorsspecifika spår;Hänskjutande till regeringen lägger till ett prövningsled med osäker tidsplan;utlösande faktor;3;Projektet har planerat processen som ett slutligt bergmästarbeslut och saknar marginal för regeringsberedning.;analysis;;[]
R-B50-M030-01:consequence:01;R-B50-M030-01;B50-M030;B50;B50 – Tvärgående och sektorsspecifika spår;Hänskjutande till regeringen lägger till ett prövningsled med osäker tidsplan;konsekvens;1;Koncessionsfrågan överlämnas till regeringen i de fall minerallagen föreskriver det.;source;MINERALLAG;"[""MINERALLAG""]"
R-B50-M030-01:consequence:02;R-B50-M030-01;B50-M030;B50;B50 – Tvärgående och sektorsspecifika spår;Hänskjutande till regeringen lägger till ett prövningsled med osäker tidsplan;konsekvens;2;Tidpunkten och utgången för det slutliga beslutet blir svårare att prognostisera.;analysis;;[]
R-B50-M030-01:consequence:03;R-B50-M030-01;B50-M030;B50;B50 – Tvärgående och sektorsspecifika spår;Hänskjutande till regeringen lägger till ett prövningsled med osäker tidsplan;konsekvens;3;Miljö-, mark- och finansieringssteg som förutsätter koncessionen skjuts fram.;analysis;;[]
R-B50-M030-02:trigger:01;R-B50-M030-02;B50-M030;B50;B50 – Tvärgående och sektorsspecifika spår;Koncessionsbeslut angrips genom överklagande eller rättsprövning;utlösande faktor;1;Bergmästarens beslut går en taleberättigad part emot i en fråga som får överklagas till regeringen.;source;MINERALLAG;"[""MINERALLAG""]"
R-B50-M030-02:trigger:02;R-B50-M030-02;B50-M030;B50;B50 – Tvärgående och sektorsspecifika spår;Koncessionsbeslut angrips genom överklagande eller rättsprövning;utlösande faktor;2;Regeringens koncessionsbeslut omfattas i det konkreta fallet av rättsprövningslagens tillämpningsområde.;source;EXT: HFD 2016 ref. 21 https://www.domstol.se/hogsta-forvaltningsdomstolen/avgoranden2/2016/43297/ | EXT: HFD 2024 not. 36, mål 3893-22 https://www.domstol.se/hogsta-forvaltningsdomstolen/avgoranden2/2024/146612/;"[""EXT: HFD 2016 ref. 21 https://www.domstol.se/hogsta-forvaltningsdomstolen/avgoranden2/2016/43297/"",""EXT: HFD 2024 not. 36, mål 3893-22 https://www.domstol.se/hogsta-forvaltningsdomstolen/avgoranden2/2024/146612/""]"
R-B50-M030-02:trigger:03;R-B50-M030-02;B50-M030;B50;B50 – Tvärgående och sektorsspecifika spår;Koncessionsbeslut angrips genom överklagande eller rättsprövning;utlösande faktor;3;Avgörandets markanvändnings- eller processbedömning lämnar en central invändning olöst.;analysis;;[]
R-B50-M030-02:consequence:01;R-B50-M030-02;B50-M030;B50;B50 – Tvärgående och sektorsspecifika spår;Koncessionsbeslut angrips genom överklagande eller rättsprövning;konsekvens;1;Överinstansen eller rättsprövningsdomstolen kan låta beslutet stå fast eller upphäva det inom processens ram.;source;MINERALLAG;"[""MINERALLAG""]"
R-B50-M030-02:consequence:02;R-B50-M030-02;B50-M030;B50;B50 – Tvärgående och sektorsspecifika spår;Koncessionsbeslut angrips genom överklagande eller rättsprövning;konsekvens;2;Koncessionens slutliga användbarhet förblir osäker under prövningen.;analysis;;[]
R-B50-M030-02:consequence:03;R-B50-M030-02;B50-M030;B50;B50 – Tvärgående och sektorsspecifika spår;Koncessionsbeslut angrips genom överklagande eller rättsprövning;konsekvens;3;Ett upphävande kan kräva ny handläggning eller en omarbetad ansökan.;analysis;;[]
R-B50-M030-03:trigger:01;R-B50-M030-03;B50-M030;B50;B50 – Tvärgående och sektorsspecifika spår;Rikskonflikt enligt MB 3–4 kap. fäller avvägningen mot projektet;utlösande faktor;1;Koncessionsområdet berör oförenliga hushållnings- eller riksintressen som ska bedömas enligt miljöbalken.;source;MINERALLAG | MB;"[""MINERALLAG"",""MB""]"
R-B50-M030-03:trigger:02;R-B50-M030-03;B50-M030;B50;B50 – Tvärgående och sektorsspecifika spår;Rikskonflikt enligt MB 3–4 kap. fäller avvägningen mot projektet;utlösande faktor;2;Länsstyrelsens markanvändningsbedömning avviker från projektets lokaliseringsantaganden.;analysis;;[]
R-B50-M030-03:trigger:03;R-B50-M030-03;B50-M030;B50;B50 – Tvärgående och sektorsspecifika spår;Rikskonflikt enligt MB 3–4 kap. fäller avvägningen mot projektet;utlösande faktor;3;Upplag, processanläggningar eller infrastruktur tar större markområden i anspråk än den tidiga intresseanalysen omfattade.;analysis;;[]
R-B50-M030-03:consequence:01;R-B50-M030-03;B50-M030;B50;B50 – Tvärgående och sektorsspecifika spår;Rikskonflikt enligt MB 3–4 kap. fäller avvägningen mot projektet;konsekvens;1;Koncession kan vägras om de tillämpliga markanvändningsförutsättningarna inte är uppfyllda.;source;MINERALLAG | MB;"[""MINERALLAG"",""MB""]"
R-B50-M030-03:consequence:02;R-B50-M030-03;B50-M030;B50;B50 – Tvärgående och sektorsspecifika spår;Rikskonflikt enligt MB 3–4 kap. fäller avvägningen mot projektet;konsekvens;2;Projektets lokalisering eller anläggningslayout behöver ändras väsentligt.;analysis;;[]
R-B50-M030-03:consequence:03;R-B50-M030-03;B50-M030;B50;B50 – Tvärgående och sektorsspecifika spår;Rikskonflikt enligt MB 3–4 kap. fäller avvägningen mot projektet;konsekvens;3;Mindre utvinningsbarhet eller dyrare infrastruktur försämrar projektets ekonomi.;analysis;;[]
R-B50-M040-01:trigger:01;R-B50-M040-01;B50-M040;B50;B50 – Tvärgående och sektorsspecifika spår;Koncessionen räcker inte – miljötillståndet blir den verkliga flaskhalsen;utlösande faktor;1;En bearbetningskoncession ersätter inte det miljötillstånd som gruvverksamheten behöver enligt miljöbalken.;source;MINERALLAG | MB | SGU_MINING;"[""MINERALLAG"",""MB"",""SGU_MINING""]"
R-B50-M040-01:trigger:02;R-B50-M040-01;B50-M040;B50;B50 – Tvärgående och sektorsspecifika spår;Koncessionen räcker inte – miljötillståndet blir den verkliga flaskhalsen;utlösande faktor;2;Projektplanen behandlar koncessionens markanvändningsutfall som om miljöpåverkan redan vore slutligt godkänd.;analysis;;[]
R-B50-M040-01:trigger:03;R-B50-M040-01;B50-M040;B50;B50 – Tvärgående och sektorsspecifika spår;Koncessionen räcker inte – miljötillståndet blir den verkliga flaskhalsen;utlösande faktor;3;Miljötillståndsansökan visar större utsläpp, avfalls- eller vattenrisker än koncessionsunderlaget förutsatte.;analysis;;[]
R-B50-M040-01:consequence:01;R-B50-M040-01;B50-M040;B50;B50 – Tvärgående och sektorsspecifika spår;Koncessionen räcker inte – miljötillståndet blir den verkliga flaskhalsen;konsekvens;1;Gruvverksamheten får inte bedrivas utan det självständiga miljötillstånd som krävs.;source;MB;"[""MB""]"
R-B50-M040-01:consequence:02;R-B50-M040-01;B50-M040;B50;B50 – Tvärgående och sektorsspecifika spår;Koncessionen räcker inte – miljötillståndet blir den verkliga flaskhalsen;konsekvens;2;Tillståndsprövningen kan ge avslag eller villkor som ändrar projektets tekniska och ekonomiska grund.;analysis;;[]
R-B50-M040-01:consequence:03;R-B50-M040-01;B50-M040;B50;B50 – Tvärgående och sektorsspecifika spår;Koncessionen räcker inte – miljötillståndet blir den verkliga flaskhalsen;konsekvens;3;Koncession, projektering och marklösning kan behöva anpassas till miljöprövningens utfall.;analysis;;[]
R-B50-M040-02:trigger:01;R-B50-M040-02;B50-M040;B50;B50 – Tvärgående och sektorsspecifika spår;Natura 2000-tillståndet hänger inte ihop med koncessionens tidplan;utlösande faktor;1;Gruvprojektets verksamhet eller följdåtgärder kan påverka ett Natura 2000-område på ett sätt som kräver tillstånd.;source;MB | NATURA;"[""MB"",""NATURA""]"
R-B50-M040-02:trigger:02;R-B50-M040-02;B50-M040;B50;B50 – Tvärgående och sektorsspecifika spår;Natura 2000-tillståndet hänger inte ihop med koncessionens tidplan;utlösande faktor;2;Koncessionens tidplan och utformning utgår från skyddsåtgärder som inte räcker i Natura-prövningen.;analysis;;[]
R-B50-M040-02:trigger:03;R-B50-M040-02;B50-M040;B50;B50 – Tvärgående och sektorsspecifika spår;Natura 2000-tillståndet hänger inte ihop med koncessionens tidplan;utlösande faktor;3;Natura-underlaget lämnar kvar osäkerhet om skada eller kräver en undantagsbedömning.;analysis;;[]
R-B50-M040-02:consequence:01;R-B50-M040-02;B50-M040;B50;B50 – Tvärgående och sektorsspecifika spår;Natura 2000-tillståndet hänger inte ihop med koncessionens tidplan;konsekvens;1;Koncessionen kan inte ersätta ett Natura 2000-tillstånd som miljöbalken kräver.;source;MINERALLAG | MB;"[""MINERALLAG"",""MB""]"
R-B50-M040-02:consequence:02;R-B50-M040-02;B50-M040;B50;B50 – Tvärgående och sektorsspecifika spår;Natura 2000-tillståndet hänger inte ihop med koncessionens tidplan;konsekvens;2;Projektet behöver omprojekteras eller ta fram ytterligare skydds- och kompensationsunderlag.;analysis;;[]
R-B50-M040-02:consequence:03;R-B50-M040-02;B50-M040;B50;B50 – Tvärgående och sektorsspecifika spår;Natura 2000-tillståndet hänger inte ihop med koncessionens tidplan;konsekvens;3;Gruvstarten förskjuts tills Natura-frågan har fått ett användbart slutligt utfall.;analysis;;[]
R-B50-M040-03:trigger:01;R-B50-M040-03;B50-M040;B50;B50 – Tvärgående och sektorsspecifika spår;Markanvisning och fastighetsrättslig åtkomst halkar efter tillståndsspåren;utlösande faktor;1;Koncessionsinnehavaren saknar avtal eller markanvisning för mark som behövs för gruvdriften.;source;MINERALLAG | SGU_MINING;"[""MINERALLAG"",""SGU_MINING""]"
R-B50-M040-03:trigger:02;R-B50-M040-03;B50-M040;B50;B50 – Tvärgående och sektorsspecifika spår;Markanvisning och fastighetsrättslig åtkomst halkar efter tillståndsspåren;utlösande faktor;2;Markägare och projekt är oeniga om ersättning, områdesgräns eller nyttjandets omfattning.;analysis;;[]
R-B50-M040-03:trigger:03;R-B50-M040-03;B50-M040;B50;B50 – Tvärgående och sektorsspecifika spår;Markanvisning och fastighetsrättslig åtkomst halkar efter tillståndsspåren;utlösande faktor;3;Markbehovet ändras efter miljöprövning eller detaljprojektering och ryms inte i den pågående markprocessen.;analysis;;[]
R-B50-M040-03:consequence:01;R-B50-M040-03;B50-M040;B50;B50 – Tvärgående och sektorsspecifika spår;Markanvisning och fastighetsrättslig åtkomst halkar efter tillståndsspåren;konsekvens;1;Koncessionen ger inte i sig faktisk rätt att ta all nödvändig mark i anspråk utan den markåtkomst som minerallagen kräver.;source;MINERALLAG;"[""MINERALLAG""]"
R-B50-M040-03:consequence:02;R-B50-M040-03;B50-M040;B50;B50 – Tvärgående och sektorsspecifika spår;Markanvisning och fastighetsrättslig åtkomst halkar efter tillståndsspåren;konsekvens;2;Byggstarten blockeras trots att koncession och miljötillstånd finns.;analysis;;[]
R-B50-M040-03:consequence:03;R-B50-M040-03;B50-M040;B50;B50 – Tvärgående och sektorsspecifika spår;Markanvisning och fastighetsrättslig åtkomst halkar efter tillståndsspåren;konsekvens;3;Ersättnings-, markanvisnings- och fastighetsfrågor förlänger och fördyrar genomförandet.;analysis;;[]
R-B50-M050-01:trigger:01;R-B50-M050-01;B50-M050;B50;B50 – Tvärgående och sektorsspecifika spår;Beslutspaketet är inkonsistent – villkor biter inte på varandra;utlösande faktor;1;Koncession, miljötillstånd eller markanvisning anger olika bindande områdesgränser eller skyldigheter.;source;MINERALLAG | MB;"[""MINERALLAG"",""MB""]"
R-B50-M050-01:trigger:02;R-B50-M050-01;B50-M050;B50;B50 – Tvärgående och sektorsspecifika spår;Beslutspaketet är inkonsistent – villkor biter inte på varandra;utlösande faktor;2;Säkerhets-, buller-, damm- eller tidsvillkor har projekterats var för sig utan en gemensam förenlighetskontroll.;analysis;;[]
R-B50-M050-01:trigger:03;R-B50-M050-01;B50-M050;B50;B50 – Tvärgående och sektorsspecifika spår;Beslutspaketet är inkonsistent – villkor biter inte på varandra;utlösande faktor;3;En senare dom eller villkorsändring har inte förts in i det samlade beslutspaketet.;analysis;;[]
R-B50-M050-01:consequence:01;R-B50-M050-01;B50-M050;B50;B50 – Tvärgående och sektorsspecifika spår;Beslutspaketet är inkonsistent – villkor biter inte på varandra;konsekvens;1;Gruvstarten måste hålla sig inom samtliga tillämpliga beslut och villkor.;source;MINERALLAG | MB;"[""MINERALLAG"",""MB""]"
R-B50-M050-01:consequence:02;R-B50-M050-01;B50-M050;B50;B50 – Tvärgående och sektorsspecifika spår;Beslutspaketet är inkonsistent – villkor biter inte på varandra;konsekvens;2;Projektet kan inte få ett entydigt byggklarbesked trots att varje beslut formellt finns.;analysis;;[]
R-B50-M050-01:consequence:03;R-B50-M050-01;B50-M050;B50;B50 – Tvärgående och sektorsspecifika spår;Beslutspaketet är inkonsistent – villkor biter inte på varandra;konsekvens;3;Ändringsprövning eller omprojektering behövs för att göra beslutspaketet genomförbart.;analysis;;[]
R-B50-N010-01:trigger:01;R-B50-N010-01;B50-N010;B50;B50 – Tvärgående och sektorsspecifika spår;Indirekt och kumulativ påverkan underskattas i screeningen;utlösande faktor;1;Screeningen bedömer endast direkt arealintrång och utelämnar relevanta indirekta eller kumulativa effekter på Natura 2000.;source;MB | NATURA;"[""MB"",""NATURA""]"
R-B50-N010-01:trigger:02;R-B50-N010-01;B50-N010;B50;B50 – Tvärgående och sektorsspecifika spår;Indirekt och kumulativ påverkan underskattas i screeningen;utlösande faktor;2;Hydrologiska samband eller störningsavstånd sträcker sig utanför projektets redovisade arbetsområde.;analysis;;[]
R-B50-N010-01:trigger:03;R-B50-N010-01;B50-N010;B50;B50 – Tvärgående och sektorsspecifika spår;Indirekt och kumulativ påverkan underskattas i screeningen;utlösande faktor;3;Andra befintliga eller planerade verksamheter saknas i den samlade påverkan.;analysis;;[]
R-B50-N010-01:consequence:01;R-B50-N010-01;B50-N010;B50;B50 – Tvärgående och sektorsspecifika spår;Indirekt och kumulativ påverkan underskattas i screeningen;konsekvens;1;Natura 2000-tillståndsfrågan behöver bedömas utifrån verksamhetens relevanta samlade påverkan.;source;MB | NATURA;"[""MB"",""NATURA""]"
R-B50-N010-01:consequence:02;R-B50-N010-01;B50-N010;B50;B50 – Tvärgående och sektorsspecifika spår;Indirekt och kumulativ påverkan underskattas i screeningen;konsekvens;2;Projektet behöver öppna ett Natura-spår eller komplettera huvudprövningen sent.;analysis;;[]
R-B50-N010-01:consequence:03;R-B50-N010-01;B50-N010;B50;B50 – Tvärgående och sektorsspecifika spår;Indirekt och kumulativ påverkan underskattas i screeningen;konsekvens;3;Ett tidigare beslut kan angripas och byggberedskapen gå förlorad om Natura-frågan inte hanterats korrekt.;analysis;;[]
R-B50-N010-02:trigger:01;R-B50-N010-02;B50-N010;B50;B50 – Tvärgående och sektorsspecifika spår;Oklar rollfördelning i screeningen mellan projektägare och länsstyrelse;utlösande faktor;1;Projektägaren saknar tillräckligt underlag för att bedöma om åtgärden kan påverka Natura 2000 på ett tillståndspliktigt sätt.;source;MB | NATURA;"[""MB"",""NATURA""]"
R-B50-N010-02:trigger:02;R-B50-N010-02;B50-N010;B50;B50 – Tvärgående och sektorsspecifika spår;Oklar rollfördelning i screeningen mellan projektägare och länsstyrelse;utlösande faktor;2;Projektet väntar på ett informellt ställningstagande i stället för att färdigställa sin egen screening.;analysis;;[]
R-B50-N010-02:trigger:03;R-B50-N010-02;B50-N010;B50;B50 – Tvärgående och sektorsspecifika spår;Oklar rollfördelning i screeningen mellan projektägare och länsstyrelse;utlösande faktor;3;Länsstyrelsen saknar resurser eller projektdata för att lämna ett tydligt tidigt besked.;analysis;;[]
R-B50-N010-02:consequence:01;R-B50-N010-02;B50-N010;B50;B50 – Tvärgående och sektorsspecifika spår;Oklar rollfördelning i screeningen mellan projektägare och länsstyrelse;konsekvens;1;Ett informellt besked från länsstyrelsen ersätter inte den Natura 2000-prövning som krävs om tillståndsplikten i 7 kap. miljöbalken är uppfylld.;source;MB | NATURA;"[""MB"",""NATURA""]"
R-B50-N010-02:consequence:02;R-B50-N010-02;B50-N010;B50;B50 – Tvärgående och sektorsspecifika spår;Oklar rollfördelning i screeningen mellan projektägare och länsstyrelse;konsekvens;2;Projektet saknar säkert mandat att välja mellan fortsatt projektering och full Natura-prövning.;analysis;;[]
R-B50-N010-02:consequence:03;R-B50-N010-02;B50-N010;B50;B50 – Tvärgående och sektorsspecifika spår;Oklar rollfördelning i screeningen mellan projektägare och länsstyrelse;konsekvens;3;Ett informellt besked kan omvärderas när mer underlag kommer fram och tidplanen behöver göras om.;analysis;;[]
R-B50-N020-01:trigger:01;R-B50-N020-01;B50-N020;B50;B50 – Tvärgående och sektorsspecifika spår;Säsongsberoende inventeringar av skyddade värden försenas och förlänger Natura-MKB:n;utlösande faktor;1;Natura-underlaget behöver beskriva de arter, livsmiljöer och ekologiska förhållanden som är relevanta för bevarandesyftet.;source;MB | NATURA;"[""MB"",""NATURA""]"
R-B50-N020-01:trigger:02;R-B50-N020-01;B50-N020;B50;B50 – Tvärgående och sektorsspecifika spår;Säsongsberoende inventeringar av skyddade värden försenas och förlänger Natura-MKB:n;utlösande faktor;2;Projektstarten sker efter att ett relevant inventeringsfönster har passerat.;analysis;;[]
R-B50-N020-01:trigger:03;R-B50-N020-01;B50-N020;B50;B50 – Tvärgående och sektorsspecifika spår;Säsongsberoende inventeringar av skyddade värden försenas och förlänger Natura-MKB:n;utlösande faktor;3;Väder eller vattenföring gör planerad fältdata icke representativ.;analysis;;[]
R-B50-N020-01:consequence:01;R-B50-N020-01;B50-N020;B50;B50 – Tvärgående och sektorsspecifika spår;Säsongsberoende inventeringar av skyddade värden försenas och förlänger Natura-MKB:n;konsekvens;1;Prövningen behöver ett tillräckligt Natura-underlag innan tillståndsfrågan kan avgöras positivt.;source;MB | NATURA;"[""MB"",""NATURA""]"
R-B50-N020-01:consequence:02;R-B50-N020-01;B50-N020;B50;B50 – Tvärgående och sektorsspecifika spår;Säsongsberoende inventeringar av skyddade värden försenas och förlänger Natura-MKB:n;konsekvens;2;Fältarbete och ansökan skjuts till ett lämpligt inventeringstillfälle.;analysis;;[]
R-B50-N020-01:consequence:03;R-B50-N020-01;B50-N020;B50;B50 – Tvärgående och sektorsspecifika spår;Säsongsberoende inventeringar av skyddade värden försenas och förlänger Natura-MKB:n;konsekvens;3;Kompletteringar ökar kostnaden och ett svagare underlag höjer risken för avslag eller återförvisning.;analysis;;[]
R-B50-N020-02:trigger:01;R-B50-N020-02;B50-N020;B50;B50 – Tvärgående och sektorsspecifika spår;Bristfällig alternativ- och kumulativ analys håller inte vid prövning;utlösande faktor;1;Natura-MKB:n saknar en tillräcklig analys av alternativ eller samverkande effekter.;source;MB | NATURA;"[""MB"",""NATURA""]"
R-B50-N020-02:trigger:02;R-B50-N020-02;B50-N020;B50;B50 – Tvärgående och sektorsspecifika spår;Bristfällig alternativ- och kumulativ analys håller inte vid prövning;utlösande faktor;2;Nollalternativet och realistiska lokaliseringar jämförs inte på samma ekologiska underlag.;analysis;;[]
R-B50-N020-02:trigger:03;R-B50-N020-02;B50-N020;B50;B50 – Tvärgående och sektorsspecifika spår;Bristfällig alternativ- och kumulativ analys håller inte vid prövning;utlösande faktor;3;Andra verksamheters påverkan redovisas var för sig men inte i en gemensam bedömning.;analysis;;[]
R-B50-N020-02:consequence:01;R-B50-N020-02;B50-N020;B50;B50 – Tvärgående och sektorsspecifika spår;Bristfällig alternativ- och kumulativ analys håller inte vid prövning;konsekvens;1;Underlaget behöver kompletteras så att Natura-prövningens lagkrav kan bedömas.;source;MB | NATURA;"[""MB"",""NATURA""]"
R-B50-N020-02:consequence:02;R-B50-N020-02;B50-N020;B50;B50 – Tvärgående och sektorsspecifika spår;Bristfällig alternativ- och kumulativ analys håller inte vid prövning;konsekvens;2;Kommunicering och ny expertgranskning förlänger handläggningen.;analysis;;[]
R-B50-N020-02:consequence:03;R-B50-N020-02;B50-N020;B50;B50 – Tvärgående och sektorsspecifika spår;Bristfällig alternativ- och kumulativ analys håller inte vid prövning;konsekvens;3;Projektet kan behöva omprojekteras eller avslås om ett genomförbart alternativ saknas.;analysis;;[]
R-B50-N030-01:trigger:01;R-B50-N030-01;B50-N030;B50;B50 – Tvärgående och sektorsspecifika spår;Natura 2000-frågan lämnas till fel instans eller samordnas inte med huvudprövningen;utlösande faktor;1;Natura 2000-ansökan lämnas till länsstyrelsen trots att en annan miljöbalksprövning enligt 7 kap. 29 b § ska omfatta frågan.;source;MB;"[""MB""]"
R-B50-N030-01:trigger:02;R-B50-N030-01;B50-N030;B50;B50 – Tvärgående och sektorsspecifika spår;Natura 2000-frågan lämnas till fel instans eller samordnas inte med huvudprövningen;utlösande faktor;2;Projektet utgår från organisatorisk närhet i stället för den konkreta behörighetsregeln.;analysis;;[]
R-B50-N030-01:trigger:03;R-B50-N030-01;B50-N030;B50;B50 – Tvärgående och sektorsspecifika spår;Natura 2000-frågan lämnas till fel instans eller samordnas inte med huvudprövningen;utlösande faktor;3;Huvud- och Natura-underlagen ges in parallellt utan gemensam avgränsning eller beslutsstrategi.;analysis;;[]
R-B50-N030-01:consequence:01;R-B50-N030-01;B50-N030;B50;B50 – Tvärgående och sektorsspecifika spår;Natura 2000-frågan lämnas till fel instans eller samordnas inte med huvudprövningen;konsekvens;1;Natura-frågan behöver handläggas av den instans som miljöbalkens samordningsregel anger.;source;MB;"[""MB""]"
R-B50-N030-01:consequence:02;R-B50-N030-01;B50-N030;B50;B50 – Tvärgående och sektorsspecifika spår;Natura 2000-frågan lämnas till fel instans eller samordnas inte med huvudprövningen;konsekvens;2;Ärenden behöver överlämnas, samordnas eller göras om.;analysis;;[]
R-B50-N030-01:consequence:03;R-B50-N030-01;B50-N030;B50;B50 – Tvärgående och sektorsspecifika spår;Natura 2000-frågan lämnas till fel instans eller samordnas inte med huvudprövningen;konsekvens;3;Motstridiga eller tidsmässigt osynkroniserade beslut kan göra huvudtillståndet oanvändbart.;analysis;;[]
R-B50-N030-02:trigger:01;R-B50-N030-02;B50-N030;B50;B50 – Tvärgående och sektorsspecifika spår;Kompletteringsloopar i Natura-ärendet återställer tidplanen;utlösande faktor;1;Prövningsmyndigheten begär komplettering av Natura-underlaget.;source;MB | NATURA;"[""MB"",""NATURA""]"
R-B50-N030-02:trigger:02;R-B50-N030-02;B50-N030;B50;B50 – Tvärgående och sektorsspecifika spår;Kompletteringsloopar i Natura-ärendet återställer tidplanen;utlösande faktor;2;Kompletteringen introducerar ny projektutformning eller nya miljöuppgifter som behöver kommuniceras.;analysis;;[]
R-B50-N030-02:trigger:03;R-B50-N030-02;B50-N030;B50;B50 – Tvärgående och sektorsspecifika spår;Kompletteringsloopar i Natura-ärendet återställer tidplanen;utlösande faktor;3;Varje svar lämnar kvar en annan kunskapslucka om påverkan eller skyddsåtgärd.;analysis;;[]
R-B50-N030-02:consequence:01;R-B50-N030-02;B50-N030;B50;B50 – Tvärgående och sektorsspecifika spår;Kompletteringsloopar i Natura-ärendet återställer tidplanen;konsekvens;1;Det kompletterade materialet behöver beredas innan Natura-beslutet kan meddelas.;source;MB;"[""MB""]"
R-B50-N030-02:consequence:02;R-B50-N030-02;B50-N030;B50;B50 – Tvärgående och sektorsspecifika spår;Kompletteringsloopar i Natura-ärendet återställer tidplanen;konsekvens;2;Konsult-, fält- och expertkostnader ökar.;analysis;;[]
R-B50-N030-02:consequence:03;R-B50-N030-02;B50-N030;B50;B50 – Tvärgående och sektorsspecifika spår;Kompletteringsloopar i Natura-ärendet återställer tidplanen;konsekvens;3;Huvudprojektets byggstart förblir osäker medan kompletteringsloopen pågår.;analysis;;[]
R-B50-N050-01:trigger:01;R-B50-N050-01;B50-N050;B50;B50 – Tvärgående och sektorsspecifika spår;Omprojekteringen skapar ny kumulativ påverkan och nollställer underlaget;utlösande faktor;1;Den omprojekterade lokaliseringen berör ett annat skyddat område eller värde som kräver ny bedömning.;source;MB | NATURA | KML | STRAND;"[""MB"",""NATURA"",""KML"",""STRAND""]"
R-B50-N050-01:trigger:02;R-B50-N050-01;B50-N050;B50;B50 – Tvärgående och sektorsspecifika spår;Omprojekteringen skapar ny kumulativ påverkan och nollställer underlaget;utlösande faktor;2;Den nya utformningen ligger utanför tidigare inventeringsområde.;analysis;;[]
R-B50-N050-01:trigger:03;R-B50-N050-01;B50-N050;B50;B50 – Tvärgående och sektorsspecifika spår;Omprojekteringen skapar ny kumulativ påverkan och nollställer underlaget;utlösande faktor;3;Flyttad påverkan samverkar med andra projekt på ett sätt som den gamla kumulativa analysen inte täcker.;analysis;;[]
R-B50-N050-01:consequence:01;R-B50-N050-01;B50-N050;B50;B50 – Tvärgående och sektorsspecifika spår;Omprojekteringen skapar ny kumulativ påverkan och nollställer underlaget;konsekvens;1;Den nya utformningen behöver prövas mot de skyddsregler som gäller för den nya platsen.;source;MB | NATURA;"[""MB"",""NATURA""]"
R-B50-N050-01:consequence:02;R-B50-N050-01;B50-N050;B50;B50 – Tvärgående och sektorsspecifika spår;Omprojekteringen skapar ny kumulativ påverkan och nollställer underlaget;konsekvens;2;Inventering, ansökan och samråd behöver delvis göras om.;analysis;;[]
R-B50-N050-01:consequence:03;R-B50-N050-01;B50-N050;B50;B50 – Tvärgående och sektorsspecifika spår;Omprojekteringen skapar ny kumulativ påverkan och nollställer underlaget;konsekvens;3;Upprepade omlokaliseringar kan visa att ingen praktiskt genomförbar korridor återstår.;analysis;;[]
R-B50-N050-02:trigger:01;R-B50-N050-02;B50-N050;B50;B50 – Tvärgående och sektorsspecifika spår;Undantagsvägen i 29 § är politisk och oförutsägbar;utlösande faktor;1;Projektet kan inte uppfylla den ordinarie Natura 2000-förutsättningen och åberopar undantagsregeln i 7 kap. 29 § miljöbalken.;source;MB | NATURA;"[""MB"",""NATURA""]"
R-B50-N050-02:trigger:02;R-B50-N050-02;B50-N050;B50;B50 – Tvärgående och sektorsspecifika spår;Undantagsvägen i 29 § är politisk och oförutsägbar;utlösande faktor;2;Sökanden bedömer att projektintresset är tvingande utan att tillräckligt visa alternativ och kompensation.;analysis;;[]
R-B50-N050-02:trigger:03;R-B50-N050-02;B50-N050;B50;B50 – Tvärgående och sektorsspecifika spår;Undantagsvägen i 29 § är politisk och oförutsägbar;utlösande faktor;3;Projektplanen saknar marginal för regeringens självständiga bedömning och ett eventuellt rättsprövningsspår.;analysis;;[]
R-B50-N050-02:consequence:01;R-B50-N050-02;B50-N050;B50;B50 – Tvärgående och sektorsspecifika spår;Undantagsvägen i 29 § är politisk och oförutsägbar;konsekvens;1;Undantagsvägen kräver att samtliga lagstadgade förutsättningar, inklusive kompensation, är uppfyllda.;source;MB | NATURA;"[""MB"",""NATURA""]"
R-B50-N050-02:consequence:02;R-B50-N050-02;B50-N050;B50;B50 – Tvärgående och sektorsspecifika spår;Undantagsvägen i 29 § är politisk och oförutsägbar;konsekvens;2;Regeringsberedning och möjlig efterföljande prövning förlänger osäkerheten.;analysis;;[]
R-B50-N050-02:consequence:03;R-B50-N050-02;B50-N050;B50;B50 – Tvärgående och sektorsspecifika spår;Undantagsvägen i 29 § är politisk och oförutsägbar;konsekvens;3;Ett avslag innebär omlokalisering, begränsning eller att projektet avbryts.;analysis;;[]
R-B50-N050-03:trigger:01;R-B50-N050-03;B50-N050;B50;B50 – Tvärgående och sektorsspecifika spår;Kompensationsåtgärdernas ekologiska effekt är osäker och kan undermineras i efterhand;utlösande faktor;1;Undantagsansökan bygger på kompensationsåtgärder vars ekologiska funktion behöver vara säkerställd enligt Natura-reglerna.;source;MB | NATURA;"[""MB"",""NATURA""]"
R-B50-N050-03:trigger:02;R-B50-N050-03;B50-N050;B50;B50 – Tvärgående och sektorsspecifika spår;Kompensationsåtgärdernas ekologiska effekt är osäker och kan undermineras i efterhand;utlösande faktor;2;Den avsedda kompensationsplatsen saknar långsiktig rådighet eller rätt ekologiska förutsättningar.;analysis;;[]
R-B50-N050-03:trigger:03;R-B50-N050-03;B50-N050;B50;B50 – Tvärgående och sektorsspecifika spår;Kompensationsåtgärdernas ekologiska effekt är osäker och kan undermineras i efterhand;utlösande faktor;3;Tidsfördröjningen mellan skada och uppnådd kompensation har underskattats.;analysis;;[]
R-B50-N050-03:consequence:01;R-B50-N050-03;B50-N050;B50;B50 – Tvärgående och sektorsspecifika spår;Kompensationsåtgärdernas ekologiska effekt är osäker och kan undermineras i efterhand;konsekvens;1;Tillåtelse kan inte grundas på kompensation som inte uppfyller Natura-reglernas krav.;source;MB | NATURA;"[""MB"",""NATURA""]"
R-B50-N050-03:consequence:02;R-B50-N050-03;B50-N050;B50;B50 – Tvärgående och sektorsspecifika spår;Kompensationsåtgärdernas ekologiska effekt är osäker och kan undermineras i efterhand;konsekvens;2;Byggstarten skjuts fram medan åtgärden säkras, genomförs eller verifieras.;analysis;;[]
R-B50-N050-03:consequence:03;R-B50-N050-03;B50-N050;B50;B50 – Tvärgående och sektorsspecifika spår;Kompensationsåtgärdernas ekologiska effekt är osäker och kan undermineras i efterhand;konsekvens;3;Osäker funktion skapar långvariga kontroll-, tillsyns- och tvistfrågor.;analysis;;[]
R-B50-N060-01:trigger:01;R-B50-N060-01;B50-N060;B50;B50 – Tvärgående och sektorsspecifika spår;Överklagande i Natura-spåret kan förskjuta byggstarten;utlösande faktor;1;En taleberättigad organisation eller enskild överklagar Natura-beslutet.;source;MB | MMDL | NATURA;"[""MB"",""MMDL"",""NATURA""]"
R-B50-N060-01:trigger:02;R-B50-N060-01;B50-N060;B50;B50 – Tvärgående och sektorsspecifika spår;Överklagande i Natura-spåret kan förskjuta byggstarten;utlösande faktor;2;Projektägaren överklagar ett avslag eller villkor som gör utformningen oanvändbar.;analysis;;[]
R-B50-N060-01:trigger:03;R-B50-N060-01;B50-N060;B50;B50 – Tvärgående och sektorsspecifika spår;Överklagande i Natura-spåret kan förskjuta byggstarten;utlösande faktor;3;Bevisvärderingen om skada eller skyddsåtgärd lämnar en fråga som kan ändras i högre instans.;analysis;;[]
R-B50-N060-01:consequence:01;R-B50-N060-01;B50-N060;B50;B50 – Tvärgående och sektorsspecifika spår;Överklagande i Natura-spåret kan förskjuta byggstarten;konsekvens;1;Natura-frågan handläggs vidare i den tillämpliga domstolskedjan.;source;MB | MMDL;"[""MB"",""MMDL""]"
R-B50-N060-01:consequence:02;R-B50-N060-01;B50-N060;B50;B50 – Tvärgående och sektorsspecifika spår;Överklagande i Natura-spåret kan förskjuta byggstarten;konsekvens;2;Den berörda åtgärdens byggberedskap skjuts fram eller blir villkorad av överprövningens utfall.;analysis;;[]
R-B50-N060-01:consequence:03;R-B50-N060-01;B50-N060;B50;B50 – Tvärgående och sektorsspecifika spår;Överklagande i Natura-spåret kan förskjuta byggstarten;konsekvens;3;Avgörandet kan kräva nya utredningar, omprojektering eller avslut av projektet.;analysis;;[]
R-B50-N060-02:trigger:01;R-B50-N060-02;B50-N060;B50;B50 – Tvärgående och sektorsspecifika spår;Natura-villkor kolliderar med huvudtillståndets villkor;utlösande faktor;1;Natura-beslutet och huvudtillståndet innehåller bindande villkor som inte är inbördes förenliga.;source;MB;"[""MB""]"
R-B50-N060-02:trigger:02;R-B50-N060-02;B50-N060;B50;B50 – Tvärgående och sektorsspecifika spår;Natura-villkor kolliderar med huvudtillståndets villkor;utlösande faktor;2;Besluten har meddelats av olika instanser utifrån olika projektversioner.;analysis;;[]
R-B50-N060-02:trigger:03;R-B50-N060-02;B50-N060;B50;B50 – Tvärgående och sektorsspecifika spår;Natura-villkor kolliderar med huvudtillståndets villkor;utlösande faktor;3;Skyddstider, uppföljning eller tekniska åtgärder har inte jämförts före finalitet.;analysis;;[]
R-B50-N060-02:consequence:01;R-B50-N060-02;B50-N060;B50;B50 – Tvärgående och sektorsspecifika spår;Natura-villkor kolliderar med huvudtillståndets villkor;konsekvens;1;Projektet måste följa samtliga tillämpliga villkor, även när kombinationen blir mer begränsande än ett enskilt beslut.;source;MB;"[""MB""]"
R-B50-N060-02:consequence:02;R-B50-N060-02;B50-N060;B50;B50 – Tvärgående och sektorsspecifika spår;Natura-villkor kolliderar med huvudtillståndets villkor;konsekvens;2;Drift eller byggande behöver begränsas medan konflikten klarläggs.;analysis;;[]
R-B50-N060-02:consequence:03;R-B50-N060-02;B50-N060;B50;B50 – Tvärgående och sektorsspecifika spår;Natura-villkor kolliderar med huvudtillståndets villkor;konsekvens;3;Villkorsändring eller omprövning kan behövas i ett eller flera spår.;analysis;;[]
R-B50-N060-03:trigger:01;R-B50-N060-03;B50-N060;B50;B50 – Tvärgående och sektorsspecifika spår;Beslutet är inte verkställbart – laga kraft missförstås och arbete stoppas;utlösande faktor;1;Projektet planerar arbete med stöd av ett Natura-beslut som är överklagat och saknar tillämplig verkställighetsrätt.;source;MB | MMDL;"[""MB"",""MMDL""]"
R-B50-N060-03:trigger:02;R-B50-N060-03;B50-N060;B50;B50 – Tvärgående och sektorsspecifika spår;Beslutet är inte verkställbart – laga kraft missförstås och arbete stoppas;utlösande faktor;2;Byggledningen likställer ett meddelat beslut med laga kraft.;analysis;;[]
R-B50-N060-03:trigger:03;R-B50-N060-03;B50-N060;B50;B50 – Tvärgående och sektorsspecifika spår;Beslutet är inte verkställbart – laga kraft missförstås och arbete stoppas;utlösande faktor;3;Överklagande- och inhibitionsstatus har inte uppdaterats i projektets startkontroll.;analysis;;[]
R-B50-N060-03:consequence:01;R-B50-N060-03;B50-N060;B50;B50 – Tvärgående och sektorsspecifika spår;Beslutet är inte verkställbart – laga kraft missförstås och arbete stoppas;konsekvens;1;Åtgärden får inte genomföras innan beslutet kan användas enligt den tillämpliga processordningen.;source;MB | MMDL;"[""MB"",""MMDL""]"
R-B50-N060-03:consequence:02;R-B50-N060-03;B50-N060;B50;B50 – Tvärgående och sektorsspecifika spår;Beslutet är inte verkställbart – laga kraft missförstås och arbete stoppas;konsekvens;2;Planerat eller påbörjat arbete behöver stoppas.;analysis;;[]
R-B50-N060-03:consequence:03;R-B50-N060-03;B50-N060;B50;B50 – Tvärgående och sektorsspecifika spår;Beslutet är inte verkställbart – laga kraft missförstås och arbete stoppas;konsekvens;3;Entreprenad-, återställnings- och tillsynskostnader kan uppstå under väntetiden.;analysis;;[]
R-B50-P010-01:trigger:01;R-B50-P010-01;B50-P010;B50;B50 – Tvärgående och sektorsspecifika spår;Kommunens planmonopol: ovilja eller köstopp stoppar projektet i förhand;utlösande faktor;1;Kommunen bedömer att projektet kräver detaljplan men beslutar inte att inleda eller fullfölja planläggningen.;source;PBL | PBL_PLAN;"[""PBL"",""PBL_PLAN""]"
R-B50-P010-01:trigger:02;R-B50-P010-01;B50-P010;B50;B50 – Tvärgående och sektorsspecifika spår;Kommunens planmonopol: ovilja eller köstopp stoppar projektet i förhand;utlösande faktor;2;Kommunens politiska majoritet prioriterar andra markanvändningsintressen.;analysis;;[]
R-B50-P010-01:trigger:03;R-B50-P010-01;B50-P010;B50;B50 – Tvärgående och sektorsspecifika spår;Kommunens planmonopol: ovilja eller köstopp stoppar projektet i förhand;utlösande faktor;3;Planorganisationens kapacitet läggs på andra ärenden trots projektets önskade tidplan.;analysis;;[]
R-B50-P010-01:consequence:01;R-B50-P010-01;B50-P010;B50;B50 – Tvärgående och sektorsspecifika spår;Kommunens planmonopol: ovilja eller köstopp stoppar projektet i förhand;konsekvens;1;Projektägaren kan inte själv anta den detaljplan som åtgärden behöver enligt plan- och bygglagen.;source;PBL;"[""PBL""]"
R-B50-P010-01:consequence:02;R-B50-P010-01;B50-P010;B50;B50 – Tvärgående och sektorsspecifika spår;Kommunens planmonopol: ovilja eller köstopp stoppar projektet i förhand;konsekvens;2;Projektet behöver avvakta, ändras eller söka en annan lokalisering.;analysis;;[]
R-B50-P010-01:consequence:03;R-B50-P010-01;B50-P010;B50;B50 – Tvärgående och sektorsspecifika spår;Kommunens planmonopol: ovilja eller köstopp stoppar projektet i förhand;konsekvens;3;Miljö-, mark- och investeringsarbete för den valda platsen tappar värde om planen inte drivs vidare.;analysis;;[]
R-B50-P010-02:trigger:01;R-B50-P010-02;B50-P010;B50;B50 – Tvärgående och sektorsspecifika spår;Felbedömt planbehov: projektet bedöms inte kräva plan – och tvingas ändå till det sent;utlösande faktor;1;Den slutliga åtgärdens omfattning eller omgivningspåverkan når den nivå där PBL:s planläggningskrav aktualiseras.;source;PBL | PBL_PLAN;"[""PBL"",""PBL_PLAN""]"
R-B50-P010-02:trigger:02;R-B50-P010-02;B50-P010;B50;B50 – Tvärgående och sektorsspecifika spår;Felbedömt planbehov: projektet bedöms inte kräva plan – och tvingas ändå till det sent;utlösande faktor;2;Projektets omfattning eller omgivningspåverkan växer efter det informella beskedet.;analysis;;[]
R-B50-P010-02:trigger:03;R-B50-P010-02;B50-P010;B50;B50 – Tvärgående och sektorsspecifika spår;Felbedömt planbehov: projektet bedöms inte kräva plan – och tvingas ändå till det sent;utlösande faktor;3;Befintlig plans användning, byggrätt eller genomförandeförutsättningar har tolkats för generöst.;analysis;;[]
R-B50-P010-02:consequence:01;R-B50-P010-02;B50-P010;B50;B50 – Tvärgående och sektorsspecifika spår;Felbedömt planbehov: projektet bedöms inte kräva plan – och tvingas ändå till det sent;konsekvens;1;Den nödvändiga planprocessen måste genomföras innan de planberoende besluten kan bära projektet.;source;PBL;"[""PBL""]"
R-B50-P010-02:consequence:02;R-B50-P010-02;B50-P010;B50;B50 – Tvärgående och sektorsspecifika spår;Felbedömt planbehov: projektet bedöms inte kräva plan – och tvingas ändå till det sent;konsekvens;2;Lov eller andra beslut som byggt på fel planbedömning kan upphävas.;analysis;;[]
R-B50-P010-02:consequence:03;R-B50-P010-02;B50-P010;B50;B50 – Tvärgående och sektorsspecifika spår;Felbedömt planbehov: projektet bedöms inte kräva plan – och tvingas ändå till det sent;konsekvens;3;PBL- och miljöspåren behöver samordnas på nytt mot den kommande planen.;analysis;;[]
R-B50-P020-01:trigger:01;R-B50-P020-01;B50-P020;B50;B50 – Tvärgående och sektorsspecifika spår;Lokal opinion och samrådsmotstånd förlänger eller omkullkastar planarbetet;utlösande faktor;1;Samråd eller granskning ger in synpunkter som kommunen behöver ta ställning till i planprocessen.;source;PBL | PBL_PLAN;"[""PBL"",""PBL_PLAN""]"
R-B50-P020-01:trigger:02;R-B50-P020-01;B50-P020;B50;B50 – Tvärgående och sektorsspecifika spår;Lokal opinion och samrådsmotstånd förlänger eller omkullkastar planarbetet;utlösande faktor;2;Många berörda motsätter sig lokalisering, trafik, störningar eller förändrad landskapsbild.;analysis;;[]
R-B50-P020-01:trigger:03;R-B50-P020-01;B50-P020;B50;B50 – Tvärgående och sektorsspecifika spår;Lokal opinion och samrådsmotstånd förlänger eller omkullkastar planarbetet;utlösande faktor;3;Det politiska stödet minskar när motståndet blir synligt inför antagandebeslutet.;analysis;;[]
R-B50-P020-01:consequence:01;R-B50-P020-01;B50-P020;B50;B50 – Tvärgående och sektorsspecifika spår;Lokal opinion och samrådsmotstånd förlänger eller omkullkastar planarbetet;konsekvens;1;Kommunen behöver behandla relevanta synpunkter innan detaljplanen antas.;source;PBL | PBL_PLAN;"[""PBL"",""PBL_PLAN""]"
R-B50-P020-01:consequence:02;R-B50-P020-01;B50-P020;B50;B50 – Tvärgående och sektorsspecifika spår;Lokal opinion och samrådsmotstånd förlänger eller omkullkastar planarbetet;konsekvens;2;Planförslaget kompletteras eller omarbetas och processen förlängs.;analysis;;[]
R-B50-P020-01:consequence:03;R-B50-P020-01;B50-P020;B50;B50 – Tvärgående och sektorsspecifika spår;Lokal opinion och samrådsmotstånd förlänger eller omkullkastar planarbetet;konsekvens;3;Kommunen kan välja att avbryta planarbetet eller anta en mer begränsad plan.;analysis;;[]
R-B50-P020-02:trigger:01;R-B50-P020-02;B50-P020;B50;B50 – Tvärgående och sektorsspecifika spår;Länsstyrelsens riksintressebevakning stoppar planförslaget;utlösande faktor;1;Länsstyrelsen bedömer att planförslaget inte tillgodoser ett statligt intresse som ska bevakas enligt PBL.;source;PBL | MB;"[""PBL"",""MB""]"
R-B50-P020-02:trigger:02;R-B50-P020-02;B50-P020;B50;B50 – Tvärgående och sektorsspecifika spår;Länsstyrelsens riksintressebevakning stoppar planförslaget;utlösande faktor;2;Kommunens underlag underskattar påverkan på rennäring, natur-, kultur- eller försvarsintresse.;analysis;;[]
R-B50-P020-02:trigger:03;R-B50-P020-02;B50-P020;B50;B50 – Tvärgående och sektorsspecifika spår;Länsstyrelsens riksintressebevakning stoppar planförslaget;utlösande faktor;3;Planförslaget låser markanvändningen innan en konflikt mellan riksintressen har utretts.;analysis;;[]
R-B50-P020-02:consequence:01;R-B50-P020-02;B50-P020;B50;B50 – Tvärgående och sektorsspecifika spår;Länsstyrelsens riksintressebevakning stoppar planförslaget;konsekvens;1;Kommunen behöver hantera länsstyrelsens invändning för att minska risken för statlig överprövning eller upphävande.;source;PBL;"[""PBL""]"
R-B50-P020-02:consequence:02;R-B50-P020-02;B50-P020;B50;B50 – Tvärgående och sektorsspecifika spår;Länsstyrelsens riksintressebevakning stoppar planförslaget;konsekvens;2;Planen omarbetas, begränsas eller läggs ned.;analysis;;[]
R-B50-P020-02:consequence:03;R-B50-P020-02;B50-P020;B50;B50 – Tvärgående och sektorsspecifika spår;Länsstyrelsens riksintressebevakning stoppar planförslaget;konsekvens;3;Konflikten fortsätter in i parallella miljö-, mineral- eller genomförandespår.;analysis;;[]
R-B50-P030-01:trigger:01;R-B50-P030-01;B50-P030;B50;B50 – Tvärgående och sektorsspecifika spår;Antagen detaljplan överklagas och laga kraft skjuts upp;utlösande faktor;1;En person eller organisation med klagorätt överklagar detaljplanens antagandebeslut inom föreskriven tid.;source;PBL | PBL_PLAN;"[""PBL"",""PBL_PLAN""]"
R-B50-P030-01:trigger:02;R-B50-P030-01;B50-P030;B50;B50 – Tvärgående och sektorsspecifika spår;Antagen detaljplan överklagas och laga kraft skjuts upp;utlösande faktor;2;Samrådssynpunkter om lokalisering eller omgivningspåverkan har inte fått den ändring klaganden begärt.;analysis;;[]
R-B50-P030-01:trigger:03;R-B50-P030-01;B50-P030;B50;B50 – Tvärgående och sektorsspecifika spår;Antagen detaljplan överklagas och laga kraft skjuts upp;utlösande faktor;3;Kungörelse och intern finalitetskontroll ligger så nära varandra att ett sent överklagande missas.;analysis;;[]
R-B50-P030-01:consequence:01;R-B50-P030-01;B50-P030;B50;B50 – Tvärgående och sektorsspecifika spår;Antagen detaljplan överklagas och laga kraft skjuts upp;konsekvens;1;Antagandebeslutets laga kraft avvaktar den fortsatta överklagandeprocessen.;source;PBL | COURT_APPEAL;"[""PBL"",""COURT_APPEAL""]"
R-B50-P030-01:consequence:02;R-B50-P030-01;B50-P030;B50;B50 – Tvärgående och sektorsspecifika spår;Antagen detaljplan överklagas och laga kraft skjuts upp;konsekvens;2;Planberoende lov, startbesked och investeringsbeslut skjuts fram.;analysis;;[]
R-B50-P030-01:consequence:03;R-B50-P030-01;B50-P030;B50;B50 – Tvärgående och sektorsspecifika spår;Antagen detaljplan överklagas och laga kraft skjuts upp;konsekvens;3;Planen kan ändras eller upphävas och behöva tas om i kommunen.;analysis;;[]
R-B50-P030-02:trigger:01;R-B50-P030-02;B50-P030;B50;B50 – Tvärgående och sektorsspecifika spår;Detaljplanen upphävs i domstol och planarbetet måste göras om;utlösande faktor;1;Detaljplanens materiella innehåll eller handläggning uppfyller inte ett krav i PBL som kan medföra upphävande vid överprövning.;source;PBL;"[""PBL""]"
R-B50-P030-02:trigger:02;R-B50-P030-02;B50-P030;B50;B50 – Tvärgående och sektorsspecifika spår;Detaljplanen upphävs i domstol och planarbetet måste göras om;utlösande faktor;2;Planens anpassning till omgivningen eller riksintresseavvägning är otillräckligt underbyggd.;analysis;;[]
R-B50-P030-02:trigger:03;R-B50-P030-02;B50-P030;B50;B50 – Tvärgående och sektorsspecifika spår;Detaljplanen upphävs i domstol och planarbetet måste göras om;utlösande faktor;3;Samråd, granskning eller beslutsunderlag har hanterats på ett sätt som kan ha påverkat utgången.;analysis;;[]
R-B50-P030-02:consequence:01;R-B50-P030-02;B50-P030;B50;B50 – Tvärgående och sektorsspecifika spår;Detaljplanen upphävs i domstol och planarbetet måste göras om;konsekvens;1;Den upphävda detaljplanen kan inte användas som planstöd för projektets genomförande.;source;PBL;"[""PBL""]"
R-B50-P030-02:consequence:02;R-B50-P030-02;B50-P030;B50;B50 – Tvärgående och sektorsspecifika spår;Detaljplanen upphävs i domstol och planarbetet måste göras om;konsekvens;2;Kommunen behöver omarbeta och återuppta planprocessen om projektet ska fortsätta.;analysis;;[]
R-B50-P030-02:consequence:03;R-B50-P030-02;B50-P030;B50;B50 – Tvärgående och sektorsspecifika spår;Detaljplanen upphävs i domstol och planarbetet måste göras om;konsekvens;3;Lov-, miljö- och projekteringssteg som byggt på planen måste ses över.;analysis;;[]
R-B50-P030-03:trigger:01;R-B50-P030-03;B50-P030;B50;B50 – Tvärgående och sektorsspecifika spår;Planens laga kraft avvaktar inte miljöprövningens – beroendekrock mellan spåren;utlösande faktor;1;Detaljplanen och miljötillståndet bygger på olika bindande plan- eller projektförutsättningar.;source;PBL | MB;"[""PBL"",""MB""]"
R-B50-P030-03:trigger:02;R-B50-P030-03;B50-P030;B50;B50 – Tvärgående och sektorsspecifika spår;Planens laga kraft avvaktar inte miljöprövningens – beroendekrock mellan spåren;utlösande faktor;2;Ett av besluten har vunnit laga kraft före en senare ändring i det andra spåret.;analysis;;[]
R-B50-P030-03:trigger:03;R-B50-P030-03;B50-P030;B50;B50 – Tvärgående och sektorsspecifika spår;Planens laga kraft avvaktar inte miljöprövningens – beroendekrock mellan spåren;utlösande faktor;3;Geografi, kapacitet eller skyddsåtgärder har inte versionssamordnats mellan plan- och miljöunderlagen.;analysis;;[]
R-B50-P030-03:consequence:01;R-B50-P030-03;B50-P030;B50;B50 – Tvärgående och sektorsspecifika spår;Planens laga kraft avvaktar inte miljöprövningens – beroendekrock mellan spåren;konsekvens;1;Genomförandet behöver vara förenligt med både detaljplanen och miljötillståndet.;source;PBL | MB;"[""PBL"",""MB""]"
R-B50-P030-03:consequence:02;R-B50-P030-03;B50-P030;B50;B50 – Tvärgående och sektorsspecifika spår;Planens laga kraft avvaktar inte miljöprövningens – beroendekrock mellan spåren;konsekvens;2;Ett redan meddelat beslut kan behöva ändras eller ett nytt beslut sökas.;analysis;;[]
R-B50-P030-03:consequence:03;R-B50-P030-03;B50-P030;B50;B50 – Tvärgående och sektorsspecifika spår;Planens laga kraft avvaktar inte miljöprövningens – beroendekrock mellan spåren;konsekvens;3;Bygglov och startbesked förskjuts tills inkonsekvensen har lösts.;analysis;;[]
R-B50-P040-01:trigger:01;R-B50-P040-01;B50-P040;B50;B50 – Tvärgående och sektorsspecifika spår;Lovansökan krockar med icke lagakraftvunnen plan eller kvarstående överklaganderisker;utlösande faktor;1;Lovärendet bygger på ett planbeslut som ännu kan ändras eller upphävas, även om lov enligt 9 kap. 81 § PBL kan ges med villkor om att planen får laga kraft.;source;PBL | PBL_PLAN;"[""PBL"",""PBL_PLAN""]"
R-B50-P040-01:trigger:02;R-B50-P040-01;B50-P040;B50;B50 – Tvärgående och sektorsspecifika spår;Lovansökan krockar med icke lagakraftvunnen plan eller kvarstående överklaganderisker;utlösande faktor;2;Projektet underskattar sannolikheten att antagandebeslutet överklagas eller upphävs.;analysis;;[]
R-B50-P040-01:trigger:03;R-B50-P040-01;B50-P040;B50;B50 – Tvärgående och sektorsspecifika spår;Lovansökan krockar med icke lagakraftvunnen plan eller kvarstående överklaganderisker;utlösande faktor;3;Lovhandlingarna färdigställs mot en planversion som ändras under överprövningen.;analysis;;[]
R-B50-P040-01:consequence:01;R-B50-P040-01;B50-P040;B50;B50 – Tvärgående och sektorsspecifika spår;Lovansökan krockar med icke lagakraftvunnen plan eller kvarstående överklaganderisker;konsekvens;1;Lovprövningen måste utgå från den plan- och rättsliga situation som gäller för beslutet.;source;PBL;"[""PBL""]"
R-B50-P040-01:consequence:02;R-B50-P040-01;B50-P040;B50;B50 – Tvärgående och sektorsspecifika spår;Lovansökan krockar med icke lagakraftvunnen plan eller kvarstående överklaganderisker;konsekvens;2;Lovärendet kan vila, avslås eller behöva göras om mot en senare plan.;analysis;;[]
R-B50-P040-01:consequence:03;R-B50-P040-01;B50-P040;B50;B50 – Tvärgående och sektorsspecifika spår;Lovansökan krockar med icke lagakraftvunnen plan eller kvarstående överklaganderisker;konsekvens;3;Entreprenad- och kontraktsåtaganden behöver flyttas eller omförhandlas.;analysis;;[]
R-B50-P040-02:trigger:01;R-B50-P040-02;B50-P040;B50;B50 – Tvärgående och sektorsspecifika spår;Kompletteringsföreläggande flyttar tioveckorsfristens startpunkt;utlösande faktor;1;Lov- eller anmälningsärendet är inte komplett enligt de uppgifter som byggnadsnämnden behöver.;source;PBL | PBL_START;"[""PBL"",""PBL_START""]"
R-B50-P040-02:trigger:02;R-B50-P040-02;B50-P040;B50;B50 – Tvärgående och sektorsspecifika spår;Kompletteringsföreläggande flyttar tioveckorsfristens startpunkt;utlösande faktor;2;Ritningar, situationsplan och kontrollplansförslag beskriver olika projektversioner.;analysis;;[]
R-B50-P040-02:trigger:03;R-B50-P040-02;B50-P040;B50;B50 – Tvärgående och sektorsspecifika spår;Kompletteringsföreläggande flyttar tioveckorsfristens startpunkt;utlösande faktor;3;Kommunens lokala kravbild eller begärda fackunderlag har inte verifierats före ingivandet.;analysis;;[]
R-B50-P040-02:consequence:01;R-B50-P040-02;B50-P040;B50;B50 – Tvärgående och sektorsspecifika spår;Kompletteringsföreläggande flyttar tioveckorsfristens startpunkt;konsekvens;1;Beslutsfristens beräkning påverkas av när ett komplett underlag finns enligt PBL:s regler.;source;PBL;"[""PBL""]"
R-B50-P040-02:consequence:02;R-B50-P040-02;B50-P040;B50;B50 – Tvärgående och sektorsspecifika spår;Kompletteringsföreläggande flyttar tioveckorsfristens startpunkt;konsekvens;2;Lovbeslutet och den planerade byggstarten kommer senare.;analysis;;[]
R-B50-P040-02:consequence:03;R-B50-P040-02;B50-P040;B50;B50 – Tvärgående och sektorsspecifika spår;Kompletteringsföreläggande flyttar tioveckorsfristens startpunkt;konsekvens;3;Kompletteringar skapar ytterligare projekterings- och samordningskostnader.;analysis;;[]
R-B50-P050-01:trigger:01;R-B50-P050-01;B50-P050;B50;B50 – Tvärgående och sektorsspecifika spår;Överklagandekedjan länsstyrelse–MMD–MÖD stoppar byggstart;utlösande faktor;1;En aktör med klagorätt överklagar byggnadsnämndens lovbeslut enligt PBL:s instansordning.;source;PBL | FL;"[""PBL"",""FL""]"
R-B50-P050-01:trigger:02;R-B50-P050-01;B50-P050;B50;B50 – Tvärgående och sektorsspecifika spår;Överklagandekedjan länsstyrelse–MMD–MÖD stoppar byggstart;utlösande faktor;2;Grannar eller sakägare invänder mot placering, omfattning eller omgivningspåverkan.;analysis;;[]
R-B50-P050-01:trigger:03;R-B50-P050-01;B50-P050;B50;B50 – Tvärgående och sektorsspecifika spår;Överklagandekedjan länsstyrelse–MMD–MÖD stoppar byggstart;utlösande faktor;3;Lovbeslutets motivering eller kommunicering lämnar ett processuellt angrepp öppet.;analysis;;[]
R-B50-P050-01:consequence:01;R-B50-P050-01;B50-P050;B50;B50 – Tvärgående och sektorsspecifika spår;Överklagandekedjan länsstyrelse–MMD–MÖD stoppar byggstart;konsekvens;1;Lovfrågan går vidare genom länsstyrelse och, när förutsättningarna finns, mark- och miljödomstolskedjan.;source;PBL | MMDL;"[""PBL"",""MMDL""]"
R-B50-P050-01:consequence:02;R-B50-P050-01;B50-P050;B50;B50 – Tvärgående och sektorsspecifika spår;Överklagandekedjan länsstyrelse–MMD–MÖD stoppar byggstart;konsekvens;2;Byggstart och entreprenadplan blir osäkra under överprövningen.;analysis;;[]
R-B50-P050-01:consequence:03;R-B50-P050-01;B50-P050;B50;B50 – Tvärgående och sektorsspecifika spår;Överklagandekedjan länsstyrelse–MMD–MÖD stoppar byggstart;konsekvens;3;Lovet kan ändras eller upphävas och ärendet återförvisas till nämnden.;analysis;;[]
R-B50-P050-02:trigger:01;R-B50-P050-02;B50-P050;B50;B50 – Tvärgående och sektorsspecifika spår;Lovprövningens avgränsning mot miljöprövningen skapar rättstvist;utlösande faktor;1;Lovansökan avviker från ett bindande villkor eller den utformning som miljötillståndet omfattar.;source;PBL | MB;"[""PBL"",""MB""]"
R-B50-P050-02:trigger:02;R-B50-P050-02;B50-P050;B50;B50 – Tvärgående och sektorsspecifika spår;Lovprövningens avgränsning mot miljöprövningen skapar rättstvist;utlösande faktor;2;Byggnadsnämnden bedömer miljöfrågor utan att avgränsa vad som redan prövats och vad PBL fortfarande kräver.;analysis;;[]
R-B50-P050-02:trigger:03;R-B50-P050-02;B50-P050;B50;B50 – Tvärgående och sektorsspecifika spår;Lovprövningens avgränsning mot miljöprövningen skapar rättstvist;utlösande faktor;3;Projektets plan-, lov- och miljöhandlingar använder olika geometri eller kapacitet.;analysis;;[]
R-B50-P050-02:consequence:01;R-B50-P050-02;B50-P050;B50;B50 – Tvärgående och sektorsspecifika spår;Lovprövningens avgränsning mot miljöprövningen skapar rättstvist;konsekvens;1;Lovet och miljötillståndet måste var för sig uppfylla de krav som gäller för respektive prövning.;source;PBL | MB;"[""PBL"",""MB""]"
R-B50-P050-02:consequence:02;R-B50-P050-02;B50-P050;B50;B50 – Tvärgående och sektorsspecifika spår;Lovprövningens avgränsning mot miljöprövningen skapar rättstvist;konsekvens;2;Lovet kan behöva kompletteras, ändras eller upphävas.;analysis;;[]
R-B50-P050-02:consequence:03;R-B50-P050-02;B50-P050;B50;B50 – Tvärgående och sektorsspecifika spår;Lovprövningens avgränsning mot miljöprövningen skapar rättstvist;konsekvens;3;En parallell ändringsprövning och dubbel utredning förskjuter byggstarten.;analysis;;[]
R-B50-P050-03:trigger:01;R-B50-P050-03;B50-P050;B50;B50 – Tvärgående och sektorsspecifika spår;Kompetens- och kapacitetsbrist i byggnadsnämnd förlänger tio-veckorsfristen;utlösande faktor;1;Byggnadsnämnden förlänger handläggningen inom den möjlighet som PBL ger eller meddelar inte beslut inom projektets prognos.;source;PBL;"[""PBL""]"
R-B50-P050-03:trigger:02;R-B50-P050-03;B50-P050;B50;B50 – Tvärgående och sektorsspecifika spår;Kompetens- och kapacitetsbrist i byggnadsnämnd förlänger tio-veckorsfristen;utlösande faktor;2;Nämnden saknar erfarenhet av den komplexa industri- eller anläggningstypen.;analysis;;[]
R-B50-P050-03:trigger:03;R-B50-P050-03;B50-P050;B50;B50 – Tvärgående och sektorsspecifika spår;Kompetens- och kapacitetsbrist i byggnadsnämnd förlänger tio-veckorsfristen;utlösande faktor;3;Personalbrist, jäv eller behov av extern expertis gör att ärendet inte prioriteras.;analysis;;[]
R-B50-P050-03:consequence:01;R-B50-P050-03;B50-P050;B50;B50 – Tvärgående och sektorsspecifika spår;Kompetens- och kapacitetsbrist i byggnadsnämnd förlänger tio-veckorsfristen;konsekvens;1;Lovfrågan förblir oavgjord till dess att byggnadsnämnden meddelar ett överklagbart beslut.;source;PBL | FL;"[""PBL"",""FL""]"
R-B50-P050-03:consequence:02;R-B50-P050-03;B50-P050;B50;B50 – Tvärgående och sektorsspecifika spår;Kompetens- och kapacitetsbrist i byggnadsnämnd förlänger tio-veckorsfristen;konsekvens;2;Byggstarten förskjuts utan att projektet kan överklaga själva sakutfallet.;analysis;;[]
R-B50-P050-03:consequence:03;R-B50-P050-03;B50-P050;B50;B50 – Tvärgående och sektorsspecifika spår;Kompetens- och kapacitetsbrist i byggnadsnämnd förlänger tio-veckorsfristen;konsekvens;3;Konsulter, entreprenad och finansiering behöver hållas beredda eller bokas om.;analysis;;[]
R-B50-P060-01:trigger:01;R-B50-P060-01;B50-P060;B50;B50 – Tvärgående och sektorsspecifika spår;Kontrollansvarig saknas eller saknar behörighet för anläggningstypen;utlösande faktor;1;Byggherren har inte anmält en certifierad kontrollansvarig med den behörighet som projektet kräver.;source;PBL | PBL_START;"[""PBL"",""PBL_START""]"
R-B50-P060-01:trigger:02;R-B50-P060-01;B50-P060;B50;B50 – Tvärgående och sektorsspecifika spår;Kontrollansvarig saknas eller saknar behörighet för anläggningstypen;utlösande faktor;2;Tillgängliga kontrollansvariga saknar erfarenhet av anläggningens särskilda teknik eller riskbild.;analysis;;[]
R-B50-P060-01:trigger:03;R-B50-P060-01;B50-P060;B50;B50 – Tvärgående och sektorsspecifika spår;Kontrollansvarig saknas eller saknar behörighet för anläggningstypen;utlösande faktor;3;Den utsedda personen lämnar uppdraget eller förlorar sin tillgänglighet inför tekniskt samråd.;analysis;;[]
R-B50-P060-01:consequence:01;R-B50-P060-01;B50-P060;B50;B50 – Tvärgående och sektorsspecifika spår;Kontrollansvarig saknas eller saknar behörighet för anläggningstypen;konsekvens;1;Startbesked kan inte ges förrän de krav på kontrollansvarig som gäller i ärendet är uppfyllda.;source;PBL | PBL_START;"[""PBL"",""PBL_START""]"
R-B50-P060-01:consequence:02;R-B50-P060-01;B50-P060;B50;B50 – Tvärgående och sektorsspecifika spår;Kontrollansvarig saknas eller saknar behörighet för anläggningstypen;konsekvens;2;Tekniskt samråd och byggstart skjuts fram.;analysis;;[]
R-B50-P060-01:consequence:03;R-B50-P060-01;B50-P060;B50;B50 – Tvärgående och sektorsspecifika spår;Kontrollansvarig saknas eller saknar behörighet för anläggningstypen;konsekvens;3;Projektet pressas att byta kontrollorganisation och göra om förberedande handlingar.;analysis;;[]
R-B50-P060-02:trigger:01;R-B50-P060-02;B50-P060;B50;B50 – Tvärgående och sektorsspecifika spår;Oenighet vid tekniskt samråd om kontrollplanens omfattning;utlösande faktor;1;Byggnadsnämnden och byggherren bedömer kontrollplanens nödvändiga innehåll olika.;source;PBL | PBL_START;"[""PBL"",""PBL_START""]"
R-B50-P060-02:trigger:02;R-B50-P060-02;B50-P060;B50;B50 – Tvärgående och sektorsspecifika spår;Oenighet vid tekniskt samråd om kontrollplanens omfattning;utlösande faktor;2;Anläggningens avvikande teknik saknar etablerad kontrollpraxis.;analysis;;[]
R-B50-P060-02:trigger:03;R-B50-P060-02;B50-P060;B50;B50 – Tvärgående och sektorsspecifika spår;Oenighet vid tekniskt samråd om kontrollplanens omfattning;utlösande faktor;3;Kontrollpunkter, dokumentation eller arbetsplatsbesök är inte kopplade till identifierade kritiska moment.;analysis;;[]
R-B50-P060-02:consequence:01;R-B50-P060-02;B50-P060;B50;B50 – Tvärgående och sektorsspecifika spår;Oenighet vid tekniskt samråd om kontrollplanens omfattning;konsekvens;1;En godtagbar kontrollplan och övriga tekniska förutsättningar behöver finnas för startbeskedet.;source;PBL | PBL_START;"[""PBL"",""PBL_START""]"
R-B50-P060-02:consequence:02;R-B50-P060-02;B50-P060;B50;B50 – Tvärgående och sektorsspecifika spår;Oenighet vid tekniskt samråd om kontrollplanens omfattning;konsekvens;2;Kompletterande projektering och utredning förlänger förstartsfasen.;analysis;;[]
R-B50-P060-02:consequence:03;R-B50-P060-02;B50-P060;B50;B50 – Tvärgående och sektorsspecifika spår;Oenighet vid tekniskt samråd om kontrollplanens omfattning;konsekvens;3;Entreprenader behöver omplaneras när kontrollkraven ändrar arbetsordningen.;analysis;;[]
R-B50-P070-01:trigger:01;R-B50-P070-01;B50-P070;B50;B50 – Tvärgående och sektorsspecifika spår;Startbesked uteblir trots lagakraftvunnet lov;utlösande faktor;1;Ett tekniskt krav eller en annan förutsättning för startbesked enligt PBL är inte uppfylld.;source;PBL | PBF | PBL_START;"[""PBL"",""PBF"",""PBL_START""]"
R-B50-P070-01:trigger:02;R-B50-P070-01;B50-P070;B50;B50 – Tvärgående och sektorsspecifika spår;Startbesked uteblir trots lagakraftvunnet lov;utlösande faktor;2;Ett parallellt beslut som nämnden behöver för sin bedömning saknas eller har ändrats.;analysis;;[]
R-B50-P070-01:trigger:03;R-B50-P070-01;B50-P070;B50;B50 – Tvärgående och sektorsspecifika spår;Startbesked uteblir trots lagakraftvunnet lov;utlösande faktor;3;Nämndens interna kapacitet gör att ett komplett ärende inte avgörs enligt projektets plan.;analysis;;[]
R-B50-P070-01:consequence:01;R-B50-P070-01;B50-P070;B50;B50 – Tvärgående och sektorsspecifika spår;Startbesked uteblir trots lagakraftvunnet lov;konsekvens;1;Den lov- eller anmälningspliktiga åtgärden får inte påbörjas innan startbesked har getts.;source;PBL | PBL_START;"[""PBL"",""PBL_START""]"
R-B50-P070-01:consequence:02;R-B50-P070-01;B50-P070;B50;B50 – Tvärgående och sektorsspecifika spår;Startbesked uteblir trots lagakraftvunnet lov;konsekvens;2;Entreprenad och leveranser står still eller behöver omordnas.;analysis;;[]
R-B50-P070-01:consequence:03;R-B50-P070-01;B50-P070;B50;B50 – Tvärgående och sektorsspecifika spår;Startbesked uteblir trots lagakraftvunnet lov;konsekvens;3;En för tidig start kan leda till byggsanktionsavgift och tillsynsingripande.;source;PBL | PBL_START;"[""PBL"",""PBL_START""]"
R-B50-P070-02:trigger:01;R-B50-P070-02;B50-P070;B50;B50 – Tvärgående och sektorsspecifika spår;Sen inhibition eller länsstyrelseprövning stoppar arbetet trots startbesked;utlösande faktor;1;Ett underliggande plan-, dispens- eller lovbeslut överklagas, inhiberas eller upphävs efter att startbesked har meddelats.;source;PBL | MB | STRAND;"[""PBL"",""MB"",""STRAND""]"
R-B50-P070-02:trigger:02;R-B50-P070-02;B50-P070;B50;B50 – Tvärgående och sektorsspecifika spår;Sen inhibition eller länsstyrelseprövning stoppar arbetet trots startbesked;utlösande faktor;2;Projektet har mobiliserat innan överklagande- och inhibitionsrisken stabiliserats.;analysis;;[]
R-B50-P070-02:trigger:03;R-B50-P070-02;B50-P070;B50;B50 – Tvärgående och sektorsspecifika spår;Sen inhibition eller länsstyrelseprövning stoppar arbetet trots startbesked;utlösande faktor;3;Startkontrollen har inte uppdaterats med det senaste beslutet från länsstyrelse eller domstol.;analysis;;[]
R-B50-P070-02:consequence:01;R-B50-P070-02;B50-P070;B50;B50 – Tvärgående och sektorsspecifika spår;Sen inhibition eller länsstyrelseprövning stoppar arbetet trots startbesked;konsekvens;1;Ett inhiberat eller upphävt underliggande beslut kan inte användas som rättslig grund för fortsatt arbete.;source;PBL | FL;"[""PBL"",""FL""]"
R-B50-P070-02:consequence:02;R-B50-P070-02;B50-P070;B50;B50 – Tvärgående och sektorsspecifika spår;Sen inhibition eller länsstyrelseprövning stoppar arbetet trots startbesked;konsekvens;2;Byggstarten skjuts upp eller redan inlett arbete avbryts.;analysis;;[]
R-B50-P070-02:consequence:03;R-B50-P070-02;B50-P070;B50;B50 – Tvärgående och sektorsspecifika spår;Sen inhibition eller länsstyrelseprövning stoppar arbetet trots startbesked;konsekvens;3;Återställning, kontraktstvist och kostnader för stillestånd kan följa.;analysis;;[]
R-B50-S010-01:trigger:01;R-B50-S010-01;B50-S010;B50;B50 – Tvärgående och sektorsspecifika spår;Sent upptäckt sektorskrav – Seveso, livsmedel, försvar eller flyg – stoppar byggstart;utlösande faktor;1;Projektets verksamhet eller lokalisering omfattas av ett sektorskrav som inte finns i tillämpbarhetsmatrisen.;source;SEVESO | MB | PBL;"[""SEVESO"",""MB"",""PBL""]"
R-B50-S010-01:trigger:02;R-B50-S010-01;B50-S010;B50;B50 – Tvärgående och sektorsspecifika spår;Sent upptäckt sektorskrav – Seveso, livsmedel, försvar eller flyg – stoppar byggstart;utlösande faktor;2;Kemikalier, skyddsavstånd eller dricksvattenpåverkan fastställs först i detaljprojekteringen.;analysis;;[]
R-B50-S010-01:trigger:03;R-B50-S010-01;B50-S010;B50;B50 – Tvärgående och sektorsspecifika spår;Sent upptäckt sektorskrav – Seveso, livsmedel, försvar eller flyg – stoppar byggstart;utlösande faktor;3;Flyg-, försvars- eller annan specialistkompetens saknas i den tidiga screeningen.;analysis;;[]
R-B50-S010-01:consequence:01;R-B50-S010-01;B50-S010;B50;B50 – Tvärgående och sektorsspecifika spår;Sent upptäckt sektorskrav – Seveso, livsmedel, försvar eller flyg – stoppar byggstart;konsekvens;1;Det sektorsreglerade kravet behöver uppfyllas innan den berörda verksamheten genomförs.;source;SEVESO | MB | PBL;"[""SEVESO"",""MB"",""PBL""]"
R-B50-S010-01:consequence:02;R-B50-S010-01;B50-S010;B50;B50 – Tvärgående och sektorsspecifika spår;Sent upptäckt sektorskrav – Seveso, livsmedel, försvar eller flyg – stoppar byggstart;konsekvens;2;Andra beslut och projekteringen behöver ändras för att hantera det sena kravet.;analysis;;[]
R-B50-S010-01:consequence:03;R-B50-S010-01;B50-S010;B50;B50 – Tvärgående och sektorsspecifika spår;Sent upptäckt sektorskrav – Seveso, livsmedel, försvar eller flyg – stoppar byggstart;konsekvens;3;Projektets lokalisering kan bli ogenomförbar om skyddsavstånd eller förbud inte kan lösas.;analysis;;[]
R-B50-S010-02:trigger:01;R-B50-S010-02;B50-S010;B50;B50 – Tvärgående och sektorsspecifika spår;Ingen äger uppföljningen – sektorsbeslut förverkar tyst;utlösande faktor;1;Ett sektorsbeslut innehåller en tidsfrist eller ett förstartsvillkor som projektet inte bevakar.;source;PBL | STRAND | PBL_START;"[""PBL"",""STRAND"",""PBL_START""]"
R-B50-S010-02:trigger:02;R-B50-S010-02;B50-S010;B50;B50 – Tvärgående och sektorsspecifika spår;Ingen äger uppföljningen – sektorsbeslut förverkar tyst;utlösande faktor;2;Ingen funktion äger uppdateringen av beslutets giltighets- och verkställighetsstatus.;analysis;;[]
R-B50-S010-02:trigger:03;R-B50-S010-02;B50-S010;B50;B50 – Tvärgående och sektorsspecifika spår;Ingen äger uppföljningen – sektorsbeslut förverkar tyst;utlösande faktor;3;Projektförändringar aktiverar ett anmälnings- eller godkännandekrav utan att beslutsmatrisen uppdateras.;analysis;;[]
R-B50-S010-02:consequence:01;R-B50-S010-02;B50-S010;B50;B50 – Tvärgående och sektorsspecifika spår;Ingen äger uppföljningen – sektorsbeslut förverkar tyst;konsekvens;1;Beslutet kan behöva sökas eller aktiveras på nytt om föreskriven tid eller förutsättning inte hålls.;source;PBL | STRAND;"[""PBL"",""STRAND""]"
R-B50-S010-02:consequence:02;R-B50-S010-02;B50-S010;B50;B50 – Tvärgående och sektorsspecifika spår;Ingen äger uppföljningen – sektorsbeslut förverkar tyst;konsekvens;2;Påbörjat arbete kan möta tillsyn och krav på stopp eller rättelse.;analysis;;[]
R-B50-S010-02:consequence:03;R-B50-S010-02;B50-S010;B50;B50 – Tvärgående och sektorsspecifika spår;Ingen äger uppföljningen – sektorsbeslut förverkar tyst;konsekvens;3;Ny prövning och överklagandeexponering förskjuter byggprogrammet.;analysis;;[]
R-B50-START-01:trigger:01;R-B50-START-01;B50-START;B50;B50 – Tvärgående och sektorsspecifika spår;Osynliga spår blockerar byggstart trots färdigt huvudtillstånd;utlösande faktor;1;Tillståndsmatrisen saknar ett parallellspår som projektets åtgärder kan omfattas av.;source;MB | PBL | KML;"[""MB"",""PBL"",""KML""]"
R-B50-START-01:trigger:02;R-B50-START-01;B50-START;B50;B50 – Tvärgående och sektorsspecifika spår;Osynliga spår blockerar byggstart trots färdigt huvudtillstånd;utlösande faktor;2;Lokalisering eller detaljutformning ändras efter att den första matrisen fastställts.;analysis;;[]
R-B50-START-01:trigger:03;R-B50-START-01;B50-START;B50;B50 – Tvärgående och sektorsspecifika spår;Osynliga spår blockerar byggstart trots färdigt huvudtillstånd;utlösande faktor;3;Huvudtillståndet behandlas som ett komplett byggklarbesked utan ny sektorsscreening.;analysis;;[]
R-B50-START-01:consequence:01;R-B50-START-01;B50-START;B50;B50 – Tvärgående och sektorsspecifika spår;Osynliga spår blockerar byggstart trots färdigt huvudtillstånd;konsekvens;1;Varje tillämpligt lov-, tillstånds-, dispens- eller kulturmiljökrav behöver hanteras före den berörda åtgärden.;source;MB | PBL | KML;"[""MB"",""PBL"",""KML""]"
R-B50-START-01:consequence:02;R-B50-START-01;B50-START;B50;B50 – Tvärgående och sektorsspecifika spår;Osynliga spår blockerar byggstart trots färdigt huvudtillstånd;konsekvens;2;B50-G010 och ett eller flera parallellspår behöver öppnas sent.;analysis;;[]
R-B50-START-01:consequence:03;R-B50-START-01;B50-START;B50;B50 – Tvärgående och sektorsspecifika spår;Osynliga spår blockerar byggstart trots färdigt huvudtillstånd;konsekvens;3;Byggstarten förskjuts och en ny förbudssituation kan kräva omprojektering.;analysis;;[]
R-B50-T010-01:trigger:01;R-B50-T010-01;B50-T010;B50;B50 – Tvärgående och sektorsspecifika spår;Alternativ- och korridorunderlaget håller inte för planprövningen;utlösande faktor;1;Väg- eller järnvägsplanens alternativunderlag visar inte tillräckligt varför den valda korridoren ska läggas till grund för planen.;source;VAGLAG | JARNVAGSLAG | TRAFIKVERKET_PLAN;"[""VAGLAG"",""JARNVAGSLAG"",""TRAFIKVERKET_PLAN""]"
R-B50-T010-01:trigger:02;R-B50-T010-01;B50-T010;B50;B50 – Tvärgående och sektorsspecifika spår;Alternativ- och korridorunderlaget håller inte för planprövningen;utlösande faktor;2;Motstående kommun-, sameby-, markägar- eller näringsintressen har bedömts med olika detaljeringsgrad.;analysis;;[]
R-B50-T010-01:trigger:03;R-B50-T010-01;B50-T010;B50;B50 – Tvärgående och sektorsspecifika spår;Alternativ- och korridorunderlaget håller inte för planprövningen;utlösande faktor;3;Ett tekniskt förstahandsval låses innan realistiska lokaliseringar har utretts.;analysis;;[]
R-B50-T010-01:consequence:01;R-B50-T010-01;B50-T010;B50;B50 – Tvärgående och sektorsspecifika spår;Alternativ- och korridorunderlaget håller inte för planprövningen;konsekvens;1;Planprocessen behöver redovisa och bereda det alternativunderlag som tillämplig väg- eller järnvägslagstiftning kräver.;source;VAGLAG | JARNVAGSLAG;"[""VAGLAG"",""JARNVAGSLAG""]"
R-B50-T010-01:consequence:02;R-B50-T010-01;B50-T010;B50;B50 – Tvärgående och sektorsspecifika spår;Alternativ- och korridorunderlaget håller inte för planprövningen;konsekvens;2;Korridorstudier och planförslag behöver omarbetas.;analysis;;[]
R-B50-T010-01:consequence:03;R-B50-T010-01;B50-T010;B50;B50 – Tvärgående och sektorsspecifika spår;Alternativ- och korridorunderlaget håller inte för planprövningen;konsekvens;3;Konflikten följer med in i granskning, fastställelse och markåtkomst.;analysis;;[]
R-B50-T010-02:trigger:01;R-B50-T010-02;B50-T010;B50;B50 – Tvärgående och sektorsspecifika spår;MKB och miljöbeskrivning i planen blir inaktuell under den utdragna planprocessen;utlösande faktor;1;Planens miljöunderlag bygger på inventeringar eller prognoser som inte längre beskriver relevanta förhållanden vid fastställelsen.;source;VAGLAG | JARNVAGSLAG | MBD;"[""VAGLAG"",""JARNVAGSLAG"",""MBD""]"
R-B50-T010-02:trigger:02;R-B50-T010-02;B50-T010;B50;B50 – Tvärgående och sektorsspecifika spår;MKB och miljöbeskrivning i planen blir inaktuell under den utdragna planprocessen;utlösande faktor;2;Projektets planprocess och tekniska utformning förändras efter att fältdata samlats in.;analysis;;[]
R-B50-T010-02:trigger:03;R-B50-T010-02;B50-T010;B50;B50 – Tvärgående och sektorsspecifika spår;MKB och miljöbeskrivning i planen blir inaktuell under den utdragna planprocessen;utlösande faktor;3;Trafik-, samhälls- eller naturförhållanden ändras så att tidigare slutsatser inte längre är representativa.;analysis;;[]
R-B50-T010-02:consequence:01;R-B50-T010-02;B50-T010;B50;B50 – Tvärgående och sektorsspecifika spår;MKB och miljöbeskrivning i planen blir inaktuell under den utdragna planprocessen;konsekvens;1;Fastställelseprövningen behöver ett aktuellt och tillräckligt plan- och miljöunderlag.;source;VAGLAG | JARNVAGSLAG;"[""VAGLAG"",""JARNVAGSLAG""]"
R-B50-T010-02:consequence:02;R-B50-T010-02;B50-T010;B50;B50 – Tvärgående och sektorsspecifika spår;MKB och miljöbeskrivning i planen blir inaktuell under den utdragna planprocessen;konsekvens;2;Nya inventeringar och prognoser måste tas fram.;analysis;;[]
R-B50-T010-02:consequence:03;R-B50-T010-02;B50-T010;B50;B50 – Tvärgående och sektorsspecifika spår;MKB och miljöbeskrivning i planen blir inaktuell under den utdragna planprocessen;konsekvens;3;Granskning och fastställelse skjuts fram och beslutets rättsliga robusthet minskar om bristen lämnas oläkt.;analysis;;[]
R-B50-T020-01:trigger:01;R-B50-T020-01;B50-T020;B50;B50 – Tvärgående och sektorsspecifika spår;Länsstyrelsens granskningsyttrande eller oenighet stoppar fastställelsen;utlösande faktor;1;Länsstyrelsen lämnar ett väsentligt kritiskt granskningsyttrande eller berörda länsstyrelser är oeniga om planen.;source;VAGLAG | JARNVAGSLAG;"[""VAGLAG"",""JARNVAGSLAG""]"
R-B50-T020-01:trigger:02;R-B50-T020-01;B50-T020;B50;B50 – Tvärgående och sektorsspecifika spår;Länsstyrelsens granskningsyttrande eller oenighet stoppar fastställelsen;utlösande faktor;2;Planförslaget hanterar inte riksintresse, miljöpåverkan eller lokalisering på det sätt länsstyrelsen kräver.;analysis;;[]
R-B50-T020-01:trigger:03;R-B50-T020-01;B50-T020;B50;B50 – Tvärgående och sektorsspecifika spår;Länsstyrelsens granskningsyttrande eller oenighet stoppar fastställelsen;utlösande faktor;3;Projektet saknar en förhandlad lösning när granskningen avslutas.;analysis;;[]
R-B50-T020-01:consequence:01;R-B50-T020-01;B50-T020;B50;B50 – Tvärgående och sektorsspecifika spår;Länsstyrelsens granskningsyttrande eller oenighet stoppar fastställelsen;konsekvens;1;Planen behöver hanteras enligt den fastställelse- eller hänskjutandeordning som väg- eller järnvägslagen anger.;source;VAGLAG | JARNVAGSLAG;"[""VAGLAG"",""JARNVAGSLAG""]"
R-B50-T020-01:consequence:02;R-B50-T020-01;B50-T020;B50;B50 – Tvärgående och sektorsspecifika spår;Länsstyrelsens granskningsyttrande eller oenighet stoppar fastställelsen;konsekvens;2;Planförslaget och underlaget behöver omarbetas.;analysis;;[]
R-B50-T020-01:consequence:03;R-B50-T020-01;B50-T020;B50;B50 – Tvärgående och sektorsspecifika spår;Länsstyrelsens granskningsyttrande eller oenighet stoppar fastställelsen;konsekvens;3;Ett regeringssteg kan tillkomma och ändra tidplan eller materiella förutsättningar.;analysis;;[]
R-B50-T020-02:trigger:01;R-B50-T020-02;B50-T020;B50;B50 – Tvärgående och sektorsspecifika spår;Planöverklagande och separat byggstartsbeslut skapar två regeringsanknutna steg;utlösande faktor;1;Fastställelsebeslutet överklagas till regeringen enligt väg- eller järnvägslagstiftningens ordning.;source;VAGLAG | JARNVAGSLAG;"[""VAGLAG"",""JARNVAGSLAG""]"
R-B50-T020-02:trigger:02;R-B50-T020-02;B50-T020;B50;B50 – Tvärgående och sektorsspecifika spår;Planöverklagande och separat byggstartsbeslut skapar två regeringsanknutna steg;utlösande faktor;2;Projektorganisationen sammanblandar planens laga kraft med statens separata investerings- och byggstartsbeslut.;analysis;;[]
R-B50-T020-02:trigger:03;R-B50-T020-02;B50-T020;B50;B50 – Tvärgående och sektorsspecifika spår;Planöverklagande och separat byggstartsbeslut skapar två regeringsanknutna steg;utlösande faktor;3;Finansieringsplaneringen är inte färdig när den rättsliga planen blir slutlig.;analysis;;[]
R-B50-T020-02:consequence:01;R-B50-T020-02;B50-T020;B50;B50 – Tvärgående och sektorsspecifika spår;Planöverklagande och separat byggstartsbeslut skapar två regeringsanknutna steg;konsekvens;1;Planens rättsliga status och regeringens separata beslut om byggstart eller finansiering behöver bedömas var för sig.;source;VAGLAG | JARNVAGSLAG;"[""VAGLAG"",""JARNVAGSLAG""]"
R-B50-T020-02:consequence:02;R-B50-T020-02;B50-T020;B50;B50 – Tvärgående och sektorsspecifika spår;Planöverklagande och separat byggstartsbeslut skapar två regeringsanknutna steg;konsekvens;2;Laga kraft eller faktisk byggstart inträffar senare än projektets samlade prognos.;analysis;;[]
R-B50-T020-02:consequence:03;R-B50-T020-02;B50-T020;B50;B50 – Tvärgående och sektorsspecifika spår;Planöverklagande och separat byggstartsbeslut skapar två regeringsanknutna steg;konsekvens;3;Kontrakt och projektresurser behöver villkoras mot två skilda beslutspunkter.;analysis;;[]
R-B50-T020-03:trigger:01;R-B50-T020-03;B50-T020;B50;B50 – Tvärgående och sektorsspecifika spår;Överklaganden av planbeslutet från samebyar, markägare och organisationer;utlösande faktor;1;En berörd aktör överklagar fastställelsebeslutet enligt den instansordning som gäller för planen.;source;VAGLAG | JARNVAGSLAG;"[""VAGLAG"",""JARNVAGSLAG""]"
R-B50-T020-03:trigger:02;R-B50-T020-03;B50-T020;B50;B50 – Tvärgående och sektorsspecifika spår;Överklaganden av planbeslutet från samebyar, markägare och organisationer;utlösande faktor;2;Klaganden bestrider sträckningen, miljöbedömningen eller hanteringen av intrånget.;analysis;;[]
R-B50-T020-03:trigger:03;R-B50-T020-03;B50-T020;B50;B50 – Tvärgående och sektorsspecifika spår;Överklaganden av planbeslutet från samebyar, markägare och organisationer;utlösande faktor;3;Samrådssynpunkter har inte lett till den korridorändring som den berörda aktören begärt.;analysis;;[]
R-B50-T020-03:consequence:01;R-B50-T020-03;B50-T020;B50;B50 – Tvärgående och sektorsspecifika spår;Överklaganden av planbeslutet från samebyar, markägare och organisationer;konsekvens;1;Planens laga kraft avvaktar överklagandeprocessens utfall.;source;VAGLAG | JARNVAGSLAG;"[""VAGLAG"",""JARNVAGSLAG""]"
R-B50-T020-03:consequence:02;R-B50-T020-03;B50-T020;B50;B50 – Tvärgående och sektorsspecifika spår;Överklaganden av planbeslutet från samebyar, markägare och organisationer;konsekvens;2;Markåtkomst och kompletterande tillstånd förskjuts.;analysis;;[]
R-B50-T020-03:consequence:03;R-B50-T020-03;B50-T020;B50;B50 – Tvärgående och sektorsspecifika spår;Överklaganden av planbeslutet från samebyar, markägare och organisationer;konsekvens;3;Ett upphävande kan kräva att planen bereds och fastställs på nytt.;analysis;;[]
R-B50-T030-01:trigger:01;R-B50-T030-01;B50-T030;B50;B50 – Tvärgående och sektorsspecifika spår;Vatten-, Natura- och artskyddsbeslut ligger efter planen och blockerar etapper;utlösande faktor;1;Den fastställda väg- eller järnvägsplanen ersätter inte ett kompletterande miljö-, Natura- eller kulturmiljöbeslut som lagen kräver.;source;VAGLAG | JARNVAGSLAG | MB | KML;"[""VAGLAG"",""JARNVAGSLAG"",""MB"",""KML""]"
R-B50-T030-01:trigger:02;R-B50-T030-01;B50-T030;B50;B50 – Tvärgående och sektorsspecifika spår;Vatten-, Natura- och artskyddsbeslut ligger efter planen och blockerar etapper;utlösande faktor;2;Kompletterande spår startas först när planens slutliga konstruktion och etapper redan är låsta.;analysis;;[]
R-B50-T030-01:trigger:03;R-B50-T030-01;B50-T030;B50;B50 – Tvärgående och sektorsspecifika spår;Vatten-, Natura- och artskyddsbeslut ligger efter planen och blockerar etapper;utlösande faktor;3;Olika delsträckor får olika överklagande- och beslutstidplaner.;analysis;;[]
R-B50-T030-01:consequence:01;R-B50-T030-01;B50-T030;B50;B50 – Tvärgående och sektorsspecifika spår;Vatten-, Natura- och artskyddsbeslut ligger efter planen och blockerar etapper;konsekvens;1;Den berörda åtgärden måste avvakta det kompletterande beslut som krävs.;source;MB | NATURA | KML;"[""MB"",""NATURA"",""KML""]"
R-B50-T030-01:consequence:02;R-B50-T030-01;B50-T030;B50;B50 – Tvärgående och sektorsspecifika spår;Vatten-, Natura- och artskyddsbeslut ligger efter planen och blockerar etapper;konsekvens;2;Byggstarten behöver etapperas eller skjutas upp.;analysis;;[]
R-B50-T030-01:consequence:03;R-B50-T030-01;B50-T030;B50;B50 – Tvärgående och sektorsspecifika spår;Vatten-, Natura- och artskyddsbeslut ligger efter planen och blockerar etapper;konsekvens;3;Entreprenadlogistik och kostnader försämras när delsträckor inte kan öppnas i planerad ordning.;analysis;;[]
R-B50-T030-02:trigger:01;R-B50-T030-02;B50-T030;B50;B50 – Tvärgående och sektorsspecifika spår;Markinlösen och fastighetsbildning drar ut på tiden längs sträckan;utlösande faktor;1;Frivillig överenskommelse om markåtkomst nås inte med samtliga berörda fastighetsägare.;source;VAGLAG | JARNVAGSLAG;"[""VAGLAG"",""JARNVAGSLAG""]"
R-B50-T030-02:trigger:02;R-B50-T030-02;B50-T030;B50;B50 – Tvärgående och sektorsspecifika spår;Markinlösen och fastighetsbildning drar ut på tiden längs sträckan;utlösande faktor;2;Ersättning, intrångsgräns eller tillfälligt nyttjande är omtvistat.;analysis;;[]
R-B50-T030-02:trigger:03;R-B50-T030-02;B50-T030;B50;B50 – Tvärgående och sektorsspecifika spår;Markinlösen och fastighetsbildning drar ut på tiden längs sträckan;utlösande faktor;3;Fastighetsbildning och rättighetsfrågor drivs separat för många delsträckor utan en gemensam kritisk linje.;analysis;;[]
R-B50-T030-02:consequence:01;R-B50-T030-02;B50-T030;B50;B50 – Tvärgående och sektorsspecifika spår;Markinlösen och fastighetsbildning drar ut på tiden längs sträckan;konsekvens;1;Projektet behöver säkra markåtkomst enligt den ordning som gäller för väg- eller järnvägsbygget.;source;VAGLAG | JARNVAGSLAG;"[""VAGLAG"",""JARNVAGSLAG""]"
R-B50-T030-02:consequence:02;R-B50-T030-02;B50-T030;B50;B50 – Tvärgående och sektorsspecifika spår;Markinlösen och fastighetsbildning drar ut på tiden längs sträckan;konsekvens;2;Bygget delas upp eller senareläggs där marken inte är tillgänglig.;analysis;;[]
R-B50-T030-02:consequence:03;R-B50-T030-02;B50-T030;B50;B50 – Tvärgående och sektorsspecifika spår;Markinlösen och fastighetsbildning drar ut på tiden längs sträckan;konsekvens;3;Ersättnings- och rättsprocesser ökar kostnaden och binder projektresurser.;analysis;;[]
R-B50-X010-01:trigger:01;R-B50-X010-01;B50-X010;B50;B50 – Tvärgående och sektorsspecifika spår;Fridlysta arter missas i screeningen och dyker upp under byggskedet;utlösande faktor;1;En fridlyst art eller skyddad livsmiljö påträffas i den planerade arbetsytan efter den tidiga screeningen.;source;ARTSKYDD | ART | MB;"[""ARTSKYDD"",""ART"",""MB""]"
R-B50-X010-01:trigger:02;R-B50-X010-01;B50-X010;B50;B50 – Tvärgående och sektorsspecifika spår;Fridlysta arter missas i screeningen och dyker upp under byggskedet;utlösande faktor;2;Inventeringen har utförts vid fel säsong eller bygger endast på registeruppgifter.;analysis;;[]
R-B50-X010-01:trigger:03;R-B50-X010-01;B50-X010;B50;B50 – Tvärgående och sektorsspecifika spår;Fridlysta arter missas i screeningen och dyker upp under byggskedet;utlösande faktor;3;Projektområdet eller arbetsmetoden ändras utan att artscreeningen uppdateras.;analysis;;[]
R-B50-X010-01:consequence:01;R-B50-X010-01;B50-X010;B50;B50 – Tvärgående och sektorsspecifika spår;Fridlysta arter missas i screeningen och dyker upp under byggskedet;konsekvens;1;Projektet behöver bedöma och följa tillämpliga artskyddsförbud innan den berörda åtgärden fortsätter.;source;ARTSKYDD | MB;"[""ARTSKYDD"",""MB""]"
R-B50-X010-01:consequence:02;R-B50-X010-01;B50-X010;B50;B50 – Tvärgående och sektorsspecifika spår;Fridlysta arter missas i screeningen och dyker upp under byggskedet;konsekvens;2;Arbetet stoppas medan påverkan, skyddsåtgärder och eventuell prövning klarläggs.;analysis;;[]
R-B50-X010-01:consequence:03;R-B50-X010-01;B50-X010;B50;B50 – Tvärgående och sektorsspecifika spår;Fridlysta arter missas i screeningen och dyker upp under byggskedet;konsekvens;3;Omprojektering och nya inventeringar förskjuter byggstarten och ökar kostnaden.;analysis;;[]
R-B50-X010-02:trigger:01;R-B50-X010-02;B50-X010;B50;B50 – Tvärgående och sektorsspecifika spår;Strandskydd och lokala skyddsföreskrifter upptäcks sent i detaljutformningen;utlösande faktor;1;En tillfart, ledning eller byggnadsdel ligger inom strandskydd eller ett annat lokalt reglerat skyddsområde.;source;STRAND | MB;"[""STRAND"",""MB""]"
R-B50-X010-02:trigger:02;R-B50-X010-02;B50-X010;B50;B50 – Tvärgående och sektorsspecifika spår;Strandskydd och lokala skyddsföreskrifter upptäcks sent i detaljutformningen;utlösande faktor;2;Den tidiga screeningen omfattar huvudområdet men inte perifera följdåtgärder.;analysis;;[]
R-B50-X010-02:trigger:03;R-B50-X010-02;B50-X010;B50;B50 – Tvärgående och sektorsspecifika spår;Strandskydd och lokala skyddsföreskrifter upptäcks sent i detaljutformningen;utlösande faktor;3;Detaljprojekteringen flyttar anläggningen in i en skyddszon som saknade korrekt kartlager.;analysis;;[]
R-B50-X010-02:consequence:01;R-B50-X010-02;B50-X010;B50;B50 – Tvärgående och sektorsspecifika spår;Strandskydd och lokala skyddsföreskrifter upptäcks sent i detaljutformningen;konsekvens;1;Den skyddade åtgärden behöver undvikas eller få den dispens eller prövning som lagen kräver.;source;STRAND | MB;"[""STRAND"",""MB""]"
R-B50-X010-02:consequence:02;R-B50-X010-02;B50-X010;B50;B50 – Tvärgående och sektorsspecifika spår;Strandskydd och lokala skyddsföreskrifter upptäcks sent i detaljutformningen;konsekvens;2;Sena dispensansökningar förskjuter berörda byggmoment.;analysis;;[]
R-B50-X010-02:consequence:03;R-B50-X010-02;B50-X010;B50;B50 – Tvärgående och sektorsspecifika spår;Strandskydd och lokala skyddsföreskrifter upptäcks sent i detaljutformningen;konsekvens;3;Tillfarter och ledningsdragningar behöver flyttas och kan skapa nya mark- eller miljöfrågor.;analysis;;[]
R-B50-X030-01:trigger:01;R-B50-X030-01;B50-X030;B50;B50 – Tvärgående och sektorsspecifika spår;Bristfällig alternativ- och skälredovisning leder till avslag på dispens;utlösande faktor;1;Dispensansökan visar inte att de rekvisit som gäller för den aktuella skyddsbestämmelsen är uppfyllda.;source;MB | ARTSKYDD | STRAND;"[""MB"",""ARTSKYDD"",""STRAND""]"
R-B50-X030-01:trigger:02;R-B50-X030-01;B50-X030;B50;B50 – Tvärgående och sektorsspecifika spår;Bristfällig alternativ- och skälredovisning leder till avslag på dispens;utlösande faktor;2;Alternativredovisningen utesluter genomförbara platser utan jämförbart underlag.;analysis;;[]
R-B50-X030-01:trigger:03;R-B50-X030-01;B50-X030;B50;B50 – Tvärgående och sektorsspecifika spår;Bristfällig alternativ- och skälredovisning leder till avslag på dispens;utlösande faktor;3;Skydds- eller kompensationsåtgärdens effekt beskrivs utan verifierbar metod eller rådighet.;analysis;;[]
R-B50-X030-01:consequence:01;R-B50-X030-01;B50-X030;B50;B50 – Tvärgående och sektorsspecifika spår;Bristfällig alternativ- och skälredovisning leder till avslag på dispens;konsekvens;1;Dispens kan inte ges om de lagstadgade förutsättningarna inte är uppfyllda.;source;MB | ARTSKYDD | STRAND;"[""MB"",""ARTSKYDD"",""STRAND""]"
R-B50-X030-01:consequence:02;R-B50-X030-01;B50-X030;B50;B50 – Tvärgående och sektorsspecifika spår;Bristfällig alternativ- och skälredovisning leder till avslag på dispens;konsekvens;2;Ansökan avslås eller behöver omarbetas och kompletteras.;analysis;;[]
R-B50-X030-01:consequence:03;R-B50-X030-01;B50-X030;B50;B50 – Tvärgående och sektorsspecifika spår;Bristfällig alternativ- och skälredovisning leder till avslag på dispens;konsekvens;3;Ett kommunalt strandskyddsbeslut kan upphävas vid länsstyrelsens kontroll och projektet behöva omprojekteras.;analysis;;[]
R-B50-X030-02:trigger:01;R-B50-X030-02;B50-X030;B50;B50 – Tvärgående och sektorsspecifika spår;Omprojektering för att undvika förbudet urholkar projektets funktion eller ekonomi;utlösande faktor;1;Den planerade åtgärden träffas av ett förbud som inte kan hanteras med den sökta dispensen.;source;MB | ARTSKYDD;"[""MB"",""ARTSKYDD""]"
R-B50-X030-02:trigger:02;R-B50-X030-02;B50-X030;B50;B50 – Tvärgående och sektorsspecifika spår;Omprojektering för att undvika förbudet urholkar projektets funktion eller ekonomi;utlösande faktor;2;En undvikandelösning kräver mindre kapacitet, sämre placering eller dyrare teknik.;analysis;;[]
R-B50-X030-02:trigger:03;R-B50-X030-02;B50-X030;B50;B50 – Tvärgående och sektorsspecifika spår;Omprojektering för att undvika förbudet urholkar projektets funktion eller ekonomi;utlösande faktor;3;Varje ny utformning skapar följdändringar i huvudtillstånd, plan eller markåtkomst.;analysis;;[]
R-B50-X030-02:consequence:01;R-B50-X030-02;B50-X030;B50;B50 – Tvärgående och sektorsspecifika spår;Omprojektering för att undvika förbudet urholkar projektets funktion eller ekonomi;konsekvens;1;Projektet behöver hålla sig utanför förbudet eller uppfylla en tillämplig laglig undantags- eller dispensgrund.;source;MB | ARTSKYDD;"[""MB"",""ARTSKYDD""]"
R-B50-X030-02:consequence:02;R-B50-X030-02;B50-X030;B50;B50 – Tvärgående och sektorsspecifika spår;Omprojektering för att undvika förbudet urholkar projektets funktion eller ekonomi;konsekvens;2;Teknisk funktion eller projektets ekonomi försämras genom omprojekteringen.;analysis;;[]
R-B50-X030-02:consequence:03;R-B50-X030-02;B50-X030;B50;B50 – Tvärgående och sektorsspecifika spår;Omprojektering för att undvika förbudet urholkar projektets funktion eller ekonomi;konsekvens;3;Huvudspåret och andra beslut behöver ändras och den samlade tidplanen förlängs.;analysis;;[]
R-B50-X040-01:trigger:01;R-B50-X040-01;B50-X040;B50;B50 – Tvärgående och sektorsspecifika spår;Dispens- och skyddsbeslut överklagas och gaten skjuts upp;utlösande faktor;1;Ett kommunalt strandskyddsbeslut tas upp till länsstyrelsens prövning eller ett skyddsbeslut överklagas enligt tillämplig ordning.;source;MB;"[""MB""]"
R-B50-X040-01:trigger:02;R-B50-X040-01;B50-X040;B50;B50 – Tvärgående och sektorsspecifika spår;Dispens- och skyddsbeslut överklagas och gaten skjuts upp;utlösande faktor;2;En organisation eller sakägare angriper dispensens förutsättningar eller avgränsning.;analysis;;[]
R-B50-X040-01:trigger:03;R-B50-X040-01;B50-X040;B50;B50 – Tvärgående och sektorsspecifika spår;Dispens- och skyddsbeslut överklagas och gaten skjuts upp;utlösande faktor;3;Beslutets motivering eller alternativanalys lämnar en fråga öppen för överprövning.;analysis;;[]
R-B50-X040-01:consequence:01;R-B50-X040-01;B50-X040;B50;B50 – Tvärgående och sektorsspecifika spår;Dispens- och skyddsbeslut överklagas och gaten skjuts upp;konsekvens;1;Beslutets slutliga status avvaktar den föreskrivna kontroll- eller överklagandeprocessen.;source;MB | COURT_APPEAL;"[""MB"",""COURT_APPEAL""]"
R-B50-X040-01:consequence:02;R-B50-X040-01;B50-X040;B50;B50 – Tvärgående och sektorsspecifika spår;Dispens- och skyddsbeslut överklagas och gaten skjuts upp;konsekvens;2;Skyddsgaten och den berörda byggstarten skjuts fram.;analysis;;[]
R-B50-X040-01:consequence:03;R-B50-X040-01;B50-X040;B50;B50 – Tvärgående och sektorsspecifika spår;Dispens- och skyddsbeslut överklagas och gaten skjuts upp;konsekvens;3;Ett slutligt upphävande kräver omprojektering eller en ny ansökan.;analysis;;[]
R-B50-X040-02:trigger:01;R-B50-X040-02;B50-X040;B50;B50 – Tvärgående och sektorsspecifika spår;Inkonsekvent dispenspraxis mellan kommuner och län skapar oförutsägbarhet;utlösande faktor;1;Dispensprövningen görs mot lagrekvisiten och förhållandena i det enskilda fallet, så ett referensfall från en annan kommun eller region är inte nödvändigtvis jämförbart.;source;MB | STRAND | ARTSKYDD;"[""MB"",""STRAND"",""ARTSKYDD""]"
R-B50-X040-02:trigger:02;R-B50-X040-02;B50-X040;B50;B50 – Tvärgående och sektorsspecifika spår;Inkonsekvent dispenspraxis mellan kommuner och län skapar oförutsägbarhet;utlösande faktor;2;Lokala naturvärden, planförhållanden eller tidigare beslut är inte jämförbara med projektets referensfall.;analysis;;[]
R-B50-X040-02:trigger:03;R-B50-X040-02;B50-X040;B50;B50 – Tvärgående och sektorsspecifika spår;Inkonsekvent dispenspraxis mellan kommuner och län skapar oförutsägbarhet;utlösande faktor;3;Projektets prognos behandlar en skönsmässig och platsbunden bedömning som en enhetlig rutin.;analysis;;[]
R-B50-X040-02:consequence:01;R-B50-X040-02;B50-X040;B50;B50 – Tvärgående och sektorsspecifika spår;Inkonsekvent dispenspraxis mellan kommuner och län skapar oförutsägbarhet;konsekvens;1;Varje dispens behöver prövas mot de lagstadgade rekvisiten och omständigheterna i det enskilda fallet.;source;MB | STRAND | ARTSKYDD;"[""MB"",""STRAND"",""ARTSKYDD""]"
R-B50-X040-02:consequence:02;R-B50-X040-02;B50-X040;B50;B50 – Tvärgående och sektorsspecifika spår;Inkonsekvent dispenspraxis mellan kommuner och län skapar oförutsägbarhet;konsekvens;2;Projektet möter strängare villkor eller avslag än kalkylen förutsatte.;analysis;;[]
R-B50-X040-02:consequence:03;R-B50-X040-02;B50-X040;B50;B50 – Tvärgående och sektorsspecifika spår;Inkonsekvent dispenspraxis mellan kommuner och län skapar oförutsägbarhet;konsekvens;3;Omprojektering eller byte av lokalisering kan bli nödvändigt.;analysis;;[]
R-B50-X050-01:trigger:01;R-B50-X050-01;B50-X050;B50;B50 – Tvärgående och sektorsspecifika spår;Partiell gate: skyddsbeslut täcker inte hela det planerade markarbetet;utlösande faktor;1;Ett skyddsbeslut eller en dispens omfattar en mindre yta eller annan åtgärd än den slutliga byggprojekteringen.;source;MB | ARTSKYDD | STRAND;"[""MB"",""ARTSKYDD"",""STRAND""]"
R-B50-X050-01:trigger:02;R-B50-X050-01;B50-X050;B50;B50 – Tvärgående och sektorsspecifika spår;Partiell gate: skyddsbeslut täcker inte hela det planerade markarbetet;utlösande faktor;2;Beslutsgeometrin och bygghandlingarna har inte jämförts i samma koordinatsystem eller version.;analysis;;[]
R-B50-X050-01:trigger:03;R-B50-X050-01;B50-X050;B50;B50 – Tvärgående och sektorsspecifika spår;Partiell gate: skyddsbeslut täcker inte hela det planerade markarbetet;utlösande faktor;3;Tillfälliga arbetsområden och följdåtgärder har utelämnats från dispensansökan.;analysis;;[]
R-B50-X050-01:consequence:01;R-B50-X050-01;B50-X050;B50;B50 – Tvärgående och sektorsspecifika spår;Partiell gate: skyddsbeslut täcker inte hela det planerade markarbetet;konsekvens;1;Arbete utanför beslutets räckvidd saknar stöd av den befintliga dispensen eller prövningen.;source;MB | ARTSKYDD | STRAND;"[""MB"",""ARTSKYDD"",""STRAND""]"
R-B50-X050-01:consequence:02;R-B50-X050-01;B50-X050;B50;B50 – Tvärgående och sektorsspecifika spår;Partiell gate: skyddsbeslut täcker inte hela det planerade markarbetet;konsekvens;2;Det berörda arbetet stoppas och en ny ansökan behöver göras.;analysis;;[]
R-B50-X050-01:consequence:03;R-B50-X050-01;B50-X050;B50;B50 – Tvärgående och sektorsspecifika spår;Partiell gate: skyddsbeslut täcker inte hela det planerade markarbetet;konsekvens;3;Tillsyn, återställningskrav och straffrättslig exponering kan aktualiseras om arbete redan har utförts utanför beslutets räckvidd.;source;MB | ARTSKYDD | STRAND;"[""MB"",""ARTSKYDD"",""STRAND""]"
R-B60-010-01:trigger:01;R-B60-010-01;B60-010;B60;B60 – Ansökan, beslut och överprövning;Avgifts- och formaliafel lägger ärendet på is innan prövning startat;utlösande faktor;1;Den föreskrivna prövningsavgiften har inte betalats när ansökan lämnas in.;source;MB;"[""MB""]"
R-B60-010-01:trigger:02;R-B60-010-01;B60-010;B60;B60 – Ansökan, beslut och överprövning;Avgifts- och formaliafel lägger ärendet på is innan prövning startat;utlösande faktor;2;Projektet har klassificerat verksamheten i fel avgiftskategori och betalar därför fel belopp.;analysis;;[]
R-B60-010-01:trigger:03;R-B60-010-01;B60-010;B60;B60 – Ansökan, beslut och överprövning;Avgifts- och formaliafel lägger ärendet på is innan prövning startat;utlösande faktor;3;Handlingar eller betalningsuppgifter förlorar sin koppling till ärendet mellan e-tjänsten och diariet.;analysis;;[]
R-B60-010-01:consequence:01;R-B60-010-01;B60-010;B60;B60 – Ansökan, beslut och överprövning;Avgifts- och formaliafel lägger ärendet på is innan prövning startat;konsekvens;1;Prövningsinstansen behöver hantera ansökans formalia och avgiftsfråga innan den ordinarie sakberedningen går vidare.;source;MB | NV_PERMIT;"[""MB"",""NV_PERMIT""]"
R-B60-010-01:consequence:02;R-B60-010-01;B60-010;B60;B60 – Ansökan, beslut och överprövning;Avgifts- och formaliafel lägger ärendet på is innan prövning startat;konsekvens;2;Projektorganisationen belastas med kostnader medan ansökan inte går vidare.;analysis;;[]
R-B60-010-01:consequence:03;R-B60-010-01;B60-010;B60;B60 – Ansökan, beslut och överprövning;Avgifts- och formaliafel lägger ärendet på is innan prövning startat;konsekvens;3;Ett formaliaomtag kan rubba samordningen med andra ansökningar och avtalade projektmilstolpar.;analysis;;[]
R-B60-010-02:trigger:01;R-B60-010-02;B60-010;B60;B60 – Ansökan, beslut och överprövning;Aktörsbytet till Miljöprövningsmyndigheten skapar diarie- och behörighetsglapp;utlösande faktor;1;Ett ärende har inletts före den nya myndighetens ikraftträdande men handläggs fortfarande vid övergången.;source;SFS2026_1442;"[""SFS2026_1442""]"
R-B60-010-02:trigger:02;R-B60-010-02;B60-010;B60;B60 – Ansökan, beslut och överprövning;Aktörsbytet till Miljöprövningsmyndigheten skapar diarie- och behörighetsglapp;utlösande faktor;2;Gamla och nya diarier använder olika ärendeidentiteter eller metadata för samma ansökan.;analysis;;[]
R-B60-010-02:trigger:03;R-B60-010-02;B60-010;B60;B60 – Ansökan, beslut och överprövning;Aktörsbytet till Miljöprövningsmyndigheten skapar diarie- och behörighetsglapp;utlösande faktor;3;Sökanden eller en remissinstans använder en inaktuell mottagar- eller behörighetsuppgift under övergången.;analysis;;[]
R-B60-010-02:consequence:01;R-B60-010-02;B60-010;B60;B60 – Ansökan, beslut och överprövning;Aktörsbytet till Miljöprövningsmyndigheten skapar diarie- och behörighetsglapp;konsekvens;1;Ärendet kan behöva överlämnas till den instans som är behörig enligt övergångsreglerna.;source;SFS2026_1442;"[""SFS2026_1442""]"
R-B60-010-02:consequence:02;R-B60-010-02;B60-010;B60;B60 – Ansökan, beslut och överprövning;Aktörsbytet till Miljöprövningsmyndigheten skapar diarie- och behörighetsglapp;konsekvens;2;Registrering och behörighetskontroll tar längre tid än planerat.;analysis;;[]
R-B60-010-02:consequence:03;R-B60-010-02;B60-010;B60;B60 – Ansökan, beslut och överprövning;Aktörsbytet till Miljöprövningsmyndigheten skapar diarie- och behörighetsglapp;konsekvens;3;Handlingar riskerar att registreras dubbelt eller saknas i den akt som den nya myndigheten använder.;analysis;;[]
R-B60-010-02:consequence:04;R-B60-010-02;B60-010;B60;B60 – Ansökan, beslut och överprövning;Aktörsbytet till Miljöprövningsmyndigheten skapar diarie- och behörighetsglapp;konsekvens;4;Sökanden får osäkerhet om vilken myndighet som ska kontaktas och bevakas.;analysis;;[]
R-B60-030-01:trigger:01;R-B60-030-01;B60-030;B60;B60 – Ansökan, beslut och överprövning;MKB-brister stjälper fullständighetsbedömningen;utlösande faktor;1;Miljökonsekvensbeskrivningen redovisar inte rimliga alternativ i den omfattning som krävs.;source;MB | NV_EIA;"[""MB"",""NV_EIA""]"
R-B60-030-01:trigger:02;R-B60-030-01;B60-030;B60;B60 – Ansökan, beslut och överprövning;MKB-brister stjälper fullständighetsbedömningen;utlösande faktor;2;Underlaget beskriver inte relevanta kumulativa miljöeffekter.;source;MB | MBD;"[""MB"",""MBD""]"
R-B60-030-01:trigger:03;R-B60-030-01;B60-030;B60;B60 – Ansökan, beslut och överprövning;MKB-brister stjälper fullständighetsbedömningen;utlösande faktor;3;Skyddsåtgärder eller uppföljning är otillräckligt redovisade i miljökonsekvensbeskrivningen.;source;MB | NV_EIA;"[""MB"",""NV_EIA""]"
R-B60-030-01:trigger:04;R-B60-030-01;B60-030;B60;B60 – Ansökan, beslut och överprövning;MKB-brister stjälper fullständighetsbedömningen;utlösande faktor;4;Den tekniska ansökan och miljökonsekvensbeskrivningen utgår från olika projektversioner.;analysis;;[]
R-B60-030-01:consequence:01;R-B60-030-01;B60-030;B60;B60 – Ansökan, beslut och överprövning;MKB-brister stjälper fullständighetsbedömningen;konsekvens;1;Prövningsinstansen kan förelägga sökanden att komplettera ansökan.;source;MB | NV_PERMIT;"[""MB"",""NV_PERMIT""]"
R-B60-030-01:consequence:02;R-B60-030-01;B60-030;B60;B60 – Ansökan, beslut och överprövning;MKB-brister stjälper fullständighetsbedömningen;konsekvens;2;Flera kompletteringsomgångar förlänger tiden innan ansökan kan kungöras eller avgöras.;analysis;;[]
R-B60-030-01:consequence:03;R-B60-030-01;B60-030;B60;B60 – Ansökan, beslut och överprövning;MKB-brister stjälper fullständighetsbedömningen;konsekvens;3;Nya utredningar ökar kostnaderna och kan göra äldre underlag inaktuellt.;analysis;;[]
R-B60-030-01:consequence:04;R-B60-030-01;B60-030;B60;B60 – Ansökan, beslut och överprövning;MKB-brister stjälper fullständighetsbedömningen;konsekvens;4;En brist som inte läks kan leda till att ansökan inte prövas i sak.;analysis;;[]
R-B60-030-02:trigger:01;R-B60-030-02;B60-030;B60;B60 – Ansökan, beslut och överprövning;Skiftande kravbild vid aktörsbyte skapar omprövning av underlaget;utlösande faktor;1;Fullständighetsgranskningen pågår när ansvaret förs över till Miljöprövningsmyndigheten.;source;SFS2026_1442;"[""SFS2026_1442""]"
R-B60-030-02:trigger:02;R-B60-030-02;B60-030;B60;B60 – Ansökan, beslut och överprövning;Skiftande kravbild vid aktörsbyte skapar omprövning av underlaget;utlösande faktor;2;Den mottagande myndigheten dokumenterar kompletthetskraven på ett annat sätt än den tidigare instansen.;analysis;;[]
R-B60-030-02:trigger:03;R-B60-030-02;B60-030;B60;B60 – Ansökan, beslut och överprövning;Skiftande kravbild vid aktörsbyte skapar omprövning av underlaget;utlösande faktor;3;Tidigare muntliga besked om underlagets omfattning är inte spårbara i den överförda akten.;analysis;;[]
R-B60-030-02:trigger:04;R-B60-030-02;B60-030;B60;B60 – Ansökan, beslut och överprövning;Skiftande kravbild vid aktörsbyte skapar omprövning av underlaget;utlösande faktor;4;Övergången sammanfaller med att tekniska eller miljömässiga förutsättningar i ansökan har förändrats.;analysis;;[]
R-B60-030-02:consequence:01;R-B60-030-02;B60-030;B60;B60 – Ansökan, beslut och överprövning;Skiftande kravbild vid aktörsbyte skapar omprövning av underlaget;konsekvens;1;Den behöriga myndigheten ansvarar efter övergången för att föra den fortsatta fullständighetsgranskningen.;source;SFS2026_1442 | NEW_AUTH;"[""SFS2026_1442"",""NEW_AUTH""]"
R-B60-030-02:consequence:02;R-B60-030-02;B60-030;B60;B60 – Ansökan, beslut och överprövning;Skiftande kravbild vid aktörsbyte skapar omprövning av underlaget;konsekvens;2;Sökanden behöver lämna ytterligare eller omstrukturerade kompletteringar.;analysis;;[]
R-B60-030-02:consequence:03;R-B60-030-02;B60-030;B60;B60 – Ansökan, beslut och överprövning;Skiftande kravbild vid aktörsbyte skapar omprövning av underlaget;konsekvens;3;Tidskänsliga inventeringar och tekniska offerter kan behöva uppdateras.;analysis;;[]
R-B60-030-02:consequence:04;R-B60-030-02;B60-030;B60;B60 – Ansökan, beslut och överprövning;Skiftande kravbild vid aktörsbyte skapar omprövning av underlaget;konsekvens;4;Kungörelse och fortsatt beredning senareläggs.;analysis;;[]
R-B60-050-01:trigger:01;R-B60-050-01;B60-050;B60;B60 – Ansökan, beslut och överprövning;Säsongsberoende kompletteringar missar fönstret;utlösande faktor;1;Ett kompletteringsföreläggande kräver artinventering under en biologiskt relevant årstid.;source;MB | NV_EIA;"[""MB"",""NV_EIA""]"
R-B60-050-01:trigger:02;R-B60-050-01;B60-050;B60;B60 – Ansökan, beslut och överprövning;Säsongsberoende kompletteringar missar fönstret;utlösande faktor;2;Hydrologiska eller akvatiska undersökningar behöver göras vid ett visst flödesförhållande.;analysis;;[]
R-B60-050-01:trigger:03;R-B60-050-01;B60-050;B60;B60 – Ansökan, beslut och överprövning;Säsongsberoende kompletteringar missar fönstret;utlösande faktor;3;Föreläggandet meddelas efter att det relevanta fältfönstret har passerat.;analysis;;[]
R-B60-050-01:trigger:04;R-B60-050-01;B60-050;B60;B60 – Ansökan, beslut och överprövning;Säsongsberoende kompletteringar missar fönstret;utlösande faktor;4;Väderförhållandena under fältfönstret gör att insamlade data inte blir representativa.;analysis;;[]
R-B60-050-01:consequence:01;R-B60-050-01;B60-050;B60;B60 – Ansökan, beslut och överprövning;Säsongsberoende kompletteringar missar fönstret;konsekvens;1;Det efterfrågade miljöunderlaget behöver finnas innan prövningen kan slutföras.;source;MB | NV_EIA;"[""MB"",""NV_EIA""]"
R-B60-050-01:consequence:02;R-B60-050-01;B60-050;B60;B60 – Ansökan, beslut och överprövning;Säsongsberoende kompletteringar missar fönstret;konsekvens;2;Fältarbete och expertgranskning medför ytterligare utredningskostnader.;analysis;;[]
R-B60-050-01:consequence:03;R-B60-050-01;B60-050;B60;B60 – Ansökan, beslut och överprövning;Säsongsberoende kompletteringar missar fönstret;konsekvens;3;Underlaget i andra sakfrågor kan hinna bli inaktuellt under väntetiden.;analysis;;[]
R-B60-050-01:consequence:04;R-B60-050-01;B60-050;B60;B60 – Ansökan, beslut och överprövning;Säsongsberoende kompletteringar missar fönstret;konsekvens;4;Projektets samordning med parallella tillståndsprocesser försvåras.;analysis;;[]
R-B60-050-02:trigger:01;R-B60-050-02;B60-050;B60;B60 – Ansökan, beslut och överprövning;Kompletteringen väsentligt ändrar projektet och tvingar ny kommunicering;utlösande faktor;1;Sökanden lägger till en åtgärd som inte ingick i det kungjorda projektet.;source;MB;"[""MB""]"
R-B60-050-02:trigger:02;R-B60-050-02;B60-050;B60;B60 – Ansökan, beslut och överprövning;Kompletteringen väsentligt ändrar projektet och tvingar ny kommunicering;utlösande faktor;2;Ett nytt lokaliserings- eller teknikalternativ förs in först i kompletteringen.;analysis;;[]
R-B60-050-02:trigger:03;R-B60-050-02;B60-050;B60;B60 – Ansökan, beslut och överprövning;Kompletteringen väsentligt ändrar projektet och tvingar ny kommunicering;utlösande faktor;3;Kompletteringen visar miljöeffekter som berör en annan krets av sakägare än tidigare.;analysis;;[]
R-B60-050-02:trigger:04;R-B60-050-02;B60-050;B60;B60 – Ansökan, beslut och överprövning;Kompletteringen väsentligt ändrar projektet och tvingar ny kommunicering;utlösande faktor;4;De justerade yrkandena ökar verksamhetens omfattning i förhållande till samrådsunderlaget.;analysis;;[]
R-B60-050-02:consequence:01;R-B60-050-02;B60-050;B60;B60 – Ansökan, beslut och överprövning;Kompletteringen väsentligt ändrar projektet och tvingar ny kommunicering;konsekvens;1;Nytt material av betydelse kan behöva kommuniceras innan ärendet avgörs.;source;MB;"[""MB""]"
R-B60-050-02:consequence:02;R-B60-050-02;B60-050;B60;B60 – Ansökan, beslut och överprövning;Kompletteringen väsentligt ändrar projektet och tvingar ny kommunicering;konsekvens;2;Ytterligare sakägare eller remissinstanser behöver ges möjlighet att yttra sig.;analysis;;[]
R-B60-050-02:consequence:03;R-B60-050-02;B60-050;B60;B60 – Ansökan, beslut och överprövning;Kompletteringen väsentligt ändrar projektet och tvingar ny kommunicering;konsekvens;3;Beredningen förlängs och tidigare planerade beslutsmoment flyttas fram.;analysis;;[]
R-B60-050-02:consequence:04;R-B60-050-02;B60-050;B60;B60 – Ansökan, beslut och överprövning;Kompletteringen väsentligt ändrar projektet och tvingar ny kommunicering;konsekvens;4;En alltför stor ändring kan kräva att projektet återgår till ett tidigare processkede.;analysis;;[]
R-B60-060-01:trigger:01;R-B60-060-01;B60-060;B60;B60 – Ansökan, beslut och överprövning;Återkallelse av strategiska skäl gör att det pågående ärendets processvärde går förlorat;utlösande faktor;1;Sökanden har processuell möjlighet att återkalla sin ansökan innan saken avgörs.;source;EXT: Riksdagen – KU 2020/21:KU10 om Preemraffärendet https://www.riksdagen.se/sv/dokument-och-lagar/dokument/betankande/granskningsbetankande-hosten-2020_h801ku10/html/;"[""EXT: Riksdagen – KU 2020/21:KU10 om Preemraffärendet https://www.riksdagen.se/sv/dokument-och-lagar/dokument/betankande/granskningsbetankande-hosten-2020_h801ku10/html/""]"
R-B60-060-01:trigger:02;R-B60-060-01;B60-060;B60;B60 – Ansökan, beslut och överprövning;Återkallelse av strategiska skäl gör att det pågående ärendets processvärde går förlorat;utlösande faktor;2;Ändrade marknadsförutsättningar gör den sökta utformningen ekonomiskt ointressant.;analysis;;[]
R-B60-060-01:trigger:03;R-B60-060-01;B60-060;B60;B60 – Ansökan, beslut och överprövning;Återkallelse av strategiska skäl gör att det pågående ärendets processvärde går förlorat;utlösande faktor;3;Sökanden bedömer att ett väntat negativt avgörande skulle försvåra en omarbetad ansökan.;analysis;;[]
R-B60-060-01:trigger:04;R-B60-060-01;B60-060;B60;B60 – Ansökan, beslut och överprövning;Återkallelse av strategiska skäl gör att det pågående ärendets processvärde går förlorat;utlösande faktor;4;Ägarens strategi eller investeringsprioritering ändras under handläggningen.;analysis;;[]
R-B60-060-01:consequence:01;R-B60-060-01;B60-060;B60;B60 – Ansökan, beslut och överprövning;Återkallelse av strategiska skäl gör att det pågående ärendets processvärde går förlorat;konsekvens;1;Den återkallade ansökan leder inte till det sökta tillståndsavgörandet i det pågående ärendet.;source;EXT: Riksdagen – KU 2020/21:KU10 om Preemraffärendet https://www.riksdagen.se/sv/dokument-och-lagar/dokument/betankande/granskningsbetankande-hosten-2020_h801ku10/html/;"[""EXT: Riksdagen – KU 2020/21:KU10 om Preemraffärendet https://www.riksdagen.se/sv/dokument-och-lagar/dokument/betankande/granskningsbetankande-hosten-2020_h801ku10/html/""]"
R-B60-060-01:consequence:02;R-B60-060-01;B60-060;B60;B60 – Ansökan, beslut och överprövning;Återkallelse av strategiska skäl gör att det pågående ärendets processvärde går förlorat;konsekvens;2;Upplupna konsult- och ombudskostnader kan inte återvinnas genom det avslutade ärendet.;analysis;;[]
R-B60-060-01:consequence:03;R-B60-060-01;B60-060;B60;B60 – Ansökan, beslut och överprövning;Återkallelse av strategiska skäl gör att det pågående ärendets processvärde går förlorat;konsekvens;3;En framtida ansökan behöver anpassas till då gällande rätt och aktuella miljöförhållanden.;analysis;;[]
R-B60-060-01:consequence:04;R-B60-060-01;B60-060;B60;B60 – Ansökan, beslut och överprövning;Återkallelse av strategiska skäl gör att det pågående ärendets processvärde går förlorat;konsekvens;4;Rättigheter eller avtal som förutsätter ett pågående tillståndsärende kan behöva omförhandlas.;analysis;;[]
R-B60-070-01:trigger:01;R-B60-070-01;B60-070;B60;B60 – Ansökan, beslut och överprövning;Utebliven eller slarvig tidsplan urholkar handläggningstempot;utlösande faktor;1;Instansen fastställer ingen handläggningsplan trots att ärendets fortsatta beredning behöver struktureras.;source;MB;"[""MB""]"
R-B60-070-01:trigger:02;R-B60-070-01;B60-070;B60;B60 – Ansökan, beslut och överprövning;Utebliven eller slarvig tidsplan urholkar handläggningstempot;utlösande faktor;2;Handläggningsplanen saknar ansvariga aktörer eller tydliga beroenden mellan processmomenten.;analysis;;[]
R-B60-070-01:trigger:03;R-B60-070-01;B60-070;B60;B60 – Ansökan, beslut och överprövning;Utebliven eller slarvig tidsplan urholkar handläggningstempot;utlösande faktor;3;Myndighets- eller domstolsresurser räcker inte för att hålla den kommunicerade planen.;analysis;;[]
R-B60-070-01:trigger:04;R-B60-070-01;B60-070;B60;B60 – Ansökan, beslut och överprövning;Utebliven eller slarvig tidsplan urholkar handläggningstempot;utlösande faktor;4;Nya kompletteringar eller remissbehov införs utan att tidsplanen revideras.;analysis;;[]
R-B60-070-01:consequence:01;R-B60-070-01;B60-070;B60;B60 – Ansökan, beslut och överprövning;Utebliven eller slarvig tidsplan urholkar handläggningstempot;konsekvens;1;En handläggningsplan ska ge struktur åt den fortsatta beredningen när lagens förutsättningar är uppfyllda.;source;MB;"[""MB""]"
R-B60-070-01:consequence:02;R-B60-070-01;B60-070;B60;B60 – Ansökan, beslut och överprövning;Utebliven eller slarvig tidsplan urholkar handläggningstempot;konsekvens;2;Konsulter och interna specialister hålls i beredskap eller måste bokas om.;analysis;;[]
R-B60-070-01:consequence:03;R-B60-070-01;B60-070;B60;B60 – Ansökan, beslut och överprövning;Utebliven eller slarvig tidsplan urholkar handläggningstempot;konsekvens;3;Finansierings-, leverans- eller markavtal kan behöva förlängas eller omförhandlas.;analysis;;[]
R-B60-070-01:consequence:04;R-B60-070-01;B60-070;B60;B60 – Ansökan, beslut och överprövning;Utebliven eller slarvig tidsplan urholkar handläggningstempot;konsekvens;4;Försenade moment kan få följdeffekter i parallella prövningsspår.;analysis;;[]
R-B60-080-01:trigger:01;R-B60-080-01;B60-080;B60;B60 – Ansökan, beslut och överprövning;Kungörelse- eller delgivningsfel gör prövningen sårbar för ogiltighet;utlösande faktor;1;Sakägarförteckningen saknar en person eller fastighet som berörs av ansökan.;analysis;;[]
R-B60-080-01:trigger:02;R-B60-080-01;B60-080;B60;B60 – Ansökan, beslut och överprövning;Kungörelse- eller delgivningsfel gör prövningen sårbar för ogiltighet;utlösande faktor;2;Kungörelsen innehåller inte den information eller publicering som processen kräver.;source;MB;"[""MB""]"
R-B60-080-01:trigger:03;R-B60-080-01;B60-080;B60;B60 – Ansökan, beslut och överprövning;Kungörelse- eller delgivningsfel gör prövningen sårbar för ogiltighet;utlösande faktor;3;En delgivningsadress eller mottagaruppgift är felaktig.;analysis;;[]
R-B60-080-01:trigger:04;R-B60-080-01;B60-080;B60;B60 – Ansökan, beslut och överprövning;Kungörelse- eller delgivningsfel gör prövningen sårbar för ogiltighet;utlösande faktor;4;En väsentligt ändrad ansökan kommuniceras inte till den berörda kretsen.;analysis;;[]
R-B60-080-01:consequence:01;R-B60-080-01;B60-080;B60;B60 – Ansökan, beslut och överprövning;Kungörelse- eller delgivningsfel gör prövningen sårbar för ogiltighet;konsekvens;1;Berörda ska ges den möjlighet till insyn och yttrande som kungörelse- och kommuniceringsreglerna kräver.;source;MB | NV_PERMIT;"[""MB"",""NV_PERMIT""]"
R-B60-080-01:consequence:02;R-B60-080-01;B60-080;B60;B60 – Ansökan, beslut och överprövning;Kungörelse- eller delgivningsfel gör prövningen sårbar för ogiltighet;konsekvens;2;Beredningen kan behöva öppnas på nytt för kungörelse eller delgivning.;analysis;;[]
R-B60-080-01:consequence:03;R-B60-080-01;B60-080;B60;B60 – Ansökan, beslut och överprövning;Kungörelse- eller delgivningsfel gör prövningen sårbar för ogiltighet;konsekvens;3;Ett senare avgörande kan upphävas och återförvisas på grund av handläggningsfelet.;analysis;;[]
R-B60-080-01:consequence:04;R-B60-080-01;B60-080;B60;B60 – Ansökan, beslut och överprövning;Kungörelse- eller delgivningsfel gör prövningen sårbar för ogiltighet;konsekvens;4;Laga kraft och byggberedskap senareläggs även om sakprövningen i övrigt varit korrekt.;analysis;;[]
R-B60-080-02:trigger:01;R-B60-080-02;B60-080;B60;B60 – Ansökan, beslut och överprövning;Remissinstansernas kapacitet sätter takten, inte instansens plan;utlösande faktor;1;En remissinstans lämnar inte sitt yttrande inom den remisstid som prövningsinstansen har satt ut.;source;MB | NV_PERMIT;"[""MB"",""NV_PERMIT""]"
R-B60-080-02:trigger:02;R-B60-080-02;B60-080;B60;B60 – Ansökan, beslut och överprövning;Remissinstansernas kapacitet sätter takten, inte instansens plan;utlösande faktor;2;Remissunderlaget är omfattande eller förändras under remisstiden.;analysis;;[]
R-B60-080-02:trigger:03;R-B60-080-02;B60-080;B60;B60 – Ansökan, beslut och överprövning;Remissinstansernas kapacitet sätter takten, inte instansens plan;utlösande faktor;3;Flera remissinstanser behöver samordna ett gemensamt eller beroende svar.;analysis;;[]
R-B60-080-02:trigger:04;R-B60-080-02;B60-080;B60;B60 – Ansökan, beslut och överprövning;Remissinstansernas kapacitet sätter takten, inte instansens plan;utlösande faktor;4;Remissinstansen begär förlängd svarstid för att inhämta internt beslutsunderlag.;analysis;;[]
R-B60-080-02:consequence:01;R-B60-080-02;B60-080;B60;B60 – Ansökan, beslut och överprövning;Remissinstansernas kapacitet sätter takten, inte instansens plan;konsekvens;1;Prövningsinstansen behöver bereda relevant remissmaterial innan ansökan avgörs.;source;MB | NV_PERMIT;"[""MB"",""NV_PERMIT""]"
R-B60-080-02:consequence:02;R-B60-080-02;B60-080;B60;B60 – Ansökan, beslut och överprövning;Remissinstansernas kapacitet sätter takten, inte instansens plan;konsekvens;2;Sökandens bemötande kan inte färdigställas innan remissynpunkterna är kända.;analysis;;[]
R-B60-080-02:consequence:03;R-B60-080-02;B60-080;B60;B60 – Ansökan, beslut och överprövning;Remissinstansernas kapacitet sätter takten, inte instansens plan;konsekvens;3;Försenade yttranden kan skapa ytterligare kommuniceringsomgångar.;analysis;;[]
R-B60-080-02:consequence:04;R-B60-080-02;B60-080;B60;B60 – Ansökan, beslut och överprövning;Remissinstansernas kapacitet sätter takten, inte instansens plan;konsekvens;4;Handläggningsplanens efterföljande moment måste bokas om.;analysis;;[]
R-B60-090-01:trigger:01;R-B60-090-01;B60-090;B60;B60 – Ansökan, beslut och överprövning;Motstridiga myndighetsyttranden låser beredningen;utlösande faktor;1;Remissmyndigheter bedömer samma projekt utifrån olika lagstadgade skydds- och sektorsintressen.;source;MB;"[""MB""]"
R-B60-090-01:trigger:02;R-B60-090-01;B60-090;B60;B60 – Ansökan, beslut och överprövning;Motstridiga myndighetsyttranden låser beredningen;utlösande faktor;2;Två myndigheter föreslår villkor som inte kan uppfyllas samtidigt i den sökta utformningen.;analysis;;[]
R-B60-090-01:trigger:03;R-B60-090-01;B60-090;B60;B60 – Ansökan, beslut och överprövning;Motstridiga myndighetsyttranden låser beredningen;utlösande faktor;3;Underlaget ger utrymme för skilda expertbedömningar av samma miljöeffekt.;analysis;;[]
R-B60-090-01:trigger:04;R-B60-090-01;B60-090;B60;B60 – Ansökan, beslut och överprövning;Motstridiga myndighetsyttranden låser beredningen;utlösande faktor;4;Ett riksintresse eller säkerhetsintresse står i konflikt med projektets lokalisering eller teknik.;analysis;;[]
R-B60-090-01:consequence:01;R-B60-090-01;B60-090;B60;B60 – Ansökan, beslut och överprövning;Motstridiga myndighetsyttranden låser beredningen;konsekvens;1;Prövningsinstansen behöver göra och redovisa den rättsliga avvägning som avgörandet bygger på.;source;MB;"[""MB""]"
R-B60-090-01:consequence:02;R-B60-090-01;B60-090;B60;B60 – Ansökan, beslut och överprövning;Motstridiga myndighetsyttranden låser beredningen;konsekvens;2;Sökanden behöver ta fram alternativa utformningar eller fördjupad motbevisning.;analysis;;[]
R-B60-090-01:consequence:03;R-B60-090-01;B60-090;B60;B60 – Ansökan, beslut och överprövning;Motstridiga myndighetsyttranden låser beredningen;konsekvens;3;Slutliga villkor kan bli mer begränsande eller svårare att förena med projektets funktion.;analysis;;[]
R-B60-090-01:consequence:04;R-B60-090-01;B60-090;B60;B60 – Ansökan, beslut och överprövning;Motstridiga myndighetsyttranden låser beredningen;konsekvens;4;En myndighet som har uttrycklig klagorätt kan överklaga avgörandet om dess invändning inte får genomslag.;source;MB;"[""MB""]"
R-B60-090-02:trigger:01;R-B60-090-02;B60-090;B60;B60 – Ansökan, beslut och överprövning;Många synpunkter kräver strukturerad kommunicering och bedömning;utlösande faktor;1;Projektet berör många fastigheter, organisationer eller lokala intressen.;analysis;;[]
R-B60-090-02:trigger:02;R-B60-090-02;B60-090;B60;B60 – Ansökan, beslut och överprövning;Många synpunkter kräver strukturerad kommunicering och bedömning;utlösande faktor;2;Kungörelsen väcker flera tekniskt skilda invändningar som kräver olika sakkunniga svar.;analysis;;[]
R-B60-090-02:trigger:03;R-B60-090-02;B60-090;B60;B60 – Ansökan, beslut och överprövning;Många synpunkter kräver strukturerad kommunicering och bedömning;utlösande faktor;3;Flera yttranden innehåller nytt faktaunderlag som behöver kommuniceras innan det läggs till grund för avgörandet.;source;MB;"[""MB""]"
R-B60-090-02:trigger:04;R-B60-090-02;B60-090;B60;B60 – Ansökan, beslut och överprövning;Många synpunkter kräver strukturerad kommunicering och bedömning;utlösande faktor;4;Likartade synpunkter lämnas i olika format utan gemensam struktur eller hänvisning.;analysis;;[]
R-B60-090-02:consequence:01;R-B60-090-02;B60-090;B60;B60 – Ansökan, beslut och överprövning;Många synpunkter kräver strukturerad kommunicering och bedömning;konsekvens;1;Prövningsinstansen behöver beakta relevanta yttranden och invändningar i beredningen.;source;MB | NV_PERMIT;"[""MB"",""NV_PERMIT""]"
R-B60-090-02:consequence:02;R-B60-090-02;B60-090;B60;B60 – Ansökan, beslut och överprövning;Många synpunkter kräver strukturerad kommunicering och bedömning;konsekvens;2;Behovet av flera specialistbemötanden ökar ombuds- och expertkostnaderna.;analysis;;[]
R-B60-090-02:consequence:03;R-B60-090-02;B60-090;B60;B60 – Ansökan, beslut och överprövning;Många synpunkter kräver strukturerad kommunicering och bedömning;konsekvens;3;Ytterligare kommunicering förlänger beredningen.;analysis;;[]
R-B60-090-02:consequence:04;R-B60-090-02;B60-090;B60;B60 – Ansökan, beslut och överprövning;Många synpunkter kräver strukturerad kommunicering och bedömning;konsekvens;4;Fler sakfrågor kan följa med in i en överklagandeprocess.;analysis;;[]
R-B60-100-01:trigger:01;R-B60-100-01;B60-100;B60;B60 – Ansökan, beslut och överprövning;Justerade yrkanden underminerar den processuella ramen;utlösande faktor;1;Sökanden ändrar den sökta verksamhetens omfattning under den pågående prövningen.;source;MB;"[""MB""]"
R-B60-100-01:trigger:02;R-B60-100-01;B60-100;B60;B60 – Ansökan, beslut och överprövning;Justerade yrkanden underminerar den processuella ramen;utlösande faktor;2;Ett nytt villkorsförslag förändrar teknik eller drift på ett sätt som inte tidigare utretts.;analysis;;[]
R-B60-100-01:trigger:03;R-B60-100-01;B60-100;B60;B60 – Ansökan, beslut och överprövning;Justerade yrkanden underminerar den processuella ramen;utlösande faktor;3;Projektbeskrivningen justeras så att en ny krets av sakägare eller miljöeffekter berörs.;analysis;;[]
R-B60-100-01:trigger:04;R-B60-100-01;B60-100;B60;B60 – Ansökan, beslut och överprövning;Justerade yrkanden underminerar den processuella ramen;utlösande faktor;4;Flera successiva mindre ändringar får tillsammans en väsentlig betydelse för prövningsramen.;analysis;;[]
R-B60-100-01:consequence:01;R-B60-100-01;B60-100;B60;B60 – Ansökan, beslut och överprövning;Justerade yrkanden underminerar den processuella ramen;konsekvens;1;Nytt material av betydelse kan behöva kommuniceras innan avgörandet.;source;MB;"[""MB""]"
R-B60-100-01:consequence:02;R-B60-100-01;B60-100;B60;B60 – Ansökan, beslut och överprövning;Justerade yrkanden underminerar den processuella ramen;konsekvens;2;Instansen kan avgränsa prövningen till den del som ryms inom den ursprungliga ansökan.;analysis;;[]
R-B60-100-01:consequence:03;R-B60-100-01;B60-100;B60;B60 – Ansökan, beslut och överprövning;Justerade yrkanden underminerar den processuella ramen;konsekvens;3;Den ändrade delen kan behöva prövas i ett nytt eller kompletterande ärende.;analysis;;[]
R-B60-100-01:consequence:04;R-B60-100-01;B60-100;B60;B60 – Ansökan, beslut och överprövning;Justerade yrkanden underminerar den processuella ramen;konsekvens;4;Projektets tillståndsutfall blir mer begränsat än den senast önskade utformningen.;analysis;;[]
R-B60-120-01:trigger:01;R-B60-120-01;B60-120;B60;B60 – Ansökan, beslut och överprövning;Instansens egen sakkunnigutredning flyttar bevisbördan och tidplanen;utlösande faktor;1;Parternas sakkunnigutlåtanden ger oförenliga slutsatser i en avgörande fråga.;analysis;;[]
R-B60-120-01:trigger:02;R-B60-120-01;B60-120;B60;B60 – Ansökan, beslut och överprövning;Instansens egen sakkunnigutredning flyttar bevisbördan och tidplanen;utlösande faktor;2;Ansökningsunderlaget saknar verifierbara data för den bedömning som instansen måste göra.;analysis;;[]
R-B60-120-01:trigger:03;R-B60-120-01;B60-120;B60;B60 – Ansökan, beslut och överprövning;Instansens egen sakkunnigutredning flyttar bevisbördan och tidplanen;utlösande faktor;3;Domstolen bedömer att syn eller särskild utredning behövs för att kunna avgöra målet.;source;MMDL;"[""MMDL""]"
R-B60-120-01:trigger:04;R-B60-120-01;B60-120;B60;B60 – Ansökan, beslut och överprövning;Instansens egen sakkunnigutredning flyttar bevisbördan och tidplanen;utlösande faktor;4;En ny teknisk fråga uppkommer efter kommunicering som inte täcks av parternas experter.;analysis;;[]
R-B60-120-01:consequence:01;R-B60-120-01;B60-120;B60;B60 – Ansökan, beslut och överprövning;Instansens egen sakkunnigutredning flyttar bevisbördan och tidplanen;konsekvens;1;Instansens beslutade syn eller särskilda utredning blir ett ytterligare handläggningsmoment före avgörandet.;source;MB | MMDL;"[""MB"",""MMDL""]"
R-B60-120-01:consequence:02;R-B60-120-01;B60-120;B60;B60 – Ansökan, beslut och överprövning;Instansens egen sakkunnigutredning flyttar bevisbördan och tidplanen;konsekvens;2;Parterna behöver granska och bemöta det nya sakkunnigunderlaget.;analysis;;[]
R-B60-120-01:consequence:03;R-B60-120-01;B60-120;B60;B60 – Ansökan, beslut och överprövning;Instansens egen sakkunnigutredning flyttar bevisbördan och tidplanen;konsekvens;3;Sökanden belastas med ytterligare expert- och ombudskostnader.;analysis;;[]
R-B60-120-01:consequence:04;R-B60-120-01;B60-120;B60;B60 – Ansökan, beslut och överprövning;Instansens egen sakkunnigutredning flyttar bevisbördan och tidplanen;konsekvens;4;Instansens utredning kan ge stöd för strängare villkor eller ett negativt avgörande.;analysis;;[]
R-B60-120-02:trigger:01;R-B60-120-02;B60-120;B60;B60 – Ansökan, beslut och överprövning;Väder och årstid försenar syn och platsbesök;utlösande faktor;1;Snö eller is döljer de förhållanden som synen ska klarlägga.;analysis;;[]
R-B60-120-02:trigger:02;R-B60-120-02;B60-120;B60;B60 – Ansökan, beslut och överprövning;Väder och årstid försenar syn och platsbesök;utlösande faktor;2;Höga vattenflöden eller översvämning gör platsen otillgänglig eller missvisande.;analysis;;[]
R-B60-120-02:trigger:03;R-B60-120-02;B60-120;B60;B60 – Ansökan, beslut och överprövning;Väder och årstid försenar syn och platsbesök;utlösande faktor;3;Brandrisk eller annan säkerhetsrisk hindrar ett planerat platsbesök.;analysis;;[]
R-B60-120-02:trigger:04;R-B60-120-02;B60-120;B60;B60 – Ansökan, beslut och överprövning;Väder och årstid försenar syn och platsbesök;utlösande faktor;4;Instansen har bedömt att syn eller platsanknuten utredning behövs som underlag för avgörandet.;source;MB;"[""MB""]"
R-B60-120-02:consequence:01;R-B60-120-02;B60-120;B60;B60 – Ansökan, beslut och överprövning;Väder och årstid försenar syn och platsbesök;konsekvens;1;Den beslutade synen behöver genomföras eller ersättas med tillräckligt underlag innan den berörda bedömningen slutförs.;source;MB;"[""MB""]"
R-B60-120-02:consequence:02;R-B60-120-02;B60-120;B60;B60 – Ansökan, beslut och överprövning;Väder och årstid försenar syn och platsbesök;konsekvens;2;Efterföljande förhandling eller avgörande senareläggs om observationen behövs som underlag.;analysis;;[]
R-B60-120-02:consequence:03;R-B60-120-02;B60-120;B60;B60 – Ansökan, beslut och överprövning;Väder och årstid försenar syn och platsbesök;konsekvens;3;Parter och sakkunniga får kostnader för ombokning och förnyade förberedelser.;analysis;;[]
R-B60-120-02:consequence:04;R-B60-120-02;B60-120;B60;B60 – Ansökan, beslut och överprövning;Väder och årstid försenar syn och platsbesök;konsekvens;4;Förändrade platsförhållanden kan kräva kompletterande dokumentation i stället för enbart syn.;analysis;;[]
R-B60-140-01:trigger:01;R-B60-140-01;B60-140;B60;B60 – Ansökan, beslut och överprövning;Sakkunniga ledamöters tillgång och jäv stoppar sammanträdet;utlösande faktor;1;En ledamot har en relation eller tidigare medverkan som aktualiserar jävsreglerna.;source;FL;"[""FL""]"
R-B60-140-01:trigger:02;R-B60-140-01;B60-140;B60;B60 – Ansökan, beslut och överprövning;Sakkunniga ledamöters tillgång och jäv stoppar sammanträdet;utlösande faktor;2;En teknisk ledamot eller annan nödvändig specialist blir otillgänglig inför sammanträdet.;analysis;;[]
R-B60-140-01:trigger:03;R-B60-140-01;B60-140;B60;B60 – Ansökan, beslut och överprövning;Sakkunniga ledamöters tillgång och jäv stoppar sammanträdet;utlösande faktor;3;En sen jävsinvändning kräver att instansen utreder om sammansättningen är behörig.;analysis;;[]
R-B60-140-01:trigger:04;R-B60-140-01;B60-140;B60;B60 – Ansökan, beslut och överprövning;Sakkunniga ledamöters tillgång och jäv stoppar sammanträdet;utlösande faktor;4;Ersättare med rätt sakkompetens kan inte kallas med bibehållen förhandlingsdag.;analysis;;[]
R-B60-140-01:consequence:01;R-B60-140-01;B60-140;B60;B60 – Ansökan, beslut och överprövning;Sakkunniga ledamöters tillgång och jäv stoppar sammanträdet;konsekvens;1;Sammanträdet eller huvudförhandlingen behöver skjutas upp.;analysis;;[]
R-B60-140-01:consequence:02;R-B60-140-01;B60-140;B60;B60 – Ansökan, beslut och överprövning;Sakkunniga ledamöters tillgång och jäv stoppar sammanträdet;konsekvens;2;En konkret jävsfråga behöver prövas innan ledamoten deltar vidare i handläggningen.;source;FL;"[""FL""]"
R-B60-140-01:consequence:03;R-B60-140-01;B60-140;B60;B60 – Ansökan, beslut och överprövning;Sakkunniga ledamöters tillgång och jäv stoppar sammanträdet;konsekvens;3;En ny ledamot behöver sätta sig in i ett omfattande tekniskt och processuellt material.;analysis;;[]
R-B60-140-01:consequence:04;R-B60-140-01;B60-140;B60;B60 – Ansökan, beslut och överprövning;Sakkunniga ledamöters tillgång och jäv stoppar sammanträdet;konsekvens;4;Parter, ombud och experter får omboknings- och förberedelsekostnader.;analysis;;[]
R-B60-140-02:trigger:01;R-B60-140-02;B60-140;B60;B60 – Ansökan, beslut och överprövning;Nya yrkanden och bevis vid förhandlingen spränger ramen;utlösande faktor;1;En part presenterar ett nytt yrkande först vid huvudförhandlingen.;source;MB | COURT_MFV;"[""MB"",""COURT_MFV""]"
R-B60-140-02:trigger:02;R-B60-140-02;B60-140;B60;B60 – Ansökan, beslut och överprövning;Nya yrkanden och bevis vid förhandlingen spränger ramen;utlösande faktor;2;Ny teknisk bevisning åberopas utan att motparterna kunnat förbereda ett bemötande.;analysis;;[]
R-B60-140-02:trigger:03;R-B60-140-02;B60-140;B60;B60 – Ansökan, beslut och överprövning;Nya yrkanden och bevis vid förhandlingen spränger ramen;utlösande faktor;3;Ett nytt alternativ eller en ny skyddsåtgärd förs in i den muntliga argumentationen.;analysis;;[]
R-B60-140-02:trigger:04;R-B60-140-02;B60-140;B60;B60 – Ansökan, beslut och överprövning;Nya yrkanden och bevis vid förhandlingen spränger ramen;utlösande faktor;4;Ett sent myndighetsyttrande förändrar vilka frågor som behöver behandlas vid förhandlingen.;analysis;;[]
R-B60-140-02:consequence:01;R-B60-140-02;B60-140;B60;B60 – Ansökan, beslut och överprövning;Nya yrkanden och bevis vid förhandlingen spränger ramen;konsekvens;1;Material av betydelse behöver hanteras så att berörda parter får möjlighet att bemöta det före avgörandet.;source;MB | COURT_MFV;"[""MB"",""COURT_MFV""]"
R-B60-140-02:consequence:02;R-B60-140-02;B60-140;B60;B60 – Ansökan, beslut och överprövning;Nya yrkanden och bevis vid förhandlingen spränger ramen;konsekvens;2;Förhandlingen kan behöva ajourneras eller fortsätta vid ett senare tillfälle.;analysis;;[]
R-B60-140-02:consequence:03;R-B60-140-02;B60-140;B60;B60 – Ansökan, beslut och överprövning;Nya yrkanden och bevis vid förhandlingen spränger ramen;konsekvens;3;Ombud och sakkunniga behöver utföra ytterligare arbete.;analysis;;[]
R-B60-140-02:consequence:04;R-B60-140-02;B60-140;B60;B60 – Ansökan, beslut och överprövning;Nya yrkanden och bevis vid förhandlingen spränger ramen;konsekvens;4;Avgörandet senareläggs medan kompletterande skriftväxling genomförs.;analysis;;[]
R-B60-160-01:trigger:01;R-B60-160-01;B60-160;B60;B60 – Ansökan, beslut och överprövning;Regeringsprövningen är ett separat beslutssteg utan lagstadgad handläggningsfrist;utlösande faktor;1;Verksamheten omfattas av obligatorisk tillåtlighetsprövning enligt miljöbalken.;source;MB;"[""MB""]"
R-B60-160-01:trigger:02;R-B60-160-01;B60-160;B60;B60 – Ansökan, beslut och överprövning;Regeringsprövningen är ett separat beslutssteg utan lagstadgad handläggningsfrist;utlösande faktor;2;Regeringen förbehåller sig att pröva verksamhetens tillåtlighet enligt miljöbalken.;source;MB;"[""MB""]"
R-B60-160-01:trigger:03;R-B60-160-01;B60-160;B60;B60 – Ansökan, beslut och överprövning;Regeringsprövningen är ett separat beslutssteg utan lagstadgad handläggningsfrist;utlösande faktor;3;Tillåtlighetsfrågan aktualiseras först efter att förstainstansen redan lagt omfattande tid på beredningen.;analysis;;[]
R-B60-160-01:consequence:01;R-B60-160-01;B60-160;B60;B60 – Ansökan, beslut och överprövning;Regeringsprövningen är ett separat beslutssteg utan lagstadgad handläggningsfrist;konsekvens;1;Tillståndsinstansen kan inte slutföra tillståndsavgörandet innan regeringens tillåtlighetsbeslut finns.;source;MB;"[""MB""]"
R-B60-160-01:consequence:02;R-B60-160-01;B60-160;B60;B60 – Ansökan, beslut och överprövning;Regeringsprövningen är ett separat beslutssteg utan lagstadgad handläggningsfrist;konsekvens;2;Projektets beslutsdatum blir svårare att prognostisera.;analysis;;[]
R-B60-160-01:consequence:03;R-B60-160-01;B60-160;B60;B60 – Ansökan, beslut och överprövning;Regeringsprövningen är ett separat beslutssteg utan lagstadgad handläggningsfrist;konsekvens;3;Finansierings-, leverans- och markavtal kan behöva förlängas under regeringens beredning.;analysis;;[]
R-B60-160-01:consequence:04;R-B60-160-01;B60-160;B60;B60 – Ansökan, beslut och överprövning;Regeringsprövningen är ett separat beslutssteg utan lagstadgad handläggningsfrist;konsekvens;4;Fortsatt teknisk projektering sker med osäkerhet om den sökta verksamheten alls blir tillåten.;analysis;;[]
R-B60-160-02:trigger:01;R-B60-160-02;B60-160;B60;B60 – Ansökan, beslut och överprövning;Regeringen når ett annat resultat än prövningsinstansens yttrande;utlösande faktor;1;Regeringen gör en självständig tillåtlighetsprövning enligt 17 kap. miljöbalken.;source;MB;"[""MB""]"
R-B60-160-02:trigger:02;R-B60-160-02;B60-160;B60;B60 – Ansökan, beslut och överprövning;Regeringen når ett annat resultat än prövningsinstansens yttrande;utlösande faktor;2;Riksintressen, försvarsintressen eller andra övergripande intressen bedöms väga tyngre än projektintresset.;analysis;;[]
R-B60-160-02:trigger:03;R-B60-160-02;B60-160;B60;B60 – Ansökan, beslut och överprövning;Regeringen når ett annat resultat än prövningsinstansens yttrande;utlösande faktor;3;Regeringen bedömer att den prövade lokaliseringen eller utformningen inte kan accepteras trots föreslagna villkor.;analysis;;[]
R-B60-160-02:trigger:04;R-B60-160-02;B60-160;B60;B60 – Ansökan, beslut och överprövning;Regeringen når ett annat resultat än prövningsinstansens yttrande;utlösande faktor;4;Prövningsinstansens positiva yttrande bygger på en annan intresseavvägning än regeringens.;analysis;;[]
R-B60-160-02:consequence:01;R-B60-160-02;B60-160;B60;B60 – Ansökan, beslut och överprövning;Regeringen når ett annat resultat än prövningsinstansens yttrande;konsekvens;1;Den prövade utformningen kan avslås genom regeringens tillåtlighetsbeslut.;source;MB;"[""MB""]"
R-B60-160-02:consequence:02;R-B60-160-02;B60-160;B60;B60 – Ansökan, beslut och överprövning;Regeringen når ett annat resultat än prövningsinstansens yttrande;konsekvens;2;Projektet behöver avbrytas, flyttas eller omarbetas för att kunna gå vidare.;analysis;;[]
R-B60-160-02:consequence:03;R-B60-160-02;B60-160;B60;B60 – Ansökan, beslut och överprövning;Regeringen når ett annat resultat än prövningsinstansens yttrande;konsekvens;3;Ett regeringsbeslut kan rättsprövas när förutsättningarna i rättsprövningslagen är uppfyllda.;source;RATTSPROVNING;"[""RATTSPROVNING""]"
R-B60-160-02:consequence:04;R-B60-160-02;B60-160;B60;B60 – Ansökan, beslut och överprövning;Regeringen når ett annat resultat än prövningsinstansens yttrande;konsekvens;4;Investerat utrednings- och projekteringsarbete förlorar helt eller delvis sitt värde.;analysis;;[]
R-B60-160-03:trigger:01;R-B60-160-03;B60-160;B60;B60 – Ansökan, beslut och överprövning;Rättsprövning skapar fortsatt processrisk utan automatisk inhibition;utlösande faktor;1;En person eller organisation som uppfyller rättsprövningslagens krav ansöker om rättsprövning.;source;RATTSPROVNING;"[""RATTSPROVNING""]"
R-B60-160-03:trigger:02;R-B60-160-03;B60-160;B60;B60 – Ansökan, beslut och överprövning;Rättsprövning skapar fortsatt processrisk utan automatisk inhibition;utlösande faktor;2;Ansökan gör gällande att regeringsbeslutet strider mot en rättsregel eller att handläggningen varit felaktig.;analysis;;[]
R-B60-160-03:trigger:03;R-B60-160-03;B60-160;B60;B60 – Ansökan, beslut och överprövning;Rättsprövning skapar fortsatt processrisk utan automatisk inhibition;utlösande faktor;3;"En ansökan om rättsprövning stoppar inte automatiskt regeringens beslut; inhibition kräver ett särskilt beslut av Högsta förvaltningsdomstolen.";source;RATTSPROVNING;"[""RATTSPROVNING""]"
R-B60-160-03:consequence:01;R-B60-160-03;B60-160;B60;B60 – Ansökan, beslut och överprövning;Rättsprövning skapar fortsatt processrisk utan automatisk inhibition;konsekvens;1;Högsta förvaltningsdomstolen kan förklara att regeringens beslut ska stå fast.;source;RATTSPROVNING;"[""RATTSPROVNING""]"
R-B60-160-03:consequence:02;R-B60-160-03;B60-160;B60;B60 – Ansökan, beslut och överprövning;Rättsprövning skapar fortsatt processrisk utan automatisk inhibition;konsekvens;2;Högsta förvaltningsdomstolen kan upphäva regeringens beslut om lagens förutsättningar är uppfyllda.;source;RATTSPROVNING;"[""RATTSPROVNING""]"
R-B60-160-03:consequence:03;R-B60-160-03;B60-160;B60;B60 – Ansökan, beslut och överprövning;Rättsprövning skapar fortsatt processrisk utan automatisk inhibition;konsekvens;3;Projektets slutliga rättsläge förblir osäkert under rättsprövningen.;analysis;;[]
R-B60-160-03:consequence:04;R-B60-160-03;B60-160;B60;B60 – Ansökan, beslut och överprövning;Rättsprövning skapar fortsatt processrisk utan automatisk inhibition;konsekvens;4;Avtal och investeringsbeslut kan behöva villkoras av rättsprövningens utfall.;analysis;;[]
R-B60-170-01:trigger:01;R-B60-170-01;B60-170;B60;B60 – Ansökan, beslut och överprövning;MKB:n godkänns inte – återförvisning eller avslag i stället för villkor;utlösande faktor;1;Miljökonsekvensbeskrivningen saknar en tillräcklig redovisning av rimliga alternativ.;source;MB | NV_EIA;"[""MB"",""NV_EIA""]"
R-B60-170-01:trigger:02;R-B60-170-01;B60-170;B60;B60 – Ansökan, beslut och överprövning;MKB:n godkänns inte – återförvisning eller avslag i stället för villkor;utlösande faktor;2;Relevanta kumulativa effekter har inte identifierats eller bedömts i underlaget.;source;MB | MBD;"[""MB"",""MBD""]"
R-B60-170-01:trigger:03;R-B60-170-01;B60-170;B60;B60 – Ansökan, beslut och överprövning;MKB:n godkänns inte – återförvisning eller avslag i stället för villkor;utlösande faktor;3;Miljökonsekvensbeskrivningen redovisar inte nödvändiga skydds- eller uppföljningsåtgärder.;source;MB | NV_EIA;"[""MB"",""NV_EIA""]"
R-B60-170-01:trigger:04;R-B60-170-01;B60-170;B60;B60 – Ansökan, beslut och överprövning;MKB:n godkänns inte – återförvisning eller avslag i stället för villkor;utlösande faktor;4;Väsentliga delar av projektet har ändrats utan att miljökonsekvensbeskrivningen uppdaterats.;analysis;;[]
R-B60-170-01:consequence:01;R-B60-170-01;B60-170;B60;B60 – Ansökan, beslut och överprövning;MKB:n godkänns inte – återförvisning eller avslag i stället för villkor;konsekvens;1;Prövningsinstansen kan begära att bristerna kompletteras innan miljöbedömningen slutförs.;source;MB;"[""MB""]"
R-B60-170-01:consequence:02;R-B60-170-01;B60-170;B60;B60 – Ansökan, beslut och överprövning;MKB:n godkänns inte – återförvisning eller avslag i stället för villkor;konsekvens;2;Ett sent kompletteringsbehov förskjuter avgörandet och kan kräva ny kommunicering.;analysis;;[]
R-B60-170-01:consequence:03;R-B60-170-01;B60-170;B60;B60 – Ansökan, beslut och överprövning;MKB:n godkänns inte – återförvisning eller avslag i stället för villkor;konsekvens;3;Ett avgörande som bygger på ett otillräckligt underlag kan upphävas vid överprövning.;analysis;;[]
R-B60-170-01:consequence:04;R-B60-170-01;B60-170;B60;B60 – Ansökan, beslut och överprövning;MKB:n godkänns inte – återförvisning eller avslag i stället för villkor;konsekvens;4;Om bristen inte kan läkas kan den sökta verksamheten inte tillåtas på det befintliga underlaget.;analysis;;[]
R-B60-170-02:trigger:01;R-B60-170-02;B60-170;B60;B60 – Ansökan, beslut och överprövning;Samrådsresultatet beaktas inte dokumenterbart i avgörandet;utlösande faktor;1;Avgörandet redovisar inte hur relevanta samrådssynpunkter har beaktats i miljöbedömningen.;source;MB;"[""MB""]"
R-B60-170-02:trigger:02;R-B60-170-02;B60-170;B60;B60 – Ansökan, beslut och överprövning;Samrådsresultatet beaktas inte dokumenterbart i avgörandet;utlösande faktor;2;Samrådsredogörelsen och beslutsmotiveringen använder olika kategorier så att spårbarheten bryts.;analysis;;[]
R-B60-170-02:trigger:03;R-B60-170-02;B60-170;B60;B60 – Ansökan, beslut och överprövning;Samrådsresultatet beaktas inte dokumenterbart i avgörandet;utlösande faktor;3;En väsentlig invändning behandlas endast i akten men inte i den redovisade bedömningen.;analysis;;[]
R-B60-170-02:trigger:04;R-B60-170-02;B60-170;B60;B60 – Ansökan, beslut och överprövning;Samrådsresultatet beaktas inte dokumenterbart i avgörandet;utlösande faktor;4;Projektet har förändrats efter samrådet utan att beslutet förklarar hur tidigare synpunkter förhåller sig till ändringen.;analysis;;[]
R-B60-170-02:consequence:01;R-B60-170-02;B60-170;B60;B60 – Ansökan, beslut och överprövning;Samrådsresultatet beaktas inte dokumenterbart i avgörandet;konsekvens;1;Resultatet av samrådet ska beaktas i miljöbedömningen och prövningen.;source;MB | NV_EIA;"[""MB"",""NV_EIA""]"
R-B60-170-02:consequence:02;R-B60-170-02;B60-170;B60;B60 – Ansökan, beslut och överprövning;Samrådsresultatet beaktas inte dokumenterbart i avgörandet;konsekvens;2;Överinstansen kan behöva pröva om motiverings- eller handläggningsbristen påverkat utgången.;analysis;;[]
R-B60-170-02:consequence:03;R-B60-170-02;B60-170;B60;B60 – Ansökan, beslut och överprövning;Samrådsresultatet beaktas inte dokumenterbart i avgörandet;konsekvens;3;Avgörandet kan undanröjas och ärendet återförvisas för en ny eller tydligare bedömning.;analysis;;[]
R-B60-170-02:consequence:04;R-B60-170-02;B60-170;B60;B60 – Ansökan, beslut och överprövning;Samrådsresultatet beaktas inte dokumenterbart i avgörandet;konsekvens;4;En ny prövning innebär ytterligare kommunicering och senarelagd finalitet.;analysis;;[]
R-B60-180-01:trigger:01;R-B60-180-01;B60-180;B60;B60 – Ansökan, beslut och överprövning;Natura 2000- eller artskyddskraven kan inte uppfyllas;utlösande faktor;1;Underlaget lämnar kvar rimligt vetenskapligt tvivel om att en Natura 2000-verksamhet inte skadar den skyddade livsmiljön eller arten.;source;MB | NATURA;"[""MB"",""NATURA""]"
R-B60-180-01:trigger:02;R-B60-180-01;B60-180;B60;B60 – Ansökan, beslut och överprövning;Natura 2000- eller artskyddskraven kan inte uppfyllas;utlösande faktor;2;Den sökta åtgärden träffas av ett förbud i artskyddsförordningen.;source;ARTSKYDD;"[""ARTSKYDD""]"
R-B60-180-01:trigger:03;R-B60-180-01;B60-180;B60;B60 – Ansökan, beslut och överprövning;Natura 2000- eller artskyddskraven kan inte uppfyllas;utlösande faktor;3;Förutsättningarna för artskyddsdispens enligt den tillämpliga bestämmelsen är inte uppfyllda.;source;ARTSKYDD;"[""ARTSKYDD""]"
R-B60-180-01:trigger:04;R-B60-180-01;B60-180;B60;B60 – Ansökan, beslut och överprövning;Natura 2000- eller artskyddskraven kan inte uppfyllas;utlösande faktor;4;Föreslagna skyddsåtgärder är inte tillräckligt konkreta eller säkra för att bära prövningen.;analysis;;[]
R-B60-180-01:consequence:01;R-B60-180-01;B60-180;B60;B60 – Ansökan, beslut och överprövning;Natura 2000- eller artskyddskraven kan inte uppfyllas;konsekvens;1;Natura 2000-tillstånd kan inte ges om förutsättningarna i miljöbalken inte är uppfyllda.;source;MB | NATURA;"[""MB"",""NATURA""]"
R-B60-180-01:consequence:02;R-B60-180-01;B60-180;B60;B60 – Ansökan, beslut och överprövning;Natura 2000- eller artskyddskraven kan inte uppfyllas;konsekvens;2;En förbjuden artskyddsåtgärd får inte genomföras utan tillämpligt undantag eller dispens.;source;ARTSKYDD;"[""ARTSKYDD""]"
R-B60-180-01:consequence:03;R-B60-180-01;B60-180;B60;B60 – Ansökan, beslut och överprövning;Natura 2000- eller artskyddskraven kan inte uppfyllas;konsekvens;3;Projektet behöver omformas, flyttas eller begränsas för att minska påverkan.;analysis;;[]
R-B60-180-01:consequence:04;R-B60-180-01;B60-180;B60;B60 – Ansökan, beslut och överprövning;Natura 2000- eller artskyddskraven kan inte uppfyllas;konsekvens;4;Ett tillstånd som meddelats på otillräckligt underlag kan upphävas vid överprövning.;analysis;;[]
R-B60-180-02:trigger:01;R-B60-180-02;B60-180;B60;B60 – Ansökan, beslut och överprövning;BAT-/IED-nivån flyttas under pågående prövning;utlösande faktor;1;Nya BAT-slutsatser offentliggörs eller börjar gälla medan ansökan handläggs.;source;IUF | NV_IED;"[""IUF"",""NV_IED""]"
R-B60-180-02:trigger:02;R-B60-180-02;B60-180;B60;B60 – Ansökan, beslut och överprövning;BAT-/IED-nivån flyttas under pågående prövning;utlösande faktor;2;Tillämpliga industriutsläppsregler ändras innan prövningsinstansen avgör ärendet.;source;IUF;"[""IUF""]"
R-B60-180-02:trigger:03;R-B60-180-02;B60-180;B60;B60 – Ansökan, beslut och överprövning;BAT-/IED-nivån flyttas under pågående prövning;utlösande faktor;3;Projektets teknik är projekterad mot en äldre prestandanivå och kan inte utan vidare verifieras mot den nya nivån.;analysis;;[]
R-B60-180-02:trigger:04;R-B60-180-02;B60-180;B60;B60 – Ansökan, beslut och överprövning;BAT-/IED-nivån flyttas under pågående prövning;utlösande faktor;4;Ansökan saknar ett alternativ som visar hur den sökta verksamheten kan anpassas till det förändrade kravet.;analysis;;[]
R-B60-180-02:consequence:01;R-B60-180-02;B60-180;B60;B60 – Ansökan, beslut och överprövning;BAT-/IED-nivån flyttas under pågående prövning;konsekvens;1;Tillämpliga BAT-slutsatser och industriutsläppsregler behöver beaktas i prövningen.;source;IUF | NV_IED;"[""IUF"",""NV_IED""]"
R-B60-180-02:consequence:02;R-B60-180-02;B60-180;B60;B60 – Ansökan, beslut och överprövning;BAT-/IED-nivån flyttas under pågående prövning;konsekvens;2;Nya teknikval eller reningssteg ökar investerings- och projekteringskostnaderna.;analysis;;[]
R-B60-180-02:consequence:03;R-B60-180-02;B60-180;B60;B60 – Ansökan, beslut och överprövning;BAT-/IED-nivån flyttas under pågående prövning;konsekvens;3;Kompletteringen förlänger beredningen och kan kräva ny kommunicering.;analysis;;[]
R-B60-180-02:consequence:04;R-B60-180-02;B60-180;B60;B60 – Ansökan, beslut och överprövning;BAT-/IED-nivån flyttas under pågående prövning;konsekvens;4;Den sökta utformningen kan behöva begränsas eller avslås om den inte kan uppfylla tillämpliga krav.;analysis;;[]
R-B60-180-03:trigger:01;R-B60-180-03;B60-180;B60;B60 – Ansökan, beslut och överprövning;Säkerhets- och efterbehandlingsfrågor underblåser oenighet om vem som bär risken;utlösande faktor;1;Parterna bedömer det belopp som behövs för efterbehandling på olika sätt.;source;MB;"[""MB""]"
R-B60-180-03:trigger:02;R-B60-180-03;B60-180;B60;B60 – Ansökan, beslut och överprövning;Säkerhets- och efterbehandlingsfrågor underblåser oenighet om vem som bär risken;utlösande faktor;2;Osäkerhet om framtida kostnader, avfallsmängder eller skadeförlopp ger stora skillnader mellan beräkningsmodellerna.;analysis;;[]
R-B60-180-03:trigger:03;R-B60-180-03;B60-180;B60;B60 – Ansökan, beslut och överprövning;Säkerhets- och efterbehandlingsfrågor underblåser oenighet om vem som bär risken;utlösande faktor;3;Förslaget till säkerhet har en form eller giltighetstid som myndigheten inte anser tillräcklig.;analysis;;[]
R-B60-180-03:trigger:04;R-B60-180-03;B60-180;B60;B60 – Ansökan, beslut och överprövning;Säkerhets- och efterbehandlingsfrågor underblåser oenighet om vem som bär risken;utlösande faktor;4;Ansvarstid och kontroll efter avslutad verksamhet är inte tydligt avgränsade i ansökan.;analysis;;[]
R-B60-180-03:consequence:01;R-B60-180-03;B60-180;B60;B60 – Ansökan, beslut och överprövning;Säkerhets- och efterbehandlingsfrågor underblåser oenighet om vem som bär risken;konsekvens;1;Prövningen förlängs genom komplettering och argumentation om beräkningsunderlaget.;analysis;;[]
R-B60-180-03:consequence:02;R-B60-180-03;B60-180;B60;B60 – Ansökan, beslut och överprövning;Säkerhets- och efterbehandlingsfrågor underblåser oenighet om vem som bär risken;konsekvens;2;Prövningsinstansen kan fastställa ett säkerhetsvillkor vars belopp eller form avviker från sökandens förslag.;source;MB;"[""MB""]"
R-B60-180-03:consequence:03;R-B60-180-03;B60-180;B60;B60 – Ansökan, beslut och överprövning;Säkerhets- och efterbehandlingsfrågor underblåser oenighet om vem som bär risken;konsekvens;3;Ett högre säkerhetskrav binder kapital eller påverkar projektets finansieringsvillkor.;analysis;;[]
R-B60-180-03:consequence:04;R-B60-180-03;B60-180;B60;B60 – Ansökan, beslut och överprövning;Säkerhets- och efterbehandlingsfrågor underblåser oenighet om vem som bär risken;konsekvens;4;Otydligt efterbehandlingsansvar kan leda till senare tvist om villkorens innebörd.;analysis;;[]
R-B60-190-01:trigger:01;R-B60-190-01;B60-190;B60;B60 – Ansökan, beslut och överprövning;Otydliga eller overkställbara villkor föder nya processer efter beslutet;utlösande faktor;1;Tillståndet innehåller ett bindande villkor vars ordalydelse anger ett allmänt mål men saknar en mätbar skyldighet.;source;MB;"[""MB""]"
R-B60-190-01:trigger:02;R-B60-190-01;B60-190;B60;B60 – Ansökan, beslut och överprövning;Otydliga eller overkställbara villkor föder nya processer efter beslutet;utlösande faktor;2;Tekniska begrepp används utan definition eller hänvisning till en bestämd mätmetod.;analysis;;[]
R-B60-190-01:trigger:03;R-B60-190-01;B60-190;B60;B60 – Ansökan, beslut och överprövning;Otydliga eller overkställbara villkor föder nya processer efter beslutet;utlösande faktor;3;Villkoret fördelar inte tydligt ansvar, kontrollpunkt eller tidpunkt för efterlevnad.;analysis;;[]
R-B60-190-01:trigger:04;R-B60-190-01;B60-190;B60;B60 – Ansökan, beslut och överprövning;Otydliga eller overkställbara villkor föder nya processer efter beslutet;utlösande faktor;4;Olika delar av domen eller beslutet ger motstridiga besked om samma krav.;analysis;;[]
R-B60-190-01:consequence:01;R-B60-190-01;B60-190;B60;B60 – Ansökan, beslut och överprövning;Otydliga eller overkställbara villkor föder nya processer efter beslutet;konsekvens;1;Tillståndshavaren är bunden av tillståndsvillkoret även när dess närmare innebörd blir omtvistad.;source;MB;"[""MB""]"
R-B60-190-01:consequence:02;R-B60-190-01;B60-190;B60;B60 – Ansökan, beslut och överprövning;Otydliga eller overkställbara villkor föder nya processer efter beslutet;konsekvens;2;Tillsynen försvåras när efterlevnaden inte kan verifieras objektivt.;analysis;;[]
R-B60-190-01:consequence:03;R-B60-190-01;B60-190;B60;B60 – Ansökan, beslut och överprövning;Otydliga eller overkställbara villkor föder nya processer efter beslutet;konsekvens;3;Tolkningstvisten kan leda till förelägganden, överklaganden eller ansökan om ändrade villkor.;analysis;;[]
R-B60-190-01:consequence:04;R-B60-190-01;B60-190;B60;B60 – Ansökan, beslut och överprövning;Otydliga eller overkställbara villkor föder nya processer efter beslutet;konsekvens;4;En överinstans kan behöva ändra eller undanröja en bristfällig villkorsdel.;analysis;;[]
R-B60-190-02:trigger:01;R-B60-190-02;B60-190;B60;B60 – Ansökan, beslut och överprövning;Fel i överklagandehänvisning eller verkställighetsbesked skapar fristkaos;utlösande faktor;1;Överklagandehänvisningen anger fel instans eller fel sätt att ge in överklagandet.;source;FL;"[""FL""]"
R-B60-190-02:trigger:02;R-B60-190-02;B60-190;B60;B60 – Ansökan, beslut och överprövning;Fel i överklagandehänvisning eller verkställighetsbesked skapar fristkaos;utlösande faktor;2;Överklagandehänvisningen anger en felaktig sista dag.;source;FL;"[""FL""]"
R-B60-190-02:trigger:03;R-B60-190-02;B60-190;B60;B60 – Ansökan, beslut och överprövning;Fel i överklagandehänvisning eller verkställighetsbesked skapar fristkaos;utlösande faktor;3;Avgörandet skiljer inte tydligt mellan laga kraft och möjligheten att verkställa beslutet tidigare.;analysis;;[]
R-B60-190-02:trigger:04;R-B60-190-02;B60-190;B60;B60 – Ansökan, beslut och överprövning;Fel i överklagandehänvisning eller verkställighetsbesked skapar fristkaos;utlösande faktor;4;Ett särskilt verkställighetsförordnande eller en begränsning återges inte konsekvent i domslut och bilagor.;analysis;;[]
R-B60-190-02:consequence:01;R-B60-190-02;B60-190;B60;B60 – Ansökan, beslut och överprövning;Fel i överklagandehänvisning eller verkställighetsbesked skapar fristkaos;konsekvens;1;Ett överklagande behöver ges in på det sätt och inom den tid som följer av den tillämpliga processordningen.;source;FL | MMDL;"[""FL"",""MMDL""]"
R-B60-190-02:consequence:02;R-B60-190-02;B60-190;B60;B60 – Ansökan, beslut och överprövning;Fel i överklagandehänvisning eller verkställighetsbesked skapar fristkaos;konsekvens;2;Rättidigheten kan behöva bedömas i en särskild process.;analysis;;[]
R-B60-190-02:consequence:03;R-B60-190-02;B60-190;B60;B60 – Ansökan, beslut och överprövning;Fel i överklagandehänvisning eller verkställighetsbesked skapar fristkaos;konsekvens;3;Tidpunkten för laga kraft blir osäker för projektets avtals- och finansieringsbeslut.;analysis;;[]
R-B60-190-02:consequence:04;R-B60-190-02;B60-190;B60;B60 – Ansökan, beslut och överprövning;Fel i överklagandehänvisning eller verkställighetsbesked skapar fristkaos;konsekvens;4;Projektet riskerar att börja för tidigt eller avstå från tillåten verkställighet på felaktig grund.;analysis;;[]
R-B60-200-01:trigger:01;R-B60-200-01;B60-200;B60;B60 – Ansökan, beslut och överprövning;Fel i delgivning eller kungörelse försvårar beräkningen av överklagandetiden;utlösande faktor;1;En part eller känd sakägare som ska nås av avgörandet saknas i delgivningslistan.;source;MB | FL;"[""MB"",""FL""]"
R-B60-200-01:trigger:02;R-B60-200-01;B60-200;B60;B60 – Ansökan, beslut och överprövning;Fel i delgivning eller kungörelse försvårar beräkningen av överklagandetiden;utlösande faktor;2;Delgivningen skickas till en inaktuell eller felaktig adress.;analysis;;[]
R-B60-200-01:trigger:03;R-B60-200-01;B60-200;B60;B60 – Ansökan, beslut och överprövning;Fel i delgivning eller kungörelse försvårar beräkningen av överklagandetiden;utlösande faktor;3;Kungörelsen genomförs inte på det sätt som gäller för avgörandet.;source;MB;"[""MB""]"
R-B60-200-01:trigger:04;R-B60-200-01;B60-200;B60;B60 – Ansökan, beslut och överprövning;Fel i delgivning eller kungörelse försvårar beräkningen av överklagandetiden;utlösande faktor;4;Akten saknar tillförlitlig dokumentation om när mottagaren fick del av avgörandet.;analysis;;[]
R-B60-200-01:consequence:01;R-B60-200-01;B60-200;B60;B60 – Ansökan, beslut och överprövning;Fel i delgivning eller kungörelse försvårar beräkningen av överklagandetiden;konsekvens;1;Överklagandetidens början behöver bestämmas enligt den delgivnings- eller kungörelseregel som gäller för avgörandet.;source;MB | FL;"[""MB"",""FL""]"
R-B60-200-01:consequence:02;R-B60-200-01;B60-200;B60;B60 – Ansökan, beslut och överprövning;Fel i delgivning eller kungörelse försvårar beräkningen av överklagandetiden;konsekvens;2;Ett påstått sent överklagande kan utlösa en separat rättidighetsprövning.;analysis;;[]
R-B60-200-01:consequence:03;R-B60-200-01;B60-200;B60;B60 – Ansökan, beslut och överprövning;Fel i delgivning eller kungörelse försvårar beräkningen av överklagandetiden;konsekvens;3;Avgörandets laga kraft och projektets byggberedskap fördröjs.;analysis;;[]
R-B60-200-01:consequence:04;R-B60-200-01;B60-200;B60;B60 – Ansökan, beslut och överprövning;Fel i delgivning eller kungörelse försvårar beräkningen av överklagandetiden;konsekvens;4;Kungörelse eller delgivning kan behöva göras om.;analysis;;[]
R-B60-200-02:trigger:01;R-B60-200-02;B60-200;B60;B60 – Ansökan, beslut och överprövning;Helger, semester och postlogistik rubbar fristberäkningen;utlösande faktor;1;Den frist som styr beslutets finalitet börjar löpa enligt tillämplig kungörelse- eller delgivningsregel.;source;MB;"[""MB""]"
R-B60-200-02:trigger:02;R-B60-200-02;B60-200;B60;B60 – Ansökan, beslut och överprövning;Helger, semester och postlogistik rubbar fristberäkningen;utlösande faktor;2;En fysisk försändelse når mottagaren senare än den normala postgången.;analysis;;[]
R-B60-200-02:trigger:03;R-B60-200-02;B60-200;B60;B60 – Ansökan, beslut och överprövning;Helger, semester och postlogistik rubbar fristberäkningen;utlösande faktor;3;En e-tjänst registrerar eller aviserar delgivningen på ett sätt som skapar osäkerhet om mottagningsdagen.;analysis;;[]
R-B60-200-02:trigger:04;R-B60-200-02;B60-200;B60;B60 – Ansökan, beslut och överprövning;Helger, semester och postlogistik rubbar fristberäkningen;utlösande faktor;4;Projektets interna fristbevakning använder kalenderdagar och arbetsdagar inkonsekvent.;analysis;;[]
R-B60-200-02:consequence:01;R-B60-200-02;B60-200;B60;B60 – Ansökan, beslut och överprövning;Helger, semester och postlogistik rubbar fristberäkningen;konsekvens;1;Överklagandetiden måste beräknas enligt den regel som gäller för det aktuella avgörandet.;source;MB;"[""MB""]"
R-B60-200-02:consequence:02;R-B60-200-02;B60-200;B60;B60 – Ansökan, beslut och överprövning;Helger, semester och postlogistik rubbar fristberäkningen;konsekvens;2;Laga kraft kan inträda senare än projektplanen antagit.;analysis;;[]
R-B60-200-02:consequence:03;R-B60-200-02;B60-200;B60;B60 – Ansökan, beslut och överprövning;Helger, semester och postlogistik rubbar fristberäkningen;konsekvens;3;Bygg-, leverans- eller finansieringsbeslut behöver flyttas fram.;analysis;;[]
R-B60-200-02:consequence:04;R-B60-200-02;B60-200;B60;B60 – Ansökan, beslut och överprövning;Helger, semester och postlogistik rubbar fristberäkningen;konsekvens;4;Ett felaktigt antagande om fristens utgång kan leda till otillåten byggstart.;analysis;;[]
R-B60-220-01:trigger:01;R-B60-220-01;B60-220;B60;B60 – Ansökan, beslut och överprövning;Rättidighetsprövningen blir en juridisk sidoprocess;utlösande faktor;1;Ett överklagande kommer in så nära fristens slut att ankomstdagen behöver klarläggas.;source;FL;"[""FL""]"
R-B60-220-01:trigger:02;R-B60-220-01;B60-220;B60;B60 – Ansökan, beslut och överprövning;Rättidighetsprövningen blir en juridisk sidoprocess;utlösande faktor;2;Överklagandet skickas till en annan myndighet eller kanal än den som anges i beslutet.;analysis;;[]
R-B60-220-01:trigger:03;R-B60-220-01;B60-220;B60;B60 – Ansökan, beslut och överprövning;Rättidighetsprövningen blir en juridisk sidoprocess;utlösande faktor;3;Delgivningsunderlaget ger motstridiga uppgifter om när klaganden fick del av beslutet.;analysis;;[]
R-B60-220-01:trigger:04;R-B60-220-01;B60-220;B60;B60 – Ansökan, beslut och överprövning;Rättidighetsprövningen blir en juridisk sidoprocess;utlösande faktor;4;Frågan om klagandens rätt att överklaga blandas samman med kontrollen av om skrivelsen kom in i tid.;analysis;;[]
R-B60-220-01:consequence:01;R-B60-220-01;B60-220;B60;B60 – Ansökan, beslut och överprövning;Rättidighetsprövningen blir en juridisk sidoprocess;konsekvens;1;Beslutsmyndigheten behöver pröva om överklagandet kommit in i rätt tid innan akten överlämnas.;source;FL;"[""FL""]"
R-B60-220-01:consequence:02;R-B60-220-01;B60-220;B60;B60 – Ansökan, beslut och överprövning;Rättidighetsprövningen blir en juridisk sidoprocess;konsekvens;2;Överlämnandet till överinstansen fördröjs medan ankomst- och delgivningsuppgifter utreds.;analysis;;[]
R-B60-220-01:consequence:03;R-B60-220-01;B60-220;B60;B60 – Ansökan, beslut och överprövning;Rättidighetsprövningen blir en juridisk sidoprocess;konsekvens;3;Ett avvisningsbeslut kan överklagas och skapa ett särskilt processled.;analysis;;[]
R-B60-220-01:consequence:04;R-B60-220-01;B60-220;B60;B60 – Ansökan, beslut och överprövning;Rättidighetsprövningen blir en juridisk sidoprocess;konsekvens;4;Övriga parter får längre osäkerhet om avgörandet kommer att vinna laga kraft.;analysis;;[]
R-B60-220-02:trigger:01;R-B60-220-02;B60-220;B60;B60 – Ansökan, beslut och överprövning;Akten överlämnas ofullständig eller till fel instans;utlösande faktor;1;Överlämnandet till överinstansen saknar en bilaga, ett yttrande eller ett delgivningsbevis som ingår i akten.;source;MMDL;"[""MMDL""]"
R-B60-220-02:trigger:02;R-B60-220-02;B60-220;B60;B60 – Ansökan, beslut och överprövning;Akten överlämnas ofullständig eller till fel instans;utlösande faktor;2;Handlingar har registrerats under olika diarienummer utan fullständig korsreferens.;analysis;;[]
R-B60-220-02:trigger:03;R-B60-220-02;B60-220;B60;B60 – Ansökan, beslut och överprövning;Akten överlämnas ofullständig eller till fel instans;utlösande faktor;3;Akten skickas till fel överinstans på grund av en felbedömd instanskedja.;analysis;;[]
R-B60-220-02:trigger:04;R-B60-220-02;B60-220;B60;B60 – Ansökan, beslut och överprövning;Akten överlämnas ofullständig eller till fel instans;utlösande faktor;4;Övergången till en ny prövningsmyndighet skapar oklarhet om vem som ansvarar för att sammanställa akten.;analysis;;[]
R-B60-220-02:consequence:01;R-B60-220-02;B60-220;B60;B60 – Ansökan, beslut och överprövning;Akten överlämnas ofullständig eller till fel instans;konsekvens;1;Överinstansen behöver ha tillgång till den relevanta akten för att kunna handlägga överklagandet.;source;MMDL;"[""MMDL""]"
R-B60-220-02:consequence:02;R-B60-220-02;B60-220;B60;B60 – Ansökan, beslut och överprövning;Akten överlämnas ofullständig eller till fel instans;konsekvens;2;Målet kan behöva överlämnas vidare till rätt instans.;analysis;;[]
R-B60-220-02:consequence:03;R-B60-220-02;B60-220;B60;B60 – Ansökan, beslut och överprövning;Akten överlämnas ofullständig eller till fel instans;konsekvens;3;Parter riskerar att bemöta ett ofullständigt eller felversionerat material.;analysis;;[]
R-B60-220-02:consequence:04;R-B60-220-02;B60-220;B60;B60 – Ansökan, beslut och överprövning;Akten överlämnas ofullständig eller till fel instans;konsekvens;4;Överprövningens faktiska start och efterföljande avgörande senareläggs.;analysis;;[]
R-B60-240-01:trigger:01;R-B60-240-01;B60-240;B60;B60 – Ansökan, beslut och överprövning;Länsstyrelsens tidigare medverkan kräver en konkret jävsprövning;utlösande faktor;1;Länsstyrelsen har haft en tidigare roll i sakfrågan och ska därefter pröva det kommunala beslutet som överinstans.;source;PBL | EXT: SOU 2024:98 https://www.riksdagen.se/sv/dokument-och-lagar/dokument/statens-offentliga-utredningar/en-ny-samordnad-miljobedomnings-och_hcb398/html/;"[""PBL"",""EXT: SOU 2024:98 https://www.riksdagen.se/sv/dokument-och-lagar/dokument/statens-offentliga-utredningar/en-ny-samordnad-miljobedomnings-och_hcb398/html/""]"
R-B60-240-01:trigger:02;R-B60-240-01;B60-240;B60;B60 – Ansökan, beslut och överprövning;Länsstyrelsens tidigare medverkan kräver en konkret jävsprövning;utlösande faktor;2;Länsstyrelsen har tidigare drivit en tydlig sakståndpunkt och ska därefter överpröva det kommunala beslutet.;analysis;;[]
R-B60-240-01:trigger:03;R-B60-240-01;B60-240;B60;B60 – Ansökan, beslut och överprövning;Länsstyrelsens tidigare medverkan kräver en konkret jävsprövning;utlösande faktor;3;Rollfördelningen mellan samråd, tillsyn, remiss och överprövning är inte dokumenterad på individnivå.;analysis;;[]
R-B60-240-01:trigger:04;R-B60-240-01;B60-240;B60;B60 – Ansökan, beslut och överprövning;Länsstyrelsens tidigare medverkan kräver en konkret jävsprövning;utlösande faktor;4;En part framför en konkret jävsinvändning först efter att överprövningen har kommit långt.;analysis;;[]
R-B60-240-01:consequence:01;R-B60-240-01;B60-240;B60;B60 – Ansökan, beslut och överprövning;Länsstyrelsens tidigare medverkan kräver en konkret jävsprövning;konsekvens;1;En konkret jävsinvändning behöver bedömas enligt de jävsregler som gäller för handläggningen.;source;MB;"[""MB""]"
R-B60-240-01:consequence:02;R-B60-240-01;B60-240;B60;B60 – Ansökan, beslut och överprövning;Länsstyrelsens tidigare medverkan kräver en konkret jävsprövning;konsekvens;2;En jävig person måste ersättas i den fortsatta handläggningen.;analysis;;[]
R-B60-240-01:consequence:03;R-B60-240-01;B60-240;B60;B60 – Ansökan, beslut och överprövning;Länsstyrelsens tidigare medverkan kräver en konkret jävsprövning;konsekvens;3;Om jäv har påverkat handläggningen kan beslutet behöva undanröjas eller ärendet handläggas om.;analysis;;[]
R-B60-240-01:consequence:04;R-B60-240-01;B60-240;B60;B60 – Ansökan, beslut och överprövning;Länsstyrelsens tidigare medverkan kräver en konkret jävsprövning;konsekvens;4;Även när jäv inte föreligger kan en otillräckligt förklarad rollfördelning minska parternas förtroende.;analysis;;[]
R-B60-240-02:trigger:01;R-B60-240-02;B60-240;B60;B60 – Ansökan, beslut och överprövning;Återförvisning till kommunen startar om den lokala politiska processen;utlösande faktor;1;Länsstyrelsen konstaterar ett handläggnings- eller bedömningsfel i det kommunala beslutet.;source;PBL;"[""PBL""]"
R-B60-240-02:trigger:02;R-B60-240-02;B60-240;B60;B60 – Ansökan, beslut och överprövning;Återförvisning till kommunen startar om den lokala politiska processen;utlösande faktor;2;Felet är av ett slag som bör rättas av kommunen som första instans.;source;PBL;"[""PBL""]"
R-B60-240-02:trigger:03;R-B60-240-02;B60-240;B60;B60 – Ansökan, beslut och överprövning;Återförvisning till kommunen startar om den lokala politiska processen;utlösande faktor;3;Kommunens beslutsunderlag har förändrats eller blivit inaktuellt när återförvisningen sker.;analysis;;[]
R-B60-240-02:consequence:01;R-B60-240-02;B60-240;B60;B60 – Ansökan, beslut och överprövning;Återförvisning till kommunen startar om den lokala politiska processen;konsekvens;1;Efter återförvisning behöver kommunen handlägga och avgöra den återförvisade frågan på nytt.;source;PBL;"[""PBL""]"
R-B60-240-02:consequence:02;R-B60-240-02;B60-240;B60;B60 – Ansökan, beslut och överprövning;Återförvisning till kommunen startar om den lokala politiska processen;konsekvens;2;Nya ledamöter eller ändrade lokala prioriteringar kan ge en annan bedömning än tidigare.;analysis;;[]
R-B60-240-02:consequence:03;R-B60-240-02;B60-240;B60;B60 – Ansökan, beslut och överprövning;Återförvisning till kommunen startar om den lokala politiska processen;konsekvens;3;Ett nytt kommunalt avgörande kan överklagas på nytt.;analysis;;[]
R-B60-240-02:consequence:04;R-B60-240-02;B60-240;B60;B60 – Ansökan, beslut och överprövning;Återförvisning till kommunen startar om den lokala politiska processen;konsekvens;4;Projektets tillstånds- och byggtidplan skjuts fram.;analysis;;[]
R-B60-250-01:trigger:01;R-B60-250-01;B60-250;B60;B60 – Ansökan, beslut och överprövning;Överklagandets ram och domstolens utredningsansvar bedöms fel;utlösande faktor;1;Domstolens processram och utredningsansvar bestäms av den lag som gäller för det överklagade målet.;source;MMDL | ARENDELAG;"[""MMDL"",""ARENDELAG""]"
R-B60-250-01:trigger:02;R-B60-250-01;B60-250;B60;B60 – Ansökan, beslut och överprövning;Överklagandets ram och domstolens utredningsansvar bedöms fel;utlösande faktor;2;Sökanden bedömer inte risken att överprövningen påverkar andra villkor som hänger samman med den överklagade delen.;analysis;;[]
R-B60-250-01:trigger:03;R-B60-250-01;B60-250;B60;B60 – Ansökan, beslut och överprövning;Överklagandets ram och domstolens utredningsansvar bedöms fel;utlösande faktor;3;Yrkanden och argument formuleras utan att skilja mellan processram, utredningsansvar och förbud mot ändring till enskild parts nackdel.;analysis;;[]
R-B60-250-01:trigger:04;R-B60-250-01;B60-250;B60;B60 – Ansökan, beslut och överprövning;Överklagandets ram och domstolens utredningsansvar bedöms fel;utlösande faktor;4;Akten innehåller nya omständigheter som gör den materiella prövningens räckvidd omtvistad.;analysis;;[]
R-B60-250-01:consequence:01;R-B60-250-01;B60-250;B60;B60 – Ansökan, beslut och överprövning;Överklagandets ram och domstolens utredningsansvar bedöms fel;konsekvens;1;Mark- och miljödomstolen ska handlägga överklagandet enligt den tillämpliga processordningen.;source;MMDL | ARENDELAG;"[""MMDL"",""ARENDELAG""]"
R-B60-250-01:consequence:02;R-B60-250-01;B60-250;B60;B60 – Ansökan, beslut och överprövning;Överklagandets ram och domstolens utredningsansvar bedöms fel;konsekvens;2;Tillståndets villkor eller omfattning kan få ett annat utfall än projektet har prognostiserat.;analysis;;[]
R-B60-250-01:consequence:03;R-B60-250-01;B60-250;B60;B60 – Ansökan, beslut och överprövning;Överklagandets ram och domstolens utredningsansvar bedöms fel;konsekvens;3;Ett processuellt misstag kan leda till ytterligare skriftväxling eller återförvisning.;analysis;;[]
R-B60-250-01:consequence:04;R-B60-250-01;B60-250;B60;B60 – Ansökan, beslut och överprövning;Överklagandets ram och domstolens utredningsansvar bedöms fel;konsekvens;4;Projektets riskbedömning av ett eget eller motparts överklagande blir missvisande.;analysis;;[]
R-B60-250-02:trigger:01;R-B60-250-02;B60-250;B60;B60 – Ansökan, beslut och överprövning;Överprövningens handläggningstid påverkar projektet;utlösande faktor;1;Överprövningen kräver den beredning och kommunicering som följer av den tillämpliga domstolsprocessen.;source;MMDL;"[""MMDL""]"
R-B60-250-02:trigger:02;R-B60-250-02;B60-250;B60;B60 – Ansökan, beslut och överprövning;Överprövningens handläggningstid påverkar projektet;utlösande faktor;2;Flera parter behöver kommunicera omfattande teknisk bevisning.;analysis;;[]
R-B60-250-02:trigger:03;R-B60-250-02;B60-250;B60;B60 – Ansökan, beslut och överprövning;Överprövningens handläggningstid påverkar projektet;utlösande faktor;3;Domstolen bedömer att sammanträde, syn eller sakkunniginsats behövs.;analysis;;[]
R-B60-250-02:trigger:04;R-B60-250-02;B60-250;B60;B60 – Ansökan, beslut och överprövning;Överprövningens handläggningstid påverkar projektet;utlösande faktor;4;Målet samordnas med andra mål eller avvaktar ett närliggande avgörande.;analysis;;[]
R-B60-250-02:consequence:01;R-B60-250-02;B60-250;B60;B60 – Ansökan, beslut och överprövning;Överprövningens handläggningstid påverkar projektet;konsekvens;1;Det överklagade avgörandets slutliga status förblir öppen till dess att domstolen meddelar beslut eller dom.;source;MMDL;"[""MMDL""]"
R-B60-250-02:consequence:02;R-B60-250-02;B60-250;B60;B60 – Ansökan, beslut och överprövning;Överprövningens handläggningstid påverkar projektet;konsekvens;2;Projektorganisation, konsulter och finansiering belastas under den förlängda osäkerheten.;analysis;;[]
R-B60-250-02:consequence:03;R-B60-250-02;B60-250;B60;B60 – Ansökan, beslut och överprövning;Överprövningens handläggningstid påverkar projektet;konsekvens;3;Leverans-, mark- eller entreprenadavtal kan behöva omförhandlas.;analysis;;[]
R-B60-250-02:consequence:04;R-B60-250-02;B60-250;B60;B60 – Ansökan, beslut och överprövning;Överprövningens handläggningstid påverkar projektet;konsekvens;4;Faktaunderlag och kostnadskalkyler kan behöva uppdateras innan målet avgörs.;analysis;;[]
R-B60-250-03:trigger:01;R-B60-250-03;B60-250;B60;B60 – Ansökan, beslut och överprövning;Ny myndighetsmotpart saknar processvana i domstol;utlösande faktor;1;Miljöprövningsmyndigheten blir part när dess beslut överklagas enligt den nya ordningen.;source;SFS2026_1442 | SFS2026_1443;"[""SFS2026_1442"",""SFS2026_1443""]"
R-B60-250-03:trigger:02;R-B60-250-03;B60-250;B60;B60 – Ansökan, beslut och överprövning;Ny myndighetsmotpart saknar processvana i domstol;utlösande faktor;2;Den nya myndigheten saknar etablerade rutiner för att överlämna processpositioner från beslutsfasen till domstolsfasen.;analysis;;[]
R-B60-250-03:trigger:03;R-B60-250-03;B60-250;B60;B60 – Ansökan, beslut och överprövning;Ny myndighetsmotpart saknar processvana i domstol;utlösande faktor;3;Ansvar mellan beslutsfattare, processförare och tekniska experter är oklart i ett tidigt övergångsskede.;analysis;;[]
R-B60-250-03:trigger:04;R-B60-250-03;B60-250;B60;B60 – Ansökan, beslut och överprövning;Ny myndighetsmotpart saknar processvana i domstol;utlösande faktor;4;Äldre ärendeakter är inte strukturerade för den nya myndighetens roll som motpart.;analysis;;[]
R-B60-250-03:consequence:01;R-B60-250-03;B60-250;B60;B60 – Ansökan, beslut och överprövning;Ny myndighetsmotpart saknar processvana i domstol;konsekvens;1;Miljöprövningsmyndigheten ska föra den partsroll som följer av den nya överklagandeordningen.;source;SFS2026_1442 | SFS2026_1443;"[""SFS2026_1442"",""SFS2026_1443""]"
R-B60-250-03:consequence:02;R-B60-250-03;B60-250;B60;B60 – Ansökan, beslut och överprövning;Ny myndighetsmotpart saknar processvana i domstol;konsekvens;2;Ett beviljat tillstånd kan försvaras mindre sammanhållet än beslutsunderlaget medger.;analysis;;[]
R-B60-250-03:consequence:03;R-B60-250-03;B60-250;B60;B60 – Ansökan, beslut och överprövning;Ny myndighetsmotpart saknar processvana i domstol;konsekvens;3;Processuella kompletteringar eller rättelser förlänger överprövningen.;analysis;;[]
R-B60-250-03:consequence:04;R-B60-250-03;B60-250;B60;B60 – Ansökan, beslut och överprövning;Ny myndighetsmotpart saknar processvana i domstol;konsekvens;4;Inkonsekvent argumentation kan öka osäkerheten om villkorens eller beslutets bestånd.;analysis;;[]
R-B60-260-01:trigger:01;R-B60-260-01;B60-260;B60;B60 – Ansökan, beslut och överprövning;Uteblivet prövningstillstånd lämnar MMD:s avgörande stående utan sakprövning i MÖD;utlösande faktor;1;Överklagandet visar inte något av de skäl som krävs för prövningstillstånd i Mark- och miljööverdomstolen.;source;MMDL | COURT_APPEAL;"[""MMDL"",""COURT_APPEAL""]"
R-B60-260-01:trigger:02;R-B60-260-01;B60-260;B60;B60 – Ansökan, beslut och överprövning;Uteblivet prövningstillstånd lämnar MMD:s avgörande stående utan sakprövning i MÖD;utlösande faktor;2;Klaganden koncentrerar överklagandet på sakargument men förklarar inte varför prövningstillstånd bör ges.;analysis;;[]
R-B60-260-01:trigger:03;R-B60-260-01;B60-260;B60;B60 – Ansökan, beslut och överprövning;Uteblivet prövningstillstånd lämnar MMD:s avgörande stående utan sakprövning i MÖD;utlösande faktor;3;Underinstansens dom är tillräckligt klar och väcker ingen prejudikat- eller granskningsfråga.;analysis;;[]
R-B60-260-01:consequence:01;R-B60-260-01;B60-260;B60;B60 – Ansökan, beslut och överprövning;Uteblivet prövningstillstånd lämnar MMD:s avgörande stående utan sakprövning i MÖD;konsekvens;1;Mark- och miljödomstolens avgörande står fast om prövningstillstånd inte meddelas.;source;COURT_APPEAL;"[""COURT_APPEAL""]"
R-B60-260-01:consequence:02;R-B60-260-01;B60-260;B60;B60 – Ansökan, beslut och överprövning;Uteblivet prövningstillstånd lämnar MMD:s avgörande stående utan sakprövning i MÖD;konsekvens;2;Mark- och miljööverdomstolen prövar då inte överklagandet fullt ut i sak.;source;COURT_APPEAL;"[""COURT_APPEAL""]"
R-B60-260-01:consequence:03;R-B60-260-01;B60-260;B60;B60 – Ansökan, beslut och överprövning;Uteblivet prövningstillstånd lämnar MMD:s avgörande stående utan sakprövning i MÖD;konsekvens;3;Projektet får vänta på tillståndsbeskedet innan den fortsatta finalitetsbedömningen kan slutföras.;analysis;;[]
R-B60-260-01:consequence:04;R-B60-260-01;B60-260;B60;B60 – Ansökan, beslut och överprövning;Uteblivet prövningstillstånd lämnar MMD:s avgörande stående utan sakprövning i MÖD;konsekvens;4;Arbete och kostnad som lagts på fullständig materiell argumentation får mindre processuell nytta när målet stannar vid prövningstillståndsbedömningen.;analysis;;[]
R-B60-260-02:trigger:01;R-B60-260-02;B60-260;B60;B60 – Ansökan, beslut och överprövning;Uppskjutet PT-besked håller målet svävande;utlösande faktor;1;Mark- och miljööverdomstolen måste ta ställning till prövningstillstånd innan överklagandet tas upp till full prövning.;source;MMDL | COURT_APPEAL;"[""MMDL"",""COURT_APPEAL""]"
R-B60-260-02:trigger:02;R-B60-260-02;B60-260;B60;B60 – Ansökan, beslut och överprövning;Uppskjutet PT-besked håller målet svävande;utlösande faktor;2;En unionsrättslig utveckling kan påverka om målet behöver tas upp och hur frågan ska avgränsas.;analysis;;[]
R-B60-260-02:trigger:03;R-B60-260-02;B60-260;B60;B60 – Ansökan, beslut och överprövning;Uppskjutet PT-besked håller målet svävande;utlösande faktor;3;Flera relaterade överklaganden behöver samordnas innan domstolen kan bedöma prövningstillståndet.;analysis;;[]
R-B60-260-02:trigger:04;R-B60-260-02;B60-260;B60;B60 – Ansökan, beslut och överprövning;Uppskjutet PT-besked håller målet svävande;utlösande faktor;4;Akten behöver kompletteras för att domstolen ska kunna bedöma riktigheten av underinstansens avgörande.;analysis;;[]
R-B60-260-02:consequence:01;R-B60-260-02;B60-260;B60;B60 – Ansökan, beslut och överprövning;Uppskjutet PT-besked håller målet svävande;konsekvens;1;Överklagandet får en full prövning i Mark- och miljööverdomstolen först om prövningstillstånd meddelas.;source;COURT_APPEAL;"[""COURT_APPEAL""]"
R-B60-260-02:consequence:02;R-B60-260-02;B60-260;B60;B60 – Ansökan, beslut och överprövning;Uppskjutet PT-besked håller målet svävande;konsekvens;2;Laga kraft och byggberedskap förskjuts under väntetiden.;analysis;;[]
R-B60-260-02:consequence:03;R-B60-260-02;B60-260;B60;B60 – Ansökan, beslut och överprövning;Uppskjutet PT-besked håller målet svävande;konsekvens;3;Projektets finansierings- och avtalsbeslut behöver hållas öppna längre.;analysis;;[]
R-B60-260-02:consequence:04;R-B60-260-02;B60-260;B60;B60 – Ansökan, beslut och överprövning;Uppskjutet PT-besked håller målet svävande;konsekvens;4;Faktiska förutsättningar kan förändras innan domstolen tar ställning till fortsatt prövning.;analysis;;[]
R-B60-270-01:trigger:01;R-B60-270-01;B60-270;B60;B60 – Ansökan, beslut och överprövning;Återförvisning från MÖD leder till ny handläggning i underinstansen;utlösande faktor;1;Mark- och miljööverdomstolen konstaterar ett handläggningsfel som underinstansen behöver rätta.;source;MMDL | COURT_APPEAL;"[""MMDL"",""COURT_APPEAL""]"
R-B60-270-01:trigger:02;R-B60-270-01;B60-270;B60;B60 – Ansökan, beslut och överprövning;Återförvisning från MÖD leder till ny handläggning i underinstansen;utlösande faktor;2;Utredningen är så ofullständig att överinstansen inte kan göra en säker slutlig sakprövning.;analysis;;[]
R-B60-270-01:trigger:03;R-B60-270-01;B60-270;B60;B60 – Ansökan, beslut och överprövning;Återförvisning från MÖD leder till ny handläggning i underinstansen;utlösande faktor;3;En part har inte fått möjlighet att yttra sig över material som haft betydelse för avgörandet.;analysis;;[]
R-B60-270-01:trigger:04;R-B60-270-01;B60-270;B60;B60 – Ansökan, beslut och överprövning;Återförvisning från MÖD leder till ny handläggning i underinstansen;utlösande faktor;4;Underinstansens domskäl eller domslut gör det oklart vilken prövning som faktiskt genomförts.;analysis;;[]
R-B60-270-01:consequence:01;R-B60-270-01;B60-270;B60;B60 – Ansökan, beslut och överprövning;Återförvisning från MÖD leder till ny handläggning i underinstansen;konsekvens;1;Ett återförvisat mål ska återupptas av den underinstans som överinstansen har angett.;source;MMDL;"[""MMDL""]"
R-B60-270-01:consequence:02;R-B60-270-01;B60-270;B60;B60 – Ansökan, beslut och överprövning;Återförvisning från MÖD leder till ny handläggning i underinstansen;konsekvens;2;Kommunicering, utredning eller förhandling behöver upprepas eller kompletteras.;analysis;;[]
R-B60-270-01:consequence:03;R-B60-270-01;B60-270;B60;B60 – Ansökan, beslut och överprövning;Återförvisning från MÖD leder till ny handläggning i underinstansen;konsekvens;3;Faktiska och rättsliga förutsättningar kan behöva bedömas enligt ett senare läge.;analysis;;[]
R-B60-270-01:consequence:04;R-B60-270-01;B60-270;B60;B60 – Ansökan, beslut och överprövning;Återförvisning från MÖD leder till ny handläggning i underinstansen;konsekvens;4;Det nya avgörandet kan överklagas och förlänga instanskedjan ytterligare.;analysis;;[]
R-B60-270-02:trigger:01;R-B60-270-02;B60-270;B60;B60 – Ansökan, beslut och överprövning;Prejudicerande avgörande flyttar rättsläget för hela branschen;utlösande faktor;1;Mark- och miljööverdomstolen tar upp en rättsfråga som har betydelse utanför det enskilda målet.;source;COURT_APPEAL;"[""COURT_APPEAL""]"
R-B60-270-02:trigger:02;R-B60-270-02;B60-270;B60;B60 – Ansökan, beslut och överprövning;Prejudicerande avgörande flyttar rättsläget för hela branschen;utlösande faktor;2;Tidigare praxis ger inte ett klart svar om hänsynsregel, riksintresseavvägning eller villkorsteknik.;analysis;;[]
R-B60-270-02:trigger:03;R-B60-270-02;B60-270;B60;B60 – Ansökan, beslut och överprövning;Prejudicerande avgörande flyttar rättsläget för hela branschen;utlösande faktor;3;Liknande projekt har tillämpat olika tolkningar och behöver vägledning.;analysis;;[]
R-B60-270-02:trigger:04;R-B60-270-02;B60-270;B60;B60 – Ansökan, beslut och överprövning;Prejudicerande avgörande flyttar rättsläget för hela branschen;utlösande faktor;4;Målet blir bärare av en ny rättslig fråga som inte förutsågs när ansökan utformades.;analysis;;[]
R-B60-270-02:consequence:01;R-B60-270-02;B60-270;B60;B60 – Ansökan, beslut och överprövning;Prejudicerande avgörande flyttar rättsläget för hela branschen;konsekvens;1;Mark- och miljööverdomstolens vägledande avgörande får betydelse för hur den aktuella rättsfrågan ska tillämpas.;source;COURT_APPEAL;"[""COURT_APPEAL""]"
R-B60-270-02:consequence:02;R-B60-270-02;B60-270;B60;B60 – Ansökan, beslut och överprövning;Prejudicerande avgörande flyttar rättsläget för hela branschen;konsekvens;2;Liknande pågående ansökningar kan behöva kompletteras eller omformuleras.;analysis;;[]
R-B60-270-02:consequence:03;R-B60-270-02;B60-270;B60;B60 – Ansökan, beslut och överprövning;Prejudicerande avgörande flyttar rättsläget för hela branschen;konsekvens;3;Tillstånd och villkor kan bedömas annorlunda än enligt tidigare branschpraxis.;analysis;;[]
R-B60-270-02:consequence:04;R-B60-270-02;B60-270;B60;B60 – Ansökan, beslut och överprövning;Prejudicerande avgörande flyttar rättsläget för hela branschen;konsekvens;4;En tydligare prejudikatlinje kan samtidigt minska osäkerheten i framtida ärenden.;analysis;;[]
R-B60-270-03:trigger:01;R-B60-270-03;B60-270;B60;B60 – Ansökan, beslut och överprövning;EU-rättslig osäkerhet tvingar fram förhandsavgörande eller avvaktan;utlösande faktor;1;Avgörandet beror på hur ett unionsrättsligt miljökrav ska tolkas i den nationella prövningen.;source;EXT: MÖD – M 5431-14, Nordkalk/Bunge https://www.domstol.se/mark--och-miljooverdomstolen/mark--och-miljooverdomstolens-avgoranden/2018/66859/;"[""EXT: MÖD – M 5431-14, Nordkalk/Bunge https://www.domstol.se/mark--och-miljooverdomstolen/mark--och-miljooverdomstolens-avgoranden/2018/66859/""]"
R-B60-270-03:trigger:02;R-B60-270-03;B60-270;B60;B60 – Ansökan, beslut och överprövning;EU-rättslig osäkerhet tvingar fram förhandsavgörande eller avvaktan;utlösande faktor;2;Relevant unionsrättslig praxis ger inte ett tillräckligt klart svar för den nationella prövningen.;analysis;;[]
R-B60-270-03:trigger:03;R-B60-270-03;B60-270;B60;B60 – Ansökan, beslut och överprövning;EU-rättslig osäkerhet tvingar fram förhandsavgörande eller avvaktan;utlösande faktor;3;En part begär förhandsavgörande och visar att frågan kan vara avgörande för målet.;analysis;;[]
R-B60-270-03:trigger:04;R-B60-270-03;B60-270;B60;B60 – Ansökan, beslut och överprövning;EU-rättslig osäkerhet tvingar fram förhandsavgörande eller avvaktan;utlösande faktor;4;Ett annat mål i EU-domstolen behandlar en närliggande fråga som domstolen bedömer bör avvaktas.;analysis;;[]
R-B60-270-03:consequence:01;R-B60-270-03;B60-270;B60;B60 – Ansökan, beslut och överprövning;EU-rättslig osäkerhet tvingar fram förhandsavgörande eller avvaktan;konsekvens;1;Den unionsrättsliga miljöfrågan behöver klarläggas och tillämpas innan målet kan avgöras på den punkten.;source;EXT: MÖD – M 5431-14, Nordkalk/Bunge https://www.domstol.se/mark--och-miljooverdomstolen/mark--och-miljooverdomstolens-avgoranden/2018/66859/;"[""EXT: MÖD – M 5431-14, Nordkalk/Bunge https://www.domstol.se/mark--och-miljooverdomstolen/mark--och-miljooverdomstolens-avgoranden/2018/66859/""]"
R-B60-270-03:consequence:02;R-B60-270-03;B60-270;B60;B60 – Ansökan, beslut och överprövning;EU-rättslig osäkerhet tvingar fram förhandsavgörande eller avvaktan;konsekvens;2;Parterna behöver utveckla argumentation och underlag om unionsrättens innebörd.;analysis;;[]
R-B60-270-03:consequence:03;R-B60-270-03;B60-270;B60;B60 – Ansökan, beslut och överprövning;EU-rättslig osäkerhet tvingar fram förhandsavgörande eller avvaktan;konsekvens;3;Det slutliga utfallet förblir osäkert tills frågan har besvarats.;analysis;;[]
R-B60-270-03:consequence:04;R-B60-270-03;B60-270;B60;B60 – Ansökan, beslut och överprövning;EU-rättslig osäkerhet tvingar fram förhandsavgörande eller avvaktan;konsekvens;4;Ett unionsrättsligt svar kan kräva en annan miljöbedömning eller materiell prövning än den tidigare svenska tillämpningen.;analysis;;[]
R-B60-280-01:trigger:01;R-B60-280-01;B60-280;B60;B60 – Ansökan, beslut och överprövning;Överklagande till Högsta domstolen tillför ett möjligt instansled;utlösande faktor;1;Mark- och miljödomstolen har varit första instans i ett mål där Mark- och miljööverdomstolens avgörande får överklagas.;source;MMDL | COURT_APPEAL;"[""MMDL"",""COURT_APPEAL""]"
R-B60-280-01:trigger:02;R-B60-280-01;B60-280;B60;B60 – Ansökan, beslut och överprövning;Överklagande till Högsta domstolen tillför ett möjligt instansled;utlösande faktor;2;En part överklagar Mark- och miljööverdomstolens avgörande till Högsta domstolen.;source;MMDL;"[""MMDL""]"
R-B60-280-01:trigger:03;R-B60-280-01;B60-280;B60;B60 – Ansökan, beslut och överprövning;Överklagande till Högsta domstolen tillför ett möjligt instansled;utlösande faktor;3;Överklagandet aktualiserar en prejudikatfråga eller ett påstått allvarligt processfel.;analysis;;[]
R-B60-280-01:consequence:01;R-B60-280-01;B60-280;B60;B60 – Ansökan, beslut och överprövning;Överklagande till Högsta domstolen tillför ett möjligt instansled;konsekvens;1;Högsta domstolen prövar först om prövningstillstånd ska meddelas.;source;COURT_APPEAL;"[""COURT_APPEAL""]"
R-B60-280-01:consequence:02;R-B60-280-01;B60-280;B60;B60 – Ansökan, beslut och överprövning;Överklagande till Högsta domstolen tillför ett möjligt instansled;konsekvens;2;Finaliteten för det överklagade avgörandet och projektets fortsatta planering kan förskjutas.;analysis;;[]
R-B60-280-01:consequence:03;R-B60-280-01;B60-280;B60;B60 – Ansökan, beslut och överprövning;Överklagande till Högsta domstolen tillför ett möjligt instansled;konsekvens;3;Om prövningstillstånd meddelas behöver parterna genomföra ytterligare ett överprövningsled.;analysis;;[]
R-B60-280-01:consequence:04;R-B60-280-01;B60-280;B60;B60 – Ansökan, beslut och överprövning;Överklagande till Högsta domstolen tillför ett möjligt instansled;konsekvens;4;Högsta domstolens avgörande kan ändra, undanröja eller lämna det tidigare avgörandet bestående beroende på processens ram.;analysis;;[]
R-B60-280-02:trigger:01;R-B60-280-02;B60-280;B60;B60 – Ansökan, beslut och överprövning;HD-prejudikat kan upphäva åratal av handläggning i efterhand;utlösande faktor;1;Högsta domstolen meddelar prövningstillstånd i en rättsfråga som påverkat underinstansernas avgöranden.;source;COURT_APPEAL;"[""COURT_APPEAL""]"
R-B60-280-02:trigger:02;R-B60-280-02;B60-280;B60;B60 – Ansökan, beslut och överprövning;HD-prejudikat kan upphäva åratal av handläggning i efterhand;utlösande faktor;2;Domstolarna längre ned i kedjan har byggt prövningen på en rättstillämpning som Högsta domstolen bedömer som felaktig.;analysis;;[]
R-B60-280-02:trigger:03;R-B60-280-02;B60-280;B60;B60 – Ansökan, beslut och överprövning;HD-prejudikat kan upphäva åratal av handläggning i efterhand;utlösande faktor;3;Rättsfelet kan inte rättas enbart genom en begränsad ändring av domslutet.;analysis;;[]
R-B60-280-02:trigger:04;R-B60-280-02;B60-280;B60;B60 – Ansökan, beslut och överprövning;HD-prejudikat kan upphäva åratal av handläggning i efterhand;utlösande faktor;4;Det saknas tillräckligt underlag för att Högsta domstolen själv ska slutföra sakprövningen.;analysis;;[]
R-B60-280-02:consequence:01;R-B60-280-02;B60-280;B60;B60 – Ansökan, beslut och överprövning;HD-prejudikat kan upphäva åratal av handläggning i efterhand;konsekvens;1;Det tidigare avgörandet kan undanröjas och målet återförvisas för fortsatt handläggning.;source;MMDL;"[""MMDL""]"
R-B60-280-02:consequence:02;R-B60-280-02;B60-280;B60;B60 – Ansökan, beslut och överprövning;HD-prejudikat kan upphäva åratal av handläggning i efterhand;konsekvens;2;Väsentliga processmoment kan behöva göras om efter en lång instanskedja.;analysis;;[]
R-B60-280-02:consequence:03;R-B60-280-02;B60-280;B60;B60 – Ansökan, beslut och överprövning;HD-prejudikat kan upphäva åratal av handläggning i efterhand;konsekvens;3;Utredningar, teknikval och projektavtal kan ha blivit inaktuella under tiden.;analysis;;[]
R-B60-280-02:consequence:04;R-B60-280-02;B60-280;B60;B60 – Ansökan, beslut och överprövning;HD-prejudikat kan upphäva åratal av handläggning i efterhand;konsekvens;4;Projektet kan behöva omarbetas eller överges om en ny prövning inte längre är genomförbar.;analysis;;[]
R-B60-G020-01:trigger:01;R-B60-G020-01;B60-G020;B60;B60 – Ansökan, beslut och överprövning;Fel första instans leder till överlämnande eller avvisning;utlösande faktor;1;Ansökan lämnas till en instans som saknar behörighet för den aktuella verksamhets- eller måltypen.;source;MB | MMDL;"[""MB"",""MMDL""]"
R-B60-G020-01:trigger:02;R-B60-G020-01;B60-G020;B60;B60 – Ansökan, beslut och överprövning;Fel första instans leder till överlämnande eller avvisning;utlösande faktor;2;Verksamheten kombinerar miljöfarlig verksamhet och vattenverksamhet på ett sätt som gör behörigheten svårbedömd.;analysis;;[]
R-B60-G020-01:trigger:03;R-B60-G020-01;B60-G020;B60;B60 – Ansökan, beslut och överprövning;Fel första instans leder till överlämnande eller avvisning;utlösande faktor;3;En sektorsprövning eller geografisk anknytning pekar mot en annan instans än den sökanden valt.;analysis;;[]
R-B60-G020-01:trigger:04;R-B60-G020-01;B60-G020;B60;B60 – Ansökan, beslut och överprövning;Fel första instans leder till överlämnande eller avvisning;utlösande faktor;4;Övergångsreglerna för den nya Miljöprövningsmyndigheten tillämpas på fel ärendekategori.;analysis;;[]
R-B60-G020-01:consequence:01;R-B60-G020-01;B60-G020;B60;B60 – Ansökan, beslut och överprövning;Fel första instans leder till överlämnande eller avvisning;konsekvens;1;Ärendet kan behöva överlämnas eller avvisas om den valda instansen saknar behörighet.;source;MB | MMDL;"[""MB"",""MMDL""]"
R-B60-G020-01:consequence:02;R-B60-G020-01;B60-G020;B60;B60 – Ansökan, beslut och överprövning;Fel första instans leder till överlämnande eller avvisning;konsekvens;2;Registrering och materiell granskning börjar senare hos rätt instans.;analysis;;[]
R-B60-G020-01:consequence:03;R-B60-G020-01;B60-G020;B60;B60 – Ansökan, beslut och överprövning;Fel första instans leder till överlämnande eller avvisning;konsekvens;3;Avgifter, fullmakter och ansökningsstruktur kan behöva anpassas till det korrekta forumet.;analysis;;[]
R-B60-G020-01:consequence:04;R-B60-G020-01;B60-G020;B60;B60 – Ansökan, beslut och överprövning;Fel första instans leder till överlämnande eller avvisning;konsekvens;4;Samordningen med parallella prövningar och projektmilstolpar rubbas.;analysis;;[]
R-B60-G020-02:trigger:01;R-B60-G020-02;B60-G020;B60;B60 – Ansökan, beslut och överprövning;Utesluten sambandsprövning splittrar målet i parallella processer;utlösande faktor;1;Förutsättningarna för sambandsprövning enligt miljöbalken bedöms inte vara uppfyllda för alla ansökningsdelar.;source;MB;"[""MB""]"
R-B60-G020-02:trigger:02;R-B60-G020-02;B60-G020;B60;B60 – Ansökan, beslut och överprövning;Utesluten sambandsprövning splittrar målet i parallella processer;utlösande faktor;2;Vatten-, Natura 2000-, strandskydds- eller sektorsfrågan ligger hos en annan behörig instans.;analysis;;[]
R-B60-G020-02:trigger:03;R-B60-G020-02;B60-G020;B60;B60 – Ansökan, beslut och överprövning;Utesluten sambandsprövning splittrar målet i parallella processer;utlösande faktor;3;Ansökningsdelarna har olika sakägarkretsar eller är inte tillräckligt beroende av varandra.;analysis;;[]
R-B60-G020-02:trigger:04;R-B60-G020-02;B60-G020;B60;B60 – Ansökan, beslut och överprövning;Utesluten sambandsprövning splittrar målet i parallella processer;utlösande faktor;4;Den nya myndighetsordningen förändrar vilken del som kan hanteras i samma process.;analysis;;[]
R-B60-G020-02:consequence:01;R-B60-G020-02;B60-G020;B60;B60 – Ansökan, beslut och överprövning;Utesluten sambandsprövning splittrar målet i parallella processer;konsekvens;1;De ansökningsdelar som inte kan sambandsprövas behöver hanteras i den behöriga prövningsordningen.;source;MB;"[""MB""]"
R-B60-G020-02:consequence:02;R-B60-G020-02;B60-G020;B60;B60 – Ansökan, beslut och överprövning;Utesluten sambandsprövning splittrar målet i parallella processer;konsekvens;2;Liknande underlag behöver lämnas och kommuniceras i flera ärenden.;analysis;;[]
R-B60-G020-02:consequence:03;R-B60-G020-02;B60-G020;B60;B60 – Ansökan, beslut och överprövning;Utesluten sambandsprövning splittrar målet i parallella processer;konsekvens;3;Besluten kan få olika tidplaner och därmed förskjuta den samlade byggberedskapen.;analysis;;[]
R-B60-G020-02:consequence:04;R-B60-G020-02;B60-G020;B60;B60 – Ansökan, beslut och överprövning;Utesluten sambandsprövning splittrar målet i parallella processer;konsekvens;4;Villkor eller geografiska avgränsningar kan bli svåra att förena mellan besluten.;analysis;;[]
R-B60-G040-01:trigger:01;R-B60-G040-01;B60-G040;B60;B60 – Ansökan, beslut och överprövning;Kompletteringskraven blir en ändlös pingisrunda;utlösande faktor;1;Instansen bedömer att ansökan fortfarande behöver kompletteras för att kunna prövas.;source;MB | NV_PERMIT;"[""MB"",""NV_PERMIT""]"
R-B60-G040-01:trigger:02;R-B60-G040-01;B60-G040;B60;B60 – Ansökan, beslut och överprövning;Kompletteringskraven blir en ändlös pingisrunda;utlösande faktor;2;Varje komplettering visar ett nytt beroende eller en ny kunskapslucka i ansökan.;analysis;;[]
R-B60-G040-01:trigger:03;R-B60-G040-01;B60-G040;B60;B60 – Ansökan, beslut och överprövning;Kompletteringskraven blir en ändlös pingisrunda;utlösande faktor;3;Kompletteringarna utgår från olika projektversioner och skapar nya inkonsekvenser.;analysis;;[]
R-B60-G040-01:trigger:04;R-B60-G040-01;B60-G040;B60;B60 – Ansökan, beslut och överprövning;Kompletteringskraven blir en ändlös pingisrunda;utlösande faktor;4;Föreläggandet anger inte tillräckligt tydligt vilken uppgift eller kvalitet som krävs för att frågan ska anses besvarad.;analysis;;[]
R-B60-G040-01:consequence:01;R-B60-G040-01;B60-G040;B60;B60 – Ansökan, beslut och överprövning;Kompletteringskraven blir en ändlös pingisrunda;konsekvens;1;Instansen kan utfärda ytterligare kompletteringsförelägganden innan prövningen fortsätter.;source;MB;"[""MB""]"
R-B60-G040-01:consequence:02;R-B60-G040-01;B60-G040;B60;B60 – Ansökan, beslut och överprövning;Kompletteringskraven blir en ändlös pingisrunda;konsekvens;2;Handläggningen stannar kvar i fullständighetsfasen.;analysis;;[]
R-B60-G040-01:consequence:03;R-B60-G040-01;B60-G040;B60;B60 – Ansökan, beslut och överprövning;Kompletteringskraven blir en ändlös pingisrunda;konsekvens;3;Konsult- och expertkostnader ökar för varje ny omgång.;analysis;;[]
R-B60-G040-01:consequence:04;R-B60-G040-01;B60-G040;B60;B60 – Ansökan, beslut och överprövning;Kompletteringskraven blir en ändlös pingisrunda;konsekvens;4;Inventeringar, offerter och basdata kan behöva uppdateras när processen drar ut på tiden.;analysis;;[]
R-B60-G040-02:trigger:01;R-B60-G040-02;B60-G040;B60;B60 – Ansökan, beslut och överprövning;Avvisning efter upprepade brister tvingar full omstart;utlösande faktor;1;Sökanden följer inte ett kompletteringsföreläggande inom den frist som instansen har bestämt.;source;MB;"[""MB""]"
R-B60-G040-02:trigger:02;R-B60-G040-02;B60-G040;B60;B60 – Ansökan, beslut och överprövning;Avvisning efter upprepade brister tvingar full omstart;utlösande faktor;2;De kvarstående bristerna gäller grundläggande uppgifter som behövs för att avgränsa eller bedöma verksamheten.;analysis;;[]
R-B60-G040-02:trigger:03;R-B60-G040-02;B60-G040;B60;B60 – Ansökan, beslut och överprövning;Avvisning efter upprepade brister tvingar full omstart;utlösande faktor;3;Kompletteringen ändrar inte den brist som föreläggandet uttryckligen avsåg.;analysis;;[]
R-B60-G040-02:trigger:04;R-B60-G040-02;B60-G040;B60;B60 – Ansökan, beslut och överprövning;Avvisning efter upprepade brister tvingar full omstart;utlösande faktor;4;Sökanden kan inte ta fram nödvändigt underlag inom den pågående ansökans ram.;analysis;;[]
R-B60-G040-02:consequence:01;R-B60-G040-02;B60-G040;B60;B60 – Ansökan, beslut och överprövning;Avvisning efter upprepade brister tvingar full omstart;konsekvens;1;Ansökan kan avvisas när den inte kan läggas till grund för prövning.;source;MB;"[""MB""]"
R-B60-G040-02:consequence:02;R-B60-G040-02;B60-G040;B60;B60 – Ansökan, beslut och överprövning;Avvisning efter upprepade brister tvingar full omstart;konsekvens;2;Det pågående prövningsspåret avslutas utan materiellt tillståndsavgörande.;analysis;;[]
R-B60-G040-02:consequence:03;R-B60-G040-02;B60-G040;B60;B60 – Ansökan, beslut och överprövning;Avvisning efter upprepade brister tvingar full omstart;konsekvens;3;En ny ansökan behöver ställas i ordning och ges in för ny registrering och beredning.;analysis;;[]
R-B60-G040-02:consequence:04;R-B60-G040-02;B60-G040;B60;B60 – Ansökan, beslut och överprövning;Avvisning efter upprepade brister tvingar full omstart;konsekvens;4;Tidigare utredningar och samråd kan behöva uppdateras innan omstarten.;analysis;;[]
R-B60-G110-01:trigger:01;R-B60-G110-01;B60-G110;B60;B60 – Ansökan, beslut och överprövning;Skriftväxlingsloopen etablerar sig som permanent beredningstillstånd;utlösande faktor;1;Ett bemötande innehåller nya sakuppgifter av betydelse som behöver kommuniceras före avgörandet.;source;MB;"[""MB""]"
R-B60-G110-01:trigger:02;R-B60-G110-01;B60-G110;B60;B60 – Ansökan, beslut och överprövning;Skriftväxlingsloopen etablerar sig som permanent beredningstillstånd;utlösande faktor;2;Parternas tekniska experter ger motstridiga svar som kräver ytterligare replik.;analysis;;[]
R-B60-G110-01:trigger:03;R-B60-G110-01;B60-G110;B60;B60 – Ansökan, beslut och överprövning;Skriftväxlingsloopen etablerar sig som permanent beredningstillstånd;utlösande faktor;3;Sökanden ändrar villkorsförslag efter varje invändning utan att stabilisera den sökta lösningen.;analysis;;[]
R-B60-G110-01:trigger:04;R-B60-G110-01;B60-G110;B60;B60 – Ansökan, beslut och överprövning;Skriftväxlingsloopen etablerar sig som permanent beredningstillstånd;utlösande faktor;4;Instansen avgränsar inte vilka frågor som är färdigberedda och vilka som fortfarande kräver kommunicering.;analysis;;[]
R-B60-G110-01:consequence:01;R-B60-G110-01;B60-G110;B60;B60 – Ansökan, beslut och överprövning;Skriftväxlingsloopen etablerar sig som permanent beredningstillstånd;konsekvens;1;Ytterligare skriftväxling genomförs när det behövs för att bereda relevanta uppgifter före avgörandet.;source;MB;"[""MB""]"
R-B60-G110-01:consequence:02;R-B60-G110-01;B60-G110;B60;B60 – Ansökan, beslut och överprövning;Skriftväxlingsloopen etablerar sig som permanent beredningstillstånd;konsekvens;2;Utredningsdata och kostnadsantaganden riskerar att bli inaktuella.;analysis;;[]
R-B60-G110-01:consequence:03;R-B60-G110-01;B60-G110;B60;B60 – Ansökan, beslut och överprövning;Skriftväxlingsloopen etablerar sig som permanent beredningstillstånd;konsekvens;3;Ombuds- och expertkostnader ackumuleras.;analysis;;[]
R-B60-G110-01:consequence:04;R-B60-G110-01;B60-G110;B60;B60 – Ansökan, beslut och överprövning;Skriftväxlingsloopen etablerar sig som permanent beredningstillstånd;konsekvens;4;Planerade förhandlings- och beslutsdatum behöver flyttas fram.;analysis;;[]
R-B60-G130-01:trigger:01;R-B60-G130-01;B60-G130;B60;B60 – Ansökan, beslut och överprövning;Fel avgörandeform blir ett processfel i efterhand;utlösande faktor;1;En part begär muntlig förhandling eller sammanträde i en process där instansen måste bedöma behovet enligt tillämpliga regler.;source;COURT_MFV;"[""COURT_MFV""]"
R-B60-G130-01:trigger:02;R-B60-G130-01;B60-G130;B60;B60 – Ansökan, beslut och överprövning;Fel avgörandeform blir ett processfel i efterhand;utlösande faktor;2;Trovärdighets-, syn- eller bevisfrågor kan inte bedömas tillräckligt tydligt enbart på handlingarna.;analysis;;[]
R-B60-G130-01:trigger:03;R-B60-G130-01;B60-G130;B60;B60 – Ansökan, beslut och överprövning;Fel avgörandeform blir ett processfel i efterhand;utlösande faktor;3;Instansen underskattar behovet av muntlig handläggning och avgör målet skriftligt.;analysis;;[]
R-B60-G130-01:trigger:04;R-B60-G130-01;B60-G130;B60;B60 – Ansökan, beslut och överprövning;Fel avgörandeform blir ett processfel i efterhand;utlösande faktor;4;Instansen bokar ett omfattande sammanträde trots att den kvarstående frågan kan avgöras skriftligt.;analysis;;[]
R-B60-G130-01:consequence:01;R-B60-G130-01;B60-G130;B60;B60 – Ansökan, beslut och överprövning;Fel avgörandeform blir ett processfel i efterhand;konsekvens;1;Ett felaktigt val mellan skriftlig och muntlig handläggning kan utgöra ett processfel som påverkar parternas möjlighet att föra sin talan.;source;COURT_MFV | COURT_WV;"[""COURT_MFV"",""COURT_WV""]"
R-B60-G130-01:consequence:02;R-B60-G130-01;B60-G130;B60;B60 – Ansökan, beslut och överprövning;Fel avgörandeform blir ett processfel i efterhand;konsekvens;2;En utebliven muntlig handläggning kan begränsa en parts möjlighet att lägga fram sin talan.;analysis;;[]
R-B60-G130-01:consequence:03;R-B60-G130-01;B60-G130;B60;B60 – Ansökan, beslut och överprövning;Fel avgörandeform blir ett processfel i efterhand;konsekvens;3;Överinstansen kan undanröja avgörandet om handläggningsfelet kan ha påverkat utgången.;analysis;;[]
R-B60-G130-01:consequence:04;R-B60-G130-01;B60-G130;B60;B60 – Ansökan, beslut och överprövning;Fel avgörandeform blir ett processfel i efterhand;konsekvens;4;Målet kan behöva återförvisas för ny handläggning i korrekt form.;analysis;;[]
R-B60-G150-01:trigger:01;R-B60-G150-01;B60-G150;B60;B60 – Ansökan, beslut och överprövning;Sent förbehåll från regeringen kastar om hela beslutskedjan;utlösande faktor;1;Regeringen förbehåller sig tillåtlighetsprövningen enligt 17 kap. 3 § miljöbalken.;source;MB;"[""MB""]"
R-B60-G150-01:trigger:02;R-B60-G150-01;B60-G150;B60;B60 – Ansökan, beslut och överprövning;Sent förbehåll från regeringen kastar om hela beslutskedjan;utlösande faktor;2;En myndighet eller kommun uppmärksammar regeringen på att verksamheten kan omfattas av förbehållsregeln.;analysis;;[]
R-B60-G150-01:trigger:03;R-B60-G150-01;B60-G150;B60;B60 – Ansökan, beslut och överprövning;Sent förbehåll från regeringen kastar om hela beslutskedjan;utlösande faktor;3;Projektets konflikt med nationella intressen blir tydlig först efter remiss eller förhandling.;analysis;;[]
R-B60-G150-01:trigger:04;R-B60-G150-01;B60-G150;B60;B60 – Ansökan, beslut och överprövning;Sent förbehåll från regeringen kastar om hela beslutskedjan;utlösande faktor;4;Förbehållet beslutas efter att förstainstansen redan har berett huvuddelen av ansökan.;analysis;;[]
R-B60-G150-01:consequence:01;R-B60-G150-01;B60-G150;B60;B60 – Ansökan, beslut och överprövning;Sent förbehåll från regeringen kastar om hela beslutskedjan;konsekvens;1;När regeringen förbehåller sig tillåtlighetsprövningen ska den frågan avgöras i den ordning som 17 kap. miljöbalken anger.;source;MB;"[""MB""]"
R-B60-G150-01:consequence:02;R-B60-G150-01;B60-G150;B60;B60 – Ansökan, beslut och överprövning;Sent förbehåll från regeringen kastar om hela beslutskedjan;konsekvens;2;Tidpunkten för slutligt tillståndsavgörande blir svårare att prognostisera.;analysis;;[]
R-B60-G150-01:consequence:03;R-B60-G150-01;B60-G150;B60;B60 – Ansökan, beslut och överprövning;Sent förbehåll från regeringen kastar om hela beslutskedjan;konsekvens;3;Regeringsspåret tillför nytt berednings- och ombudsarbete vid sidan av förstainstansen.;analysis;;[]
R-B60-G150-01:consequence:04;R-B60-G150-01;B60-G150;B60;B60 – Ansökan, beslut och överprövning;Sent förbehåll från regeringen kastar om hela beslutskedjan;konsekvens;4;Finansiering och leveransåtaganden kan behöva villkoras eller flyttas fram.;analysis;;[]
R-B60-G150-02:trigger:01;R-B60-G150-02;B60-G150;B60;B60 – Ansökan, beslut och överprövning;Obligatorisk tillåtlighetsprövning och regeringens förbehåll blandas ihop;utlösande faktor;1;Verksamhetens art eller lokalisering aktualiserar gränsdragningen för obligatorisk tillåtlighetsprövning enligt 17 kap. miljöbalken.;source;MB;"[""MB""]"
R-B60-G150-02:trigger:02;R-B60-G150-02;B60-G150;B60;B60 – Ansökan, beslut och överprövning;Obligatorisk tillåtlighetsprövning och regeringens förbehåll blandas ihop;utlösande faktor;2;Projektet blandar samman obligatorisk tillåtlighetsprövning med regeringens möjlighet att förbehålla sig ett enskilt ärende.;analysis;;[]
R-B60-G150-02:trigger:03;R-B60-G150-02;B60-G150;B60;B60 – Ansökan, beslut och överprövning;Obligatorisk tillåtlighetsprövning och regeringens förbehåll blandas ihop;utlösande faktor;3;Underlaget beskriver inte tillräckligt tydligt de kapacitets- eller lokaliseringsuppgifter som avgör om regeln träffar verksamheten.;analysis;;[]
R-B60-G150-02:trigger:04;R-B60-G150-02;B60-G150;B60;B60 – Ansökan, beslut och överprövning;Obligatorisk tillåtlighetsprövning och regeringens förbehåll blandas ihop;utlösande faktor;4;Olika aktörer gör skilda bedömningar av om ett nationellt intresse aktualiserar regeringens medverkan.;analysis;;[]
R-B60-G150-02:consequence:01;R-B60-G150-02;B60-G150;B60;B60 – Ansökan, beslut och överprövning;Obligatorisk tillåtlighetsprövning och regeringens förbehåll blandas ihop;konsekvens;1;En obligatorisk tillåtlighetsprövning måste genomföras i den ordning som miljöbalken föreskriver.;source;MB;"[""MB""]"
R-B60-G150-02:consequence:02;R-B60-G150-02;B60-G150;B60;B60 – Ansökan, beslut och överprövning;Obligatorisk tillåtlighetsprövning och regeringens förbehåll blandas ihop;konsekvens;2;Ärendet kan behöva beredas för ett regeringsbeslut som inte ingick i projektplanen.;analysis;;[]
R-B60-G150-02:consequence:03;R-B60-G150-02;B60-G150;B60;B60 – Ansökan, beslut och överprövning;Obligatorisk tillåtlighetsprövning och regeringens förbehåll blandas ihop;konsekvens;3;Ett tillstånd som meddelats utan ett nödvändigt tillåtlighetsbeslut riskerar att angripas.;analysis;;[]
R-B60-G150-02:consequence:04;R-B60-G150-02;B60-G150;B60;B60 – Ansökan, beslut och överprövning;Obligatorisk tillåtlighetsprövning och regeringens förbehåll blandas ihop;konsekvens;4;Projektets tidplan och beslutspunkter behöver göras om.;analysis;;[]
R-B60-G210-01:trigger:01;R-B60-G210-01;B60-G210;B60;B60 – Ansökan, beslut och överprövning;Ett överklagande startar en separat överprövningskedja;utlösande faktor;1;Avgörandet går en berörd enskild emot i en fråga där miljöbalken ger klagorätt.;source;MB;"[""MB""]"
R-B60-G210-01:trigger:02;R-B60-G210-01;B60-G210;B60;B60 – Ansökan, beslut och överprövning;Ett överklagande startar en separat överprövningskedja;utlösande faktor;2;Avgörandet rör ett sådant miljöbeslut som en organisation som uppfyller 16 kap. miljöbalkens krav får överklaga.;source;MB;"[""MB""]"
R-B60-G210-01:trigger:03;R-B60-G210-01;B60-G210;B60;B60 – Ansökan, beslut och överprövning;Ett överklagande startar en separat överprövningskedja;utlösande faktor;3;En sameby, myndighet eller annan taleberättigad aktör bedömer att avgörandet inte tillgodoser dess intresse.;analysis;;[]
R-B60-G210-01:trigger:04;R-B60-G210-01;B60-G210;B60;B60 – Ansökan, beslut och överprövning;Ett överklagande startar en separat överprövningskedja;utlösande faktor;4;Avgörandets villkor eller motivering lämnar en central invändning olöst och driver fram överklagandet.;analysis;;[]
R-B60-G210-01:consequence:01;R-B60-G210-01;B60-G210;B60;B60 – Ansökan, beslut och överprövning;Ett överklagande startar en separat överprövningskedja;konsekvens;1;Ett rättidigt överklagande ska handläggas i den överprövningsordning som gäller för avgörandet.;source;MB;"[""MB""]"
R-B60-G210-01:consequence:02;R-B60-G210-01;B60-G210;B60;B60 – Ansökan, beslut och överprövning;Ett överklagande startar en separat överprövningskedja;konsekvens;2;Laga kraft och full byggberedskap skjuts fram i den överklagade delen.;analysis;;[]
R-B60-G210-01:consequence:03;R-B60-G210-01;B60-G210;B60;B60 – Ansökan, beslut och överprövning;Ett överklagande startar en separat överprövningskedja;konsekvens;3;Parterna behöver avsätta resurser för skriftväxling, bevisning och eventuell muntlig handläggning.;analysis;;[]
R-B60-G210-01:consequence:04;R-B60-G210-01;B60-G210;B60;B60 – Ansökan, beslut och överprövning;Ett överklagande startar en separat överprövningskedja;konsekvens;4;Tillståndets omfattning eller villkor kan ändras, upphävas eller lämnas oförändrade.;analysis;;[]
R-B60-G210-02:trigger:01;R-B60-G210-02;B60-G210;B60;B60 – Ansökan, beslut och överprövning;Inhibition och verkställighet före laga kraft blir en egen stridsfråga;utlösande faktor;1;Tillståndet är överklagat men innehåller ett verkställighetsförordnande eller omfattas av en regel om omedelbar giltighet.;source;MB;"[""MB""]"
R-B60-G210-02:trigger:02;R-B60-G210-02;B60-G210;B60;B60 – Ansökan, beslut och överprövning;Inhibition och verkställighet före laga kraft blir en egen stridsfråga;utlösande faktor;2;En motpart begär att överinstansen tills vidare stoppar verkställigheten.;source;MMDL;"[""MMDL""]"
R-B60-G210-02:trigger:03;R-B60-G210-02;B60-G210;B60;B60 – Ansökan, beslut och överprövning;Inhibition och verkställighet före laga kraft blir en egen stridsfråga;utlösande faktor;3;Projektet planerar tidiga arbeten innan inhibitionsfrågan har stabiliserats.;analysis;;[]
R-B60-G210-02:trigger:04;R-B60-G210-02;B60-G210;B60;B60 – Ansökan, beslut och överprövning;Inhibition och verkställighet före laga kraft blir en egen stridsfråga;utlösande faktor;4;Parterna bedömer risken för irreparabel skada och behovet av inhibition på olika sätt.;analysis;;[]
R-B60-G210-02:consequence:01;R-B60-G210-02;B60-G210;B60;B60 – Ansökan, beslut och överprövning;Inhibition och verkställighet före laga kraft blir en egen stridsfråga;konsekvens;1;Överinstansen kan besluta att det överklagade avgörandet tills vidare inte får verkställas.;source;MMDL;"[""MMDL""]"
R-B60-G210-02:consequence:02;R-B60-G210-02;B60-G210;B60;B60 – Ansökan, beslut och överprövning;Inhibition och verkställighet före laga kraft blir en egen stridsfråga;konsekvens;2;Byggstart eller förberedande arbeten skjuts upp under inhibitionsprövningen.;analysis;;[]
R-B60-G210-02:consequence:03;R-B60-G210-02;B60-G210;B60;B60 – Ansökan, beslut och överprövning;Inhibition och verkställighet före laga kraft blir en egen stridsfråga;konsekvens;3;Arbete som ändå utförs före laga kraft sker med risk för att tillståndet senare ändras eller upphävs.;analysis;;[]
R-B60-G210-02:consequence:04;R-B60-G210-02;B60-G210;B60;B60 – Ansökan, beslut och överprövning;Inhibition och verkställighet före laga kraft blir en egen stridsfråga;konsekvens;4;Ett upphävt beslut kan medföra behov av att stoppa eller återställa redan utförda åtgärder.;analysis;;[]
R-B60-G230-01:trigger:01;R-B60-G230-01;B60-G230;B60;B60 – Ansökan, beslut och överprövning;Klaganden väljer fel forum och får starta om;utlösande faktor;1;Klaganden skickar överklagandet till en annan mottagare än den som den tillämpliga överklagandeordningen anger.;source;FL;"[""FL""]"
R-B60-G230-01:trigger:02;R-B60-G230-01;B60-G230;B60;B60 – Ansökan, beslut och överprövning;Klaganden väljer fel forum och får starta om;utlösande faktor;2;Ett kommunalt beslut och ett miljöbalksbeslut blandas ihop vid valet av överklagandeväg.;analysis;;[]
R-B60-G230-01:trigger:03;R-B60-G230-01;B60-G230;B60;B60 – Ansökan, beslut och överprövning;Klaganden väljer fel forum och får starta om;utlösande faktor;3;Överklagandehänvisningen är oklar eller läses inte mot den faktiska beslutstypen.;analysis;;[]
R-B60-G230-01:trigger:04;R-B60-G230-01;B60-G230;B60;B60 – Ansökan, beslut och överprövning;Klaganden väljer fel forum och får starta om;utlösande faktor;4;Flera samordnade beslut har olika instanskedjor och klaganden använder samma forum för samtliga.;analysis;;[]
R-B60-G230-01:consequence:01;R-B60-G230-01;B60-G230;B60;B60 – Ansökan, beslut och överprövning;Klaganden väljer fel forum och får starta om;konsekvens;1;Skrivelsen kan behöva vidarebefordras eller överlämnas till rätt mottagare enligt tillämpliga regler.;source;FL;"[""FL""]"
R-B60-G230-01:consequence:02;R-B60-G230-01;B60-G230;B60;B60 – Ansökan, beslut och överprövning;Klaganden väljer fel forum och får starta om;konsekvens;2;Rättidighets- och forumfrågor behöver klarläggas innan sakprövningen börjar.;analysis;;[]
R-B60-G230-01:consequence:03;R-B60-G230-01;B60-G230;B60;B60 – Ansökan, beslut och överprövning;Klaganden väljer fel forum och får starta om;konsekvens;3;Överprövningens start fördröjs.;analysis;;[]
R-B60-G230-01:consequence:04;R-B60-G230-01;B60-G230;B60;B60 – Ansökan, beslut och överprövning;Klaganden väljer fel forum och får starta om;konsekvens;4;Klaganden riskerar att inte få alla avsedda beslut prövade i rätt ordning.;analysis;;[]
R-B60-G230-02:trigger:01;R-B60-G230-02;B60-G230;B60;B60 – Ansökan, beslut och överprövning;S1-reformen ändrar instanskartan mitt i processen;utlösande faktor;1;Ett beslut meddelas under en övergångsperiod där äldre och nya instansregler gäller för olika ärenden.;source;SFS2026_1442 | SFS2026_1443;"[""SFS2026_1442"",""SFS2026_1443""]"
R-B60-G230-02:trigger:02;R-B60-G230-02;B60-G230;B60;B60 – Ansökan, beslut och överprövning;S1-reformen ändrar instanskartan mitt i processen;utlösande faktor;2;Beslutsdatum, ärendets startdatum eller beslutstyp registreras fel vid valet av överklagandeväg.;analysis;;[]
R-B60-G230-02:trigger:03;R-B60-G230-02;B60-G230;B60;B60 – Ansökan, beslut och överprövning;S1-reformen ändrar instanskartan mitt i processen;utlösande faktor;3;Överklagandehänvisningen bygger på den tidigare myndighetsordningen.;analysis;;[]
R-B60-G230-02:trigger:04;R-B60-G230-02;B60-G230;B60;B60 – Ansökan, beslut och överprövning;S1-reformen ändrar instanskartan mitt i processen;utlösande faktor;4;Det är oklart vilken organisation som ska uppträda som motpart efter överlämnandet.;analysis;;[]
R-B60-G230-02:consequence:01;R-B60-G230-02;B60-G230;B60;B60 – Ansökan, beslut och överprövning;S1-reformen ändrar instanskartan mitt i processen;konsekvens;1;Rätt forum och myndighetsmotpart bestäms av de övergångs- och instansregler som gäller för beslutet.;source;SFS2026_1442 | SFS2026_1443;"[""SFS2026_1442"",""SFS2026_1443""]"
R-B60-G230-02:consequence:02;R-B60-G230-02;B60-G230;B60;B60 – Ansökan, beslut och överprövning;S1-reformen ändrar instanskartan mitt i processen;konsekvens;2;Överklagandet kan behöva överlämnas eller kompletteras.;analysis;;[]
R-B60-G230-02:consequence:03;R-B60-G230-02;B60-G230;B60;B60 – Ansökan, beslut och överprövning;S1-reformen ändrar instanskartan mitt i processen;konsekvens;3;Processuella invändningar tar tid från sakprövningen.;analysis;;[]
R-B60-G230-02:consequence:04;R-B60-G230-02;B60-G230;B60;B60 – Ansökan, beslut och överprövning;S1-reformen ändrar instanskartan mitt i processen;konsekvens;4;Osäkerheten kan påverka när avgörandet betraktas som slutligt för byggberedskapen.;analysis;;[]
R-B60-G290-01:trigger:01;R-B60-G290-01;B60-G290;B60;B60 – Ansökan, beslut och överprövning;Ett nytt avgörande efter återförvisning kan överklagas på nytt;utlösande faktor;1;Överinstansen undanröjer avgörandet och återförvisar målet till underinstansen.;source;MMDL;"[""MMDL""]"
R-B60-G290-01:trigger:02;R-B60-G290-01;B60-G290;B60;B60 – Ansökan, beslut och överprövning;Ett nytt avgörande efter återförvisning kan överklagas på nytt;utlösande faktor;2;Underinstansen meddelar efter den nya handläggningen ett avgörande som fortfarande går en part emot.;analysis;;[]
R-B60-G290-01:trigger:03;R-B60-G290-01;B60-G290;B60;B60 – Ansökan, beslut och överprövning;Ett nytt avgörande efter återförvisning kan överklagas på nytt;utlösande faktor;3;Det nya avgörandet går en taleberättigad part emot och öppnar därmed en ny möjlighet till överklagande.;source;MB;"[""MB""]"
R-B60-G290-01:trigger:04;R-B60-G290-01;B60-G290;B60;B60 – Ansökan, beslut och överprövning;Ett nytt avgörande efter återförvisning kan överklagas på nytt;utlösande faktor;4;Den nya domen eller beslutet innehåller nya villkor eller bedömningar som skapar ytterligare överklagandefrågor.;analysis;;[]
R-B60-G290-01:consequence:01;R-B60-G290-01;B60-G290;B60;B60 – Ansökan, beslut och överprövning;Ett nytt avgörande efter återförvisning kan överklagas på nytt;konsekvens;1;Ett rättidigt överklagande av det nya avgörandet inleder den tillämpliga överprövningen.;source;MB | MMDL;"[""MB"",""MMDL""]"
R-B60-G290-01:consequence:02;R-B60-G290-01;B60-G290;B60;B60 – Ansökan, beslut och överprövning;Ett nytt avgörande efter återförvisning kan överklagas på nytt;konsekvens;2;Projektets slutliga rättsläge och byggberedskap förskjuts ytterligare.;analysis;;[]
R-B60-G290-01:consequence:03;R-B60-G290-01;B60-G290;B60;B60 – Ansökan, beslut och överprövning;Ett nytt avgörande efter återförvisning kan överklagas på nytt;konsekvens;3;Parterna får nya ombuds-, expert- och utredningskostnader.;analysis;;[]
R-B60-G290-01:consequence:04;R-B60-G290-01;B60-G290;B60;B60 – Ansökan, beslut och överprövning;Ett nytt avgörande efter återförvisning kan överklagas på nytt;konsekvens;4;Underlaget kan behöva uppdateras för förhållanden som ändrats sedan den första prövningen.;analysis;;[]
R-B60-G290-02:trigger:01;R-B60-G290-02;B60-G290;B60;B60 – Ansökan, beslut och överprövning;Splittrat slutläge: delar slutgiltiga, delar återförvisade;utlösande faktor;1;Överinstansen undanröjer eller återförvisar endast en avgränsad del av avgörandet.;source;MB | MMDL;"[""MB"",""MMDL""]"
R-B60-G290-02:trigger:02;R-B60-G290-02;B60-G290;B60;B60 – Ansökan, beslut och överprövning;Splittrat slutläge: delar slutgiltiga, delar återförvisade;utlösande faktor;2;Domslutet anger att återstående delar står fast medan den felaktiga delen återförvisas.;analysis;;[]
R-B60-G290-02:trigger:03;R-B60-G290-02;B60-G290;B60;B60 – Ansökan, beslut och överprövning;Splittrat slutläge: delar slutgiltiga, delar återförvisade;utlösande faktor;3;Beroenden mellan den slutliga och den återförvisade delen har inte kartlagts i projektets genomförandeplan.;analysis;;[]
R-B60-G290-02:trigger:04;R-B60-G290-02;B60-G290;B60;B60 – Ansökan, beslut och överprövning;Splittrat slutläge: delar slutgiltiga, delar återförvisade;utlösande faktor;4;Beslutssystemet registrerar hela avgörandet som antingen slutligt eller öppet trots ett partiellt utfall.;analysis;;[]
R-B60-G290-02:consequence:01;R-B60-G290-02;B60-G290;B60;B60 – Ansökan, beslut och överprövning;Splittrat slutläge: delar slutgiltiga, delar återförvisade;konsekvens;1;De delar som står fast och de delar som återförvisas får skilda processuella statusar enligt överinstansens avgörande.;source;MMDL;"[""MMDL""]"
R-B60-G290-02:consequence:02;R-B60-G290-02;B60-G290;B60;B60 – Ansökan, beslut och överprövning;Splittrat slutläge: delar slutgiltiga, delar återförvisade;konsekvens;2;Bygget kan behöva etapperas eller begränsas till den del som rättsligt kan genomföras.;analysis;;[]
R-B60-G290-02:consequence:03;R-B60-G290-02;B60-G290;B60;B60 – Ansökan, beslut och överprövning;Splittrat slutläge: delar slutgiltiga, delar återförvisade;konsekvens;3;Felaktig statusregistrering kan leda till att arbete startar i den återförvisade delen.;analysis;;[]
R-B60-G290-02:consequence:04;R-B60-G290-02;B60-G290;B60;B60 – Ansökan, beslut och överprövning;Splittrat slutläge: delar slutgiltiga, delar återförvisade;konsekvens;4;Gemensamma villkor och tekniska beroenden kan göra även den slutliga delen praktiskt oanvändbar tills resten avgjorts.;analysis;;[]
R-B60-START-01:trigger:01;R-B60-START-01;B60-START;B60;B60 – Ansökan, beslut och överprövning;Inkonsistent handoff från variantprocesserna stoppar den fortsatta beredningen;utlösande faktor;1;Ansökningspaketet saknar en handling som behövs för att fullständighetsgranskningen eller sakprövningen ska kunna föras vidare.;source;MB | NV_PERMIT;"[""MB"",""NV_PERMIT""]"
R-B60-START-01:trigger:02;R-B60-START-01;B60-START;B60;B60 – Ansökan, beslut och överprövning;Inkonsistent handoff från variantprocesserna stoppar den fortsatta beredningen;utlösande faktor;2;Yrkanden eller projektversioner skiljer sig mellan B30- och B40-underlagen.;analysis;;[]
R-B60-START-01:trigger:03;R-B60-START-01;B60-START;B60;B60 – Ansökan, beslut och överprövning;Inkonsistent handoff från variantprocesserna stoppar den fortsatta beredningen;utlösande faktor;3;Diarie- och referensuppgifter räcker inte för att koppla ihop de parallella delarna.;analysis;;[]
R-B60-START-01:trigger:04;R-B60-START-01;B60-START;B60;B60 – Ansökan, beslut och överprövning;Inkonsistent handoff från variantprocesserna stoppar den fortsatta beredningen;utlösande faktor;4;En underliggande behörighet, fullmakt eller signering har inte följt med i överlämnandet.;analysis;;[]
R-B60-START-01:consequence:01;R-B60-START-01;B60-START;B60;B60 – Ansökan, beslut och överprövning;Inkonsistent handoff från variantprocesserna stoppar den fortsatta beredningen;konsekvens;1;Prövningsinstansen behöver ett identifierbart och tillräckligt underlag innan fullständighetsgranskningen och den fortsatta beredningen kan slutföras.;source;MB | NV_PERMIT;"[""MB"",""NV_PERMIT""]"
R-B60-START-01:consequence:02;R-B60-START-01;B60-START;B60;B60 – Ansökan, beslut och överprövning;Inkonsistent handoff från variantprocesserna stoppar den fortsatta beredningen;konsekvens;2;Sökanden behöver rätta eller återställa ansökningspaketets spårbarhet.;analysis;;[]
R-B60-START-01:consequence:03;R-B60-START-01;B60-START;B60;B60 – Ansökan, beslut och överprövning;Inkonsistent handoff från variantprocesserna stoppar den fortsatta beredningen;konsekvens;3;Instansen kan behöva dela upp materialet i flera mål eller ärenden.;analysis;;[]
R-B60-START-01:consequence:04;R-B60-START-01;B60-START;B60;B60 – Ansökan, beslut och överprövning;Inkonsistent handoff från variantprocesserna stoppar den fortsatta beredningen;konsekvens;4;Parallella processer får olika tidsplaner och kan ge svårförenliga underlag.;analysis;;[]
R-B70-010-01:trigger:01;R-B70-010-01;B70-010;B70;B70 – Laga kraft och byggberedskap;Beslutsmatrisen bygger på inaktuella versioner av beslut och villkor;utlösande faktor;1;Ett avgörande kan ha ändrats genom rättelse, deldom eller överprövning efter att en tidigare version registrerades.;source;MB | COURT_MFV;"[""MB"",""COURT_MFV""]"
R-B70-010-01:trigger:02;R-B70-010-01;B70-010;B70;B70 – Laga kraft och byggberedskap;Beslutsmatrisen bygger på inaktuella versioner av beslut och villkor;utlösande faktor;2;Beslutsmatrisen saknar versionsfält eller en ansvarig person för löpande uppdatering.;analysis;;[]
R-B70-010-01:trigger:03;R-B70-010-01;B70-010;B70;B70 – Laga kraft och byggberedskap;Beslutsmatrisen bygger på inaktuella versioner av beslut och villkor;utlösande faktor;3;En senare bilaga eller villkorsändring lagras i ett annat diarium än huvudavgörandet.;analysis;;[]
R-B70-010-01:trigger:04;R-B70-010-01;B70-010;B70;B70 – Laga kraft och byggberedskap;Beslutsmatrisen bygger på inaktuella versioner av beslut och villkor;utlösande faktor;4;Projektet använder en lokal kopia i stället för att kontrollera den senaste expedierade versionen.;analysis;;[]
R-B70-010-01:consequence:01;R-B70-010-01;B70-010;B70;B70 – Laga kraft och byggberedskap;Beslutsmatrisen bygger på inaktuella versioner av beslut och villkor;konsekvens;1;Projektet kan då tillämpa ett villkor som inte motsvarar det gällande avgörandet.;source;MB;"[""MB""]"
R-B70-010-01:consequence:02;R-B70-010-01;B70-010;B70;B70 – Laga kraft och byggberedskap;Beslutsmatrisen bygger på inaktuella versioner av beslut och villkor;konsekvens;2;Förstartsdokumentation och kontrollprogram behöver göras om mot rätt version.;analysis;;[]
R-B70-010-01:consequence:03;R-B70-010-01;B70-010;B70;B70 – Laga kraft och byggberedskap;Beslutsmatrisen bygger på inaktuella versioner av beslut och villkor;konsekvens;3;Myndighetsgodkännanden och byggstart kan fördröjas.;analysis;;[]
R-B70-010-01:consequence:04;R-B70-010-01;B70-010;B70;B70 – Laga kraft och byggberedskap;Beslutsmatrisen bygger på inaktuella versioner av beslut och villkor;konsekvens;4;Arbete som utförs i strid med gällande villkor kan utlösa tillsyn och krav på rättelse.;analysis;;[]
R-B70-010-02:trigger:01;R-B70-010-02;B70-010;B70;B70 – Laga kraft och byggberedskap;Parallellt sektorsbeslut faller bort ur konsolideringen;utlösande faktor;1;Projektet omfattas av ett sektorsbeslut som ligger utanför huvudtillståndets diarium.;source;STRAND | KML | PBL | EI_GRID;"[""STRAND"",""KML"",""PBL"",""EI_GRID""]"
R-B70-010-02:trigger:02;R-B70-010-02;B70-010;B70;B70 – Laga kraft och byggberedskap;Parallellt sektorsbeslut faller bort ur konsolideringen;utlösande faktor;2;Ansvar för att bevaka dispens-, koncessions- och rättighetsbeslut är fördelat mellan flera team.;analysis;;[]
R-B70-010-02:trigger:03;R-B70-010-02;B70-010;B70;B70 – Laga kraft och byggberedskap;Parallellt sektorsbeslut faller bort ur konsolideringen;utlösande faktor;3;Beslutsmatrisen inventerar endast beslut som uttryckligen nämns i huvudtillståndet.;analysis;;[]
R-B70-010-02:trigger:04;R-B70-010-02;B70-010;B70;B70 – Laga kraft och byggberedskap;Parallellt sektorsbeslut faller bort ur konsolideringen;utlösande faktor;4;Ett sektorsbeslut har ett annat projektnamn, geografiskt objekt eller diarienummer och kopplas därför inte till projektet.;analysis;;[]
R-B70-010-02:consequence:01;R-B70-010-02;B70-010;B70;B70 – Laga kraft och byggberedskap;Parallellt sektorsbeslut faller bort ur konsolideringen;konsekvens;1;En åtgärd som kräver ett särskilt sektorsbeslut får inte genomföras enbart med stöd av huvudtillståndet.;source;STRAND | KML | PBL | EI_GRID;"[""STRAND"",""KML"",""PBL"",""EI_GRID""]"
R-B70-010-02:consequence:02;R-B70-010-02;B70-010;B70;B70 – Laga kraft och byggberedskap;Parallellt sektorsbeslut faller bort ur konsolideringen;konsekvens;2;Det saknade beslutet upptäcks först när ett berört byggmoment ska starta.;analysis;;[]
R-B70-010-02:consequence:03;R-B70-010-02;B70-010;B70;B70 – Laga kraft och byggberedskap;Parallellt sektorsbeslut faller bort ur konsolideringen;konsekvens;3;Projektet behöver lämna in en ny ansökan eller avvakta ett separat godkännande.;analysis;;[]
R-B70-010-02:consequence:04;R-B70-010-02;B70-010;B70;B70 – Laga kraft och byggberedskap;Parallellt sektorsbeslut faller bort ur konsolideringen;konsekvens;4;En kritisk anläggningsdel kan stoppa eller omordna hela entreprenadsekvensen.;analysis;;[]
R-B70-010-03:trigger:01;R-B70-010-03;B70-010;B70;B70 – Laga kraft och byggberedskap;Olika projektgränser i olika beslut omöjliggör konsistent matris;utlösande faktor;1;Miljötillstånd, detaljplan och koncession kan ange var sin rättsligt bindande geografisk eller kapacitetsmässig ram.;source;MB | PBL | ELLAG;"[""MB"",""PBL"",""ELLAG""]"
R-B70-010-03:trigger:02;R-B70-010-03;B70-010;B70;B70 – Laga kraft och byggberedskap;Olika projektgränser i olika beslut omöjliggör konsistent matris;utlösande faktor;2;Underlagen använder olika kartprojektioner, skalor eller objektsindelningar.;analysis;;[]
R-B70-010-03:trigger:03;R-B70-010-03;B70-010;B70;B70 – Laga kraft och byggberedskap;Olika projektgränser i olika beslut omöjliggör konsistent matris;utlösande faktor;3;Projektets kapacitet har beskrivits med olika enheter eller driftsscenarier i de parallella ansökningarna.;analysis;;[]
R-B70-010-03:trigger:04;R-B70-010-03;B70-010;B70;B70 – Laga kraft och byggberedskap;Olika projektgränser i olika beslut omöjliggör konsistent matris;utlösande faktor;4;En senare projekteringsändring har införts i ett beslut men inte i övriga prövningsspår.;analysis;;[]
R-B70-010-03:consequence:01;R-B70-010-03;B70-010;B70;B70 – Laga kraft och byggberedskap;Olika projektgränser i olika beslut omöjliggör konsistent matris;konsekvens;1;Genomförandet måste hålla sig inom samtliga tillämpliga besluts räckvidd.;source;MB | PBL | ELLAG;"[""MB"",""PBL"",""ELLAG""]"
R-B70-010-03:consequence:02;R-B70-010-03;B70-010;B70;B70 – Laga kraft och byggberedskap;Olika projektgränser i olika beslut omöjliggör konsistent matris;konsekvens;2;Förenlighetskontrollen kan inte ge ett entydigt klartecken för vissa anläggningsdelar.;analysis;;[]
R-B70-010-03:consequence:03;R-B70-010-03;B70-010;B70;B70 – Laga kraft och byggberedskap;Olika projektgränser i olika beslut omöjliggör konsistent matris;konsekvens;3;Projektet behöver omprojektera eller söka ändring i ett eller flera beslut.;analysis;;[]
R-B70-010-03:consequence:04;R-B70-010-03;B70-010;B70;B70 – Laga kraft och byggberedskap;Olika projektgränser i olika beslut omöjliggör konsistent matris;konsekvens;4;Byggberedskapen förskjuts tills gränser och kapacitet har gjorts förenliga.;analysis;;[]
R-B70-030-01:trigger:01;R-B70-030-01;B70-030;B70;B70 – Laga kraft och byggberedskap;Kompletteringskrav vid återförvisning kräver nya säsongsinventeringar;utlösande faktor;1;Överinstansen återförvisar målet därför att natur- eller vattenunderlaget behöver kompletteras.;source;MB | NV_EIA;"[""MB"",""NV_EIA""]"
R-B70-030-01:trigger:02;R-B70-030-01;B70-030;B70;B70 – Laga kraft och byggberedskap;Kompletteringskrav vid återförvisning kräver nya säsongsinventeringar;utlösande faktor;2;Den efterfrågade inventeringen kan bara ge representativa resultat under en viss biologisk säsong.;analysis;;[]
R-B70-030-01:trigger:03;R-B70-030-01;B70-030;B70;B70 – Laga kraft och byggberedskap;Kompletteringskrav vid återförvisning kräver nya säsongsinventeringar;utlösande faktor;3;Återförvisningsbeslutet meddelas efter att det relevanta inventeringsfönstret har passerat.;analysis;;[]
R-B70-030-01:trigger:04;R-B70-030-01;B70-030;B70;B70 – Laga kraft och byggberedskap;Kompletteringskrav vid återförvisning kräver nya säsongsinventeringar;utlösande faktor;4;Extremväder eller avvikande vattenföring gör ett tillgängligt fältfönster olämpligt.;analysis;;[]
R-B70-030-01:consequence:01;R-B70-030-01;B70-030;B70;B70 – Laga kraft och byggberedskap;Kompletteringskrav vid återförvisning kräver nya säsongsinventeringar;konsekvens;1;Underinstansen behöver ta in och bedöma det kompletterande underlaget innan ny prövning slutförs.;source;MB;"[""MB""]"
R-B70-030-01:consequence:02;R-B70-030-01;B70-030;B70;B70 – Laga kraft och byggberedskap;Kompletteringskrav vid återförvisning kräver nya säsongsinventeringar;konsekvens;2;Fältarbetet får vänta till ett lämpligt tillfälle och handläggningen senareläggs.;analysis;;[]
R-B70-030-01:consequence:03;R-B70-030-01;B70-030;B70;B70 – Laga kraft och byggberedskap;Kompletteringskrav vid återförvisning kräver nya säsongsinventeringar;konsekvens;3;Nya inventeringar och expertbedömningar ökar utredningskostnaderna.;analysis;;[]
R-B70-030-01:consequence:04;R-B70-030-01;B70-030;B70;B70 – Laga kraft och byggberedskap;Kompletteringskrav vid återförvisning kräver nya säsongsinventeringar;konsekvens;4;Tidsfrister eller projektversioner i parallella beslut kan behöva hanteras under väntetiden.;analysis;;[]
R-B70-030-02:trigger:01;R-B70-030-02;B70-030;B70;B70 – Laga kraft och byggberedskap;Inhibitionsbeslut träffar pågående förberedande arbeten mitt i byggberedskapen;utlösande faktor;1;Ett beslut får verkställas före laga kraft men överklagas och blir föremål för en begäran om inhibition.;source;MB | MMDL;"[""MB"",""MMDL""]"
R-B70-030-02:trigger:02;R-B70-030-02;B70-030;B70;B70 – Laga kraft och byggberedskap;Inhibitionsbeslut träffar pågående förberedande arbeten mitt i byggberedskapen;utlösande faktor;2;Projektet påbörjar förberedande arbeten innan inhibitionsfrågan har avgjorts.;analysis;;[]
R-B70-030-02:trigger:03;R-B70-030-02;B70-030;B70;B70 – Laga kraft och byggberedskap;Inhibitionsbeslut träffar pågående förberedande arbeten mitt i byggberedskapen;utlösande faktor;3;Nya omständigheter eller skadeuppgifter kommer in efter byggmobiliseringen.;analysis;;[]
R-B70-030-02:trigger:04;R-B70-030-02;B70-030;B70;B70 – Laga kraft och byggberedskap;Inhibitionsbeslut träffar pågående förberedande arbeten mitt i byggberedskapen;utlösande faktor;4;Överinstansen beslutar att det överklagade beslutet tills vidare inte får verkställas.;source;MMDL;"[""MMDL""]"
R-B70-030-02:consequence:01;R-B70-030-02;B70-030;B70;B70 – Laga kraft och byggberedskap;Inhibitionsbeslut träffar pågående förberedande arbeten mitt i byggberedskapen;konsekvens;1;De arbeten som omfattas av inhibitionsbeslutet måste stoppas så länge beslutet gäller.;source;MMDL;"[""MMDL""]"
R-B70-030-02:consequence:02;R-B70-030-02;B70-030;B70;B70 – Laga kraft och byggberedskap;Inhibitionsbeslut träffar pågående förberedande arbeten mitt i byggberedskapen;konsekvens;2;Entreprenörer, maskiner och material blir stående eller behöver omdisponeras.;analysis;;[]
R-B70-030-02:consequence:03;R-B70-030-02;B70-030;B70;B70 – Laga kraft och byggberedskap;Inhibitionsbeslut träffar pågående förberedande arbeten mitt i byggberedskapen;konsekvens;3;Projektets tidplan och avtal behöver omförhandlas.;analysis;;[]
R-B70-030-02:consequence:04;R-B70-030-02;B70-030;B70;B70 – Laga kraft och byggberedskap;Inhibitionsbeslut träffar pågående förberedande arbeten mitt i byggberedskapen;konsekvens;4;Bristande intern kommunikation om stoppet kan leda till fortsatt arbete i strid med inhibitionen.;analysis;;[]
R-B70-040-01:trigger:01;R-B70-040-01;B70-040;B70;B70 – Laga kraft och byggberedskap;Förstartsvillkor förbises i den samlade villkorsmassan;utlösande faktor;1;Ett tillståndsvillkor kräver ett godkännande eller en åtgärd innan verksamheten eller ett visst arbete påbörjas.;source;MB | COURT_WV;"[""MB"",""COURT_WV""]"
R-B70-040-01:trigger:02;R-B70-040-01;B70-040;B70;B70 – Laga kraft och byggberedskap;Förstartsvillkor förbises i den samlade villkorsmassan;utlösande faktor;2;Förstartskravet finns i en bilaga, äldre deldom eller hänvisad handling och markeras inte i huvuddomslutet.;analysis;;[]
R-B70-040-01:trigger:03;R-B70-040-01;B70-040;B70;B70 – Laga kraft och byggberedskap;Förstartsvillkor förbises i den samlade villkorsmassan;utlösande faktor;3;Beslutsinventeringen söker efter vissa nyckelord men fångar inte funktionellt likvärdiga formuleringar.;analysis;;[]
R-B70-040-01:trigger:04;R-B70-040-01;B70-040;B70;B70 – Laga kraft och byggberedskap;Förstartsvillkor förbises i den samlade villkorsmassan;utlösande faktor;4;Ansvar för att läsa villkor delas mellan juridik, miljö och byggledning utan gemensam kontrollista.;analysis;;[]
R-B70-040-01:consequence:01;R-B70-040-01;B70-040;B70;B70 – Laga kraft och byggberedskap;Förstartsvillkor förbises i den samlade villkorsmassan;konsekvens;1;Arbetet får inte starta i strid med det bindande förstartsvillkoret.;source;MB;"[""MB""]"
R-B70-040-01:consequence:02;R-B70-040-01;B70-040;B70;B70 – Laga kraft och byggberedskap;Förstartsvillkor förbises i den samlade villkorsmassan;konsekvens;2;Projektet behöver stoppa och inhämta godkännande eller färdigställa underlaget i efterhand.;analysis;;[]
R-B70-040-01:consequence:03;R-B70-040-01;B70-040;B70;B70 – Laga kraft och byggberedskap;Förstartsvillkor förbises i den samlade villkorsmassan;konsekvens;3;Tillsynsmyndigheten kan ingripa mot en för tidig start.;analysis;;[]
R-B70-040-01:consequence:04;R-B70-040-01;B70-040;B70;B70 – Laga kraft och byggberedskap;Förstartsvillkor förbises i den samlade villkorsmassan;konsekvens;4;Projektets förtroende och samarbetsläge med tillsynsmyndigheten försämras.;analysis;;[]
R-B70-040-02:trigger:01;R-B70-040-02;B70-040;B70;B70 – Laga kraft och byggberedskap;Otydliga villkorsformuleringar ger tolkningstvist om vad som krävs före start;utlösande faktor;1;Ett bindande villkor saknar en entydig tidpunkt, adressat eller kontrollparameter.;source;MB;"[""MB""]"
R-B70-040-02:trigger:02;R-B70-040-02;B70-040;B70;B70 – Laga kraft och byggberedskap;Otydliga villkorsformuleringar ger tolkningstvist om vad som krävs före start;utlösande faktor;2;Domskäl, domslut och tekniska bilagor använder olika uttryck för samma förstartskrav.;analysis;;[]
R-B70-040-02:trigger:03;R-B70-040-02;B70-040;B70;B70 – Laga kraft och byggberedskap;Otydliga villkorsformuleringar ger tolkningstvist om vad som krävs före start;utlösande faktor;3;"Projektet och tillsynsmyndigheten tolkar uttrycket ""före start"" på olika verksamhetsmoment.";analysis;;[]
R-B70-040-02:trigger:04;R-B70-040-02;B70-040;B70;B70 – Laga kraft och byggberedskap;Otydliga villkorsformuleringar ger tolkningstvist om vad som krävs före start;utlösande faktor;4;Villkoret hänvisar till en framtida godkännandeprocess utan att ange beslutsform eller kriterier.;analysis;;[]
R-B70-040-02:consequence:01;R-B70-040-02;B70-040;B70;B70 – Laga kraft och byggberedskap;Otydliga villkorsformuleringar ger tolkningstvist om vad som krävs före start;konsekvens;1;Tillståndshavaren måste följa villkoret men behöver först klarlägga vad skyldigheten innebär.;source;MB;"[""MB""]"
R-B70-040-02:consequence:02;R-B70-040-02;B70-040;B70;B70 – Laga kraft och byggberedskap;Otydliga villkorsformuleringar ger tolkningstvist om vad som krävs före start;konsekvens;2;Tolkningstvisten fördröjer internt startbeslut och myndighetsgodkännande.;analysis;;[]
R-B70-040-02:consequence:03;R-B70-040-02;B70-040;B70;B70 – Laga kraft och byggberedskap;Otydliga villkorsformuleringar ger tolkningstvist om vad som krävs före start;konsekvens;3;En oenighet kan leda till tillsynsbeslut eller domstolsprövning.;analysis;;[]
R-B70-040-02:consequence:04;R-B70-040-02;B70-040;B70;B70 – Laga kraft och byggberedskap;Otydliga villkorsformuleringar ger tolkningstvist om vad som krävs före start;konsekvens;4;Om ordalydelsen inte kan hanteras genom tolkning kan villkoret behöva ändras i en särskild process.;analysis;;[]
R-B70-060-01:trigger:01;R-B70-060-01;B70-060;B70;B70 – Laga kraft och byggberedskap;Kompletteringsloopen mellan inlämning och avslag drar ut förstarten;utlösande faktor;1;Ett förstartsvillkor kräver att handlingar eller säkerhet godkänns innan start.;source;MB;"[""MB""]"
R-B70-060-01:trigger:02;R-B70-060-01;B70-060;B70;B70 – Laga kraft och byggberedskap;Kompletteringsloopen mellan inlämning och avslag drar ut förstarten;utlösande faktor;2;Den inlämnade handlingen besvarar inte alla kriterier eller villkorspunkter som myndigheten använder.;analysis;;[]
R-B70-060-01:trigger:03;R-B70-060-01;B70-060;B70;B70 – Laga kraft och byggberedskap;Kompletteringsloopen mellan inlämning och avslag drar ut förstarten;utlösande faktor;3;Säkerhetens belopp, form, giltighet eller garantiställare godtas inte.;analysis;;[]
R-B70-060-01:trigger:04;R-B70-060-01;B70-060;B70;B70 – Laga kraft och byggberedskap;Kompletteringsloopen mellan inlämning och avslag drar ut förstarten;utlösande faktor;4;Myndighetens kompletteringsbesked kommer stegvis i stället för samlat.;analysis;;[]
R-B70-060-01:consequence:01;R-B70-060-01;B70-060;B70;B70 – Laga kraft och byggberedskap;Kompletteringsloopen mellan inlämning och avslag drar ut förstarten;konsekvens;1;Byggstarten kan inte passera det aktuella förstartsvillkoret innan kravet är uppfyllt.;source;MB;"[""MB""]"
R-B70-060-01:consequence:02;R-B70-060-01;B70-060;B70;B70 – Laga kraft och byggberedskap;Kompletteringsloopen mellan inlämning och avslag drar ut förstarten;konsekvens;2;Varje kompletteringsomgång flyttar fram projektets interna startbeslut.;analysis;;[]
R-B70-060-01:consequence:03;R-B70-060-01;B70-060;B70;B70 – Laga kraft och byggberedskap;Kompletteringsloopen mellan inlämning och avslag drar ut förstarten;konsekvens;3;Entreprenadresurser och leveranser blir svårare att planera.;analysis;;[]
R-B70-060-01:consequence:04;R-B70-060-01;B70-060;B70;B70 – Laga kraft och byggberedskap;Kompletteringsloopen mellan inlämning och avslag drar ut förstarten;konsekvens;4;Nya versioner av handlingarna kan skapa följdfel i den konsoliderade villkorsmatrisen.;analysis;;[]
R-B70-060-02:trigger:01;R-B70-060-02;B70-060;B70;B70 – Laga kraft och byggberedskap;Ändrad projektering gör ställd säkerhet och förstartshandlingar inaktuella;utlösande faktor;1;Detaljprojekteringen ändrar anläggningens dimensioner efter att säkerheten beräknades.;analysis;;[]
R-B70-060-02:trigger:02;R-B70-060-02;B70-060;B70;B70 – Laga kraft och byggberedskap;Ändrad projektering gör ställd säkerhet och förstartshandlingar inaktuella;utlösande faktor;2;Massbalans, avfallsmängd eller återställningsbehov förändras genom ett nytt teknikval.;analysis;;[]
R-B70-060-02:trigger:03;R-B70-060-02;B70-060;B70;B70 – Laga kraft och byggberedskap;Ändrad projektering gör ställd säkerhet och förstartshandlingar inaktuella;utlösande faktor;3;Ett villkors- eller leverantörskrav medför att förstartshandlingarnas ritningar inte längre motsvarar bygglösningen.;analysis;;[]
R-B70-060-02:trigger:04;R-B70-060-02;B70-060;B70;B70 – Laga kraft och byggberedskap;Ändrad projektering gör ställd säkerhet och förstartshandlingar inaktuella;utlösande faktor;4;Den ändrade utformningen ligger utanför den variation som det befintliga tillståndet eller anmälan täcker.;source;MB | MPF;"[""MB"",""MPF""]"
R-B70-060-02:consequence:01;R-B70-060-02;B70-060;B70;B70 – Laga kraft och byggberedskap;Ändrad projektering gör ställd säkerhet och förstartshandlingar inaktuella;konsekvens;1;En tillståndspliktig ändring kan behöva prövas innan den genomförs.;source;MB | MPF;"[""MB"",""MPF""]"
R-B70-060-02:consequence:02;R-B70-060-02;B70-060;B70;B70 – Laga kraft och byggberedskap;Ändrad projektering gör ställd säkerhet och förstartshandlingar inaktuella;konsekvens;2;Ekonomisk säkerhet och tekniska förstartshandlingar behöver räknas om.;analysis;;[]
R-B70-060-02:consequence:03;R-B70-060-02;B70-060;B70;B70 – Laga kraft och byggberedskap;Ändrad projektering gör ställd säkerhet och förstartshandlingar inaktuella;konsekvens;3;Myndighetens tidigare godkännanden kan behöva ersättas eller kompletteras.;analysis;;[]
R-B70-060-02:consequence:04;R-B70-060-02;B70-060;B70;B70 – Laga kraft och byggberedskap;Ändrad projektering gör ställd säkerhet och förstartshandlingar inaktuella;konsekvens;4;Byggstarten förskjuts och den konsoliderade beslutsmatrisen behöver uppdateras.;analysis;;[]
R-B70-080-01:trigger:01;R-B70-080-01;B70-080;B70;B70 – Laga kraft och byggberedskap;Ledningsrättsbeslut överklagas och förlänger rättighetsloopen;utlösande faktor;1;Frivillig markåtkomst för en ledningssträcka kan inte säkras, så projektet blir beroende av en ledningsrättsprocess med möjlighet till överprövning.;source;EI_GRID | EXT: Ei R2023:09 https://ei.se/download/18.43e19b9d18779705cf7b0b2/1682595042339/Kortare-ledtider-för-elnätsutbyggnad-Ei-R2023-09.pdf;"[""EI_GRID"",""EXT: Ei R2023:09 https://ei.se/download/18.43e19b9d18779705cf7b0b2/1682595042339/Kortare-ledtider-för-elnätsutbyggnad-Ei-R2023-09.pdf""]"
R-B70-080-01:trigger:02;R-B70-080-01;B70-080;B70;B70 – Laga kraft och byggberedskap;Ledningsrättsbeslut överklagas och förlänger rättighetsloopen;utlösande faktor;2;Ersättning, sträckning eller intrångets omfattning är omtvistad.;analysis;;[]
R-B70-080-01:trigger:03;R-B70-080-01;B70-080;B70;B70 – Laga kraft och byggberedskap;Ledningsrättsbeslut överklagas och förlänger rättighetsloopen;utlösande faktor;3;Rättighetsbeslutet omfattar inte alla fastigheter eller anläggningsdelar som krävs för sammanhängande åtkomst.;analysis;;[]
R-B70-080-01:trigger:04;R-B70-080-01;B70-080;B70;B70 – Laga kraft och byggberedskap;Ledningsrättsbeslut överklagas och förlänger rättighetsloopen;utlösande faktor;4;Projektets byggplan förutsätter tillträde innan rättighetsfrågan är slutligt avgjord.;analysis;;[]
R-B70-080-01:consequence:01;R-B70-080-01;B70-080;B70;B70 – Laga kraft och byggberedskap;Ledningsrättsbeslut överklagas och förlänger rättighetsloopen;konsekvens;1;För ledningssträckan blir markåtkomsten beroende av att rättighetsprocessen slutförs utöver nätkoncessionen.;source;EI_GRID | EXT: Ei R2023:09 https://ei.se/download/18.43e19b9d18779705cf7b0b2/1682595042339/Kortare-ledtider-för-elnätsutbyggnad-Ei-R2023-09.pdf;"[""EI_GRID"",""EXT: Ei R2023:09 https://ei.se/download/18.43e19b9d18779705cf7b0b2/1682595042339/Kortare-ledtider-för-elnätsutbyggnad-Ei-R2023-09.pdf""]"
R-B70-080-01:consequence:02;R-B70-080-01;B70-080;B70;B70 – Laga kraft och byggberedskap;Ledningsrättsbeslut överklagas och förlänger rättighetsloopen;konsekvens;2;Markåtkomsten för berörda sträckor eller områden senareläggs.;analysis;;[]
R-B70-080-01:consequence:03;R-B70-080-01;B70-080;B70;B70 – Laga kraft och byggberedskap;Ledningsrättsbeslut överklagas och förlänger rättighetsloopen;konsekvens;3;Projektet kan behöva etappera eller omprojektera byggandet kring den omtvistade delen.;analysis;;[]
R-B70-080-01:consequence:04;R-B70-080-01;B70-080;B70;B70 – Laga kraft och byggberedskap;Ledningsrättsbeslut överklagas och förlänger rättighetsloopen;konsekvens;4;Logistik, entreprenad och finansiering belastas av en splittrad rättighetsstatus.;analysis;;[]
R-B70-080-02:trigger:01;R-B70-080-02;B70-080;B70;B70 – Laga kraft och byggberedskap;Omprojektering för att kringgå markmotstånd skapar nya tillståndsbehov;utlösande faktor;1;Frivilliga markavtal eller tvångsrätt kan inte säkras för den ursprungliga sträckningen.;analysis;;[]
R-B70-080-02:trigger:02;R-B70-080-02;B70-080;B70;B70 – Laga kraft och byggberedskap;Omprojektering för att kringgå markmotstånd skapar nya tillståndsbehov;utlösande faktor;2;Projektet väljer en ny väg-, lednings- eller anläggningslokalisering för att undvika det låsta markområdet.;analysis;;[]
R-B70-080-02:trigger:03;R-B70-080-02;B70-080;B70;B70 – Laga kraft och byggberedskap;Omprojektering för att kringgå markmotstånd skapar nya tillståndsbehov;utlösande faktor;3;Den nya lokaliseringen berör ett område där en särskild dispens eller tillståndsprövning krävs.;source;STRAND | NATURA | KML | PBL;"[""STRAND"",""NATURA"",""KML"",""PBL""]"
R-B70-080-02:trigger:04;R-B70-080-02;B70-080;B70;B70 – Laga kraft och byggberedskap;Omprojektering för att kringgå markmotstånd skapar nya tillståndsbehov;utlösande faktor;4;Den alternativa sträckningen har inte miljö- eller kulturmiljöinventerats i tidigare skeden.;analysis;;[]
R-B70-080-02:consequence:01;R-B70-080-02;B70-080;B70;B70 – Laga kraft och byggberedskap;Omprojektering för att kringgå markmotstånd skapar nya tillståndsbehov;konsekvens;1;Nödvändiga dispenser eller tillstånd måste erhållas innan den omprojekterade åtgärden genomförs.;source;STRAND | NATURA | KML | PBL;"[""STRAND"",""NATURA"",""KML"",""PBL""]"
R-B70-080-02:consequence:02;R-B70-080-02;B70-080;B70;B70 – Laga kraft och byggberedskap;Omprojektering för att kringgå markmotstånd skapar nya tillståndsbehov;konsekvens;2;Nya ansökningar, utredningar och samråd förskjuter byggstarten.;analysis;;[]
R-B70-080-02:consequence:03;R-B70-080-02;B70-080;B70;B70 – Laga kraft och byggberedskap;Omprojektering för att kringgå markmotstånd skapar nya tillståndsbehov;konsekvens;3;Omprojekteringen kan flytta intrång och motstånd till nya fastigheter eller skyddsintressen.;analysis;;[]
R-B70-080-02:consequence:04;R-B70-080-02;B70-080;B70;B70 – Laga kraft och byggberedskap;Omprojektering för att kringgå markmotstånd skapar nya tillståndsbehov;konsekvens;4;Den alternativa lösningen kan bli dyrare eller tekniskt sämre än den ursprungliga.;analysis;;[]
R-B70-100-01:trigger:01;R-B70-100-01;B70-100;B70;B70 – Laga kraft och byggberedskap;Återöppnat B50-spår fastnar i kommunens eller sektorsmyndighetens handläggningskö;utlösande faktor;1;En nödvändig PBL- eller sektorsspecifik gate saknar ett slutligt beslut eller startbesked.;source;PBL | PBL_START | EI_GRID;"[""PBL"",""PBL_START"",""EI_GRID""]"
R-B70-100-01:trigger:02;R-B70-100-01;B70-100;B70;B70 – Laga kraft och byggberedskap;Återöppnat B50-spår fastnar i kommunens eller sektorsmyndighetens handläggningskö;utlösande faktor;2;Det tidigare ärendet avslutades, avgränsades fel eller täcker inte den aktuella projektversionen.;analysis;;[]
R-B70-100-01:trigger:03;R-B70-100-01;B70-100;B70;B70 – Laga kraft och byggberedskap;Återöppnat B50-spår fastnar i kommunens eller sektorsmyndighetens handläggningskö;utlösande faktor;3;Myndigheten behöver hämta in remisser eller tekniska kompletteringar innan den kan avgöra den återöppnade frågan.;analysis;;[]
R-B70-100-01:trigger:04;R-B70-100-01;B70-100;B70;B70 – Laga kraft och byggberedskap;Återöppnat B50-spår fastnar i kommunens eller sektorsmyndighetens handläggningskö;utlösande faktor;4;Projektets plan förutsätter att parallellspåret kan prioriteras trots att myndigheten har en egen ärendekö.;analysis;;[]
R-B70-100-01:consequence:01;R-B70-100-01;B70-100;B70;B70 – Laga kraft och byggberedskap;Återöppnat B50-spår fastnar i kommunens eller sektorsmyndighetens handläggningskö;konsekvens;1;Det byggmoment som är beroende av beslutet kan inte starta innan gaten är uppfylld.;source;PBL_START | EI_GRID;"[""PBL_START"",""EI_GRID""]"
R-B70-100-01:consequence:02;R-B70-100-01;B70-100;B70;B70 – Laga kraft och byggberedskap;Återöppnat B50-spår fastnar i kommunens eller sektorsmyndighetens handläggningskö;konsekvens;2;Projektorganisation och entreprenadavtal hålls i vänteläge.;analysis;;[]
R-B70-100-01:consequence:03;R-B70-100-01;B70-100;B70;B70 – Laga kraft och byggberedskap;Återöppnat B50-spår fastnar i kommunens eller sektorsmyndighetens handläggningskö;konsekvens;3;Samordnade beslut kan behöva uppdateras om det nya sektorsutfallet ändrar projektet.;analysis;;[]
R-B70-100-01:consequence:04;R-B70-100-01;B70-100;B70;B70 – Laga kraft och byggberedskap;Återöppnat B50-spår fastnar i kommunens eller sektorsmyndighetens handläggningskö;konsekvens;4;Den samlade byggstarten förskjuts om den saknade gaten ligger på kritisk väg.;analysis;;[]
R-B70-100-02:trigger:01;R-B70-100-02;B70-100;B70;B70 – Laga kraft och byggberedskap;Förändrade förutsättningar i parallellspåret gör att beslutet inte längre matchar projektet;utlösande faktor;1;Projektets teknik eller dimensionering har ändrats efter det parallella beslutet.;analysis;;[]
R-B70-100-02:trigger:02;R-B70-100-02;B70-100;B70;B70 – Laga kraft och byggberedskap;Förändrade förutsättningar i parallellspåret gör att beslutet inte längre matchar projektet;utlösande faktor;2;Den faktiska byggtidplanen ligger utanför beslutets tidsmässiga eller etappvisa förutsättningar.;analysis;;[]
R-B70-100-02:trigger:03;R-B70-100-02;B70-100;B70;B70 – Laga kraft och byggberedskap;Förändrade förutsättningar i parallellspåret gör att beslutet inte längre matchar projektet;utlösande faktor;3;Den senaste projekteringen använder en annan lokalisering eller kapacitet än den som prövades.;analysis;;[]
R-B70-100-02:trigger:04;R-B70-100-02;B70-100;B70;B70 – Laga kraft och byggberedskap;Förändrade förutsättningar i parallellspåret gör att beslutet inte längre matchar projektet;utlösande faktor;4;Ändringen är av ett slag som kräver en ändringsanmälan, ändringsprövning eller ett nytt beslut.;source;MB | PBL | ELLAG;"[""MB"",""PBL"",""ELLAG""]"
R-B70-100-02:consequence:01;R-B70-100-02;B70-100;B70;B70 – Laga kraft och byggberedskap;Förändrade förutsättningar i parallellspåret gör att beslutet inte längre matchar projektet;konsekvens;1;Projektet behöver erhålla den kompletterande prövning som krävs för den ändrade utformningen.;source;MB | PBL | ELLAG;"[""MB"",""PBL"",""ELLAG""]"
R-B70-100-02:consequence:02;R-B70-100-02;B70-100;B70;B70 – Laga kraft och byggberedskap;Förändrade förutsättningar i parallellspåret gör att beslutet inte längre matchar projektet;konsekvens;2;Den parallella gaten kan inte stängas genom att bara hämta det äldre beslutet.;analysis;;[]
R-B70-100-02:consequence:03;R-B70-100-02;B70-100;B70;B70 – Laga kraft och byggberedskap;Förändrade förutsättningar i parallellspåret gör att beslutet inte längre matchar projektet;konsekvens;3;Kartor, villkorskopplingar och projektversioner i beslutsmatrisen behöver byggas om.;analysis;;[]
R-B70-100-02:consequence:04;R-B70-100-02;B70-100;B70;B70 – Laga kraft och byggberedskap;Förändrade förutsättningar i parallellspåret gör att beslutet inte längre matchar projektet;konsekvens;4;Byggstarten förskjuts medan den nya eller ändrade prövningen pågår.;analysis;;[]
R-B70-120-01:trigger:01;R-B70-120-01;B70-120;B70;B70 – Laga kraft och byggberedskap;Konfliktlösning kräver villkorsändring eller ny prövning med egen processledtid;utlösande faktor;1;Två slutliga beslut ställer krav som inte kan uppfyllas samtidigt i den planerade utformningen.;analysis;;[]
R-B70-120-01:trigger:02;R-B70-120-01;B70-120;B70;B70 – Laga kraft och byggberedskap;Konfliktlösning kräver villkorsändring eller ny prövning med egen processledtid;utlösande faktor;2;Konflikten kan inte lösas genom en rimlig och rättssäker tolkning av besluten.;analysis;;[]
R-B70-120-01:trigger:03;R-B70-120-01;B70-120;B70;B70 – Laga kraft och byggberedskap;Konfliktlösning kräver villkorsändring eller ny prövning med egen processledtid;utlösande faktor;3;Den nödvändiga lösningen innebär att ett bindande villkor eller den tillståndsgivna verksamheten behöver ändras.;source;MB | MPF;"[""MB"",""MPF""]"
R-B70-120-01:trigger:04;R-B70-120-01;B70-120;B70;B70 – Laga kraft och byggberedskap;Konfliktlösning kräver villkorsändring eller ny prövning med egen processledtid;utlösande faktor;4;En omprojektering skulle i sig falla utanför ett annat besluts räckvidd.;analysis;;[]
R-B70-120-01:consequence:01;R-B70-120-01;B70-120;B70;B70 – Laga kraft och byggberedskap;Konfliktlösning kräver villkorsändring eller ny prövning med egen processledtid;konsekvens;1;En villkorsändring eller annan tillämplig ändringsprövning behöver genomföras innan den motstridiga lösningen används.;source;MB | MPF;"[""MB"",""MPF""]"
R-B70-120-01:consequence:02;R-B70-120-01;B70-120;B70;B70 – Laga kraft och byggberedskap;Konfliktlösning kräver villkorsändring eller ny prövning med egen processledtid;konsekvens;2;Byggstarten skjuts upp under den nya processen.;analysis;;[]
R-B70-120-01:consequence:03;R-B70-120-01;B70-120;B70;B70 – Laga kraft och byggberedskap;Konfliktlösning kräver villkorsändring eller ny prövning med egen processledtid;konsekvens;3;Myndigheten kan behöva bedöma fler villkor eller följdfrågor än den konflikt som initierade ansökan.;analysis;;[]
R-B70-120-01:consequence:04;R-B70-120-01;B70-120;B70;B70 – Laga kraft och byggberedskap;Konfliktlösning kräver villkorsändring eller ny prövning med egen processledtid;konsekvens;4;Projektets kostnad och funktion kan förändras genom den lösning som slutligen godtas.;analysis;;[]
R-B70-120-02:trigger:01;R-B70-120-02;B70-120;B70;B70 – Laga kraft och byggberedskap;Omprojekteringen rubbar alternativ- och MKB-förutsättningarna i det ursprungliga tillståndet;utlösande faktor;1;Konfliktlösningen flyttar en anläggningsdel till en plats som inte bedömts i den ursprungliga miljökonsekvensbeskrivningen.;analysis;;[]
R-B70-120-02:trigger:02;R-B70-120-02;B70-120;B70;B70 – Laga kraft och byggberedskap;Omprojekteringen rubbar alternativ- och MKB-förutsättningarna i det ursprungliga tillståndet;utlösande faktor;2;Den nya utformningen ger andra utsläpp, intrång eller kumulativa effekter än det prövade alternativet.;analysis;;[]
R-B70-120-02:trigger:03;R-B70-120-02;B70-120;B70;B70 – Laga kraft och byggberedskap;Omprojekteringen rubbar alternativ- och MKB-förutsättningarna i det ursprungliga tillståndet;utlösande faktor;3;Projektets omfattning eller kapacitet ändras så att tidigare alternativjämförelse inte längre är representativ.;analysis;;[]
R-B70-120-02:trigger:04;R-B70-120-02;B70-120;B70;B70 – Laga kraft och byggberedskap;Omprojekteringen rubbar alternativ- och MKB-förutsättningarna i det ursprungliga tillståndet;utlösande faktor;4;Ändringen är så betydande att frågan om ny miljöbedömning eller tillståndsprövning aktualiseras.;source;MB | MPF | NV_EIA;"[""MB"",""MPF"",""NV_EIA""]"
R-B70-120-02:consequence:01;R-B70-120-02;B70-120;B70;B70 – Laga kraft och byggberedskap;Omprojekteringen rubbar alternativ- och MKB-förutsättningarna i det ursprungliga tillståndet;konsekvens;1;Ett nytt eller ändrat prövningsunderlag behöver beskriva den aktuella verksamhetens miljöeffekter.;source;MB | NV_EIA;"[""MB"",""NV_EIA""]"
R-B70-120-02:consequence:02;R-B70-120-02;B70-120;B70;B70 – Laga kraft och byggberedskap;Omprojekteringen rubbar alternativ- och MKB-förutsättningarna i det ursprungliga tillståndet;konsekvens;2;Nya utredningar och eventuell kommunicering förskjuter byggstarten.;analysis;;[]
R-B70-120-02:consequence:03;R-B70-120-02;B70-120;B70;B70 – Laga kraft och byggberedskap;Omprojekteringen rubbar alternativ- och MKB-förutsättningarna i det ursprungliga tillståndet;konsekvens;3;Huvudtillståndets täckning blir osäker tills ändringens rättsliga betydelse har klarlagts.;analysis;;[]
R-B70-120-02:consequence:04;R-B70-120-02;B70-120;B70;B70 – Laga kraft och byggberedskap;Omprojekteringen rubbar alternativ- och MKB-förutsättningarna i det ursprungliga tillståndet;konsekvens;4;Omprojekteringen kan påverka även parallella plan-, koncessions- och rättighetsbeslut.;analysis;;[]
R-B70-130-01:trigger:01;R-B70-130-01;B70-130;B70;B70 – Laga kraft och byggberedskap;legal_build_ready sätts på felaktig grund – förbisedd verkställighets- eller inhibitionsfråga;utlösande faktor;1;Ett överklagat beslut har inhiberats men statusen i byggberedskapsunderlaget visar det som verkställbart.;source;MMDL;"[""MMDL""]"
R-B70-130-01:trigger:02;R-B70-130-01;B70-130;B70;B70 – Laga kraft och byggberedskap;legal_build_ready sätts på felaktig grund – förbisedd verkställighets- eller inhibitionsfråga;utlösande faktor;2;Överklagandefristen eller dagen för laga kraft har beräknats från fel delgivningsuppgift.;analysis;;[]
R-B70-130-01:trigger:03;R-B70-130-01;B70-130;B70;B70 – Laga kraft och byggberedskap;legal_build_ready sätts på felaktig grund – förbisedd verkställighets- eller inhibitionsfråga;utlösande faktor;3;Ett partiellt slutligt avgörande har felaktigt registrerats som slutligt i alla delar.;analysis;;[]
R-B70-130-01:trigger:04;R-B70-130-01;B70-130;B70;B70 – Laga kraft och byggberedskap;legal_build_ready sätts på felaktig grund – förbisedd verkställighets- eller inhibitionsfråga;utlösande faktor;4;Readiness-beslutet bygger på en matris som inte uppdaterats efter ett nytt domstolsbeslut.;analysis;;[]
R-B70-130-01:consequence:01;R-B70-130-01;B70-130;B70;B70 – Laga kraft och byggberedskap;legal_build_ready sätts på felaktig grund – förbisedd verkställighets- eller inhibitionsfråga;konsekvens;1;Ett inhiberat beslut får inte verkställas så länge inhibitionen gäller.;source;MMDL;"[""MMDL""]"
R-B70-130-01:consequence:02;R-B70-130-01;B70-130;B70;B70 – Laga kraft och byggberedskap;legal_build_ready sätts på felaktig grund – förbisedd verkställighets- eller inhibitionsfråga;konsekvens;2;Ett falskt positivt klartecken kan leda till att arbete startar utan rättsligt stöd.;analysis;;[]
R-B70-130-01:consequence:03;R-B70-130-01;B70-130;B70;B70 – Laga kraft och byggberedskap;legal_build_ready sätts på felaktig grund – förbisedd verkställighets- eller inhibitionsfråga;konsekvens;3;Tillsynsingripande, stopp eller krav på rättelse kan följa av den för tidiga starten.;analysis;;[]
R-B70-130-01:consequence:04;R-B70-130-01;B70-130;B70;B70 – Laga kraft och byggberedskap;legal_build_ready sätts på felaktig grund – förbisedd verkställighets- eller inhibitionsfråga;konsekvens;4;Ett falskt negativt klartecken fördröjer däremot ett arbete som rättsligt hade kunnat påbörjas.;analysis;;[]
R-B70-130-02:trigger:01;R-B70-130-02;B70-130;B70;B70 – Laga kraft och byggberedskap;Readiness-beslutet fattas utan dokumenterad spårbarhet per gate;utlösande faktor;1;Flera lagreglerade beslut och villkor måste vara uppfyllda samtidigt för den aktuella byggstarten.;source;MB | PBL | ELLAG | MINERALLAG;"[""MB"",""PBL"",""ELLAG"",""MINERALLAG""]"
R-B70-130-02:trigger:02;R-B70-130-02;B70-130;B70;B70 – Laga kraft och byggberedskap;Readiness-beslutet fattas utan dokumenterad spårbarhet per gate;utlösande faktor;2;Gate-status anges utan länk till beslut, version, datum eller ansvarig bedömning.;analysis;;[]
R-B70-130-02:trigger:03;R-B70-130-02;B70-130;B70;B70 – Laga kraft och byggberedskap;Readiness-beslutet fattas utan dokumenterad spårbarhet per gate;utlösande faktor;3;Readiness-dokumentet sammanfattar endast ett övergripande ja eller nej och visar inte undantag per anläggningsdel.;analysis;;[]
R-B70-130-02:trigger:04;R-B70-130-02;B70-130;B70;B70 – Laga kraft och byggberedskap;Readiness-beslutet fattas utan dokumenterad spårbarhet per gate;utlösande faktor;4;Muntliga besked och interna antaganden används utan att skiljas från bindande myndighetsbeslut.;analysis;;[]
R-B70-130-02:consequence:01;R-B70-130-02;B70-130;B70;B70 – Laga kraft och byggberedskap;Readiness-beslutet fattas utan dokumenterad spårbarhet per gate;konsekvens;1;En intern byggklarstatus utan spårbarhet ersätter inte de rättigheter och begränsningar som följer av de bindande besluten.;source;MB | PBL | ELLAG | MINERALLAG;"[""MB"",""PBL"",""ELLAG"",""MINERALLAG""]"
R-B70-130-02:consequence:02;R-B70-130-02;B70-130;B70;B70 – Laga kraft och byggberedskap;Readiness-beslutet fattas utan dokumenterad spårbarhet per gate;konsekvens;2;Projektet får en svagare bevisställning vid tillsyn eller tvist om vad som kontrollerats.;analysis;;[]
R-B70-130-02:consequence:03;R-B70-130-02;B70-130;B70;B70 – Laga kraft och byggberedskap;Readiness-beslutet fattas utan dokumenterad spårbarhet per gate;konsekvens;3;Finansiärer och köpare får svårare att verifiera den rättsliga byggberedskapen.;analysis;;[]
R-B70-130-02:consequence:04;R-B70-130-02;B70-130;B70;B70 – Laga kraft och byggberedskap;Readiness-beslutet fattas utan dokumenterad spårbarhet per gate;konsekvens;4;Ett fel tar längre tid att lokalisera och rätta när källan bakom gate-statusen saknas.;analysis;;[]
R-B70-150-01:trigger:01;R-B70-150-01;B70-150;B70;B70 – Laga kraft och byggberedskap;Restpunkten visar sig vara materiell och kräver ny prövning i stället för komplettering;utlösande faktor;1;Ett saknat godkännande har felaktigt klassificerats som administrativt trots att myndigheten måste göra en ny materiell bedömning.;analysis;;[]
R-B70-150-01:trigger:02;R-B70-150-01;B70-150;B70;B70 – Laga kraft och byggberedskap;Restpunkten visar sig vara materiell och kräver ny prövning i stället för komplettering;utlösande faktor;2;Den påstådda restpunkten innebär en avvikelse från den tillståndsgivna lokaliseringen, omfattningen eller tekniken.;analysis;;[]
R-B70-150-01:trigger:03;R-B70-150-01;B70-150;B70;B70 – Laga kraft och byggberedskap;Restpunkten visar sig vara materiell och kräver ny prövning i stället för komplettering;utlösande faktor;3;Villkorsefterlevnaden kan inte visas utan en ändring av den planerade åtgärden.;analysis;;[]
R-B70-150-01:trigger:04;R-B70-150-01;B70-150;B70;B70 – Laga kraft och byggberedskap;Restpunkten visar sig vara materiell och kräver ny prövning i stället för komplettering;utlösande faktor;4;Den nödvändiga ändringen omfattas av krav på anmälan, villkorsändring eller ny tillståndsprövning.;source;MB | MPF;"[""MB"",""MPF""]"
R-B70-150-01:consequence:01;R-B70-150-01;B70-150;B70;B70 – Laga kraft och byggberedskap;Restpunkten visar sig vara materiell och kräver ny prövning i stället för komplettering;konsekvens;1;Projektet behöver genomföra den tillämpliga myndighetsprövningen innan ändringen får genomföras.;source;MB | MPF;"[""MB"",""MPF""]"
R-B70-150-01:consequence:02;R-B70-150-01;B70-150;B70;B70 – Laga kraft och byggberedskap;Restpunkten visar sig vara materiell och kräver ny prövning i stället för komplettering;konsekvens;2;En tänkt snabb administrativ avhjälpning ersätts av ett nytt berednings- och beslutssteg.;analysis;;[]
R-B70-150-01:consequence:03;R-B70-150-01;B70-150;B70;B70 – Laga kraft och byggberedskap;Restpunkten visar sig vara materiell och kräver ny prövning i stället för komplettering;konsekvens;3;Det nya beslutet kan kommuniceras och överklagas enligt den process som gäller för ärendet.;analysis;;[]
R-B70-150-01:consequence:04;R-B70-150-01;B70-150;B70;B70 – Laga kraft och byggberedskap;Restpunkten visar sig vara materiell och kräver ny prövning i stället för komplettering;konsekvens;4;Byggstarten eller det berörda byggmomentet förskjuts.;analysis;;[]
R-B70-END-01:trigger:01;R-B70-END-01;B70-END;B70;B70 – Laga kraft och byggberedskap;Byggberedskapen urholkas av att tillståndet aldrig tas i anspråk innan fristens utgång;utlösande faktor;1;Finansiering eller ägarbeslut fördröjer den fysiska starten efter att tillståndspaketet blivit byggklart.;analysis;;[]
R-B70-END-01:trigger:02;R-B70-END-01;B70-END;B70;B70 – Laga kraft och byggberedskap;Byggberedskapen urholkas av att tillståndet aldrig tas i anspråk innan fristens utgång;utlösande faktor;2;Marknads- eller leveransförhållanden gör att projektet avvaktar trots rättslig byggberedskap.;analysis;;[]
R-B70-END-01:trigger:03;R-B70-END-01;B70-END;B70;B70 – Laga kraft och byggberedskap;Byggberedskapen urholkas av att tillståndet aldrig tas i anspråk innan fristens utgång;utlösande faktor;3;Projektets fristbevakning följer inte samtliga igångsättnings-, arbets- och ianspråktagandetider.;analysis;;[]
R-B70-END-01:trigger:04;R-B70-END-01;B70-END;B70;B70 – Laga kraft och byggberedskap;Byggberedskapen urholkas av att tillståndet aldrig tas i anspråk innan fristens utgång;utlösande faktor;4;Den tillämpliga tiden löper ut utan att verksamheten eller arbetet har påbörjats på det sätt som beslutet kräver.;source;MB;"[""MB""]"
R-B70-END-01:consequence:01;R-B70-END-01;B70-END;B70;B70 – Laga kraft och byggberedskap;Byggberedskapen urholkas av att tillståndet aldrig tas i anspråk innan fristens utgång;konsekvens;1;Tillståndet eller rätten kan förfalla när lagens eller beslutets tidsfrist löper ut utan giltig förlängning.;source;MB;"[""MB""]"
R-B70-END-01:consequence:02;R-B70-END-01;B70-END;B70;B70 – Laga kraft och byggberedskap;Byggberedskapen urholkas av att tillståndet aldrig tas i anspråk innan fristens utgång;konsekvens;2;Projektet kan behöva söka ett nytt tillstånd eller en ny rättighet.;analysis;;[]
R-B70-END-01:consequence:03;R-B70-END-01;B70-END;B70;B70 – Laga kraft och byggberedskap;Byggberedskapen urholkas av att tillståndet aldrig tas i anspråk innan fristens utgång;konsekvens;3;Tidigare utrednings-, projekterings- och processkostnader förlorar värde.;analysis;;[]
R-B70-END-01:consequence:04;R-B70-END-01;B70-END;B70;B70 – Laga kraft och byggberedskap;Byggberedskapen urholkas av att tillståndet aldrig tas i anspråk innan fristens utgång;konsekvens;4;Projektet kan behöva avskrivas om en ny prövning inte längre är tekniskt eller ekonomiskt genomförbar.;analysis;;[]
R-B70-G020-01:trigger:01;R-B70-G020-01;B70-G020;B70;B70 – Laga kraft och byggberedskap;Överklagande inkommer på sista fristdagen och ändrar finalitetsstatusen;utlösande faktor;1;Klagotiden löper till och med den föreskrivna sista dagen för beslutet.;source;MB | MMDL | FL;"[""MB"",""MMDL"",""FL""]"
R-B70-G020-01:trigger:02;R-B70-G020-01;B70-G020;B70;B70 – Laga kraft och byggberedskap;Överklagande inkommer på sista fristdagen och ändrar finalitetsstatusen;utlösande faktor;2;Projektets statuskontroll görs innan dagens inkomna handlingar har registrerats.;analysis;;[]
R-B70-G020-01:trigger:03;R-B70-G020-01;B70-G020;B70;B70 – Laga kraft och byggberedskap;Överklagande inkommer på sista fristdagen och ändrar finalitetsstatusen;utlösande faktor;3;Överklagandet lämnas genom en kanal som inte omedelbart syns i projektets bevakning.;analysis;;[]
R-B70-G020-01:trigger:04;R-B70-G020-01;B70-G020;B70;B70 – Laga kraft och byggberedskap;Överklagande inkommer på sista fristdagen och ändrar finalitetsstatusen;utlösande faktor;4;Beslutets finalitetsstatus har satts automatiskt utifrån kalenderdatum utan en slutlig kontroll hos beslutsmyndigheten.;analysis;;[]
R-B70-G020-01:consequence:01;R-B70-G020-01;B70-G020;B70;B70 – Laga kraft och byggberedskap;Överklagande inkommer på sista fristdagen och ändrar finalitetsstatusen;konsekvens;1;Avgörandet blir föremål för den överprövning som följer av ett rättidigt överklagande.;source;MB | MMDL;"[""MB"",""MMDL""]"
R-B70-G020-01:consequence:02;R-B70-G020-01;B70-G020;B70;B70 – Laga kraft och byggberedskap;Överklagande inkommer på sista fristdagen och ändrar finalitetsstatusen;konsekvens;2;Byggberedskapen för den överklagade delen skjuts fram om beslutet inte ändå får verkställas.;analysis;;[]
R-B70-G020-01:consequence:03;R-B70-G020-01;B70-G020;B70;B70 – Laga kraft och byggberedskap;Överklagande inkommer på sista fristdagen och ändrar finalitetsstatusen;konsekvens;3;Entreprenad-, finansierings- och investeringsbeslut behöver anpassas till den nya processrisken.;analysis;;[]
R-B70-G020-01:consequence:04;R-B70-G020-01;B70-G020;B70;B70 – Laga kraft och byggberedskap;Överklagande inkommer på sista fristdagen och ändrar finalitetsstatusen;konsekvens;4;Beslutsmatrisen blir inaktuell och projektet får en ny instanskedja att hantera.;analysis;;[]
R-B70-G020-02:trigger:01;R-B70-G020-02;B70-G020;B70;B70 – Laga kraft och byggberedskap;Verkställbarhetsbedömningen av icke lagakraftvunna beslut blir fel;utlösande faktor;1;Ett beslut har överklagats men kan enligt lag eller ett särskilt förordnande verkställas före laga kraft.;source;MB;"[""MB""]"
R-B70-G020-02:trigger:02;R-B70-G020-02;B70-G020;B70;B70 – Laga kraft och byggberedskap;Verkställbarhetsbedömningen av icke lagakraftvunna beslut blir fel;utlösande faktor;2;Överinstansen har möjlighet att besluta om inhibition enligt den tillämpliga processordningen.;source;MMDL;"[""MMDL""]"
R-B70-G020-02:trigger:03;R-B70-G020-02;B70-G020;B70;B70 – Laga kraft och byggberedskap;Verkställbarhetsbedömningen av icke lagakraftvunna beslut blir fel;utlösande faktor;3;Projektets jurister och byggledning tolkar verkställighetsrättens omfattning olika.;analysis;;[]
R-B70-G020-02:trigger:04;R-B70-G020-02;B70-G020;B70;B70 – Laga kraft och byggberedskap;Verkställbarhetsbedömningen av icke lagakraftvunna beslut blir fel;utlösande faktor;4;Riskbedömningen beaktar inte att avgörandet kan ändras eller upphävas efter att arbete har utförts.;analysis;;[]
R-B70-G020-02:consequence:01;R-B70-G020-02;B70-G020;B70;B70 – Laga kraft och byggberedskap;Verkställbarhetsbedömningen av icke lagakraftvunna beslut blir fel;konsekvens;1;Ett inhibitionsbeslut stoppar verkställigheten i den omfattning som överinstansen anger.;source;MMDL;"[""MMDL""]"
R-B70-G020-02:consequence:02;R-B70-G020-02;B70-G020;B70;B70 – Laga kraft och byggberedskap;Verkställbarhetsbedömningen av icke lagakraftvunna beslut blir fel;konsekvens;2;En alltför försiktig bedömning kan senarelägga ett arbete som rättsligt får påbörjas.;analysis;;[]
R-B70-G020-02:consequence:03;R-B70-G020-02;B70-G020;B70;B70 – Laga kraft och byggberedskap;Verkställbarhetsbedömningen av icke lagakraftvunna beslut blir fel;konsekvens;3;En alltför offensiv bedömning kan leda till investeringar som förloras om tillståndet upphävs.;analysis;;[]
R-B70-G020-02:consequence:04;R-B70-G020-02;B70-G020;B70;B70 – Laga kraft och byggberedskap;Verkställbarhetsbedömningen av icke lagakraftvunna beslut blir fel;konsekvens;4;Felaktig verkställighet kan utlösa tillsyn, stopp eller krav på rättelse.;analysis;;[]
R-B70-G020-03:trigger:01;R-B70-G020-03;B70-G020;B70;B70 – Laga kraft och byggberedskap;Återförvisning från överinstans river upp hela beslutspaketet;utlösande faktor;1;Överinstansen konstaterar att ett centralt avgörande har ett handläggningsfel eller otillräckligt beslutsunderlag.;source;MB | MMDL;"[""MB"",""MMDL""]"
R-B70-G020-03:trigger:02;R-B70-G020-03;B70-G020;B70;B70 – Laga kraft och byggberedskap;Återförvisning från överinstans river upp hela beslutspaketet;utlösande faktor;2;Felet kan inte läkas genom att överinstansen själv kompletterar eller ändrar avgörandet.;analysis;;[]
R-B70-G020-03:trigger:03;R-B70-G020-03;B70-G020;B70;B70 – Laga kraft och byggberedskap;Återförvisning från överinstans river upp hela beslutspaketet;utlösande faktor;3;Överinstansen undanröjer avgörandet och återförvisar ärendet till underinstansen.;source;MMDL;"[""MMDL""]"
R-B70-G020-03:trigger:04;R-B70-G020-03;B70-G020;B70;B70 – Laga kraft och byggberedskap;Återförvisning från överinstans river upp hela beslutspaketet;utlösande faktor;4;Det återförvisade beslutet är en förutsättning för flera andra delar av tillståndspaketet.;analysis;;[]
R-B70-G020-03:consequence:01;R-B70-G020-03;B70-G020;B70;B70 – Laga kraft och byggberedskap;Återförvisning från överinstans river upp hela beslutspaketet;konsekvens;1;Underinstansen behöver handlägga och avgöra den återförvisade frågan på nytt.;source;MMDL;"[""MMDL""]"
R-B70-G020-03:consequence:02;R-B70-G020-03;B70-G020;B70;B70 – Laga kraft och byggberedskap;Återförvisning från överinstans river upp hela beslutspaketet;konsekvens;2;Byggberedskapen för den centrala delen går förlorad tills ett nytt avgörande finns.;analysis;;[]
R-B70-G020-03:consequence:03;R-B70-G020-03;B70-G020;B70;B70 – Laga kraft och byggberedskap;Återförvisning från överinstans river upp hela beslutspaketet;konsekvens;3;Parallella beslut och villkorsmatriser kan behöva omprövas mot det kommande utfallet.;analysis;;[]
R-B70-G020-03:consequence:04;R-B70-G020-03;B70-G020;B70;B70 – Laga kraft och byggberedskap;Återförvisning från överinstans river upp hela beslutspaketet;konsekvens;4;Ett nytt avgörande kan överklagas och förlänga processen ytterligare.;analysis;;[]
R-B70-G050-01:trigger:01;R-B70-G050-01;B70-G050;B70;B70 – Laga kraft och byggberedskap;Säkerhet som krävs för giltighet eller start är inte ställd eller godkänd;utlösande faktor;1;Tillståndet föreskriver att ekonomisk säkerhet ska ställas eller godkännas innan det får tas i anspråk.;source;MB;"[""MB""]"
R-B70-G050-01:trigger:02;R-B70-G050-01;B70-G050;B70;B70 – Laga kraft och byggberedskap;Säkerhet som krävs för giltighet eller start är inte ställd eller godkänd;utlösande faktor;2;Bankgarantin eller motsvarande handling har inte utfärdats i tid.;analysis;;[]
R-B70-G050-01:trigger:03;R-B70-G050-01;B70-G050;B70;B70 – Laga kraft och byggberedskap;Säkerhet som krävs för giltighet eller start är inte ställd eller godkänd;utlösande faktor;3;Säkerheten har fel belopp, löptid, valuta eller villkor i förhållande till beslutet.;analysis;;[]
R-B70-G050-01:trigger:04;R-B70-G050-01;B70-G050;B70;B70 – Laga kraft och byggberedskap;Säkerhet som krävs för giltighet eller start är inte ställd eller godkänd;utlösande faktor;4;Garantiställarens ansvar eller kreditvärdighet motsvarar inte myndighetens godtagna krav.;analysis;;[]
R-B70-G050-01:consequence:01;R-B70-G050-01;B70-G050;B70;B70 – Laga kraft och byggberedskap;Säkerhet som krävs för giltighet eller start är inte ställd eller godkänd;konsekvens;1;Tillståndet får inte tas i anspråk innan det föreskrivna säkerhetskravet är uppfyllt.;source;MB;"[""MB""]"
R-B70-G050-01:consequence:02;R-B70-G050-01;B70-G050;B70;B70 – Laga kraft och byggberedskap;Säkerhet som krävs för giltighet eller start är inte ställd eller godkänd;konsekvens;2;Byggstarten stoppas medan handlingen rättas eller en ny garanti ordnas.;analysis;;[]
R-B70-G050-01:consequence:03;R-B70-G050-01;B70-G050;B70;B70 – Laga kraft och byggberedskap;Säkerhet som krävs för giltighet eller start är inte ställd eller godkänd;konsekvens;3;Finansieringen belastas av nya säkerhetskostnader eller krav på bundet kapital.;analysis;;[]
R-B70-G050-01:consequence:04;R-B70-G050-01;B70-G050;B70;B70 – Laga kraft och byggberedskap;Säkerhet som krävs för giltighet eller start är inte ställd eller godkänd;konsekvens;4;Om ett uttryckligt giltighetsvillkor inte uppfylls kan tillståndets fortsatta användbarhet äventyras.;analysis;;[]
R-B70-G050-02:trigger:01;R-B70-G050-02;B70-G050;B70;B70 – Laga kraft och byggberedskap;Godkännande av förstartshandlingar tar längre tid än planerat;utlösande faktor;1;Ett bindande villkor kräver myndighetens godkännande av ett underlag före start.;source;MB;"[""MB""]"
R-B70-G050-02:trigger:02;R-B70-G050-02;B70-G050;B70;B70 – Laga kraft och byggberedskap;Godkännande av förstartshandlingar tar längre tid än planerat;utlösande faktor;2;Underlaget lämnas in senare än vad den interna byggplanen förutsätter.;analysis;;[]
R-B70-G050-02:trigger:03;R-B70-G050-02;B70-G050;B70;B70 – Laga kraft och byggberedskap;Godkännande av förstartshandlingar tar längre tid än planerat;utlösande faktor;3;Myndigheten behöver komplettering, remiss eller intern specialistgranskning innan den kan besluta.;analysis;;[]
R-B70-G050-02:trigger:04;R-B70-G050-02;B70-G050;B70;B70 – Laga kraft och byggberedskap;Godkännande av förstartshandlingar tar längre tid än planerat;utlösande faktor;4;Projektets prognos behandlar godkännandet som en administrativ kvittens trots att en materiell bedömning krävs.;analysis;;[]
R-B70-G050-02:consequence:01;R-B70-G050-02;B70-G050;B70;B70 – Laga kraft och byggberedskap;Godkännande av förstartshandlingar tar längre tid än planerat;konsekvens;1;Det villkorsbundna arbetet måste avvakta tills det erforderliga godkännandet har meddelats.;source;MB;"[""MB""]"
R-B70-G050-02:consequence:02;R-B70-G050-02;B70-G050;B70;B70 – Laga kraft och byggberedskap;Godkännande av förstartshandlingar tar längre tid än planerat;konsekvens;2;Entreprenadstart och resursmobilisering behöver flyttas fram eller omordnas.;analysis;;[]
R-B70-G050-02:consequence:03;R-B70-G050-02;B70-G050;B70;B70 – Laga kraft och byggberedskap;Godkännande av förstartshandlingar tar längre tid än planerat;konsekvens;3;Kostnader uppstår för väntande organisation och omplanering.;analysis;;[]
R-B70-G050-02:consequence:04;R-B70-G050-02;B70-G050;B70;B70 – Laga kraft och byggberedskap;Godkännande av förstartshandlingar tar längre tid än planerat;konsekvens;4;Andra förstartsdokument kan behöva uppdateras om godkännandet innehåller ändringar eller förbehåll.;analysis;;[]
R-B70-G050-03:trigger:01;R-B70-G050-03;B70-G050;B70;B70 – Laga kraft och byggberedskap;Tillståndshavarens ekonomiska svikt underminerar säkerhets- och garantistrukturen;utlösande faktor;1;Projektbolagets ekonomiska ställning försämras innan säkerheten har slutligt godkänts.;analysis;;[]
R-B70-G050-03:trigger:02;R-B70-G050-03;B70-G050;B70;B70 – Laga kraft och byggberedskap;Tillståndshavarens ekonomiska svikt underminerar säkerhets- och garantistrukturen;utlösande faktor;2;Garantiställaren förlorar kreditvärdighet eller säger upp sitt åtagande.;analysis;;[]
R-B70-G050-03:trigger:03;R-B70-G050-03;B70-G050;B70;B70 – Laga kraft och byggberedskap;Tillståndshavarens ekonomiska svikt underminerar säkerhets- och garantistrukturen;utlösande faktor;3;En rekonstruktion eller ägarförändring bryter den garantistruktur som beslutet och myndigheten utgått från.;analysis;;[]
R-B70-G050-03:trigger:04;R-B70-G050-03;B70-G050;B70;B70 – Laga kraft och byggberedskap;Tillståndshavarens ekonomiska svikt underminerar säkerhets- och garantistrukturen;utlösande faktor;4;Myndigheten bedömer att den ställda säkerheten inte längre motsvarar det bindande säkerhetskravet.;source;MB;"[""MB""]"
R-B70-G050-03:consequence:01;R-B70-G050-03;B70-G050;B70;B70 – Laga kraft och byggberedskap;Tillståndshavarens ekonomiska svikt underminerar säkerhets- och garantistrukturen;konsekvens;1;Tillståndshavaren behöver fortfarande uppfylla säkerhetsvillkoret för att få använda tillståndet på föreskrivet sätt.;source;MB;"[""MB""]"
R-B70-G050-03:consequence:02;R-B70-G050-03;B70-G050;B70;B70 – Laga kraft och byggberedskap;Tillståndshavarens ekonomiska svikt underminerar säkerhets- och garantistrukturen;konsekvens;2;En ny garanti eller förstärkt säkerhet måste förhandlas fram under sämre ekonomiska villkor.;analysis;;[]
R-B70-G050-03:consequence:03;R-B70-G050-03;B70-G050;B70;B70 – Laga kraft och byggberedskap;Tillståndshavarens ekonomiska svikt underminerar säkerhets- och garantistrukturen;konsekvens;3;Godkännandet och byggstarten fördröjs.;analysis;;[]
R-B70-G050-03:consequence:04;R-B70-G050-03;B70-G050;B70;B70 – Laga kraft och byggberedskap;Tillståndshavarens ekonomiska svikt underminerar säkerhets- och garantistrukturen;konsekvens;4;Projektet kan inte tas vidare om ingen godtagbar säkerhet kan ordnas.;analysis;;[]
R-B70-G070-01:trigger:01;R-B70-G070-01;B70-G070;B70;B70 – Laga kraft och byggberedskap;Markägare vägrar avtal – ledningsrättsspåret försenar genomföranderätten;utlösande faktor;1;En eller flera fastighetsägare avböjer frivilligt avtal om den mark som behövs.;analysis;;[]
R-B70-G070-01:trigger:02;R-B70-G070-01;B70-G070;B70;B70 – Laga kraft och byggberedskap;Markägare vägrar avtal – ledningsrättsspåret försenar genomföranderätten;utlösande faktor;2;Parterna kan inte enas om ersättning, sträckning, tillträde eller återställningsansvar.;analysis;;[]
R-B70-G070-01:trigger:03;R-B70-G070-01;B70-G070;B70;B70 – Laga kraft och byggberedskap;Markägare vägrar avtal – ledningsrättsspåret försenar genomföranderätten;utlösande faktor;3;Den frivilliga förhandlingen avslutas sent i projektet när byggplanen redan förutsätter tillträde.;analysis;;[]
R-B70-G070-01:trigger:04;R-B70-G070-01;B70-G070;B70;B70 – Laga kraft och byggberedskap;Markägare vägrar avtal – ledningsrättsspåret försenar genomföranderätten;utlösande faktor;4;Projektet behöver söka ledningsrätt enligt ledningsrättslagen för den markåtkomst som inte kan lösas genom avtal.;source;LEDNINGSRATT;"[""LEDNINGSRATT""]"
R-B70-G070-01:consequence:01;R-B70-G070-01;B70-G070;B70;B70 – Laga kraft och byggberedskap;Markägare vägrar avtal – ledningsrättsspåret försenar genomföranderätten;konsekvens;1;Markåtkomsten blir beroende av att ledningsrättsförrättningen slutförs.;source;LEDNINGSRATT;"[""LEDNINGSRATT""]"
R-B70-G070-01:consequence:02;R-B70-G070-01;B70-G070;B70;B70 – Laga kraft och byggberedskap;Markägare vägrar avtal – ledningsrättsspåret försenar genomföranderätten;konsekvens;2;Byggstarten för de berörda områdena senareläggs.;analysis;;[]
R-B70-G070-01:consequence:03;R-B70-G070-01;B70-G070;B70;B70 – Laga kraft och byggberedskap;Markägare vägrar avtal – ledningsrättsspåret försenar genomföranderätten;konsekvens;3;Projektet kan behöva etappera eller omprojektera anläggningen.;analysis;;[]
R-B70-G070-01:consequence:04;R-B70-G070-01;B70-G070;B70;B70 – Laga kraft och byggberedskap;Markägare vägrar avtal – ledningsrättsspåret försenar genomföranderätten;konsekvens;4;Ersättnings-, ombuds- och projekteringskostnader ökar.;analysis;;[]
R-B70-G070-02:trigger:01;R-B70-G070-02;B70-G070;B70;B70 – Laga kraft och byggberedskap;Samebyrättigheter och renskötselns rådighet är inte hanterade i genomförandeplanen;utlösande faktor;1;Projektområdet berör renskötselintressen som ska beaktas i den tillämpliga prövningen.;source;MINERALLAG;"[""MINERALLAG""]"
R-B70-G070-02:trigger:02;R-B70-G070-02;B70-G070;B70;B70 – Laga kraft och byggberedskap;Samebyrättigheter och renskötselns rådighet är inte hanterade i genomförandeplanen;utlösande faktor;2;Tillståndet reglerar den materiella påverkan men inte all praktisk samordning av byggtider, leder och arbetsområden.;analysis;;[]
R-B70-G070-02:trigger:03;R-B70-G070-02;B70-G070;B70;B70 – Laga kraft och byggberedskap;Samebyrättigheter och renskötselns rådighet är inte hanterade i genomförandeplanen;utlösande faktor;3;Projektet och samebyn har olika uppfattning om hur villkor eller åtaganden ska genomföras i fält.;analysis;;[]
R-B70-G070-02:trigger:04;R-B70-G070-02;B70-G070;B70;B70 – Laga kraft och byggberedskap;Samebyrättigheter och renskötselns rådighet är inte hanterade i genomförandeplanen;utlösande faktor;4;Byggplanen har ändrats efter prövningen utan en uppdaterad samexistensdialog.;analysis;;[]
R-B70-G070-02:consequence:01;R-B70-G070-02;B70-G070;B70;B70 – Laga kraft och byggberedskap;Samebyrättigheter och renskötselns rådighet är inte hanterade i genomförandeplanen;konsekvens;1;Tillståndshavaren måste följa de bindande villkor och begränsningar som gäller för påverkan på renskötseln.;source;MINERALLAG;"[""MINERALLAG""]"
R-B70-G070-02:consequence:02;R-B70-G070-02;B70-G070;B70;B70 – Laga kraft och byggberedskap;Samebyrättigheter och renskötselns rådighet är inte hanterade i genomförandeplanen;konsekvens;2;Oenighet om praktiskt genomförande kan fördröja tillträde eller vissa arbetsmoment.;analysis;;[]
R-B70-G070-02:consequence:03;R-B70-G070-02;B70-G070;B70;B70 – Laga kraft och byggberedskap;Samebyrättigheter och renskötselns rådighet är inte hanterade i genomförandeplanen;konsekvens;3;Konflikten kan öka kostnaden för etappindelning, skyddsåtgärder och omplanering.;analysis;;[]
R-B70-G070-02:consequence:04;R-B70-G070-02;B70-G070;B70;B70 – Laga kraft och byggberedskap;Samebyrättigheter och renskötselns rådighet är inte hanterade i genomförandeplanen;konsekvens;4;Förtroendeskada och ny rättslig eller tillsynsmässig tvist kan uppstå om genomförandet avviker från beslutet.;analysis;;[]
R-B70-G070-03:trigger:01;R-B70-G070-03;B70-G070;B70;B70 – Laga kraft och byggberedskap;Rättighetsbilden visar sig vara felaktig eller ofullständig i lagfarts- och servitutsgranskningen;utlösande faktor;1;Fastighetsregistret eller akterna visar ett servitut, en gemensamhetsanläggning eller annan rättighet som belastar genomförandeområdet.;source;FBL | JB;"[""FBL"",""JB""]"
R-B70-G070-03:trigger:02;R-B70-G070-03;B70-G070;B70;B70 – Laga kraft och byggberedskap;Rättighetsbilden visar sig vara felaktig eller ofullständig i lagfarts- och servitutsgranskningen;utlösande faktor;2;Ägar- eller inskrivningsuppgifter har ändrats efter den tidigare markgranskningen.;analysis;;[]
R-B70-G070-03:trigger:03;R-B70-G070-03;B70-G070;B70;B70 – Laga kraft och byggberedskap;Rättighetsbilden visar sig vara felaktig eller ofullständig i lagfarts- och servitutsgranskningen;utlösande faktor;3;En äldre rättighet är otydligt beskriven eller saknar digital geometri och upptäcks först vid aktgranskning.;analysis;;[]
R-B70-G070-03:trigger:04;R-B70-G070-03;B70-G070;B70;B70 – Laga kraft och byggberedskap;Rättighetsbilden visar sig vara felaktig eller ofullständig i lagfarts- och servitutsgranskningen;utlösande faktor;4;Projektets rättighetsmatris kopplar inte alla anläggningsdelar till berörda fastigheter.;analysis;;[]
R-B70-G070-03:consequence:01;R-B70-G070-03;B70-G070;B70;B70 – Laga kraft och byggberedskap;Rättighetsbilden visar sig vara felaktig eller ofullständig i lagfarts- och servitutsgranskningen;konsekvens;1;Befintliga sakrätter och fastighetsrättsliga beslut behöver respekteras eller ändras enligt tillämplig ordning.;source;FBL | JB;"[""FBL"",""JB""]"
R-B70-G070-03:consequence:02;R-B70-G070-03;B70-G070;B70;B70 – Laga kraft och byggberedskap;Rättighetsbilden visar sig vara felaktig eller ofullständig i lagfarts- och servitutsgranskningen;konsekvens;2;Projektet behöver förhandla, söka förrättning eller utreda rättighetens omfattning.;analysis;;[]
R-B70-G070-03:consequence:03;R-B70-G070-03;B70-G070;B70;B70 – Laga kraft och byggberedskap;Rättighetsbilden visar sig vara felaktig eller ofullständig i lagfarts- och servitutsgranskningen;konsekvens;3;Markåtkomst och byggstart för berörda delar senareläggs.;analysis;;[]
R-B70-G070-03:consequence:04;R-B70-G070-03;B70-G070;B70;B70 – Laga kraft och byggberedskap;Rättighetsbilden visar sig vara felaktig eller ofullständig i lagfarts- och servitutsgranskningen;konsekvens;4;En anläggningsdel kan behöva flyttas om rättighetskollisionen inte går att lösa.;analysis;;[]
R-B70-G090-01:trigger:01;R-B70-G090-01;B70-G090;B70;B70 – Laga kraft och byggberedskap;Startbesked kan inte meddelas trots beviljat bygglov;utlösande faktor;1;Ett beviljat bygglov ger inte i sig rätt att påbörja en lovpliktig åtgärd som också kräver startbesked.;source;PBL | PBL_START;"[""PBL"",""PBL_START""]"
R-B70-G090-01:trigger:02;R-B70-G090-01;B70-G090;B70;B70 – Laga kraft och byggberedskap;Startbesked kan inte meddelas trots beviljat bygglov;utlösande faktor;2;Tekniska handlingar, kontrollplan eller andra förutsättningar för startbesked är inte godtagna.;source;PBL_START;"[""PBL_START""]"
R-B70-G090-01:trigger:03;R-B70-G090-01;B70-G090;B70;B70 – Laga kraft och byggberedskap;Startbesked kan inte meddelas trots beviljat bygglov;utlösande faktor;3;Lovets verkställbarhet eller ett relaterat beslut har inhiberats efter ett överklagande.;analysis;;[]
R-B70-G090-01:trigger:04;R-B70-G090-01;B70-G090;B70;B70 – Laga kraft och byggberedskap;Startbesked kan inte meddelas trots beviljat bygglov;utlösande faktor;4;Ansvarsgränsen mellan lovhandläggning och tekniskt samråd är oklar i projektets interna gatekontroll.;analysis;;[]
R-B70-G090-01:consequence:01;R-B70-G090-01;B70-G090;B70;B70 – Laga kraft och byggberedskap;Startbesked kan inte meddelas trots beviljat bygglov;konsekvens;1;En lovpliktig åtgärd som kräver startbesked får inte påbörjas innan startbesked har getts.;source;PBL_START;"[""PBL_START""]"
R-B70-G090-01:consequence:02;R-B70-G090-01;B70-G090;B70;B70 – Laga kraft och byggberedskap;Startbesked kan inte meddelas trots beviljat bygglov;konsekvens;2;Byggstarten blockeras trots att miljö- och andra huvudtillstånd är klara.;analysis;;[]
R-B70-G090-01:consequence:03;R-B70-G090-01;B70-G090;B70;B70 – Laga kraft och byggberedskap;Startbesked kan inte meddelas trots beviljat bygglov;konsekvens;3;Tekniska underlag och kontrollorganisation behöver kompletteras.;analysis;;[]
R-B70-G090-01:consequence:04;R-B70-G090-01;B70-G090;B70;B70 – Laga kraft och byggberedskap;Startbesked kan inte meddelas trots beviljat bygglov;konsekvens;4;Entreprenad och leveranser behöver omplaneras medan PBL-gaten hålls öppen.;analysis;;[]
R-B70-G090-02:trigger:01;R-B70-G090-02;B70-G090;B70;B70 – Laga kraft och byggberedskap;Detaljplanens laga kraft saknas eller planen överprövas av länsstyrelsen;utlösande faktor;1;Den antagna detaljplanen har överklagats innan den fått laga kraft.;source;PBL | PBL_PLAN;"[""PBL"",""PBL_PLAN""]"
R-B70-G090-02:trigger:02;R-B70-G090-02;B70-G090;B70;B70 – Laga kraft och byggberedskap;Detaljplanens laga kraft saknas eller planen överprövas av länsstyrelsen;utlösande faktor;2;Länsstyrelsen beslutar att överpröva kommunens antagandebeslut enligt plan- och bygglagen.;source;PBL;"[""PBL""]"
R-B70-G090-02:trigger:03;R-B70-G090-02;B70-G090;B70;B70 – Laga kraft och byggberedskap;Detaljplanens laga kraft saknas eller planen överprövas av länsstyrelsen;utlösande faktor;3;Projektets lov- och byggplan förutsätter att planens markanvändning och bestämmelser blir slutliga.;analysis;;[]
R-B70-G090-02:trigger:04;R-B70-G090-02;B70-G090;B70;B70 – Laga kraft och byggberedskap;Detaljplanens laga kraft saknas eller planen överprövas av länsstyrelsen;utlösande faktor;4;En del av planen har en brist som kan påverka även projektets anslutningar eller skyddsåtgärder.;analysis;;[]
R-B70-G090-02:consequence:01;R-B70-G090-02;B70-G090;B70;B70 – Laga kraft och byggberedskap;Detaljplanens laga kraft saknas eller planen överprövas av länsstyrelsen;konsekvens;1;Planens rättsliga status förblir öppen till dess att överklagandet eller överprövningen är avgjord.;source;PBL | PBL_PLAN;"[""PBL"",""PBL_PLAN""]"
R-B70-G090-02:consequence:02;R-B70-G090-02;B70-G090;B70;B70 – Laga kraft och byggberedskap;Detaljplanens laga kraft saknas eller planen överprövas av länsstyrelsen;konsekvens;2;Lov- och byggberedskap som beror på planen skjuts fram.;analysis;;[]
R-B70-G090-02:consequence:03;R-B70-G090-02;B70-G090;B70;B70 – Laga kraft och byggberedskap;Detaljplanens laga kraft saknas eller planen överprövas av länsstyrelsen;konsekvens;3;Ett helt eller delvis upphävande kan kräva nytt planarbete eller omprojektering.;analysis;;[]
R-B70-G090-02:consequence:04;R-B70-G090-02;B70-G090;B70;B70 – Laga kraft och byggberedskap;Detaljplanens laga kraft saknas eller planen överprövas av länsstyrelsen;konsekvens;4;Parallella tillstånd kan behöva anpassas om den slutliga planen får en annan avgränsning.;analysis;;[]
R-B70-G090-03:trigger:01;R-B70-G090-03;B70-G090;B70;B70 – Laga kraft och byggberedskap;Sektorsbeslutet har ännu inte fått laga kraft eller kan inte tas i anspråk;utlösande faktor;1;En nödvändig nätkoncession, bearbetningskoncession eller annat sektorsbeslut har ännu inte fått den finalitet eller verkställbarhet som krävs.;source;ELLAG | MINERALLAG | EI_GRID;"[""ELLAG"",""MINERALLAG"",""EI_GRID""]"
R-B70-G090-03:trigger:02;R-B70-G090-03;B70-G090;B70;B70 – Laga kraft och byggberedskap;Sektorsbeslutet har ännu inte fått laga kraft eller kan inte tas i anspråk;utlösande faktor;2;Ett överklagande av ett koncessionsbeslut håller beslutets finalitet öppen i den instansordning som gäller enligt ellagen eller minerallagen.;source;ELLAG | MINERALLAG;"[""ELLAG"",""MINERALLAG""]"
R-B70-G090-03:trigger:03;R-B70-G090-03;B70-G090;B70;B70 – Laga kraft och byggberedskap;Sektorsbeslutet har ännu inte fått laga kraft eller kan inte tas i anspråk;utlösande faktor;3;Projektets huvudtillstånd har blivit klart före det sektorsbeslut som krävs för faktisk drift eller anslutning.;analysis;;[]
R-B70-G090-03:trigger:04;R-B70-G090-03;B70-G090;B70;B70 – Laga kraft och byggberedskap;Sektorsbeslutet har ännu inte fått laga kraft eller kan inte tas i anspråk;utlösande faktor;4;Sektorsbeslutets geografiska eller tekniska räckvidd är föremål för överprövning.;analysis;;[]
R-B70-G090-03:consequence:01;R-B70-G090-03;B70-G090;B70;B70 – Laga kraft och byggberedskap;Sektorsbeslutet har ännu inte fått laga kraft eller kan inte tas i anspråk;konsekvens;1;Projektet får inte genomföra den sektorsreglerade delen utan det beslut som lagen kräver.;source;ELLAG | MINERALLAG;"[""ELLAG"",""MINERALLAG""]"
R-B70-G090-03:consequence:02;R-B70-G090-03;B70-G090;B70;B70 – Laga kraft och byggberedskap;Sektorsbeslutet har ännu inte fått laga kraft eller kan inte tas i anspråk;konsekvens;2;Den samlade byggberedskapen kan inte fastställas för beroende anläggningsdelar.;analysis;;[]
R-B70-G090-03:consequence:03;R-B70-G090-03;B70-G090;B70;B70 – Laga kraft och byggberedskap;Sektorsbeslutet har ännu inte fått laga kraft eller kan inte tas i anspråk;konsekvens;3;Ett slutligt avslag eller upphävande kan undanröja projektets tekniska eller rättsliga genomförbarhet.;analysis;;[]
R-B70-G090-03:consequence:04;R-B70-G090-03;B70-G090;B70;B70 – Laga kraft och byggberedskap;Sektorsbeslutet har ännu inte fått laga kraft eller kan inte tas i anspråk;konsekvens;4;Övriga tillstånd och investeringar kan förlora värde om den nödvändiga sektorsgaten faller.;analysis;;[]
R-B70-G110-01:trigger:01;R-B70-G110-01;B70-G110;B70;B70 – Laga kraft och byggberedskap;Geografisk eller kapacitetsmässig konflikt mellan tillstånd, plan och koncession;utlösande faktor;1;Miljötillståndet, detaljplanen och koncessionen har var sin bindande geografisk eller kapacitetsmässig räckvidd.;source;MB | PBL | ELLAG;"[""MB"",""PBL"",""ELLAG""]"
R-B70-G110-01:trigger:02;R-B70-G110-01;B70-G110;B70;B70 – Laga kraft och byggberedskap;Geografisk eller kapacitetsmässig konflikt mellan tillstånd, plan och koncession;utlösande faktor;2;Besluten bygger på kartor eller projektversioner som inte överensstämmer.;analysis;;[]
R-B70-G110-01:trigger:03;R-B70-G110-01;B70-G110;B70;B70 – Laga kraft och byggberedskap;Geografisk eller kapacitetsmässig konflikt mellan tillstånd, plan och koncession;utlösande faktor;3;En anläggningsdel ligger utanför ett beslutsområde även om den ryms inom de övriga.;analysis;;[]
R-B70-G110-01:trigger:04;R-B70-G110-01;B70-G110;B70;B70 – Laga kraft och byggberedskap;Geografisk eller kapacitetsmässig konflikt mellan tillstånd, plan och koncession;utlösande faktor;4;Kapacitet, antal enheter eller driftläge har uttryckts på olika sätt i parallella prövningar.;analysis;;[]
R-B70-G110-01:consequence:01;R-B70-G110-01;B70-G110;B70;B70 – Laga kraft och byggberedskap;Geografisk eller kapacitetsmässig konflikt mellan tillstånd, plan och koncession;konsekvens;1;Genomförandet måste begränsas till den gemensamma rättsliga ram som de tillämpliga besluten medger.;source;MB | PBL | ELLAG;"[""MB"",""PBL"",""ELLAG""]"
R-B70-G110-01:consequence:02;R-B70-G110-01;B70-G110;B70;B70 – Laga kraft och byggberedskap;Geografisk eller kapacitetsmässig konflikt mellan tillstånd, plan och koncession;konsekvens;2;Projektets fulla planerade utformning kan inte byggstartas.;analysis;;[]
R-B70-G110-01:consequence:03;R-B70-G110-01;B70-G110;B70;B70 – Laga kraft och byggberedskap;Geografisk eller kapacitetsmässig konflikt mellan tillstånd, plan och koncession;konsekvens;3;Tolkning, ändringsprövning eller omprojektering krävs för den konfliktfyllda delen.;analysis;;[]
R-B70-G110-01:consequence:04;R-B70-G110-01;B70-G110;B70;B70 – Laga kraft och byggberedskap;Geografisk eller kapacitetsmässig konflikt mellan tillstånd, plan och koncession;konsekvens;4;Kapacitet eller geografisk omfattning kan behöva minskas för att undvika en ny process.;analysis;;[]
R-B70-G110-02:trigger:01;R-B70-G110-02;B70-G110;B70;B70 – Laga kraft och byggberedskap;Igångsättningstid eller arbetstid löper ut innan de övriga gates är klara;utlösande faktor;1;Ett beslut innehåller en igångsättnings-, arbets- eller ianspråktagandetid som måste hållas.;source;MB;"[""MB""]"
R-B70-G110-02:trigger:02;R-B70-G110-02;B70-G110;B70;B70 – Laga kraft och byggberedskap;Igångsättningstid eller arbetstid löper ut innan de övriga gates är klara;utlösande faktor;2;En annan nödvändig gate blir klar senare än vad fristen i beslutet medger.;analysis;;[]
R-B70-G110-02:trigger:03;R-B70-G110-02;B70-G110;B70;B70 – Laga kraft och byggberedskap;Igångsättningstid eller arbetstid löper ut innan de övriga gates är klara;utlösande faktor;3;Fristbevakningen utgår från projektets planerade byggstart men tar inte hänsyn till överklaganden och kompletteringar.;analysis;;[]
R-B70-G110-02:trigger:04;R-B70-G110-02;B70-G110;B70;B70 – Laga kraft och byggberedskap;Igångsättningstid eller arbetstid löper ut innan de övriga gates är klara;utlösande faktor;4;Flera beslut har olika tidsfrister och den kortaste fristen är inte identifierad som kritisk.;analysis;;[]
R-B70-G110-02:consequence:01;R-B70-G110-02;B70-G110;B70;B70 – Laga kraft och byggberedskap;Igångsättningstid eller arbetstid löper ut innan de övriga gates är klara;konsekvens;1;Ett tillstånd eller en rätt kan förfalla om tillämplig tidsfrist löper ut utan att kraven för start eller förlängning är uppfyllda.;source;MB;"[""MB""]"
R-B70-G110-02:consequence:02;R-B70-G110-02;B70-G110;B70;B70 – Laga kraft och byggberedskap;Igångsättningstid eller arbetstid löper ut innan de övriga gates är klara;konsekvens;2;Projektet behöver ansöka om förlängning när det är rättsligt möjligt.;analysis;;[]
R-B70-G110-02:consequence:03;R-B70-G110-02;B70-G110;B70;B70 – Laga kraft och byggberedskap;Igångsättningstid eller arbetstid löper ut innan de övriga gates är klara;konsekvens;3;Ett förlängningsbeslut kan tillföra handläggning och överklaganderisk.;analysis;;[]
R-B70-G110-02:consequence:04;R-B70-G110-02;B70-G110;B70;B70 – Laga kraft och byggberedskap;Igångsättningstid eller arbetstid löper ut innan de övriga gates är klara;konsekvens;4;Om fristen inte kan räddas kan en ny prövning behövas för den berörda delen.;analysis;;[]
R-B70-G110-03:trigger:01;R-B70-G110-03;B70-G110;B70;B70 – Laga kraft och byggberedskap;Skyddsåtgärd i ett beslut blockerar fysiskt genomförande i ett annat;utlösande faktor;1;Ett bindande miljövillkor kräver en skydds- eller kompensationsåtgärd på en bestämd plats eller med en bestämd funktion.;source;MB | NATURA | ARTSKYDD;"[""MB"",""NATURA"",""ARTSKYDD""]"
R-B70-G110-03:trigger:02;R-B70-G110-03;B70-G110;B70;B70 – Laga kraft och byggberedskap;Skyddsåtgärd i ett beslut blockerar fysiskt genomförande i ett annat;utlösande faktor;2;Ett annat beslut reserverar samma yta för byggnad, väg, ledning eller teknisk anläggning.;analysis;;[]
R-B70-G110-03:trigger:03;R-B70-G110-03;B70-G110;B70;B70 – Laga kraft och byggberedskap;Skyddsåtgärd i ett beslut blockerar fysiskt genomförande i ett annat;utlösande faktor;3;Besluten har tagits fram med olika kartunderlag och konflikten upptäcks först vid detaljprojektering.;analysis;;[]
R-B70-G110-03:trigger:04;R-B70-G110-03;B70-G110;B70;B70 – Laga kraft och byggberedskap;Skyddsåtgärd i ett beslut blockerar fysiskt genomförande i ett annat;utlösande faktor;4;En senare villkorsprecisering förändrar den yta som skyddsåtgärden behöver.;analysis;;[]
R-B70-G110-03:consequence:01;R-B70-G110-03;B70-G110;B70;B70 – Laga kraft och byggberedskap;Skyddsåtgärd i ett beslut blockerar fysiskt genomförande i ett annat;konsekvens;1;Projektet måste följa både skyddsreglerna och de bindande beslutsvillkoren för att genomförandet ska vara lagligt.;source;MB | NATURA | ARTSKYDD;"[""MB"",""NATURA"",""ARTSKYDD""]"
R-B70-G110-03:consequence:02;R-B70-G110-03;B70-G110;B70;B70 – Laga kraft och byggberedskap;Skyddsåtgärd i ett beslut blockerar fysiskt genomförande i ett annat;konsekvens;2;Skyddsåtgärden eller anläggningsdelen behöver omprojekteras.;analysis;;[]
R-B70-G110-03:consequence:03;R-B70-G110-03;B70-G110;B70;B70 – Laga kraft och byggberedskap;Skyddsåtgärd i ett beslut blockerar fysiskt genomförande i ett annat;konsekvens;3;En ny dispens, villkorsändring eller tillståndsprövning kan krävas.;analysis;;[]
R-B70-G110-03:consequence:04;R-B70-G110-03;B70-G110;B70;B70 – Laga kraft och byggberedskap;Skyddsåtgärd i ett beslut blockerar fysiskt genomförande i ett annat;konsekvens;4;Byggstarten för berörda delar skjuts upp och kostnaden för båda lösningarna kan öka.;analysis;;[]
R-B70-G140-01:trigger:01;R-B70-G140-01;B70-G140;B70;B70 – Laga kraft och byggberedskap;Villkorskrav på teknisk utrustning eller övervakning kan inte levereras i tid;utlösande faktor;1;Ett förstartsvillkor kräver att viss mät-, övervaknings- eller skyddsutrustning finns på plats före start.;source;MB;"[""MB""]"
R-B70-G140-01:trigger:02;R-B70-G140-01;B70-G140;B70;B70 – Laga kraft och byggberedskap;Villkorskrav på teknisk utrustning eller övervakning kan inte levereras i tid;utlösande faktor;2;Leverantörens tillverkning eller certifiering kan inte avslutas enligt projektets tidplan.;analysis;;[]
R-B70-G140-01:trigger:03;R-B70-G140-01;B70-G140;B70;B70 – Laga kraft och byggberedskap;Villkorskrav på teknisk utrustning eller övervakning kan inte levereras i tid;utlösande faktor;3;Detaljprojekteringen visar att standardutrustningen inte uppfyller villkorets prestanda eller placering.;analysis;;[]
R-B70-G140-01:trigger:04;R-B70-G140-01;B70-G140;B70;B70 – Laga kraft och byggberedskap;Villkorskrav på teknisk utrustning eller övervakning kan inte levereras i tid;utlösande faktor;4;Installation eller funktionsprovning är beroende av en annan anläggningsdel som ännu inte är färdig.;analysis;;[]
R-B70-G140-01:consequence:01;R-B70-G140-01;B70-G140;B70;B70 – Laga kraft och byggberedskap;Villkorskrav på teknisk utrustning eller övervakning kan inte levereras i tid;konsekvens;1;Det villkorsbundna arbets- eller driftmomentet får inte starta innan utrustningskravet är uppfyllt.;source;MB;"[""MB""]"
R-B70-G140-01:consequence:02;R-B70-G140-01;B70-G140;B70;B70 – Laga kraft och byggberedskap;Villkorskrav på teknisk utrustning eller övervakning kan inte levereras i tid;konsekvens;2;Bygg- eller driftstarten skjuts upp trots att beslutspaketet i övrigt är klart.;analysis;;[]
R-B70-G140-01:consequence:03;R-B70-G140-01;B70-G140;B70;B70 – Laga kraft och byggberedskap;Villkorskrav på teknisk utrustning eller övervakning kan inte levereras i tid;konsekvens;3;Projektet får kostnader för expressleverans, alternativ utrustning eller omplanerad entreprenadsekvens.;analysis;;[]
R-B70-G140-01:consequence:04;R-B70-G140-01;B70-G140;B70;B70 – Laga kraft och byggberedskap;Villkorskrav på teknisk utrustning eller övervakning kan inte levereras i tid;konsekvens;4;En ersättningslösning kan kräva nytt godkännande om den avviker från villkoret eller kontrollprogrammet.;analysis;;[]
R-B70-G140-02:trigger:01;R-B70-G140-02;B70-G140;B70;B70 – Laga kraft och byggberedskap;Klimat- eller säsongsfönster för villkorad fältverifiering missas;utlösande faktor;1;Ett bindande förstartsvillkor kräver fältverifiering under ett visst biologiskt eller hydrologiskt förhållande.;source;MB | NV_EIA | COURT_WV;"[""MB"",""NV_EIA"",""COURT_WV""]"
R-B70-G140-02:trigger:02;R-B70-G140-02;B70-G140;B70;B70 – Laga kraft och byggberedskap;Klimat- eller säsongsfönster för villkorad fältverifiering missas;utlösande faktor;2;Projektet planerar verifieringen efter att den relevanta säsongen eller flödessituationen normalt har passerat.;analysis;;[]
R-B70-G140-02:trigger:03;R-B70-G140-02;B70-G140;B70;B70 – Laga kraft och byggberedskap;Klimat- eller säsongsfönster för villkorad fältverifiering missas;utlösande faktor;3;Extremt väder gör observationen osäker eller platsen otillgänglig under det planerade fönstret.;analysis;;[]
R-B70-G140-02:trigger:04;R-B70-G140-02;B70-G140;B70;B70 – Laga kraft och byggberedskap;Klimat- eller säsongsfönster för villkorad fältverifiering missas;utlösande faktor;4;Metoden eller bemanningen är inte klar när den föreskrivna fältsituationen inträffar.;analysis;;[]
R-B70-G140-02:consequence:01;R-B70-G140-02;B70-G140;B70;B70 – Laga kraft och byggberedskap;Klimat- eller säsongsfönster för villkorad fältverifiering missas;konsekvens;1;Projektet behöver visa att det föreskrivna förstartsvillkoret är uppfyllt innan den berörda starten.;source;MB;"[""MB""]"
R-B70-G140-02:consequence:02;R-B70-G140-02;B70-G140;B70;B70 – Laga kraft och byggberedskap;Klimat- eller säsongsfönster för villkorad fältverifiering missas;konsekvens;2;Byggstarten kan behöva vänta på nästa representativa fälttillfälle.;analysis;;[]
R-B70-G140-02:consequence:03;R-B70-G140-02;B70-G140;B70;B70 – Laga kraft och byggberedskap;Klimat- eller säsongsfönster för villkorad fältverifiering missas;konsekvens;3;Om villkoret inte medger en alternativ metod kan verifieringen behöva vänta till ett senare representativt fälttillfälle.;analysis;;[]
R-B70-G140-02:consequence:04;R-B70-G140-02;B70-G140;B70;B70 – Laga kraft och byggberedskap;Klimat- eller säsongsfönster för villkorad fältverifiering missas;konsekvens;4;Förseningen kan påverka entreprenadsekvens, andra säsongsvillkor och kostnader.;analysis;;[]
R-B70-START-01:trigger:01;R-B70-START-01;B70-START;B70;B70 – Laga kraft och byggberedskap;"Spår rapporterar ""slutligt"" beslut som fortfarande är överklagbart";utlösande faktor;1;Överklagandetiden för ett överklagbart beslut löper fortfarande när beslutet rapporteras som slutligt.;source;MB | MMDL | PBL | FL;"[""MB"",""MMDL"",""PBL"",""FL""]"
R-B70-START-01:trigger:02;R-B70-START-01;B70-START;B70;B70 – Laga kraft och byggberedskap;"Spår rapporterar ""slutligt"" beslut som fortfarande är överklagbart";utlösande faktor;2;Ett överklagande har registrerats i ursprungsspåret men inte överförts till B70-statusen.;analysis;;[]
R-B70-START-01:trigger:03;R-B70-START-01;B70-START;B70;B70 – Laga kraft och byggberedskap;"Spår rapporterar ""slutligt"" beslut som fortfarande är överklagbart";utlösande faktor;3;Ett beslut är verkställbart men har felaktigt likställts med laga kraft.;analysis;;[]
R-B70-START-01:trigger:04;R-B70-START-01;B70-START;B70;B70 – Laga kraft och byggberedskap;"Spår rapporterar ""slutligt"" beslut som fortfarande är överklagbart";utlösande faktor;4;Ett partiellt avgörande rapporteras som slutligt utan att den öppna delen anges.;analysis;;[]
R-B70-START-01:consequence:01;R-B70-START-01;B70-START;B70;B70 – Laga kraft och byggberedskap;"Spår rapporterar ""slutligt"" beslut som fortfarande är överklagbart";konsekvens;1;Den rapporterade statusen kan inte läggas till grund för en säker finalitetsbedömning förrän den faktiska överklagande- och verkställighetsstatusen har klarlagts.;source;MB | MMDL | PBL | FL;"[""MB"",""MMDL"",""PBL"",""FL""]"
R-B70-START-01:consequence:02;R-B70-START-01;B70-START;B70;B70 – Laga kraft och byggberedskap;"Spår rapporterar ""slutligt"" beslut som fortfarande är överklagbart";konsekvens;2;B70-G020 behöver öppnas på nytt och byggberedskapen förskjuts.;analysis;;[]
R-B70-START-01:consequence:03;R-B70-START-01;B70-START;B70;B70 – Laga kraft och byggberedskap;"Spår rapporterar ""slutligt"" beslut som fortfarande är överklagbart";konsekvens;3;Projektet kan fatta felaktiga investerings- eller byggbeslut om statusfelet inte upptäcks.;analysis;;[]
R-B70-START-01:consequence:04;R-B70-START-01;B70-START;B70;B70 – Laga kraft och byggberedskap;"Spår rapporterar ""slutligt"" beslut som fortfarande är överklagbart";konsekvens;4;Arbeten som påbörjas på fel rättslig grund kan behöva stoppas eller rättas efter överprövningen.;analysis;;[]