atgardsreferens;referenstyp;risk_id;risk;process_id;nod_id;nod;befintligt_atgardsforslag;bedomning;ursprunglig_aktor_bedomning;myndighetsdel_som_kan_anpassas;del_som_inte_overtas;bedomningsmotivering;sarskild_avgransning;anpassade_kontroller_med_riskkoppling;sjalvstandiga_kontroller_for_samma_risk;mojlig_kontrollfamilj_utan_ny_koppling;kopplingsbeslut;rattslig_avgransning;riskregister_version;kallfalt;kall_url;verifieringsdatum
R-B10-010-01:mitigation;"Härledd fältreferens; inte riskregistrets kanoniska item_id";R-B10-010-01;Prövningsobjektet låses för snävt och tvingar fram nya prövningar;B10;B10-010;Definiera ändamål, omfattning och kapacitet;Definiera prövningsobjektet med genomtänkta intervall och höljen (t.ex. kapacitets- och höjdramar) som täcker rimlig teknikutveckling, och lås först efter avvägning mellan flexibilitetsbehov och MKB:ns förmåga att täcka det sökta utfallsrummet. Involvera juridisk sakkunskap tidigt för att testa definitionen mot MPF:s ändringsregler.;Utanför myndighetens kontrollansvar;Sökanden/projektägaren;Ingen del av originalförslaget övertas som myndighetskontroll.;Originalets föreslagna åtgärd kvarstår hos angiven aktör.;Projektavgränsning, lokalisering, underlagsplanering och investeringsstyrning ligger hos sökanden. Myndighetens service innebär inte att den tar fram projektets analys eller påverkar kommunen/försvaret.;;;;;Ingen myndighetskontroll härleds ur denna åtgärd.;"FL 5–9 §§; MB 19 kap. 1–2 a §§; MPD-förordningen 3 §; Dir. 2026:13. Detaljstöd per faktiskt kopplad kontroll i kopplingsfilen.";2.2.0;mitigation;https://nic-esp.github.io/miljotillstandsrisker/data/riskregister.json;2026-09-30
R-B10-010-02:mitigation;"Härledd fältreferens; inte riskregistrets kanoniska item_id";R-B10-010-02;Funktionellt sammanhängande åtgärder delas upp och kumulativa effekter faller bort;B10;B10-010;Definiera ändamål, omfattning och kapacitet;Kartlägg funktionella beroenden (infrastruktur, logistik, energi, avfall, vatten) innan ändamålet låses, dokumentera avgränsningsmotiveringen och stäm av den med länsstyrelsen i tidig dialog. Bygg alternativloggen så att den visar att helhetsbedömningen väglett valet av prövningsobjekt.;Utanför myndighetens kontrollansvar;Sökanden/projektägaren;Ingen del av originalförslaget övertas som myndighetskontroll.;Originalets föreslagna åtgärd kvarstår hos angiven aktör.;Projektavgränsning, lokalisering, underlagsplanering och investeringsstyrning ligger hos sökanden. Myndighetens service innebär inte att den tar fram projektets analys eller påverkar kommunen/försvaret.;;;;;Ingen myndighetskontroll härleds ur denna åtgärd.;"FL 5–9 §§; MB 19 kap. 1–2 a §§; MPD-förordningen 3 §; Dir. 2026:13. Detaljstöd per faktiskt kopplad kontroll i kopplingsfilen.";2.2.0;mitigation;https://nic-esp.github.io/miljotillstandsrisker/data/riskregister.json;2026-09-30
R-B10-020-01:mitigation;"Härledd fältreferens; inte riskregistrets kanoniska item_id";R-B10-020-01;Oförenliga riksintressen upptäcks för sent i lokaliseringen;B10;B10-020;Screening av lokalisering och alternativ;Gör en strukturerad riksintressekartläggning enligt 3 och 4 kap. MB, identifiera om 3 kap. 10 § faktiskt är tillämplig och dokumentera både den materiella avvägningen och underlaget för MKB:n. Beakta särskilt totalförsvarets företräde när lagens förutsättningar är uppfyllda.;Utanför myndighetens kontrollansvar;Sökanden/projektägaren;Ingen del av originalförslaget övertas som myndighetskontroll.;Originalets föreslagna åtgärd kvarstår hos angiven aktör.;Projektavgränsning, lokalisering, underlagsplanering och investeringsstyrning ligger hos sökanden. Myndighetens service innebär inte att den tar fram projektets analys eller påverkar kommunen/försvaret.;;;;;Ingen myndighetskontroll härleds ur denna åtgärd.;"FL 5–9 §§; MB 19 kap. 1–2 a §§; MPD-förordningen 3 §; Dir. 2026:13. Detaljstöd per faktiskt kopplad kontroll i kopplingsfilen.";2.2.0;mitigation;https://nic-esp.github.io/miljotillstandsrisker/data/riskregister.json;2026-09-30
R-B10-020-02:mitigation;"Härledd fältreferens; inte riskregistrets kanoniska item_id";R-B10-020-02;Svag alternativutredning fäller tillåtligheten vid platsvalet;B10;B10-020;Screening av lokalisering och alternativ;Driv alternativarbetet som ett reellt urval med kvantifierade miljökriterier, dokumentera förkastade alternativ och skälen, och låt oberoende sakkunniga granska alternativloggen innan den låses. Säkerställ att nollalternativet och minst ett reellt alternativ utreds i samma detaljnivå.;Utanför myndighetens kontrollansvar;Sökanden/projektägaren;Ingen del av originalförslaget övertas som myndighetskontroll.;Originalets föreslagna åtgärd kvarstår hos angiven aktör.;Projektavgränsning, lokalisering, underlagsplanering och investeringsstyrning ligger hos sökanden. Myndighetens service innebär inte att den tar fram projektets analys eller påverkar kommunen/försvaret.;;;;;Ingen myndighetskontroll härleds ur denna åtgärd.;"FL 5–9 §§; MB 19 kap. 1–2 a §§; MPD-förordningen 3 §; Dir. 2026:13. Detaljstöd per faktiskt kopplad kontroll i kopplingsfilen.";2.2.0;mitigation;https://nic-esp.github.io/miljotillstandsrisker/data/riskregister.json;2026-09-30
R-B10-020-03:mitigation;"Härledd fältreferens; inte riskregistrets kanoniska item_id";R-B10-020-03;Försvars- och totalförsvarsintressen stoppar lokaliseringen på politisk nivå;B10;B10-020;Screening av lokalisering och alternativ;Sök tidig kontakt med Försvarsmakten och berörda civila säkerhetsaktörer redan i screeningen, inhämta deras skrivningar om berörda områden och låt försvarshänsyn ingå som ett eget gallringskriterium i alternativloggen – inte som en efterkontroll.;Utanför myndighetens kontrollansvar;Sökanden/projektägaren;Ingen del av originalförslaget övertas som myndighetskontroll.;Originalets föreslagna åtgärd kvarstår hos angiven aktör.;Projektavgränsning, lokalisering, underlagsplanering och investeringsstyrning ligger hos sökanden. Myndighetens service innebär inte att den tar fram projektets analys eller påverkar kommunen/försvaret.;;;;;Ingen myndighetskontroll härleds ur denna åtgärd.;"FL 5–9 §§; MB 19 kap. 1–2 a §§; MPD-förordningen 3 §; Dir. 2026:13. Detaljstöd per faktiskt kopplad kontroll i kopplingsfilen.";2.2.0;mitigation;https://nic-esp.github.io/miljotillstandsrisker/data/riskregister.json;2026-09-30
R-B10-030-01:mitigation;"Härledd fältreferens; inte riskregistrets kanoniska item_id";R-B10-030-01;Äldre domar och tillstånd med föråldrade villkor förbises i baslinjen;B10;B10-030;Inventera befintliga beslut och rättigheter;"Gör en djuparkivering hos länsstyrelse, kommun, domstol och fastighetsregister; använd fastighetsrättslig kartläggning parallellt med den miljörättsliga; och dokumentera spårbarheten mellan varje äldre beslut och de villkor som ska gälla efter ny prövning.";Delvis inom mandat efter avgränsning;"Sökanden och berörd myndighet; endast angiven myndighetsdel anpassas";Tillgängliggöra och korsreferera egna eller övertagna historiska beslut.;Sökandens fullständiga arkiv- och tillståndsinventering samt andra organs arkiv.;Myndighetsdelen kan endast tillämpas inom egen rättslig behörighet. Sökandens fullständiga arkiv- och tillståndsinventering samt andra organs arkiv.;;MPM-10;;;"Anpassning kopplad till uttryckliga målposter; övriga kontroller är självständiga analysförslag.";"FL 5–9 §§; MB 19 kap. 1–2 a §§; MPD-förordningen 3 §; Dir. 2026:13. Detaljstöd per faktiskt kopplad kontroll i kopplingsfilen.";2.2.0;mitigation;https://nic-esp.github.io/miljotillstandsrisker/data/riskregister.json;2026-09-30
R-B10-030-02:mitigation;"Härledd fältreferens; inte riskregistrets kanoniska item_id";R-B10-030-02;Sakägar- och rådighetskrav upptäcks först i domstolsledet;B10;B10-030;Inventera befintliga beslut och rättigheter;Upprätta en komplett sakägar- och rättighetsbeteckning tidigt, säkra rådighet genom avtal eller exploateringssamverkan innan ansökan, och kvalitetssäkra delgivningslistan mot fastighetsregistret inför varje kungörelsesteg.;Delvis inom mandat efter avgränsning;"Sökanden och berörd myndighet; endast angiven myndighetsdel anpassas";Korrekt egen mottagarkrets, delgivning eller information om överklagandeväg.;"Sökandens fastighetsutredning och rättighetssäkring; självständiga vattenmål och andra organs expediering.";"Myndighetsdelen kan endast tillämpas inom egen rättslig behörighet. Sökandens fastighetsutredning och rättighetssäkring; självständiga vattenmål och andra organs expediering.";;;;MPM-13;Ingen kontrollkoppling tilldelad. Möjlig myndighetsdel utan koppling kräver mer specifik behörighet eller styrkt träff på målpost.;"FL 5–9 §§; MB 19 kap. 1–2 a §§; MPD-förordningen 3 §; Dir. 2026:13. Detaljstöd per faktiskt kopplad kontroll i kopplingsfilen.";2.2.0;mitigation;https://nic-esp.github.io/miljotillstandsrisker/data/riskregister.json;2026-09-30
R-B10-040-01:mitigation;"Härledd fältreferens; inte riskregistrets kanoniska item_id";R-B10-040-01;Säsongsberoende inventeringar missar sitt fältfönster;B10;B10-040;Planera basutredningar och datainsamling;Backtidsplanera från planerat ansökningsdatum och identifiera varje inventerings säsongs- och repetitionskrav. Bygg in lämpliga reservfönster och stäm av utredningsplanens omfattning med länsstyrelsen före fältarbetet så att ett omstritt metodval inte undergräver insamlat underlag.;Utanför myndighetens kontrollansvar;Sökanden/projektägaren;Ingen del av originalförslaget övertas som myndighetskontroll.;Originalets föreslagna åtgärd kvarstår hos angiven aktör.;Projektavgränsning, lokalisering, underlagsplanering och investeringsstyrning ligger hos sökanden. Myndighetens service innebär inte att den tar fram projektets analys eller påverkar kommunen/försvaret.;;;;;Ingen myndighetskontroll härleds ur denna åtgärd.;"FL 5–9 §§; MB 19 kap. 1–2 a §§; MPD-förordningen 3 §; Dir. 2026:13. Detaljstöd per faktiskt kopplad kontroll i kopplingsfilen.";2.2.0;mitigation;https://nic-esp.github.io/miljotillstandsrisker/data/riskregister.json;2026-09-30
R-B10-040-02:mitigation;"Härledd fältreferens; inte riskregistrets kanoniska item_id";R-B10-040-02;Extremväder och klimatförändringar korrumperar fältdata och tidplaner;B10;B10-040;Planera basutredningar och datainsamling;Dimensionera tidsserier och referensstationer för extremår, använd historiska serier och modellering som komplement till fältår, och gör en känslighetsanalys av vilka beslutsparametrar som är mest beroende av årsvariation.;Utanför myndighetens kontrollansvar;Sökanden/projektägaren;Ingen del av originalförslaget övertas som myndighetskontroll.;Originalets föreslagna åtgärd kvarstår hos angiven aktör.;Projektavgränsning, lokalisering, underlagsplanering och investeringsstyrning ligger hos sökanden. Myndighetens service innebär inte att den tar fram projektets analys eller påverkar kommunen/försvaret.;;;;;Ingen myndighetskontroll härleds ur denna åtgärd.;"FL 5–9 §§; MB 19 kap. 1–2 a §§; MPD-förordningen 3 §; Dir. 2026:13. Detaljstöd per faktiskt kopplad kontroll i kopplingsfilen.";2.2.0;mitigation;https://nic-esp.github.io/miljotillstandsrisker/data/riskregister.json;2026-09-30
R-B10-050-01:mitigation;"Härledd fältreferens; inte riskregistrets kanoniska item_id";R-B10-050-01;Muntliga myndighetsråd i tidig dialog tas för bindande besked;B10;B10-050;Tidig dialog med myndigheter och kommun;Dokumentera alla dialoger skriftligt, be myndigheten bekräfta centrala ståndpunkter skriftligt, och behandla informella besked som hypoteser som ska verifieras i formella beslutspunkter (BMP, avgränsning) snarare än som löften.;Delvis inom mandat efter avgränsning;"Sökanden och berörd myndighet; endast angiven myndighetsdel anpassas";Dokumentera egen processvägledning och de förutsättningar den bygger på.;"Sökandens klassificering och underlag; bindande förhandsbesked utan lagstöd; styrning av tillsynsmyndighet.";"Myndighetsdelen kan endast tillämpas inom egen rättslig behörighet. Sökandens klassificering och underlag; bindande förhandsbesked utan lagstöd; styrning av tillsynsmyndighet.";;MPM-01;;;"Anpassning kopplad till uttryckliga målposter; övriga kontroller är självständiga analysförslag.";"FL 5–9 §§; MB 19 kap. 1–2 a §§; MPD-förordningen 3 §; Dir. 2026:13. Detaljstöd per faktiskt kopplad kontroll i kopplingsfilen.";2.2.0;mitigation;https://nic-esp.github.io/miljotillstandsrisker/data/riskregister.json;2026-09-30
R-B10-050-02:mitigation;"Härledd fältreferens; inte riskregistrets kanoniska item_id";R-B10-050-02;Kommunalt veto eller negativ kommunal signal låser projektet i startgroparna;B10;B10-050;Tidig dialog med myndigheter och kommun;Inled kommundialogen före platslåsning, kartlägg kommunfullmäktiges och nämnders ståndpunkter, följ pågående reformer av vetoreglerna (bl.a. för havsbaserad vindkraft) och bygg alternativa lokaliseringsalternativ för kommuner med annan inställning.;Utanför myndighetens kontrollansvar;Sökanden/projektägaren;Ingen del av originalförslaget övertas som myndighetskontroll.;Originalets föreslagna åtgärd kvarstår hos angiven aktör.;Projektavgränsning, lokalisering, underlagsplanering och investeringsstyrning ligger hos sökanden. Myndighetens service innebär inte att den tar fram projektets analys eller påverkar kommunen/försvaret.;;;;;Ingen myndighetskontroll härleds ur denna åtgärd.;"FL 5–9 §§; MB 19 kap. 1–2 a §§; MPD-förordningen 3 §; Dir. 2026:13. Detaljstöd per faktiskt kopplad kontroll i kopplingsfilen.";2.2.0;mitigation;https://nic-esp.github.io/miljotillstandsrisker/data/riskregister.json;2026-09-30
R-B10-060-01:mitigation;"Härledd fältreferens; inte riskregistrets kanoniska item_id";R-B10-060-01;Felklassificering av verksamhetskod skickar ansökan till fel instans;B10;B10-060;Klassificera huvudverksamheter och åtgärder;Låt juridisk sakkunskap göra en dokumenterad kodmatris mot MPF:s samtliga sektorskapitel, verifiera gränsfall med länsstyrelsen i tidig dialog och dimensionera klassificeringen så att marginaler mot klassgränser hanteras uttryckligen.;Delvis inom mandat efter avgränsning;"Sökanden och berörd myndighet; endast angiven myndighetsdel anpassas";Dokumentera egen processvägledning och de förutsättningar den bygger på.;"Sökandens klassificering och underlag; bindande förhandsbesked utan lagstöd; styrning av tillsynsmyndighet.";"Myndighetsdelen kan endast tillämpas inom egen rättslig behörighet. Sökandens klassificering och underlag; bindande förhandsbesked utan lagstöd; styrning av tillsynsmyndighet.";;MPM-01;;;"Anpassning kopplad till uttryckliga målposter; övriga kontroller är självständiga analysförslag.";"FL 5–9 §§; MB 19 kap. 1–2 a §§; MPD-förordningen 3 §; Dir. 2026:13. Detaljstöd per faktiskt kopplad kontroll i kopplingsfilen.";2.2.0;mitigation;https://nic-esp.github.io/miljotillstandsrisker/data/riskregister.json;2026-09-30
R-B10-060-02:mitigation;"Härledd fältreferens; inte riskregistrets kanoniska item_id";R-B10-060-02;Ändring feltolkas som anmälningspliktig – eller tvärtom;B10;B10-060;Klassificera huvudverksamheter och åtgärder;Upprätta en ändringslogg över samtliga tidigare ändringar med kumulativ bedömning, låt tillsynsmyndigheten granska tolkningen i tidig dialog och dokumentera motiveringen för vald pliktnivå så att den håller vid en senare myndighetsprövning.;Utanför myndighetens kontrollansvar;Sökanden/projektägaren;Ingen del av originalförslaget övertas som myndighetskontroll.;Originalets föreslagna åtgärd kvarstår hos angiven aktör.;Projektavgränsning, lokalisering, underlagsplanering och investeringsstyrning ligger hos sökanden. Myndighetens service innebär inte att den tar fram projektets analys eller påverkar kommunen/försvaret.;;;MPM-01;;Självständig kontroll finns för risken, men är inte en övertagen originalåtgärd.;"FL 5–9 §§; MB 19 kap. 1–2 a §§; MPD-förordningen 3 §; Dir. 2026:13. Detaljstöd per faktiskt kopplad kontroll i kopplingsfilen.";2.2.0;mitigation;https://nic-esp.github.io/miljotillstandsrisker/data/riskregister.json;2026-09-30
R-B10-060-03:mitigation;"Härledd fältreferens; inte riskregistrets kanoniska item_id";R-B10-060-03;Sektorsspelregler identifieras inte i klassificeringen;B10;B10-060;Klassificera huvudverksamheter och åtgärder;Använd en tvärsektoriell checklista vid klassificeringen (Seveso, IED/BAT, ellag, minerallag, väg-/järnvägslag, KML, strandskydd, artskydd) och låt varje påträffad sektorsregel få en egen rad med ansvarig, instans och beroenden i klassmatrisen.;Utanför myndighetens kontrollansvar;Sökanden/projektägaren;Ingen del av originalförslaget övertas som myndighetskontroll.;Originalets föreslagna åtgärd kvarstår hos angiven aktör.;Projektavgränsning, lokalisering, underlagsplanering och investeringsstyrning ligger hos sökanden. Myndighetens service innebär inte att den tar fram projektets analys eller påverkar kommunen/försvaret.;;;;;Ingen myndighetskontroll härleds ur denna åtgärd.;"FL 5–9 §§; MB 19 kap. 1–2 a §§; MPD-förordningen 3 §; Dir. 2026:13. Detaljstöd per faktiskt kopplad kontroll i kopplingsfilen.";2.2.0;mitigation;https://nic-esp.github.io/miljotillstandsrisker/data/riskregister.json;2026-09-30
R-B10-070-01:mitigation;"Härledd fältreferens; inte riskregistrets kanoniska item_id";R-B10-070-01;Ett tillstånd saknas i matrisen och upptäcks först i byggskedet;B10;B10-070;Upprätta samlad prövnings- och instanskarta;Låt matrisen granskas av kompetenser utanför kärnteamet (fastighetsjurist, kulturmiljöexpert, vattenjurist), spåra varje fysisk åtgärd i projektet mot ett krav i matrisen, och versionshantera matrisen så att projektändringar automatiskt utlöser omprövning av kravlistan.;Utanför myndighetens kontrollansvar;Sökanden/projektägaren;Ingen del av originalförslaget övertas som myndighetskontroll.;Originalets föreslagna åtgärd kvarstår hos angiven aktör.;Projektavgränsning, lokalisering, underlagsplanering och investeringsstyrning ligger hos sökanden. Myndighetens service innebär inte att den tar fram projektets analys eller påverkar kommunen/försvaret.;;;MPM-F02;;Självständig kontroll finns för risken, men är inte en övertagen originalåtgärd.;"FL 5–9 §§; MB 19 kap. 1–2 a §§; MPD-förordningen 3 §; Dir. 2026:13. Detaljstöd per faktiskt kopplad kontroll i kopplingsfilen.";2.2.0;mitigation;https://nic-esp.github.io/miljotillstandsrisker/data/riskregister.json;2026-09-30
R-B10-070-02:mitigation;"Härledd fältreferens; inte riskregistrets kanoniska item_id";R-B10-070-02;Överklagandevägar och talerätt felmappas i instanskartan;B10;B10-070;Upprätta samlad prövnings- och instanskarta;Knyt varje post i instanskartan till den konkreta beslutstypen, första beslutsinstansen, tillämplig överklagandebestämmelse, tidsfrist, krav på prövningstillstånd och möjlig inhibition. Kontrollera även talerätt och om beslutet i stället omfattas av rättsprövning.;Delvis inom mandat efter avgränsning;"Sökanden och berörd myndighet; endast angiven myndighetsdel anpassas";Korrekt egen mottagarkrets, delgivning eller information om överklagandeväg.;"Sökandens fastighetsutredning och rättighetssäkring; självständiga vattenmål och andra organs expediering.";"Myndighetsdelen kan endast tillämpas inom egen rättslig behörighet. Sökandens fastighetsutredning och rättighetssäkring; självständiga vattenmål och andra organs expediering.";;;MPM-01;MPM-13;Självständig kontroll finns för risken, men är inte en övertagen originalåtgärd.;"FL 5–9 §§; MB 19 kap. 1–2 a §§; MPD-förordningen 3 §; Dir. 2026:13. Detaljstöd per faktiskt kopplad kontroll i kopplingsfilen.";2.2.0;mitigation;https://nic-esp.github.io/miljotillstandsrisker/data/riskregister.json;2026-09-30
R-B10-070-03:mitigation;"Härledd fältreferens; inte riskregistrets kanoniska item_id";R-B10-070-03;Instanskartan föråldras av myndighetsreformen mitt i projektlöpet;B10;B10-070;Upprätta samlad prövnings- och instanskarta;Versionshantera matrisen med datumstämpling mot reformbeslut, följ övergångsbestämmelserna i SFS 2026:1442–1444, och bygg ansökningsstrategin så att den tål att mottagaren byts utan att själva underlaget behöver göras om.;"Endast införande; utanför stabilt S1";"Sökanden och berörd myndighet; endast angiven myndighetsdel anpassas";Verifiera egen övergångsinformation, ärendeöverföring och mottagare under införandet.;Ingen S1-effekt i stabil drift. Ingen garanti att tidigare kompletthetsbedömning binder ny instans eller rekommendation om taktisk ingivning.;Myndighetsdelen kan endast tillämpas inom egen rättslig behörighet. Ingen S1-effekt i stabil drift. Ingen garanti att tidigare kompletthetsbedömning binder ny instans eller rekommendation om taktisk ingivning.;;MPM-T01;;;"Anpassning kopplad till uttryckliga målposter; övriga kontroller är självständiga analysförslag.";"FL 5–9 §§; MB 19 kap. 1–2 a §§; MPD-förordningen 3 §; Dir. 2026:13. Detaljstöd per faktiskt kopplad kontroll i kopplingsfilen.";2.2.0;mitigation;https://nic-esp.github.io/miljotillstandsrisker/data/riskregister.json;2026-09-30
R-B10-080-01:mitigation;"Härledd fältreferens; inte riskregistrets kanoniska item_id";R-B10-080-01;Samordningsmöjligheten missas och prövningarna körs isolerat med motstridiga utfall;B10;B10-080;Kan prövningarna samordnas eller sambandsprövas?;Pröva alltid uttryckligen sambandsprövning enligt MB 21 kap. 3 § i denna nod, dokumentera skälen vid avstående, och upprätta en gemensam effekt- och antagandebas (baseline) som alla separata prövningar måste utgå ifrån om samordning inte görs.;Delvis inom mandat efter avgränsning;"Sökanden och berörd myndighet; endast angiven myndighetsdel anpassas";Pröva möjligheten att lagligen samla egna anknutna ärenden enligt MB 19 kap. 2 a §.;Förslagets domstolssamordning enligt MB 21 kap. 3 § ger inte myndigheten domstolens befogenheter. Sökanden tar fram gemensamt underlag.;Myndighetsdelen kan endast tillämpas inom egen rättslig behörighet. Förslagets domstolssamordning enligt MB 21 kap. 3 § ger inte myndigheten domstolens befogenheter. Sökanden tar fram gemensamt underlag.;;MPM-03;;;"Anpassning kopplad till uttryckliga målposter; övriga kontroller är självständiga analysförslag.";"FL 5–9 §§; MB 19 kap. 1–2 a §§; MPD-förordningen 3 §; Dir. 2026:13. Detaljstöd per faktiskt kopplad kontroll i kopplingsfilen.";2.2.0;mitigation;https://nic-esp.github.io/miljotillstandsrisker/data/riskregister.json;2026-09-30
R-B10-080-02:mitigation;"Härledd fältreferens; inte riskregistrets kanoniska item_id";R-B10-080-02;Sambandsprövning kopplar ihop spåren till en gemensam kritisk linje;B10;B10-080;Kan prövningarna samordnas eller sambandsprövas?;Gör en realistisk kritisk-linje-analys per delspår innan sambandsbeslutet, överväg parallella men separata ärenden med gemensam baseline där tidsskillnaderna är stora, och sätt upp en samordningsledare med mandat att eskalera spår som halkar efter.;Delvis inom mandat efter avgränsning;"Sökanden och berörd myndighet; endast angiven myndighetsdel anpassas";Dokumentera kontaktvägar, beroenden och överenskomna överlämnanden med andra organ.;"Sökandens projektledning och kritiska linje; ingen överordnad koordinator eller rätt att kräva beslut från andra organ.";"Myndighetsdelen kan endast tillämpas inom egen rättslig behörighet. Sökandens projektledning och kritiska linje; ingen överordnad koordinator eller rätt att kräva beslut från andra organ.";;MPM-04;;;"Anpassning kopplad till uttryckliga målposter; övriga kontroller är självständiga analysförslag.";"FL 5–9 §§; MB 19 kap. 1–2 a §§; MPD-förordningen 3 §; Dir. 2026:13. Detaljstöd per faktiskt kopplad kontroll i kopplingsfilen.";2.2.0;mitigation;https://nic-esp.github.io/miljotillstandsrisker/data/riskregister.json;2026-09-30
R-B10-080-03:mitigation;"Härledd fältreferens; inte riskregistrets kanoniska item_id";R-B10-080-03;Prövningsinstanserna kan inte enas om samordning och handoff;B10;B10-080;Kan prövningarna samordnas eller sambandsprövas?;"Upprätta en skriftlig samordningsöverenskommelse med namngivna kontaktpersoner, gemensam milstolpsplan och eskaleringsväg; bekräfta varje instans kapacitetsläge vid beslutet; och återbesök samordningsbeslutet vid varje reform- eller organisationsbesked som påverkar någon av instanserna.";Delvis inom mandat efter avgränsning;"Sökanden och berörd myndighet; endast angiven myndighetsdel anpassas";Dokumentera kontaktvägar, beroenden och överenskomna överlämnanden med andra organ.;"Sökandens projektledning och kritiska linje; ingen överordnad koordinator eller rätt att kräva beslut från andra organ.";"Myndighetsdelen kan endast tillämpas inom egen rättslig behörighet. Sökandens projektledning och kritiska linje; ingen överordnad koordinator eller rätt att kräva beslut från andra organ.";;MPM-04;MPM-F02 | MPM-T01;;"Anpassning kopplad till uttryckliga målposter; övriga kontroller är självständiga analysförslag.";"FL 5–9 §§; MB 19 kap. 1–2 a §§; MPD-förordningen 3 §; Dir. 2026:13. Detaljstöd per faktiskt kopplad kontroll i kopplingsfilen.";2.2.0;mitigation;https://nic-esp.github.io/miljotillstandsrisker/data/riskregister.json;2026-09-30
R-B10-090-01:mitigation;"Härledd fältreferens; inte riskregistrets kanoniska item_id";R-B10-090-01;Typfallsprofilen blir missvisande för grenens verkliga rättsläge;B10;B10-090;Lås representativt typfall och variantmetadata;Låt oberoende sakkunniga granska typfallet mot gällande rätt per låsningsdatum, dokumentera antaganden och kända osäkerheter i profilen, och koppla profilen till en versionsregel som tvingar fram omvalidering vid relevanta lagändringar.;Utanför myndighetens kontrollansvar;Sökanden/projektägaren;Ingen del av originalförslaget övertas som myndighetskontroll.;Originalets föreslagna åtgärd kvarstår hos angiven aktör.;Projektavgränsning, lokalisering, underlagsplanering och investeringsstyrning ligger hos sökanden. Myndighetens service innebär inte att den tar fram projektets analys eller påverkar kommunen/försvaret.;;;;;Ingen myndighetskontroll härleds ur denna åtgärd.;"FL 5–9 §§; MB 19 kap. 1–2 a §§; MPD-förordningen 3 §; Dir. 2026:13. Detaljstöd per faktiskt kopplad kontroll i kopplingsfilen.";2.2.0;mitigation;https://nic-esp.github.io/miljotillstandsrisker/data/riskregister.json;2026-09-30
R-B10-090-02:mitigation;"Härledd fältreferens; inte riskregistrets kanoniska item_id";R-B10-090-02;Företagsspecifik data smyger in i det generiska typfallet;B10;B10-090;Lås representativt typfall och variantmetadata;"Upprätta en sanerings- och granskningsrutin med två steg: teknisk sanering av identifierande uppgifter och sakgranskning av att profilen fortfarande är tillämpbar; dokumentera vilka generaliseringar som gjorts så att nedströms användare kan bedöma osäkerheten.";Utanför myndighetens kontrollansvar;Sökanden/projektägaren;Ingen del av originalförslaget övertas som myndighetskontroll.;Originalets föreslagna åtgärd kvarstår hos angiven aktör.;Projektavgränsning, lokalisering, underlagsplanering och investeringsstyrning ligger hos sökanden. Myndighetens service innebär inte att den tar fram projektets analys eller påverkar kommunen/försvaret.;;;;;Ingen myndighetskontroll härleds ur denna åtgärd.;"FL 5–9 §§; MB 19 kap. 1–2 a §§; MPD-förordningen 3 §; Dir. 2026:13. Detaljstöd per faktiskt kopplad kontroll i kopplingsfilen.";2.2.0;mitigation;https://nic-esp.github.io/miljotillstandsrisker/data/riskregister.json;2026-09-30
R-B10-START-01:mitigation;"Härledd fältreferens; inte riskregistrets kanoniska item_id";R-B10-START-01;Projektet initieras utan tillräcklig konkretion eller för sent;B10;B10-START;Konkret projekt/förändring initierad;Upprätta en formell initieringspunkt med checklista: fastställt investeringsbehov, preliminär teknik- och kapacitetsram, ägarbeslut om tillståndsarbetets omfattning och budget. Dokumentera antaganden och beslutslogg så att senare förändringar kan spåras och hanteras som styrda revideringar i stället för omstarter.;Utanför myndighetens kontrollansvar;Sökanden/projektägaren;Ingen del av originalförslaget övertas som myndighetskontroll.;Originalets föreslagna åtgärd kvarstår hos angiven aktör.;Projektavgränsning, lokalisering, underlagsplanering och investeringsstyrning ligger hos sökanden. Myndighetens service innebär inte att den tar fram projektets analys eller påverkar kommunen/försvaret.;;;;;Ingen myndighetskontroll härleds ur denna åtgärd.;"FL 5–9 §§; MB 19 kap. 1–2 a §§; MPD-förordningen 3 §; Dir. 2026:13. Detaljstöd per faktiskt kopplad kontroll i kopplingsfilen.";2.2.0;mitigation;https://nic-esp.github.io/miljotillstandsrisker/data/riskregister.json;2026-09-30
R-B20-010-01:mitigation;"Härledd fältreferens; inte riskregistrets kanoniska item_id";R-B20-010-01;Undersökningsunderlaget räcker inte för BMP-bedömningen;B20;B20-010;Ta fram undersökningsunderlag;Använd MBD:s innehållskrav som checklista, låt oberoende sakkunnig granska underlaget före utskick, och stäm av underlagets detaljnivå med länsstyrelsen i förhand innan samrådet kungörs.;Utanför myndighetens kontrollansvar;"Sökanden; länsstyrelsen/Naturvårdsverket i respektive myndighetsdel";Ingen del av originalförslaget övertas som myndighetskontroll.;Originalets föreslagna åtgärd kvarstår hos angiven aktör.;Samråds- och MKB-underlag samt sökandens val ligger hos sökanden. Ingen generell överföring av länsstyrelsens BMP/avgränsningsuppgifter eller Naturvårdsverkets Esbo-roll har lagts till S1.;;;;;Ingen myndighetskontroll härleds ur denna åtgärd.;"FL 5–9 §§; MB 19 kap. 1–2 a §§; MPD-förordningen 3 §; Dir. 2026:13. Detaljstöd per faktiskt kopplad kontroll i kopplingsfilen.";2.2.0;mitigation;https://nic-esp.github.io/miljotillstandsrisker/data/riskregister.json;2026-09-30
R-B20-010-02:mitigation;"Härledd fältreferens; inte riskregistrets kanoniska item_id";R-B20-010-02;Säsongsberoende basdata hinner inte samlas in;B20;B20-010;Ta fram undersökningsunderlag;Upprätta en säsongsplan med marginaler redan i B10-040, beställ fleråriga eller upprepade inventeringar där osäkerheten är stor, och dokumentera antagandens osäkerhet öppet i underlaget.;Utanför myndighetens kontrollansvar;"Sökanden; länsstyrelsen/Naturvårdsverket i respektive myndighetsdel";Ingen del av originalförslaget övertas som myndighetskontroll.;Originalets föreslagna åtgärd kvarstår hos angiven aktör.;Samråds- och MKB-underlag samt sökandens val ligger hos sökanden. Ingen generell överföring av länsstyrelsens BMP/avgränsningsuppgifter eller Naturvårdsverkets Esbo-roll har lagts till S1.;;;;;Ingen myndighetskontroll härleds ur denna åtgärd.;"FL 5–9 §§; MB 19 kap. 1–2 a §§; MPD-förordningen 3 §; Dir. 2026:13. Detaljstöd per faktiskt kopplad kontroll i kopplingsfilen.";2.2.0;mitigation;https://nic-esp.github.io/miljotillstandsrisker/data/riskregister.json;2026-09-30
R-B20-020-01:mitigation;"Härledd fältreferens; inte riskregistrets kanoniska item_id";R-B20-020-01;Särskilt berörda missas i samrådskretsen;B20;B20-020;Genomför undersökningssamråd;Kartlägg systematiskt angränsande tillståndshavare, koncessionsinnehavare, fastighetsägare och nyttjanderättshavare via fastighetsregister och tillståndsregister. Dokumentera bedömningen av särskild beröring per part och rådfråga länsstyrelsen om kretsen innan inbjudan skickas.;Utanför myndighetens kontrollansvar;"Sökanden; länsstyrelsen/Naturvårdsverket i respektive myndighetsdel";Ingen del av originalförslaget övertas som myndighetskontroll.;Originalets föreslagna åtgärd kvarstår hos angiven aktör.;Samråds- och MKB-underlag samt sökandens val ligger hos sökanden. Ingen generell överföring av länsstyrelsens BMP/avgränsningsuppgifter eller Naturvårdsverkets Esbo-roll har lagts till S1.;;;;;Ingen myndighetskontroll härleds ur denna åtgärd.;"FL 5–9 §§; MB 19 kap. 1–2 a §§; MPD-förordningen 3 §; Dir. 2026:13. Detaljstöd per faktiskt kopplad kontroll i kopplingsfilen.";2.2.0;mitigation;https://nic-esp.github.io/miljotillstandsrisker/data/riskregister.json;2026-09-30
R-B20-020-02:mitigation;"Härledd fältreferens; inte riskregistrets kanoniska item_id";R-B20-020-02;Lokal opinion mobiliserar och hårdnar under samrådet;B20;B20-020;Genomför undersökningssamråd;Bedriv genuin dialog före formella samrådet, lyssna in lokala kunskaper tidigt, var transparent om osäkerheter och möt kritik med verifierbar data i stället för kommunikationskampanjer. Etablera en beredskapsplan för opinionshantering som inte trappar upp konflikten.;Utanför myndighetens kontrollansvar;"Sökanden; länsstyrelsen/Naturvårdsverket i respektive myndighetsdel";Ingen del av originalförslaget övertas som myndighetskontroll.;Originalets föreslagna åtgärd kvarstår hos angiven aktör.;Samråds- och MKB-underlag samt sökandens val ligger hos sökanden. Ingen generell överföring av länsstyrelsens BMP/avgränsningsuppgifter eller Naturvårdsverkets Esbo-roll har lagts till S1.;;;;;Ingen myndighetskontroll härleds ur denna åtgärd.;"FL 5–9 §§; MB 19 kap. 1–2 a §§; MPD-förordningen 3 §; Dir. 2026:13. Detaljstöd per faktiskt kopplad kontroll i kopplingsfilen.";2.2.0;mitigation;https://nic-esp.github.io/miljotillstandsrisker/data/riskregister.json;2026-09-30
R-B20-030-01:mitigation;"Härledd fältreferens; inte riskregistrets kanoniska item_id";R-B20-030-01;Länsstyrelsens kapacitet försenar BMP-beslutet;B20;B20-030;Länsstyrelsens beslut om betydande miljöpåverkan;Dokumentera när ett fullständigt underlag, genomfört undersökningssamråd och samrådsredogörelsen kom in. Bevaka 60-dagarsfristen och begär skriftlig information om skäl och nytt slutdatum om länsstyrelsen förlänger tiden.;"Utanför beslutat mandat; framtida scenario";Sökanden och länsstyrelsen i nuläget;Egen mottagnings- och tidsuppföljning om tidig miljöbedömning senare överförs.;Ingen överföring till huvudscenario S1. Kräver senare uttryckligt uppdrag och lagstöd.;Ingen överföring till huvudscenario S1. Kräver senare uttryckligt uppdrag och lagstöd.;;MPM-F01;;;"Anpassning kopplad till uttryckliga målposter; övriga kontroller är självständiga analysförslag.";"FL 5–9 §§; MB 19 kap. 1–2 a §§; MPD-förordningen 3 §; Dir. 2026:13. Detaljstöd per faktiskt kopplad kontroll i kopplingsfilen.";2.2.0;mitigation;https://nic-esp.github.io/miljotillstandsrisker/data/riskregister.json;2026-09-30
R-B20-030-02:mitigation;"Härledd fältreferens; inte riskregistrets kanoniska item_id";R-B20-030-02;BMP-beslutet visar sig ligga fel när verkligheten växer fram;B20;B20-030;Länsstyrelsens beslut om betydande miljöpåverkan;"Bevaka projektets utveckling mot BMP-beslutets premisser; vid väsentliga ändringar, ta initiativ till förnyad bedömning själv i stället för att låta prövningsmyndigheten upptäcka avvikelsen. Dokumentera löpande varför beslutet fortfarande håller.";Utanför myndighetens kontrollansvar;"Sökanden; länsstyrelsen/Naturvårdsverket i respektive myndighetsdel";Ingen del av originalförslaget övertas som myndighetskontroll.;Originalets föreslagna åtgärd kvarstår hos angiven aktör.;Samråds- och MKB-underlag samt sökandens val ligger hos sökanden. Ingen generell överföring av länsstyrelsens BMP/avgränsningsuppgifter eller Naturvårdsverkets Esbo-roll har lagts till S1.;;;;;Ingen myndighetskontroll härleds ur denna åtgärd.;"FL 5–9 §§; MB 19 kap. 1–2 a §§; MPD-förordningen 3 §; Dir. 2026:13. Detaljstöd per faktiskt kopplad kontroll i kopplingsfilen.";2.2.0;mitigation;https://nic-esp.github.io/miljotillstandsrisker/data/riskregister.json;2026-09-30
R-B20-040-01:mitigation;"Härledd fältreferens; inte riskregistrets kanoniska item_id";R-B20-040-01;Avgränsningen blir för snäv – effekter dyker upp sent;B20;B20-040;Genomför avgränsningssamråd;Låt avgränsningen utgå från effekterna, inte från önskad ambitionsnivå. Inkludera en strukturerad kumulativ analys och nollalternativ från början. Dokumentera motiveringen för varje bortavgränsad fråga så att den kan försvaras i rättslig prövning.;Utanför myndighetens kontrollansvar;"Sökanden; länsstyrelsen/Naturvårdsverket i respektive myndighetsdel";Ingen del av originalförslaget övertas som myndighetskontroll.;Originalets föreslagna åtgärd kvarstår hos angiven aktör.;Samråds- och MKB-underlag samt sökandens val ligger hos sökanden. Ingen generell överföring av länsstyrelsens BMP/avgränsningsuppgifter eller Naturvårdsverkets Esbo-roll har lagts till S1.;;;;;Ingen myndighetskontroll härleds ur denna åtgärd.;"FL 5–9 §§; MB 19 kap. 1–2 a §§; MPD-förordningen 3 §; Dir. 2026:13. Detaljstöd per faktiskt kopplad kontroll i kopplingsfilen.";2.2.0;mitigation;https://nic-esp.github.io/miljotillstandsrisker/data/riskregister.json;2026-09-30
R-B20-040-02:mitigation;"Härledd fältreferens; inte riskregistrets kanoniska item_id";R-B20-040-02;Bred samrådskrets genererar oförenliga krav på MKB:n;B20;B20-040;Genomför avgränsningssamråd;Upprätta en synpunktshanteringsmatris som spårar varje framförd synpunkt till åtgärd eller motiverat avskriv. Avmystifiera prioriteringen i samrådsredogörelsen. Erbjud fördjupad dialog med de mest kritiska parterna utanför det formella samrådet.;Utanför myndighetens kontrollansvar;"Sökanden; länsstyrelsen/Naturvårdsverket i respektive myndighetsdel";Ingen del av originalförslaget övertas som myndighetskontroll.;Originalets föreslagna åtgärd kvarstår hos angiven aktör.;Samråds- och MKB-underlag samt sökandens val ligger hos sökanden. Ingen generell överföring av länsstyrelsens BMP/avgränsningsuppgifter eller Naturvårdsverkets Esbo-roll har lagts till S1.;;;;;Ingen myndighetskontroll härleds ur denna åtgärd.;"FL 5–9 §§; MB 19 kap. 1–2 a §§; MPD-förordningen 3 §; Dir. 2026:13. Detaljstöd per faktiskt kopplad kontroll i kopplingsfilen.";2.2.0;mitigation;https://nic-esp.github.io/miljotillstandsrisker/data/riskregister.json;2026-09-30
R-B20-040-03:mitigation;"Härledd fältreferens; inte riskregistrets kanoniska item_id";R-B20-040-03;Felbedömd samrådskrets utsätter ansökan för avvisningsrisk;B20;B20-040;Genomför avgränsningssamråd;Tillämpa en expansiv tolkning av särskild beröring: sök i tillstånds- och koncessionsregister, kontakta angränsande verksamhetsutövare skriftligt även vid osäkerhet, och dokumentera uteblivet svar. Låt jurist granska kretsen före inbjudan.;Utanför myndighetens kontrollansvar;"Sökanden; länsstyrelsen/Naturvårdsverket i respektive myndighetsdel";Ingen del av originalförslaget övertas som myndighetskontroll.;Originalets föreslagna åtgärd kvarstår hos angiven aktör.;Samråds- och MKB-underlag samt sökandens val ligger hos sökanden. Ingen generell överföring av länsstyrelsens BMP/avgränsningsuppgifter eller Naturvårdsverkets Esbo-roll har lagts till S1.;;;;;Ingen myndighetskontroll härleds ur denna åtgärd.;"FL 5–9 §§; MB 19 kap. 1–2 a §§; MPD-förordningen 3 §; Dir. 2026:13. Detaljstöd per faktiskt kopplad kontroll i kopplingsfilen.";2.2.0;mitigation;https://nic-esp.github.io/miljotillstandsrisker/data/riskregister.json;2026-09-30
R-B20-050-01:mitigation;"Härledd fältreferens; inte riskregistrets kanoniska item_id";R-B20-050-01;Avgränsningsbedömningen uteblir eller dröjer;B20;B20-050;Länsstyrelsens skriftliga avgränsningsbedömning;Begär den skriftliga bedömningen aktivt och tidsatt redan vid samrådets inledande, dokumentera muntliga ställningstaganden skriftligt mot länsstyrelsen, och ha en fallback där utredningen fortsätter efter egen bedömning med spårbar motivering.;"Utanför beslutat mandat; framtida scenario";Sökanden och länsstyrelsen i nuläget;Dokumenterat avgränsningsbesked om ansvaret senare överförs.;Ingen överföring till huvudscenario S1. Kräver senare uttryckligt uppdrag och lagstöd.;Ingen överföring till huvudscenario S1. Kräver senare uttryckligt uppdrag och lagstöd.;;MPM-F01;;;"Anpassning kopplad till uttryckliga målposter; övriga kontroller är självständiga analysförslag.";"FL 5–9 §§; MB 19 kap. 1–2 a §§; MPD-förordningen 3 §; Dir. 2026:13. Detaljstöd per faktiskt kopplad kontroll i kopplingsfilen.";2.2.0;mitigation;https://nic-esp.github.io/miljotillstandsrisker/data/riskregister.json;2026-09-30
R-B20-050-02:mitigation;"Härledd fältreferens; inte riskregistrets kanoniska item_id";R-B20-050-02;Avgränsningsbeslutet för förnybar energi får fel omfattning;B20;B20-050;Länsstyrelsens skriftliga avgränsningsbedömning;Lämna ett kvalitetssäkrat och versionslåst underlag inför beslutet. Dokumentera vilka projektuppgifter länsstyrelsen lagt till grund för omfattningen, följ upp ändringar som kan bryta överensstämmelsen och behandla bedömningen av detaljeringsgrad som vägledande, inte bindande.;Utanför myndighetens kontrollansvar;"Sökanden; länsstyrelsen/Naturvårdsverket i respektive myndighetsdel";Ingen del av originalförslaget övertas som myndighetskontroll.;Originalets föreslagna åtgärd kvarstår hos angiven aktör.;Samråds- och MKB-underlag samt sökandens val ligger hos sökanden. Ingen generell överföring av länsstyrelsens BMP/avgränsningsuppgifter eller Naturvårdsverkets Esbo-roll har lagts till S1.;;;;;Ingen myndighetskontroll härleds ur denna åtgärd.;"FL 5–9 §§; MB 19 kap. 1–2 a §§; MPD-förordningen 3 §; Dir. 2026:13. Detaljstöd per faktiskt kopplad kontroll i kopplingsfilen.";2.2.0;mitigation;https://nic-esp.github.io/miljotillstandsrisker/data/riskregister.json;2026-09-30
R-B20-050-03:mitigation;"Härledd fältreferens; inte riskregistrets kanoniska item_id";R-B20-050-03;Mallstyrda avgränsningsbesked spär ut MKB:n;B20;B20-050;Länsstyrelsens skriftliga avgränsningsbedömning;För en aktiv dialog med länsstyrelsen om vad som är verkligt beslutsrelevant. Åberopa proportionalitetsprincipen i 6 kap. MB och hänvisa till avgränsningsbeslutets styrande funktion. Eskalera mallkrav som saknar projektförankring via formell återkoppling.;"Utanför beslutat mandat; framtida scenario";Sökanden och länsstyrelsen i nuläget;Individuellt motiverade utredningskrav om ansvaret senare överförs.;Ingen överföring till huvudscenario S1. Kräver senare uttryckligt uppdrag och lagstöd.;Ingen överföring till huvudscenario S1. Kräver senare uttryckligt uppdrag och lagstöd.;;MPM-F01;;;"Anpassning kopplad till uttryckliga målposter; övriga kontroller är självständiga analysförslag.";"FL 5–9 §§; MB 19 kap. 1–2 a §§; MPD-förordningen 3 §; Dir. 2026:13. Detaljstöd per faktiskt kopplad kontroll i kopplingsfilen.";2.2.0;mitigation;https://nic-esp.github.io/miljotillstandsrisker/data/riskregister.json;2026-09-30
R-B20-060-01:mitigation;"Härledd fältreferens; inte riskregistrets kanoniska item_id";R-B20-060-01;MKB:n brister i kumulativa effekter, nollalternativ eller sammanfattning;B20;B20-060;Slutför utredningar och MKB;Strukturera MKB-arbetet efter MBD:s innehållskrav med särskilt ansvariga för de integrerande avsnitten (kumulativt, nollalternativ, Natura 2000, sammanfattning). Låt extern kvalitetsgranskare testa dokumentet mot rättspraxis innan det lämnas in.;Utanför myndighetens kontrollansvar;"Sökanden; länsstyrelsen/Naturvårdsverket i respektive myndighetsdel";Ingen del av originalförslaget övertas som myndighetskontroll.;Originalets föreslagna åtgärd kvarstår hos angiven aktör.;Samråds- och MKB-underlag samt sökandens val ligger hos sökanden. Ingen generell överföring av länsstyrelsens BMP/avgränsningsuppgifter eller Naturvårdsverkets Esbo-roll har lagts till S1.;;;;;Ingen myndighetskontroll härleds ur denna åtgärd.;"FL 5–9 §§; MB 19 kap. 1–2 a §§; MPD-förordningen 3 §; Dir. 2026:13. Detaljstöd per faktiskt kopplad kontroll i kopplingsfilen.";2.2.0;mitigation;https://nic-esp.github.io/miljotillstandsrisker/data/riskregister.json;2026-09-30
R-B20-060-02:mitigation;"Härledd fältreferens; inte riskregistrets kanoniska item_id";R-B20-060-02;Säsongs- och väderstörningar slår ut fältinventeringar;B20;B20-060;Slutför utredningar och MKB;Planera redundans i inventeringsprogrammet: fler säsonger än minimikravet, alternativa metoder (DNA-provtagning, automatiska logger, satellitdata) som komplement, och start av fältarbete så tidigt som möjligt i B20-spåret.;Utanför myndighetens kontrollansvar;"Sökanden; länsstyrelsen/Naturvårdsverket i respektive myndighetsdel";Ingen del av originalförslaget övertas som myndighetskontroll.;Originalets föreslagna åtgärd kvarstår hos angiven aktör.;Samråds- och MKB-underlag samt sökandens val ligger hos sökanden. Ingen generell överföring av länsstyrelsens BMP/avgränsningsuppgifter eller Naturvårdsverkets Esbo-roll har lagts till S1.;;;;;Ingen myndighetskontroll härleds ur denna åtgärd.;"FL 5–9 §§; MB 19 kap. 1–2 a §§; MPD-förordningen 3 §; Dir. 2026:13. Detaljstöd per faktiskt kopplad kontroll i kopplingsfilen.";2.2.0;mitigation;https://nic-esp.github.io/miljotillstandsrisker/data/riskregister.json;2026-09-30
R-B20-060-03:mitigation;"Härledd fältreferens; inte riskregistrets kanoniska item_id";R-B20-060-03;Komplex effektmodellering ifrågasätts i prövningen;B20;B20-060;Slutför utredningar och MKB;Använd etablerade och granskade metoder, dokumentera osäkerheter med känslighets- och scenarieanalyser, låt oberoende experter granska modellerna före inlämning, och presentera resultaten så att icke-specialister kan följa resonemangen.;Utanför myndighetens kontrollansvar;"Sökanden; länsstyrelsen/Naturvårdsverket i respektive myndighetsdel";Ingen del av originalförslaget övertas som myndighetskontroll.;Originalets föreslagna åtgärd kvarstår hos angiven aktör.;Samråds- och MKB-underlag samt sökandens val ligger hos sökanden. Ingen generell överföring av länsstyrelsens BMP/avgränsningsuppgifter eller Naturvårdsverkets Esbo-roll har lagts till S1.;;;;;Ingen myndighetskontroll härleds ur denna åtgärd.;"FL 5–9 §§; MB 19 kap. 1–2 a §§; MPD-förordningen 3 §; Dir. 2026:13. Detaljstöd per faktiskt kopplad kontroll i kopplingsfilen.";2.2.0;mitigation;https://nic-esp.github.io/miljotillstandsrisker/data/riskregister.json;2026-09-30
R-B20-070-01:mitigation;"Härledd fältreferens; inte riskregistrets kanoniska item_id";R-B20-070-01;Det förenklade underlaget underkänns vid ansökan;B20;B20-070;Ta fram förenklat miljöunderlag;Ta inte genvägar i det förenklade spåret: redovisa samrådet fullständigt, beskriv effekterna med samma strukturella rigor som i en MKB fast i mindre skala, och säkra att länsstyrelsens BMP-beslut dokumenterat matchar det underlag som produceras.;Utanför myndighetens kontrollansvar;"Sökanden; länsstyrelsen/Naturvårdsverket i respektive myndighetsdel";Ingen del av originalförslaget övertas som myndighetskontroll.;Originalets föreslagna åtgärd kvarstår hos angiven aktör.;Samråds- och MKB-underlag samt sökandens val ligger hos sökanden. Ingen generell överföring av länsstyrelsens BMP/avgränsningsuppgifter eller Naturvårdsverkets Esbo-roll har lagts till S1.;;;;;Ingen myndighetskontroll härleds ur denna åtgärd.;"FL 5–9 §§; MB 19 kap. 1–2 a §§; MPD-förordningen 3 §; Dir. 2026:13. Detaljstöd per faktiskt kopplad kontroll i kopplingsfilen.";2.2.0;mitigation;https://nic-esp.github.io/miljotillstandsrisker/data/riskregister.json;2026-09-30
R-B20-080-01:mitigation;"Härledd fältreferens; inte riskregistrets kanoniska item_id";R-B20-080-01;Översättnings- och remissleder i Esbo-förfarandet drar ut tiden;B20;B20-080;Genomför gränsöverskridande samråd;Kontakta Naturvårdsverket tidigt, identifiera översättningsbehov och planera minst 30 dagars synpunktstid när ett annat land deltar. Dokumentera också den tid som landet fått för att ta ställning till deltagande.;Utanför myndighetens kontrollansvar;"Sökanden; länsstyrelsen/Naturvårdsverket i respektive myndighetsdel";Ingen del av originalförslaget övertas som myndighetskontroll.;Originalets föreslagna åtgärd kvarstår hos angiven aktör.;Samråds- och MKB-underlag samt sökandens val ligger hos sökanden. Ingen generell överföring av länsstyrelsens BMP/avgränsningsuppgifter eller Naturvårdsverkets Esbo-roll har lagts till S1.;;;;;Ingen myndighetskontroll härleds ur denna åtgärd.;"FL 5–9 §§; MB 19 kap. 1–2 a §§; MPD-förordningen 3 §; Dir. 2026:13. Detaljstöd per faktiskt kopplad kontroll i kopplingsfilen.";2.2.0;mitigation;https://nic-esp.github.io/miljotillstandsrisker/data/riskregister.json;2026-09-30
R-B20-080-02:mitigation;"Härledd fältreferens; inte riskregistrets kanoniska item_id";R-B20-080-02;Berörd stats synpunkter tvingar fram projektändringar;B20;B20-080;Genomför gränsöverskridande samråd;Behandla grannstaten som en strategisk part redan före formell underrättelse: informell förhandskontakt, gemensamma expertmöten om delade effektvägar, och tidig analys av vilka projektanpassningar som är rimliga om synpunkter kommer.;Utanför myndighetens kontrollansvar;"Sökanden; länsstyrelsen/Naturvårdsverket i respektive myndighetsdel";Ingen del av originalförslaget övertas som myndighetskontroll.;Originalets föreslagna åtgärd kvarstår hos angiven aktör.;Samråds- och MKB-underlag samt sökandens val ligger hos sökanden. Ingen generell överföring av länsstyrelsens BMP/avgränsningsuppgifter eller Naturvårdsverkets Esbo-roll har lagts till S1.;;;;;Ingen myndighetskontroll härleds ur denna åtgärd.;"FL 5–9 §§; MB 19 kap. 1–2 a §§; MPD-förordningen 3 §; Dir. 2026:13. Detaljstöd per faktiskt kopplad kontroll i kopplingsfilen.";2.2.0;mitigation;https://nic-esp.github.io/miljotillstandsrisker/data/riskregister.json;2026-09-30
R-B20-090-01:mitigation;"Härledd fältreferens; inte riskregistrets kanoniska item_id";R-B20-090-01;Glapp mellan MKB och teknisk ansökan upptäcks i prövningen;B20;B20-090;Kvalitetssäkra miljöunderlaget mot ansökningsramen;Inför en spårbarhetsmatris som länkar varje samrådssynpunkt → avgränsningsställningstagande → MKB-avsnitt → villkorsförslag. Genomför en gemensam slutgranskning av MKB och teknisk ansökan med samma granskningslag före inlämning.;Utanför myndighetens kontrollansvar;"Sökanden; länsstyrelsen/Naturvårdsverket i respektive myndighetsdel";Ingen del av originalförslaget övertas som myndighetskontroll.;Originalets föreslagna åtgärd kvarstår hos angiven aktör.;Samråds- och MKB-underlag samt sökandens val ligger hos sökanden. Ingen generell överföring av länsstyrelsens BMP/avgränsningsuppgifter eller Naturvårdsverkets Esbo-roll har lagts till S1.;;;;;Ingen myndighetskontroll härleds ur denna åtgärd.;"FL 5–9 §§; MB 19 kap. 1–2 a §§; MPD-förordningen 3 §; Dir. 2026:13. Detaljstöd per faktiskt kopplad kontroll i kopplingsfilen.";2.2.0;mitigation;https://nic-esp.github.io/miljotillstandsrisker/data/riskregister.json;2026-09-30
R-B20-090-02:mitigation;"Härledd fältreferens; inte riskregistrets kanoniska item_id";R-B20-090-02;Projektet har förändrats utan att samrådet förnyats;B20;B20-090;Kvalitetssäkra miljöunderlaget mot ansökningsramen;Inför en ändringslogg över projektparametrar med tröskelbedömning: varje väsentlig ändring utlöser en formell prövning av behovet av förnyat samråd, dokumenterad och avstämd med länsstyrelsen. Låt kvalitetssäkringen verifiera att ansökan och samrådsunderlag beskriver samma projekt.;Utanför myndighetens kontrollansvar;"Sökanden; länsstyrelsen/Naturvårdsverket i respektive myndighetsdel";Ingen del av originalförslaget övertas som myndighetskontroll.;Originalets föreslagna åtgärd kvarstår hos angiven aktör.;Samråds- och MKB-underlag samt sökandens val ligger hos sökanden. Ingen generell överföring av länsstyrelsens BMP/avgränsningsuppgifter eller Naturvårdsverkets Esbo-roll har lagts till S1.;;;;;Ingen myndighetskontroll härleds ur denna åtgärd.;"FL 5–9 §§; MB 19 kap. 1–2 a §§; MPD-förordningen 3 §; Dir. 2026:13. Detaljstöd per faktiskt kopplad kontroll i kopplingsfilen.";2.2.0;mitigation;https://nic-esp.github.io/miljotillstandsrisker/data/riskregister.json;2026-09-30
R-B20-G010-01:mitigation;"Härledd fältreferens; inte riskregistrets kanoniska item_id";R-B20-G010-01;Fel vald miljöbedömningsväg ger dubbelarbete och omstart;B20;B20-G010;Hur initieras miljöbedömningen?;Gör en tidig screening av MBD:s obligatoriska kategorier och av Natura 2000-beröring (geografisk skärning mot förtecknade områden och bevarandeplaner) innan vägval. Beslutsunderlaget ska dokumentera varför valt spår är rätt. Ta in länsstyrelsens samrådssamordnare i själva vägvalet.;Utanför myndighetens kontrollansvar;"Sökanden; länsstyrelsen/Naturvårdsverket i respektive myndighetsdel";Ingen del av originalförslaget övertas som myndighetskontroll.;Originalets föreslagna åtgärd kvarstår hos angiven aktör.;Samråds- och MKB-underlag samt sökandens val ligger hos sökanden. Ingen generell överföring av länsstyrelsens BMP/avgränsningsuppgifter eller Naturvårdsverkets Esbo-roll har lagts till S1.;;;;;Ingen myndighetskontroll härleds ur denna åtgärd.;"FL 5–9 §§; MB 19 kap. 1–2 a §§; MPD-förordningen 3 §; Dir. 2026:13. Detaljstöd per faktiskt kopplad kontroll i kopplingsfilen.";2.2.0;mitigation;https://nic-esp.github.io/miljotillstandsrisker/data/riskregister.json;2026-09-30
R-B20-G010-02:mitigation;"Härledd fältreferens; inte riskregistrets kanoniska item_id";R-B20-G010-02;Sektorsspår och Natura-kollisioner fångas inte i vägvalet;B20;B20-G010;Hur initieras miljöbedömningen?;Koppla vägvalet till B10-processens tillståndsmatris så att alla identifierade tillstånd och dispenser speglas i miljöbedömningens planering. Ta fram en gränssnittslista över sektorslagstiftning och låt länsstyrelsen bekräfta samordningsbehovet.;Utanför myndighetens kontrollansvar;"Sökanden; länsstyrelsen/Naturvårdsverket i respektive myndighetsdel";Ingen del av originalförslaget övertas som myndighetskontroll.;Originalets föreslagna åtgärd kvarstår hos angiven aktör.;Samråds- och MKB-underlag samt sökandens val ligger hos sökanden. Ingen generell överföring av länsstyrelsens BMP/avgränsningsuppgifter eller Naturvårdsverkets Esbo-roll har lagts till S1.;;;;;Ingen myndighetskontroll härleds ur denna åtgärd.;"FL 5–9 §§; MB 19 kap. 1–2 a §§; MPD-förordningen 3 §; Dir. 2026:13. Detaljstöd per faktiskt kopplad kontroll i kopplingsfilen.";2.2.0;mitigation;https://nic-esp.github.io/miljotillstandsrisker/data/riskregister.json;2026-09-30
R-B20-G010-03:mitigation;"Härledd fältreferens; inte riskregistrets kanoniska item_id";R-B20-G010-03;Pågående reformer gör vägvalet rättsligt rörligt;B20;B20-G010;Hur initieras miljöbedömningen?;Gör en uttrycklig lagvalsanalys per projektstartdatum, följ Naturvårdsverkets och länsstyrelsernas tillämpningsvägledningar för de nya bestämmelserna och dokumentera vilket regelverk som tillämpas i varje led.;Utanför myndighetens kontrollansvar;"Sökanden; länsstyrelsen/Naturvårdsverket i respektive myndighetsdel";Ingen del av originalförslaget övertas som myndighetskontroll.;Originalets föreslagna åtgärd kvarstår hos angiven aktör.;Samråds- och MKB-underlag samt sökandens val ligger hos sökanden. Ingen generell överföring av länsstyrelsens BMP/avgränsningsuppgifter eller Naturvårdsverkets Esbo-roll har lagts till S1.;;;;;Ingen myndighetskontroll härleds ur denna åtgärd.;"FL 5–9 §§; MB 19 kap. 1–2 a §§; MPD-förordningen 3 §; Dir. 2026:13. Detaljstöd per faktiskt kopplad kontroll i kopplingsfilen.";2.2.0;mitigation;https://nic-esp.github.io/miljotillstandsrisker/data/riskregister.json;2026-09-30
R-B20-G020-01:mitigation;"Härledd fältreferens; inte riskregistrets kanoniska item_id";R-B20-G020-01;Gränsdragningen mellan full MKB och förenklat underlag missbedöms;B20;B20-G020;Betydande miljöpåverkan?;I gränsfall: välj det säkrare spåret eller avstäm uttryckligen med länsstyrelsen och dokumentera ställningstagandet. Rådfråga extern miljörättslig expertis vid oklarhet och låt beslutet vara reviderbart vid ändrade förutsättningar.;Utanför myndighetens kontrollansvar;"Sökanden; länsstyrelsen/Naturvårdsverket i respektive myndighetsdel";Ingen del av originalförslaget övertas som myndighetskontroll.;Originalets föreslagna åtgärd kvarstår hos angiven aktör.;Samråds- och MKB-underlag samt sökandens val ligger hos sökanden. Ingen generell överföring av länsstyrelsens BMP/avgränsningsuppgifter eller Naturvårdsverkets Esbo-roll har lagts till S1.;;;MPM-F01;;Självständig kontroll finns för risken, men är inte en övertagen originalåtgärd.;"FL 5–9 §§; MB 19 kap. 1–2 a §§; MPD-förordningen 3 §; Dir. 2026:13. Detaljstöd per faktiskt kopplad kontroll i kopplingsfilen.";2.2.0;mitigation;https://nic-esp.github.io/miljotillstandsrisker/data/riskregister.json;2026-09-30
R-B20-G080-01:mitigation;"Härledd fältreferens; inte riskregistrets kanoniska item_id";R-B20-G080-01;Gränsöverskridande påverkan upptäcks för sent;B20;B20-G080;Gränsöverskridande påverkan?;Gör en dokumenterad screening av gränsöverskridande effektvägar (vatten, luft, arter, hav) redan i avgränsningsfasen och rådfråga Naturvårdsverket som kontaktpunkt vid minsta osäkerhet. Lägg Esbo-frågan som standardpunkt i avgränsningssamrådet med länsstyrelsen.;Utanför myndighetens kontrollansvar;"Sökanden; länsstyrelsen/Naturvårdsverket i respektive myndighetsdel";Ingen del av originalförslaget övertas som myndighetskontroll.;Originalets föreslagna åtgärd kvarstår hos angiven aktör.;Samråds- och MKB-underlag samt sökandens val ligger hos sökanden. Ingen generell överföring av länsstyrelsens BMP/avgränsningsuppgifter eller Naturvårdsverkets Esbo-roll har lagts till S1.;;;;;Ingen myndighetskontroll härleds ur denna åtgärd.;"FL 5–9 §§; MB 19 kap. 1–2 a §§; MPD-förordningen 3 §; Dir. 2026:13. Detaljstöd per faktiskt kopplad kontroll i kopplingsfilen.";2.2.0;mitigation;https://nic-esp.github.io/miljotillstandsrisker/data/riskregister.json;2026-09-30
R-B20-START-01:mitigation;"Härledd fältreferens; inte riskregistrets kanoniska item_id";R-B20-START-01;Samrådet initieras för sent – alternativen är redan låsta;B20;B20-START;Miljöbedömningsväg initierad;Starta miljöbedömningsprocessen parallellt med förstudien (B10) innan lokalisering och teknikval låses. Dokumentera i ett alternativbeslut vilka alternativ som är öppna vid samrådets början. Sätt en intern spärr: inget investerings- eller markförvärvsbeslut före inlett samråd. Använd tidig dialog med länsstyrelse för att kalibrera tidpunkten.;Utanför myndighetens kontrollansvar;"Sökanden; länsstyrelsen/Naturvårdsverket i respektive myndighetsdel";Ingen del av originalförslaget övertas som myndighetskontroll.;Originalets föreslagna åtgärd kvarstår hos angiven aktör.;Samråds- och MKB-underlag samt sökandens val ligger hos sökanden. Ingen generell överföring av länsstyrelsens BMP/avgränsningsuppgifter eller Naturvårdsverkets Esbo-roll har lagts till S1.;;;;;Ingen myndighetskontroll härleds ur denna åtgärd.;"FL 5–9 §§; MB 19 kap. 1–2 a §§; MPD-förordningen 3 §; Dir. 2026:13. Detaljstöd per faktiskt kopplad kontroll i kopplingsfilen.";2.2.0;mitigation;https://nic-esp.github.io/miljotillstandsrisker/data/riskregister.json;2026-09-30
R-B30-010-01:mitigation;"Härledd fältreferens; inte riskregistrets kanoniska item_id";R-B30-010-01;Oöverblickbar villkorshistorik;B30;B30-010;Inventera tillstånds- och ändringshistorik;"Bygg en konsoliderad tillstånds- och villkorsmatris med diarienummer, rättskraftsdatum och sambandsmarkering per villkor; stäm av mot tillsynsmyndighetens register och ansökningsarkiv innan ansökan formuleras.";Utanför myndighetens kontrollansvar;"Sökanden; befintlig tillsyns- eller prövningsinstans där relevant";Ingen del av originalförslaget övertas som myndighetskontroll.;Originalets föreslagna åtgärd kvarstår hos angiven aktör.;Den föreslagna åtgärden gäller sökandens underlag, strategi, efterlevnad eller initiering av process. Ny myndighet får inte ta denna roll eller överta fristående tillsyn genom en kontroll.;;;;;Ingen myndighetskontroll härleds ur denna åtgärd.;"FL 5–9 §§; MB 19 kap. 1–2 a §§; MPD-förordningen 3 §; Dir. 2026:13. Detaljstöd per faktiskt kopplad kontroll i kopplingsfilen.";2.2.0;mitigation;https://nic-esp.github.io/miljotillstandsrisker/data/riskregister.json;2026-09-30
R-B30-010-02:mitigation;"Härledd fältreferens; inte riskregistrets kanoniska item_id";R-B30-010-02;Äldre beslut saknas i arkiv;B30;B30-010;Inventera tillstånds- och ändringshistorik;Rekvirera tidigt handlingar från länsstyrelsens, domstolens och kommunens arkiv, kartlägg ägarkedjan för verksamheten, och låt dokumentera vilka beslut som inte kunnat återfinnas med en juridisk bedömning av konsekvenserna.;Delvis inom mandat efter avgränsning;"Sökanden och berörd myndighet; endast angiven myndighetsdel anpassas";Tillgängliggöra och korsreferera egna eller övertagna historiska beslut.;Sökandens fullständiga arkiv- och tillståndsinventering samt andra organs arkiv.;Myndighetsdelen kan endast tillämpas inom egen rättslig behörighet. Sökandens fullständiga arkiv- och tillståndsinventering samt andra organs arkiv.;;MPM-10;;;"Anpassning kopplad till uttryckliga målposter; övriga kontroller är självständiga analysförslag.";"FL 5–9 §§; MB 19 kap. 1–2 a §§; MPD-förordningen 3 §; Dir. 2026:13. Detaljstöd per faktiskt kopplad kontroll i kopplingsfilen.";2.2.0;mitigation;https://nic-esp.github.io/miljotillstandsrisker/data/riskregister.json;2026-09-30
R-B30-060-01:mitigation;"Härledd fältreferens; inte riskregistrets kanoniska item_id";R-B30-060-01;Parallella tillståndsspår missas i gränssnittsmatrisen;B30;B30-060;Lås prövningsram och gränssnitt;Upprätta en obligatorisk gränssnittsmatris tidigt med checklista över samtliga tillståndsregimer (FVV/LVV, NATURA, STRAND, SEVESO, PBL, KML, ELLAG), och samordna ansökningarna så att kombinerade mål kan prövas gemensamt i mark- och miljödomstol.;Utanför myndighetens kontrollansvar;"Sökanden; befintlig tillsyns- eller prövningsinstans där relevant";Ingen del av originalförslaget övertas som myndighetskontroll.;Originalets föreslagna åtgärd kvarstår hos angiven aktör.;Den föreslagna åtgärden gäller sökandens underlag, strategi, efterlevnad eller initiering av process. Ny myndighet får inte ta denna roll eller överta fristående tillsyn genom en kontroll.;;;;;Ingen myndighetskontroll härleds ur denna åtgärd.;"FL 5–9 §§; MB 19 kap. 1–2 a §§; MPD-förordningen 3 §; Dir. 2026:13. Detaljstöd per faktiskt kopplad kontroll i kopplingsfilen.";2.2.0;mitigation;https://nic-esp.github.io/miljotillstandsrisker/data/riskregister.json;2026-09-30
R-B30-060-02:mitigation;"Härledd fältreferens; inte riskregistrets kanoniska item_id";R-B30-060-02;Prövningsramen låses för snävt;B30;B30-060;Lås prövningsram och gränssnitt;Låt prövningsramen granskas av både jurist och teknikkonsult mot recipient- och störningsanalys, markera explicit vilka villkor som lämnas utanför och varför, och ha en förberedd plan för att bredda ramen utan att ansökan behöver göras om från grunden.;Utanför myndighetens kontrollansvar;"Sökanden; befintlig tillsyns- eller prövningsinstans där relevant";Ingen del av originalförslaget övertas som myndighetskontroll.;Originalets föreslagna åtgärd kvarstår hos angiven aktör.;Den föreslagna åtgärden gäller sökandens underlag, strategi, efterlevnad eller initiering av process. Ny myndighet får inte ta denna roll eller överta fristående tillsyn genom en kontroll.;;;;;Ingen myndighetskontroll härleds ur denna åtgärd.;"FL 5–9 §§; MB 19 kap. 1–2 a §§; MPD-förordningen 3 §; Dir. 2026:13. Detaljstöd per faktiskt kopplad kontroll i kopplingsfilen.";2.2.0;mitigation;https://nic-esp.github.io/miljotillstandsrisker/data/riskregister.json;2026-09-30
R-B30-070-01:mitigation;"Härledd fältreferens; inte riskregistrets kanoniska item_id";R-B30-070-01;MKB:n täcker inte den prövning som faktiskt krävs;B30;B30-070;Verifiera miljöbedömning och samråd;Gör en formell gap-analys av MKB:n mot det valda spårets krav innan ansökan, säkra att säsongsberoende inventeringar schemalagts med god marginal, och låt en oberoende granskare pröva underlaget mot domstolarnas tillräcklighetskrav.;Utanför myndighetens kontrollansvar;"Sökanden; befintlig tillsyns- eller prövningsinstans där relevant";Ingen del av originalförslaget övertas som myndighetskontroll.;Originalets föreslagna åtgärd kvarstår hos angiven aktör.;Den föreslagna åtgärden gäller sökandens underlag, strategi, efterlevnad eller initiering av process. Ny myndighet får inte ta denna roll eller överta fristående tillsyn genom en kontroll.;;;;;Ingen myndighetskontroll härleds ur denna åtgärd.;"FL 5–9 §§; MB 19 kap. 1–2 a §§; MPD-förordningen 3 §; Dir. 2026:13. Detaljstöd per faktiskt kopplad kontroll i kopplingsfilen.";2.2.0;mitigation;https://nic-esp.github.io/miljotillstandsrisker/data/riskregister.json;2026-09-30
R-B30-070-02:mitigation;"Härledd fältreferens; inte riskregistrets kanoniska item_id";R-B30-070-02;Förenklat underlag ifrågasätts vid ändring;B30;B30-070;Verifiera miljöbedömning och samråd;Dokumentera motiveringen för förenklat underlag med utsläpps- och effektjämförelse mot gällande tillstånd, stäm av omfattningen med prövningsinstansen före inlämning, och förbered data så att underlaget snabbt kan kompletteras om kravet höjs.;Delvis inom mandat efter avgränsning;"Sökanden och berörd myndighet; endast angiven myndighetsdel anpassas";Ge begripliga krav och samlad återkoppling på brister i eget ärende.;Sökandens redaktörsarbete, egen kvalitetsgranskning och framställning av ansökan.;Myndighetsdelen kan endast tillämpas inom egen rättslig behörighet. Sökandens redaktörsarbete, egen kvalitetsgranskning och framställning av ansökan.;;MPM-05;;MPM-01;"Anpassning kopplad till uttryckliga målposter; övriga kontroller är självständiga analysförslag.";"FL 5–9 §§; MB 19 kap. 1–2 a §§; MPD-förordningen 3 §; Dir. 2026:13. Detaljstöd per faktiskt kopplad kontroll i kopplingsfilen.";2.2.0;mitigation;https://nic-esp.github.io/miljotillstandsrisker/data/riskregister.json;2026-09-30
R-B30-100-01:mitigation;"Härledd fältreferens; inte riskregistrets kanoniska item_id";R-B30-100-01;Oprecisa yrkanden stjälper handläggningen;B30;B30-100;Sammanställ 9 kap.-ansökan;Låt en dedikerad redaktör granska ansökan för inre konsistens, verifiera att varje yrkande är mätbart och villkorsbart, och använd domstolens och delegationens checklistor för ansökningshandlingar före inlämning.;Delvis inom mandat efter avgränsning;"Sökanden och berörd myndighet; endast angiven myndighetsdel anpassas";Ge begripliga krav och samlad återkoppling på brister i eget ärende.;Sökandens redaktörsarbete, egen kvalitetsgranskning och framställning av ansökan.;Myndighetsdelen kan endast tillämpas inom egen rättslig behörighet. Sökandens redaktörsarbete, egen kvalitetsgranskning och framställning av ansökan.;;MPM-05;;MPM-01;"Anpassning kopplad till uttryckliga målposter; övriga kontroller är självständiga analysförslag.";"FL 5–9 §§; MB 19 kap. 1–2 a §§; MPD-förordningen 3 §; Dir. 2026:13. Detaljstöd per faktiskt kopplad kontroll i kopplingsfilen.";2.2.0;mitigation;https://nic-esp.github.io/miljotillstandsrisker/data/riskregister.json;2026-09-30
R-B30-100-02:mitigation;"Härledd fältreferens; inte riskregistrets kanoniska item_id";R-B30-100-02;Villkorsförslagen krockar med tillståndshistoriken;B30;B30-100;Sammanställ 9 kap.-ansökan;Bifoga en villkorsmatris till ansökan som villkor för villkor anger nytt villkor, ersatt villkor och motiv, och låt tillsynsmyndigheten granska matrisen innan inlämning.;Utanför myndighetens kontrollansvar;"Sökanden; befintlig tillsyns- eller prövningsinstans där relevant";Ingen del av originalförslaget övertas som myndighetskontroll.;Originalets föreslagna åtgärd kvarstår hos angiven aktör.;Den föreslagna åtgärden gäller sökandens underlag, strategi, efterlevnad eller initiering av process. Ny myndighet får inte ta denna roll eller överta fristående tillsyn genom en kontroll.;;;MPM-05;;Självständig kontroll finns för risken, men är inte en övertagen originalåtgärd.;"FL 5–9 §§; MB 19 kap. 1–2 a §§; MPD-förordningen 3 §; Dir. 2026:13. Detaljstöd per faktiskt kopplad kontroll i kopplingsfilen.";2.2.0;mitigation;https://nic-esp.github.io/miljotillstandsrisker/data/riskregister.json;2026-09-30
R-B30-C100-01:mitigation;"Härledd fältreferens; inte riskregistrets kanoniska item_id";R-B30-C100-01;Anmälan håller inte för BMP-prövningen;B30;B30-C100;Ta fram C-/ändringsanmälan;Använd tillsynsmyndighetens checklistor för anmälningsinnehåll, bifoga kvantifierade utsläpps- och störningsdata även när lagen inte uttryckligen kräver det, och låt en miljötekniker granska underlaget mot BMP-kriterierna innan inlämning.;Utanför myndighetens kontrollansvar;"Sökanden; befintlig tillsyns- eller prövningsinstans där relevant";Ingen del av originalförslaget övertas som myndighetskontroll.;Originalets föreslagna åtgärd kvarstår hos angiven aktör.;Den föreslagna åtgärden gäller sökandens underlag, strategi, efterlevnad eller initiering av process. Ny myndighet får inte ta denna roll eller överta fristående tillsyn genom en kontroll.;;;;;Ingen myndighetskontroll härleds ur denna åtgärd.;"FL 5–9 §§; MB 19 kap. 1–2 a §§; MPD-förordningen 3 §; Dir. 2026:13. Detaljstöd per faktiskt kopplad kontroll i kopplingsfilen.";2.2.0;mitigation;https://nic-esp.github.io/miljotillstandsrisker/data/riskregister.json;2026-09-30
R-B30-C110-01:mitigation;"Härledd fältreferens; inte riskregistrets kanoniska item_id";R-B30-C110-01;Anmälan registreras hos fel tillsynsmyndighet;B30;B30-C110;Lämna anmälan till tillsynsmyndigheten;Verifiera tillsynsmyndigheten mot FMH:s fördelningsregler och kommunens delegationsordning före inlämning, begär skriftlig bekräftelse på registrering hos behörig instans, och dokumentera vem som mottagit vad.;Delvis inom mandat efter avgränsning;"Sökanden och berörd myndighet; endast angiven myndighetsdel anpassas";Kontrollera egen behörighet och dokumentera mottagning av en anknuten anmälan.;Fristående C-anmälningar hos kommun eller annan tillsynsmyndighet överförs inte generellt.;Myndighetsdelen kan endast tillämpas inom egen rättslig behörighet. Fristående C-anmälningar hos kommun eller annan tillsynsmyndighet överförs inte generellt.;;MPM-02;;MPM-10;"Anpassning kopplad till uttryckliga målposter; övriga kontroller är självständiga analysförslag.";"FL 5–9 §§; MB 19 kap. 1–2 a §§; MPD-förordningen 3 §; Dir. 2026:13. Detaljstöd per faktiskt kopplad kontroll i kopplingsfilen.";2.2.0;mitigation;https://nic-esp.github.io/miljotillstandsrisker/data/riskregister.json;2026-09-30
R-B30-C120-01:mitigation;"Härledd fältreferens; inte riskregistrets kanoniska item_id";R-B30-C120-01;Anmälningsärendet saknar slutdatum utanför BMP-fristen;B30;B30-C120;Utred, komplettera och kommunicera anmälan;Klassificera först om anmälan omfattas av 26 a § FMH. Bevaka då sexveckorsfristen och eventuell formell förlängning. För andra ärenden ska handläggningsläget följas skriftligt och möjligheten till en begäran enligt 12 § FL bedömas när sex månader har gått.;Delvis inom mandat efter avgränsning;"Sökanden och berörd myndighet; endast angiven myndighetsdel anpassas";Lämna och följa upp en plan för handläggning av eget lagligen anknutet ärende.;Sökandens fristbevakning och begäran enligt FL 12 §. FMH-frister får inte okritiskt användas för övertaget ärende.;Myndighetsdelen kan endast tillämpas inom egen rättslig behörighet. Sökandens fristbevakning och begäran enligt FL 12 §. FMH-frister får inte okritiskt användas för övertaget ärende.;;;;MPM-07;Ingen kontrollkoppling tilldelad. Möjlig myndighetsdel utan koppling kräver mer specifik behörighet eller styrkt träff på målpost.;"FL 5–9 §§; MB 19 kap. 1–2 a §§; MPD-förordningen 3 §; Dir. 2026:13. Detaljstöd per faktiskt kopplad kontroll i kopplingsfilen.";2.2.0;mitigation;https://nic-esp.github.io/miljotillstandsrisker/data/riskregister.json;2026-09-30
R-B30-C120-02:mitigation;"Härledd fältreferens; inte riskregistrets kanoniska item_id";R-B30-C120-02;Yttranden från berörda eskalerar ärendet;B30;B30-C120;Utred, komplettera och kommunicera anmälan;Informera berörda grannar proaktivt innan anmälan lämnas, adressera uppenbara störningskällor (buller, lukt, trafik) med konkreta åtgärder redan i underlaget, och svara sakligt och fullständigt på inkomna yttranden.;Utanför myndighetens kontrollansvar;"Sökanden; befintlig tillsyns- eller prövningsinstans där relevant";Ingen del av originalförslaget övertas som myndighetskontroll.;Originalets föreslagna åtgärd kvarstår hos angiven aktör.;Den föreslagna åtgärden gäller sökandens underlag, strategi, efterlevnad eller initiering av process. Ny myndighet får inte ta denna roll eller överta fristående tillsyn genom en kontroll.;;;;;Ingen myndighetskontroll härleds ur denna åtgärd.;"FL 5–9 §§; MB 19 kap. 1–2 a §§; MPD-förordningen 3 §; Dir. 2026:13. Detaljstöd per faktiskt kopplad kontroll i kopplingsfilen.";2.2.0;mitigation;https://nic-esp.github.io/miljotillstandsrisker/data/riskregister.json;2026-09-30
R-B30-C170-01:mitigation;"Härledd fältreferens; inte riskregistrets kanoniska item_id";R-B30-C170-01;Verksamheten startar utan att startkraven uppfyllts;B30;B30-C170;Uppfyll anmälningsspårets startkrav;Dokumentera det negativa BMP-beslutet, eventuella försiktighetsmått och myndighetens särskilda startdatum innan någon åtgärd påbörjas. Gör en separat sanktionsrättslig bedömning vid avvikelse i stället för att anta en viss påföljd.;Utanför myndighetens kontrollansvar;"Sökanden; befintlig tillsyns- eller prövningsinstans där relevant";Ingen del av originalförslaget övertas som myndighetskontroll.;Originalets föreslagna åtgärd kvarstår hos angiven aktör.;Den föreslagna åtgärden gäller sökandens underlag, strategi, efterlevnad eller initiering av process. Ny myndighet får inte ta denna roll eller överta fristående tillsyn genom en kontroll.;;;;;Ingen myndighetskontroll härleds ur denna åtgärd.;"FL 5–9 §§; MB 19 kap. 1–2 a §§; MPD-förordningen 3 §; Dir. 2026:13. Detaljstöd per faktiskt kopplad kontroll i kopplingsfilen.";2.2.0;mitigation;https://nic-esp.github.io/miljotillstandsrisker/data/riskregister.json;2026-09-30
R-B30-C170-02:mitigation;"Härledd fältreferens; inte riskregistrets kanoniska item_id";R-B30-C170-02;Parallella beslut osynkade med anmälningsspåret;B30;B30-C170;Uppfyll anmälningsspårets startkrav;Upprätta en sammanställd beslutsmatris över samtliga regelverk som måste vara i hamn före start, med ansvarig per beslut och statusuppföljning, och synka ansökningstidpunkterna så att besluten förfaller i samma fönster.;Utanför myndighetens kontrollansvar;"Sökanden; befintlig tillsyns- eller prövningsinstans där relevant";Ingen del av originalförslaget övertas som myndighetskontroll.;Originalets föreslagna åtgärd kvarstår hos angiven aktör.;Den föreslagna åtgärden gäller sökandens underlag, strategi, efterlevnad eller initiering av process. Ny myndighet får inte ta denna roll eller överta fristående tillsyn genom en kontroll.;;;;;Ingen myndighetskontroll härleds ur denna åtgärd.;"FL 5–9 §§; MB 19 kap. 1–2 a §§; MPD-förordningen 3 §; Dir. 2026:13. Detaljstöd per faktiskt kopplad kontroll i kopplingsfilen.";2.2.0;mitigation;https://nic-esp.github.io/miljotillstandsrisker/data/riskregister.json;2026-09-30
R-B30-G020-01:mitigation;"Härledd fältreferens; inte riskregistrets kanoniska item_id";R-B30-G020-01;Felaktig verksamhetskod väljs;B30;B30-G020;Klassificera A-, B-, C- eller U-verksamhet;Låt både teknisk och juridisk sakkunskap gemensamt gå igenom samtliga potentiella koder, dokumentera tröskelberäkningar (kapacitet, mängder, bränslen), och verifiera klassificeringen med länsstyrelsen eller kommunen vid gränsfall innan spår låses.;Delvis inom mandat efter avgränsning;"Sökanden och berörd myndighet; endast angiven myndighetsdel anpassas";Dokumentera egen processvägledning och de förutsättningar den bygger på.;"Sökandens klassificering och underlag; bindande förhandsbesked utan lagstöd; styrning av tillsynsmyndighet.";"Myndighetsdelen kan endast tillämpas inom egen rättslig behörighet. Sökandens klassificering och underlag; bindande förhandsbesked utan lagstöd; styrning av tillsynsmyndighet.";;MPM-01;;;"Anpassning kopplad till uttryckliga målposter; övriga kontroller är självständiga analysförslag.";"FL 5–9 §§; MB 19 kap. 1–2 a §§; MPD-förordningen 3 §; Dir. 2026:13. Detaljstöd per faktiskt kopplad kontroll i kopplingsfilen.";2.2.0;mitigation;https://nic-esp.github.io/miljotillstandsrisker/data/riskregister.json;2026-09-30
R-B30-G020-02:mitigation;"Härledd fältreferens; inte riskregistrets kanoniska item_id";R-B30-G020-02;Kombinationsverksamhet höjer prövningsnivån oväntat;B30;B30-G020;Klassificera A-, B-, C- eller U-verksamhet;Analysera det funktionella sambandet med intilliggande anläggningar redan vid klassificeringen, simulera alternativa kodtillämpningar, och begär in myndighetens preliminära syn på prövningsnivå vid osäkerhet.;Delvis inom mandat efter avgränsning;"Sökanden och berörd myndighet; endast angiven myndighetsdel anpassas";Dokumentera egen processvägledning och de förutsättningar den bygger på.;"Sökandens klassificering och underlag; bindande förhandsbesked utan lagstöd; styrning av tillsynsmyndighet.";"Myndighetsdelen kan endast tillämpas inom egen rättslig behörighet. Sökandens klassificering och underlag; bindande förhandsbesked utan lagstöd; styrning av tillsynsmyndighet.";;MPM-01;;;"Anpassning kopplad till uttryckliga målposter; övriga kontroller är självständiga analysförslag.";"FL 5–9 §§; MB 19 kap. 1–2 a §§; MPD-förordningen 3 §; Dir. 2026:13. Detaljstöd per faktiskt kopplad kontroll i kopplingsfilen.";2.2.0;mitigation;https://nic-esp.github.io/miljotillstandsrisker/data/riskregister.json;2026-09-30
R-B30-G030-01:mitigation;"Härledd fältreferens; inte riskregistrets kanoniska item_id";R-B30-G030-01;Fel spår väljs mellan nytt, frivilligt och förelagt tillstånd;B30;B30-G030;Fastställ 9 kap.-spår;Gör ett dokumenterat spårvalsresonemang med juridisk sakkunskap som prövar alla alternativ mot 9 kap. 6–6 b §§, väg in tillsynsmyndighetens inställning och kommande omprövningsgrunder, och säkra att spårvalet är förenligt med projektets övriga tillståndsbehov.;Utanför myndighetens kontrollansvar;"Sökanden; befintlig tillsyns- eller prövningsinstans där relevant";Ingen del av originalförslaget övertas som myndighetskontroll.;Originalets föreslagna åtgärd kvarstår hos angiven aktör.;Den föreslagna åtgärden gäller sökandens underlag, strategi, efterlevnad eller initiering av process. Ny myndighet får inte ta denna roll eller överta fristående tillsyn genom en kontroll.;;;MPM-01;;Självständig kontroll finns för risken, men är inte en övertagen originalåtgärd.;"FL 5–9 §§; MB 19 kap. 1–2 a §§; MPD-förordningen 3 §; Dir. 2026:13. Detaljstöd per faktiskt kopplad kontroll i kopplingsfilen.";2.2.0;mitigation;https://nic-esp.github.io/miljotillstandsrisker/data/riskregister.json;2026-09-30
R-B30-G030-02:mitigation;"Härledd fältreferens; inte riskregistrets kanoniska item_id";R-B30-G030-02;Tillsynsmyndigheten förelägger tillstånd mitt i anmälningsstrategin;B30;B30-G030;Fastställ 9 kap.-spår;Håll löpande dialog med tillsynsmyndigheten om verksamhetens störningsbild, dokumentera proaktivt försiktighetsmått, och förbered ett fallback-upplägg där anmälningsunderlaget är strukturerat så att det kan uppgraderas till ansökningshandlingar.;Utanför myndighetens kontrollansvar;"Sökanden; befintlig tillsyns- eller prövningsinstans där relevant";Ingen del av originalförslaget övertas som myndighetskontroll.;Originalets föreslagna åtgärd kvarstår hos angiven aktör.;Den föreslagna åtgärden gäller sökandens underlag, strategi, efterlevnad eller initiering av process. Ny myndighet får inte ta denna roll eller överta fristående tillsyn genom en kontroll.;;;;;Ingen myndighetskontroll härleds ur denna åtgärd.;"FL 5–9 §§; MB 19 kap. 1–2 a §§; MPD-förordningen 3 §; Dir. 2026:13. Detaljstöd per faktiskt kopplad kontroll i kopplingsfilen.";2.2.0;mitigation;https://nic-esp.github.io/miljotillstandsrisker/data/riskregister.json;2026-09-30
R-B30-G040-01:mitigation;"Härledd fältreferens; inte riskregistrets kanoniska item_id";R-B30-G040-01;Gränsdragningen mellan tillstånd och anmälan vid ändring brister;B30;B30-G040;Ändring: tillstånd, anmälan eller ingen ny plikt?;Kvantifiera ändringens utsläpps- och effektförändringar tekniskt, dokumentera bedömningen mot MPF 1 kap. 11 § med referens till tröskelvärden, och inhämta tillsynsmyndighetens skriftliga inställning innan ändringen genomförs.;Utanför myndighetens kontrollansvar;"Sökanden; befintlig tillsyns- eller prövningsinstans där relevant";Ingen del av originalförslaget övertas som myndighetskontroll.;Originalets föreslagna åtgärd kvarstår hos angiven aktör.;Den föreslagna åtgärden gäller sökandens underlag, strategi, efterlevnad eller initiering av process. Ny myndighet får inte ta denna roll eller överta fristående tillsyn genom en kontroll.;;;;;Ingen myndighetskontroll härleds ur denna åtgärd.;"FL 5–9 §§; MB 19 kap. 1–2 a §§; MPD-förordningen 3 §; Dir. 2026:13. Detaljstöd per faktiskt kopplad kontroll i kopplingsfilen.";2.2.0;mitigation;https://nic-esp.github.io/miljotillstandsrisker/data/riskregister.json;2026-09-30
R-B30-G040-02:mitigation;"Härledd fältreferens; inte riskregistrets kanoniska item_id";R-B30-G040-02;Kumulativa ändringar glider över tillståndströskeln;B30;B30-G040;Ändring: tillstånd, anmälan eller ingen ny plikt?;Inför en intern ändringshanteringsprocess där varje teknisk justering juridiskt flaggas mot tillståndet, upprätta en löpande ändringslogg som årligen stäms av mot tillstånds- och anmälningsplikten, och gör en samlad kumulativ analys inför varje ny ansökan.;Utanför myndighetens kontrollansvar;"Sökanden; befintlig tillsyns- eller prövningsinstans där relevant";Ingen del av originalförslaget övertas som myndighetskontroll.;Originalets föreslagna åtgärd kvarstår hos angiven aktör.;Den föreslagna åtgärden gäller sökandens underlag, strategi, efterlevnad eller initiering av process. Ny myndighet får inte ta denna roll eller överta fristående tillsyn genom en kontroll.;;;;;Ingen myndighetskontroll härleds ur denna åtgärd.;"FL 5–9 §§; MB 19 kap. 1–2 a §§; MPD-förordningen 3 §; Dir. 2026:13. Detaljstöd per faktiskt kopplad kontroll i kopplingsfilen.";2.2.0;mitigation;https://nic-esp.github.io/miljotillstandsrisker/data/riskregister.json;2026-09-30
R-B30-G040-03:mitigation;"Härledd fältreferens; inte riskregistrets kanoniska item_id";R-B30-G040-03;Saknat förhandsbesked gör avgränsningen oenig;B30;B30-G040;Ändring: tillstånd, anmälan eller ingen ny plikt?;Begär skriftliga besked, boka förhandling eller möte med protokoll, eskalera till länsstyrelsen när kommunens besked är oklart, och bygg in marginal i tidplanen för en eventuell uppgradering till tillståndsansökan.;Delvis inom mandat efter avgränsning;"Sökanden och berörd myndighet; endast angiven myndighetsdel anpassas";Dokumentera egen processvägledning och de förutsättningar den bygger på.;"Sökandens klassificering och underlag; bindande förhandsbesked utan lagstöd; styrning av tillsynsmyndighet.";"Myndighetsdelen kan endast tillämpas inom egen rättslig behörighet. Sökandens klassificering och underlag; bindande förhandsbesked utan lagstöd; styrning av tillsynsmyndighet.";;MPM-01;;;"Anpassning kopplad till uttryckliga målposter; övriga kontroller är självständiga analysförslag.";"FL 5–9 §§; MB 19 kap. 1–2 a §§; MPD-förordningen 3 §; Dir. 2026:13. Detaljstöd per faktiskt kopplad kontroll i kopplingsfilen.";2.2.0;mitigation;https://nic-esp.github.io/miljotillstandsrisker/data/riskregister.json;2026-09-30
R-B30-G050-01:mitigation;"Härledd fältreferens; inte riskregistrets kanoniska item_id";R-B30-G050-01;Domstolen finner avgränsningen olämplig;B30;B30-G050;Ändringstillstånd eller nytt samlat tillstånd?;Analysera det miljömässiga sambandet mellan ändringen och övriga anläggningsdelar recipientvis, dokumentera lämplighetsbedömningen, och överväg proaktivt samlad prövning när verksamheten ändå står inför omprövning eller har många gamla villkor.;Utanför myndighetens kontrollansvar;"Sökanden; befintlig tillsyns- eller prövningsinstans där relevant";Ingen del av originalförslaget övertas som myndighetskontroll.;Originalets föreslagna åtgärd kvarstår hos angiven aktör.;Den föreslagna åtgärden gäller sökandens underlag, strategi, efterlevnad eller initiering av process. Ny myndighet får inte ta denna roll eller överta fristående tillsyn genom en kontroll.;;;;;Ingen myndighetskontroll härleds ur denna åtgärd.;"FL 5–9 §§; MB 19 kap. 1–2 a §§; MPD-förordningen 3 §; Dir. 2026:13. Detaljstöd per faktiskt kopplad kontroll i kopplingsfilen.";2.2.0;mitigation;https://nic-esp.github.io/miljotillstandsrisker/data/riskregister.json;2026-09-30
R-B30-G050-02:mitigation;"Härledd fältreferens; inte riskregistrets kanoniska item_id";R-B30-G050-02;Sent byte till samlad prövning spräcker underlaget;B30;B30-G050;Ändringstillstånd eller nytt samlat tillstånd?;Fatta valet mellan ändrings- och samlad prövning innan samrådet inleds, väg in kommande omprövnings- och BAT-aktuella frågor i beslutet, och strukturera underlaget modulärt så att det kan skalas upp till hela verksamheten vid behov.;Utanför myndighetens kontrollansvar;"Sökanden; befintlig tillsyns- eller prövningsinstans där relevant";Ingen del av originalförslaget övertas som myndighetskontroll.;Originalets föreslagna åtgärd kvarstår hos angiven aktör.;Den föreslagna åtgärden gäller sökandens underlag, strategi, efterlevnad eller initiering av process. Ny myndighet får inte ta denna roll eller överta fristående tillsyn genom en kontroll.;;;;;Ingen myndighetskontroll härleds ur denna åtgärd.;"FL 5–9 §§; MB 19 kap. 1–2 a §§; MPD-förordningen 3 §; Dir. 2026:13. Detaljstöd per faktiskt kopplad kontroll i kopplingsfilen.";2.2.0;mitigation;https://nic-esp.github.io/miljotillstandsrisker/data/riskregister.json;2026-09-30
R-B30-G050-03:mitigation;"Härledd fältreferens; inte riskregistrets kanoniska item_id";R-B30-G050-03;Övergången till ändringstillstånd som huvudregel feltolkas;B30;B30-G050;Ändringstillstånd eller nytt samlat tillstånd?;Fastställ när ärendet och samrådet inleddes, dokumentera vilken övergångsregel som gäller och pröva uttryckligen om ett ändringstillstånd är olämpligt enligt 16 kap. 2 a § MB. Avgränsa vilka äldre villkor som har samband med ändringen enligt 24 kap. 8 §.;Delvis inom mandat efter avgränsning;"Sökanden och berörd myndighet; endast angiven myndighetsdel anpassas";Dokumentera egen behörighet, gällande rätt och rättsligt avgränsad prövningsram.;"Sökandens processstrategi och rekonstruktion av tillstånd; materiella begränsningar får inte undanröjas för att effektivisera.";"Myndighetsdelen kan endast tillämpas inom egen rättslig behörighet. Sökandens processstrategi och rekonstruktion av tillstånd; materiella begränsningar får inte undanröjas för att effektivisera.";;;MPM-01;MPM-02;Självständig kontroll finns för risken, men är inte en övertagen originalåtgärd.;"FL 5–9 §§; MB 19 kap. 1–2 a §§; MPD-förordningen 3 §; Dir. 2026:13. Detaljstöd per faktiskt kopplad kontroll i kopplingsfilen.";2.2.0;mitigation;https://nic-esp.github.io/miljotillstandsrisker/data/riskregister.json;2026-09-30
R-B30-G110-01:mitigation;"Härledd fältreferens; inte riskregistrets kanoniska item_id";R-B30-G110-01;Kombinerade mål hamnar i fel instans;B30;B30-G110;Behörig första instans?;Gör behörighetsanalysen parallellt med klassificeringen i B30-G020, kontrollera mot MPF:s sektorskapitel och MMD-lagens målfördelningsregler, och begär instansens preliminära behörighetsbesked vid gränsfall före formell inlämning.;Delvis inom mandat efter avgränsning;"Sökanden och berörd myndighet; endast angiven myndighetsdel anpassas";Dokumentera egen behörighet, gällande rätt och rättsligt avgränsad prövningsram.;"Sökandens processstrategi och rekonstruktion av tillstånd; materiella begränsningar får inte undanröjas för att effektivisera.";"Myndighetsdelen kan endast tillämpas inom egen rättslig behörighet. Sökandens processstrategi och rekonstruktion av tillstånd; materiella begränsningar får inte undanröjas för att effektivisera.";;MPM-02;;;"Anpassning kopplad till uttryckliga målposter; övriga kontroller är självständiga analysförslag.";"FL 5–9 §§; MB 19 kap. 1–2 a §§; MPD-förordningen 3 §; Dir. 2026:13. Detaljstöd per faktiskt kopplad kontroll i kopplingsfilen.";2.2.0;mitigation;https://nic-esp.github.io/miljotillstandsrisker/data/riskregister.json;2026-09-30
R-B30-G110-02:mitigation;"Härledd fältreferens; inte riskregistrets kanoniska item_id";R-B30-G110-02;Övergången till Miljöprövningsmyndigheten kräver uppdaterad ärendeplanering;B30;B30-G110;Behörig första instans?;Tidigarelägg inlämning före 2027-07-01 om möjligt, håll ansökningshandlingarna kompletta och portabla så att de kan tas över utan omarbete, och bevaka övergångsregler och myndighetens vägledning löpande.;"Endast införande; utanför stabilt S1";"Sökanden och berörd myndighet; endast angiven myndighetsdel anpassas";Verifiera egen övergångsinformation, ärendeöverföring och mottagare under införandet.;Ingen S1-effekt i stabil drift. Ingen garanti att tidigare kompletthetsbedömning binder ny instans eller rekommendation om taktisk ingivning.;Myndighetsdelen kan endast tillämpas inom egen rättslig behörighet. Ingen S1-effekt i stabil drift. Ingen garanti att tidigare kompletthetsbedömning binder ny instans eller rekommendation om taktisk ingivning.;;MPM-T01;;;"Anpassning kopplad till uttryckliga målposter; övriga kontroller är självständiga analysförslag.";"FL 5–9 §§; MB 19 kap. 1–2 a §§; MPD-förordningen 3 §; Dir. 2026:13. Detaljstöd per faktiskt kopplad kontroll i kopplingsfilen.";2.2.0;mitigation;https://nic-esp.github.io/miljotillstandsrisker/data/riskregister.json;2026-09-30
R-B30-G110-03:mitigation;"Härledd fältreferens; inte riskregistrets kanoniska item_id";R-B30-G110-03;Miljöprövningsdelegationens handläggningstid överskrider projektplanen;B30;B30-G110;Behörig första instans?;Skicka in komplett ansökan för att undvika kompletteringsvarv, följ upp plats i delegationens sammanträdescykel, och väg in kötiden i projektets kritiska linje redan vid tidplaneringen.;Utanför myndighetens kontrollansvar;"Sökanden; befintlig tillsyns- eller prövningsinstans där relevant";Ingen del av originalförslaget övertas som myndighetskontroll.;Originalets föreslagna åtgärd kvarstår hos angiven aktör.;Den föreslagna åtgärden gäller sökandens underlag, strategi, efterlevnad eller initiering av process. Ny myndighet får inte ta denna roll eller överta fristående tillsyn genom en kontroll.;;;MPM-08;;Självständig kontroll finns för risken, men är inte en övertagen originalåtgärd.;"FL 5–9 §§; MB 19 kap. 1–2 a §§; MPD-förordningen 3 §; Dir. 2026:13. Detaljstöd per faktiskt kopplad kontroll i kopplingsfilen.";2.2.0;mitigation;https://nic-esp.github.io/miljotillstandsrisker/data/riskregister.json;2026-09-30
R-B30-GC130-01:mitigation;"Härledd fältreferens; inte riskregistrets kanoniska item_id";R-B30-GC130-01;Obligatorisk BMP-bedömning förbises;B30;B30-GC130;Krävs beslut om betydande miljöpåverkan?;Kontrollera vid inlämningen om verksamhetsslaget faller under BMP-plikten, begär uttryckligt ett dokumenterat ställningstagande till betydande miljöpåverkan, och arkivera myndighetens beslut som bevis för att momentet genomförts.;Utanför myndighetens kontrollansvar;"Sökanden; befintlig tillsyns- eller prövningsinstans där relevant";Ingen del av originalförslaget övertas som myndighetskontroll.;Originalets föreslagna åtgärd kvarstår hos angiven aktör.;Den föreslagna åtgärden gäller sökandens underlag, strategi, efterlevnad eller initiering av process. Ny myndighet får inte ta denna roll eller överta fristående tillsyn genom en kontroll.;;;;;Ingen myndighetskontroll härleds ur denna åtgärd.;"FL 5–9 §§; MB 19 kap. 1–2 a §§; MPD-förordningen 3 §; Dir. 2026:13. Detaljstöd per faktiskt kopplad kontroll i kopplingsfilen.";2.2.0;mitigation;https://nic-esp.github.io/miljotillstandsrisker/data/riskregister.json;2026-09-30
R-B30-GC130-02:mitigation;"Härledd fältreferens; inte riskregistrets kanoniska item_id";R-B30-GC130-02;Oklart vilka anmälningar som är BMP-pliktiga;B30;B30-GC130;Krävs beslut om betydande miljöpåverkan?;Fastställ verksamhetskoden i miljöprövningsförordningen och jämför den med hela uppräkningen i 26 a § FMH. Dokumentera därefter om 26 a–26 f §§ eller den övriga anmälningsordningen i 27 § är tillämplig.;Utanför myndighetens kontrollansvar;"Sökanden; befintlig tillsyns- eller prövningsinstans där relevant";Ingen del av originalförslaget övertas som myndighetskontroll.;Originalets föreslagna åtgärd kvarstår hos angiven aktör.;Den föreslagna åtgärden gäller sökandens underlag, strategi, efterlevnad eller initiering av process. Ny myndighet får inte ta denna roll eller överta fristående tillsyn genom en kontroll.;;;;;Ingen myndighetskontroll härleds ur denna åtgärd.;"FL 5–9 §§; MB 19 kap. 1–2 a §§; MPD-förordningen 3 §; Dir. 2026:13. Detaljstöd per faktiskt kopplad kontroll i kopplingsfilen.";2.2.0;mitigation;https://nic-esp.github.io/miljotillstandsrisker/data/riskregister.json;2026-09-30
R-B30-GC140-01:mitigation;"Härledd fältreferens; inte riskregistrets kanoniska item_id";R-B30-GC140-01;Positiv BMP kastar om projektet till tillståndsspåret;B30;B30-GC140;Kan betydande miljöpåverkan antas?;Bedöm BMP-risken redan vid spårvalet i B30-G030, överväg frivillig ansökan (9 kap. 6 b §) i stället för anmälan vid gränsfall, och håll ett uppgraderingsbart underlag som snabbt kan omvandlas till ansökningshandlingar.;Utanför myndighetens kontrollansvar;"Sökanden; befintlig tillsyns- eller prövningsinstans där relevant";Ingen del av originalförslaget övertas som myndighetskontroll.;Originalets föreslagna åtgärd kvarstår hos angiven aktör.;Den föreslagna åtgärden gäller sökandens underlag, strategi, efterlevnad eller initiering av process. Ny myndighet får inte ta denna roll eller överta fristående tillsyn genom en kontroll.;;;;;Ingen myndighetskontroll härleds ur denna åtgärd.;"FL 5–9 §§; MB 19 kap. 1–2 a §§; MPD-förordningen 3 §; Dir. 2026:13. Detaljstöd per faktiskt kopplad kontroll i kopplingsfilen.";2.2.0;mitigation;https://nic-esp.github.io/miljotillstandsrisker/data/riskregister.json;2026-09-30
R-B30-GC140-02:mitigation;"Härledd fältreferens; inte riskregistrets kanoniska item_id";R-B30-GC140-02;BMP-bedömningen blir överklagandets måltavla;B30;B30-GC140;Kan betydande miljöpåverkan antas?;Identifiera om BMP-bedömningen har gjorts enligt 6 kap. 26 § MB eller enligt FMH. Dokumentera beslutsmyndighet, överklagandehänvisning, talerätt, frist och inhibitionsfråga för det konkreta beslutet.;Delvis inom mandat efter avgränsning;"Sökanden och berörd myndighet; endast angiven myndighetsdel anpassas";Ge korrekt information om överklagande av eget beslut.;Annan tillsynsmyndighets beslut och sökandens egen överklagandestrategi. Kräver konkret sambandsbehörighet.;Myndighetsdelen kan endast tillämpas inom egen rättslig behörighet. Annan tillsynsmyndighets beslut och sökandens egen överklagandestrategi. Kräver konkret sambandsbehörighet.;;;;MPM-13;Ingen kontrollkoppling tilldelad. Möjlig myndighetsdel utan koppling kräver mer specifik behörighet eller styrkt träff på målpost.;"FL 5–9 §§; MB 19 kap. 1–2 a §§; MPD-förordningen 3 §; Dir. 2026:13. Detaljstöd per faktiskt kopplad kontroll i kopplingsfilen.";2.2.0;mitigation;https://nic-esp.github.io/miljotillstandsrisker/data/riskregister.json;2026-09-30
R-B30-GC160-01:mitigation;"Härledd fältreferens; inte riskregistrets kanoniska item_id";R-B30-GC160-01;Försiktighetsmått och förbud överklagas;B30;B30-GC160;Anmälningsutfall;Förhandla om försiktighetsmåttens utformning innan beslut, visa teknisk och ekonomisk proportionalitet, och överväg om en frivillig tillståndsansökan ger ett stabilare rättsligt läge än att driva verksamhet på löpande försiktighetsmått.;Utanför myndighetens kontrollansvar;"Sökanden; befintlig tillsyns- eller prövningsinstans där relevant";Ingen del av originalförslaget övertas som myndighetskontroll.;Originalets föreslagna åtgärd kvarstår hos angiven aktör.;Den föreslagna åtgärden gäller sökandens underlag, strategi, efterlevnad eller initiering av process. Ny myndighet får inte ta denna roll eller överta fristående tillsyn genom en kontroll.;;;;;Ingen myndighetskontroll härleds ur denna åtgärd.;"FL 5–9 §§; MB 19 kap. 1–2 a §§; MPD-förordningen 3 §; Dir. 2026:13. Detaljstöd per faktiskt kopplad kontroll i kopplingsfilen.";2.2.0;mitigation;https://nic-esp.github.io/miljotillstandsrisker/data/riskregister.json;2026-09-30
R-B30-GC160-02:mitigation;"Härledd fältreferens; inte riskregistrets kanoniska item_id";R-B30-GC160-02;Underrättelse om 'ingen åtgärd' ger falsk trygghet;B30;B30-GC160;Anmälningsutfall;Väg in rättskraftsbristen i investeringsbeslutet, överväg frivillig ansökan enligt 9 kap. 6 b § för verksamheter med lång avskrivningstid, och upprätthåll drift- och utsläppsdata som visar att verksamheten fortlöpande håller sig inom anmäld omfattning.;Utanför myndighetens kontrollansvar;"Sökanden; befintlig tillsyns- eller prövningsinstans där relevant";Ingen del av originalförslaget övertas som myndighetskontroll.;Originalets föreslagna åtgärd kvarstår hos angiven aktör.;Den föreslagna åtgärden gäller sökandens underlag, strategi, efterlevnad eller initiering av process. Ny myndighet får inte ta denna roll eller överta fristående tillsyn genom en kontroll.;;;;;Ingen myndighetskontroll härleds ur denna åtgärd.;"FL 5–9 §§; MB 19 kap. 1–2 a §§; MPD-förordningen 3 §; Dir. 2026:13. Detaljstöd per faktiskt kopplad kontroll i kopplingsfilen.";2.2.0;mitigation;https://nic-esp.github.io/miljotillstandsrisker/data/riskregister.json;2026-09-30
R-B30-GO110-01:mitigation;"Härledd fältreferens; inte riskregistrets kanoniska item_id";R-B30-GO110-01;Talerätt och behörighet tvistas vid omprövning;B30;B30-GO110;Vem initierar och på vilken grund?;Gör en uttrycklig behörighets- och talerättsanalys mot 24 kap. 7, 11 och 13 §§ innan initiativ tas, och låt parterna skriftligt bekräfta vem som är tillståndsmyndighet för det aktuella tillståndet.;Delvis inom mandat efter avgränsning;"Sökanden och berörd myndighet; endast angiven myndighetsdel anpassas";Dokumentera egen behörighet, gällande rätt och rättsligt avgränsad prövningsram.;"Sökandens processstrategi och rekonstruktion av tillstånd; materiella begränsningar får inte undanröjas för att effektivisera.";"Myndighetsdelen kan endast tillämpas inom egen rättslig behörighet. Sökandens processstrategi och rekonstruktion av tillstånd; materiella begränsningar får inte undanröjas för att effektivisera.";;MPM-02;;;"Anpassning kopplad till uttryckliga målposter; övriga kontroller är självständiga analysförslag.";"FL 5–9 §§; MB 19 kap. 1–2 a §§; MPD-förordningen 3 §; Dir. 2026:13. Detaljstöd per faktiskt kopplad kontroll i kopplingsfilen.";2.2.0;mitigation;https://nic-esp.github.io/miljotillstandsrisker/data/riskregister.json;2026-09-30
R-B30-GO110-02:mitigation;"Härledd fältreferens; inte riskregistrets kanoniska item_id";R-B30-GO110-02;Återkallelsehotet hänger över driften;B30;B30-GO110;Vem initierar och på vilken grund?;Upprätthåll dokumenterad villkorsföljsamhet och fungerande kontrollprogram, agera omedelbart och transparent på tillsynsavvikelser, och föregrip återkallelse genom frivilliga åtgärds- och villkorsförslag.;Utanför myndighetens kontrollansvar;"Sökanden; befintlig tillsyns- eller prövningsinstans där relevant";Ingen del av originalförslaget övertas som myndighetskontroll.;Originalets föreslagna åtgärd kvarstår hos angiven aktör.;Den föreslagna åtgärden gäller sökandens underlag, strategi, efterlevnad eller initiering av process. Ny myndighet får inte ta denna roll eller överta fristående tillsyn genom en kontroll.;;;;;Ingen myndighetskontroll härleds ur denna åtgärd.;"FL 5–9 §§; MB 19 kap. 1–2 a §§; MPD-förordningen 3 §; Dir. 2026:13. Detaljstöd per faktiskt kopplad kontroll i kopplingsfilen.";2.2.0;mitigation;https://nic-esp.github.io/miljotillstandsrisker/data/riskregister.json;2026-09-30
R-B30-GO110-03:mitigation;"Härledd fältreferens; inte riskregistrets kanoniska item_id";R-B30-GO110-03;Äldre tillstånd saknar tydlig tillståndsmyndighet;B30;B30-GO110;Vem initierar och på vilken grund?;Spåra originalbeslutet och dess klassificering genom samtliga övergångsbestämmelser, inhämta rådgivande utlåtande från berörda instanser, och dokumentera behörighetskedjan i själva omprövningsframställan.;Delvis inom mandat efter avgränsning;"Sökanden och berörd myndighet; endast angiven myndighetsdel anpassas";Dokumentera egen behörighet, gällande rätt och rättsligt avgränsad prövningsram.;"Sökandens processstrategi och rekonstruktion av tillstånd; materiella begränsningar får inte undanröjas för att effektivisera.";"Myndighetsdelen kan endast tillämpas inom egen rättslig behörighet. Sökandens processstrategi och rekonstruktion av tillstånd; materiella begränsningar får inte undanröjas för att effektivisera.";;MPM-02;;;"Anpassning kopplad till uttryckliga målposter; övriga kontroller är självständiga analysförslag.";"FL 5–9 §§; MB 19 kap. 1–2 a §§; MPD-förordningen 3 §; Dir. 2026:13. Detaljstöd per faktiskt kopplad kontroll i kopplingsfilen.";2.2.0;mitigation;https://nic-esp.github.io/miljotillstandsrisker/data/riskregister.json;2026-09-30
R-B30-GO130-01:mitigation;"Härledd fältreferens; inte riskregistrets kanoniska item_id";R-B30-GO130-01;Instansvalet följer en tillståndskedja ingen längre överblickar;B30;B30-GO130;Behörig omprövningsinstans?;Gör en uttrycklig 'motsvarighetsanalys' som översätter det ursprungliga tillståndsslaget till dagens MPF-koder, och begär rådgivande behörighetsbesked från aktuella instanser före inlämning.;Delvis inom mandat efter avgränsning;"Sökanden och berörd myndighet; endast angiven myndighetsdel anpassas";Dokumentera egen behörighet, gällande rätt och rättsligt avgränsad prövningsram.;"Sökandens processstrategi och rekonstruktion av tillstånd; materiella begränsningar får inte undanröjas för att effektivisera.";"Myndighetsdelen kan endast tillämpas inom egen rättslig behörighet. Sökandens processstrategi och rekonstruktion av tillstånd; materiella begränsningar får inte undanröjas för att effektivisera.";;MPM-02;;;"Anpassning kopplad till uttryckliga målposter; övriga kontroller är självständiga analysförslag.";"FL 5–9 §§; MB 19 kap. 1–2 a §§; MPD-förordningen 3 §; Dir. 2026:13. Detaljstöd per faktiskt kopplad kontroll i kopplingsfilen.";2.2.0;mitigation;https://nic-esp.github.io/miljotillstandsrisker/data/riskregister.json;2026-09-30
R-B30-GO130-02:mitigation;"Härledd fältreferens; inte riskregistrets kanoniska item_id";R-B30-GO130-02;Omprövningar behöver hanteras enligt övergången till Miljöprövningsmyndigheten;B30;B30-GO130;Behörig omprövningsinstans?;Kartlägg om verksamhetens tillstånd omfattas av övertagandet, säkra att ärendets handlingar är kompletta och överförbara, och följ Miljöprövningsmyndighetens föreskrifter och vägledningar från start.;"Endast införande; utanför stabilt S1";"Sökanden och berörd myndighet; endast angiven myndighetsdel anpassas";Verifiera egen övergångsinformation, ärendeöverföring och mottagare under införandet.;Ingen S1-effekt i stabil drift. Ingen garanti att tidigare kompletthetsbedömning binder ny instans eller rekommendation om taktisk ingivning.;Myndighetsdelen kan endast tillämpas inom egen rättslig behörighet. Ingen S1-effekt i stabil drift. Ingen garanti att tidigare kompletthetsbedömning binder ny instans eller rekommendation om taktisk ingivning.;;MPM-T01;;;"Anpassning kopplad till uttryckliga målposter; övriga kontroller är självständiga analysförslag.";"FL 5–9 §§; MB 19 kap. 1–2 a §§; MPD-förordningen 3 §; Dir. 2026:13. Detaljstöd per faktiskt kopplad kontroll i kopplingsfilen.";2.2.0;mitigation;https://nic-esp.github.io/miljotillstandsrisker/data/riskregister.json;2026-09-30
R-B30-GO130-03:mitigation;"Härledd fältreferens; inte riskregistrets kanoniska item_id";R-B30-GO130-03;Omprövningsmål påverkas av domstolens samlade målbelastning;B30;B30-GO130;Behörig omprövningsinstans?;Initiera omprövning tidigt i stället för att invänta tvingande initiativ, överväg tillståndshavarstyrda ansökningar om villkorsändring där det passar, och planera investeringar med scenarier för olika omprövningsutfall.;Utanför myndighetens kontrollansvar;"Sökanden; befintlig tillsyns- eller prövningsinstans där relevant";Ingen del av originalförslaget övertas som myndighetskontroll.;Originalets föreslagna åtgärd kvarstår hos angiven aktör.;Den föreslagna åtgärden gäller sökandens underlag, strategi, efterlevnad eller initiering av process. Ny myndighet får inte ta denna roll eller överta fristående tillsyn genom en kontroll.;;;;;Ingen myndighetskontroll härleds ur denna åtgärd.;"FL 5–9 §§; MB 19 kap. 1–2 a §§; MPD-förordningen 3 §; Dir. 2026:13. Detaljstöd per faktiskt kopplad kontroll i kopplingsfilen.";2.2.0;mitigation;https://nic-esp.github.io/miljotillstandsrisker/data/riskregister.json;2026-09-30
R-B30-O100-01:mitigation;"Härledd fältreferens; inte riskregistrets kanoniska item_id";R-B30-O100-01;Miljökvalitetsnormsöverträdelse tvingar fram omprövning;B30;B30-O100;Omprövningsgrund initierad;Bedriv egen recipient- och utsläppsövervakning som kan visa verksamhetens andel av normläget, följ normskärpningar proaktivt och simulera deras effekt på tillståndet, och överväg frivillig villkorsmodernisering före tvingande omprövning.;Utanför myndighetens kontrollansvar;"Sökanden; befintlig tillsyns- eller prövningsinstans där relevant";Ingen del av originalförslaget övertas som myndighetskontroll.;Originalets föreslagna åtgärd kvarstår hos angiven aktör.;Den föreslagna åtgärden gäller sökandens underlag, strategi, efterlevnad eller initiering av process. Ny myndighet får inte ta denna roll eller överta fristående tillsyn genom en kontroll.;;;;;Ingen myndighetskontroll härleds ur denna åtgärd.;"FL 5–9 §§; MB 19 kap. 1–2 a §§; MPD-förordningen 3 §; Dir. 2026:13. Detaljstöd per faktiskt kopplad kontroll i kopplingsfilen.";2.2.0;mitigation;https://nic-esp.github.io/miljotillstandsrisker/data/riskregister.json;2026-09-30
R-B30-O100-02:mitigation;"Härledd fältreferens; inte riskregistrets kanoniska item_id";R-B30-O100-02;Reformdriven omprövningsplikt träffar äldre tillstånd;B30;B30-O100;Omprövningsgrund initierad;Bevaka om och i vilken form förslagen i SOU 2022:33 leder till bindande lagstiftning. För verksamheter som redan omfattas av en beslutad omprövningsordning ska tidplan och underlag planeras efter den ordningen.;Utanför myndighetens kontrollansvar;"Sökanden; befintlig tillsyns- eller prövningsinstans där relevant";Ingen del av originalförslaget övertas som myndighetskontroll.;Originalets föreslagna åtgärd kvarstår hos angiven aktör.;Den föreslagna åtgärden gäller sökandens underlag, strategi, efterlevnad eller initiering av process. Ny myndighet får inte ta denna roll eller överta fristående tillsyn genom en kontroll.;;;;;Ingen myndighetskontroll härleds ur denna åtgärd.;"FL 5–9 §§; MB 19 kap. 1–2 a §§; MPD-förordningen 3 §; Dir. 2026:13. Detaljstöd per faktiskt kopplad kontroll i kopplingsfilen.";2.2.0;mitigation;https://nic-esp.github.io/miljotillstandsrisker/data/riskregister.json;2026-09-30
R-B30-O120-01:mitigation;"Härledd fältreferens; inte riskregistrets kanoniska item_id";R-B30-O120-01;Sambandskravet begränsar vilka villkor som får röras;B30;B30-O120;Fastställ omprövningsram och underlag;Kartlägg villkor för villkor vilket samband varje föreslagen ändring har med omprövningsgrunden, och formulera ramavgränsningen explicit i ansökan eller beslutet så att den håller vid överklagande.;Delvis inom mandat efter avgränsning;"Sökanden och berörd myndighet; endast angiven myndighetsdel anpassas";Dokumentera egen behörighet, gällande rätt och rättsligt avgränsad prövningsram.;"Sökandens processstrategi och rekonstruktion av tillstånd; materiella begränsningar får inte undanröjas för att effektivisera.";"Myndighetsdelen kan endast tillämpas inom egen rättslig behörighet. Sökandens processstrategi och rekonstruktion av tillstånd; materiella begränsningar får inte undanröjas för att effektivisera.";;MPM-02;;;"Anpassning kopplad till uttryckliga målposter; övriga kontroller är självständiga analysförslag.";"FL 5–9 §§; MB 19 kap. 1–2 a §§; MPD-förordningen 3 §; Dir. 2026:13. Detaljstöd per faktiskt kopplad kontroll i kopplingsfilen.";2.2.0;mitigation;https://nic-esp.github.io/miljotillstandsrisker/data/riskregister.json;2026-09-30
R-B30-O120-02:mitigation;"Härledd fältreferens; inte riskregistrets kanoniska item_id";R-B30-O120-02;Tekniskt underlag för årtionden gammal anläggning saknas;B30;B30-O120;Fastställ omprövningsram och underlag;Påbörja teknisk dokumentationsinsamling och mätprogram långt innan omprövningstidpunkten, rekonstruera processdata ur driftjournaler och leverantörsarkiv, och förhandla om etappvis underlagslämning med prövningsinstansen.;Delvis inom mandat efter avgränsning;"Sökanden och berörd myndighet; endast angiven myndighetsdel anpassas";Precisera och tidsplanera nödvändiga kompletteringar i egen behörig omprövning.;Sökanden återtar saknade tekniska data. NAP-vattenmål hos domstol ingår inte.;Myndighetsdelen kan endast tillämpas inom egen rättslig behörighet. Sökanden återtar saknade tekniska data. NAP-vattenmål hos domstol ingår inte.;;;;MPM-05 | MPM-07;Ingen kontrollkoppling tilldelad. Möjlig myndighetsdel utan koppling kräver mer specifik behörighet eller styrkt träff på målpost.;"FL 5–9 §§; MB 19 kap. 1–2 a §§; MPD-förordningen 3 §; Dir. 2026:13. Detaljstöd per faktiskt kopplad kontroll i kopplingsfilen.";2.2.0;mitigation;https://nic-esp.github.io/miljotillstandsrisker/data/riskregister.json;2026-09-30
R-B30-START-01:mitigation;"Härledd fältreferens; inte riskregistrets kanoniska item_id";R-B30-START-01;Tillståndsmatrisen missar 9 kap.-plikten;B30;B30-START;9 kap.-variant initierad;Låt juridisk sakkunskap dubbelkontrollera tillståndsmatrisens klassificering mot miljöprövningsförordningens sektorskapitel, dokumentera avsteg från tillståndsplikt med motivering, och inhämta tillsynsmyndighetens syn i tveksamma fall innan spårval låses.;Utanför myndighetens kontrollansvar;"Sökanden; befintlig tillsyns- eller prövningsinstans där relevant";Ingen del av originalförslaget övertas som myndighetskontroll.;Originalets föreslagna åtgärd kvarstår hos angiven aktör.;Den föreslagna åtgärden gäller sökandens underlag, strategi, efterlevnad eller initiering av process. Ny myndighet får inte ta denna roll eller överta fristående tillsyn genom en kontroll.;;;;;Ingen myndighetskontroll härleds ur denna åtgärd.;"FL 5–9 §§; MB 19 kap. 1–2 a §§; MPD-förordningen 3 §; Dir. 2026:13. Detaljstöd per faktiskt kopplad kontroll i kopplingsfilen.";2.2.0;mitigation;https://nic-esp.github.io/miljotillstandsrisker/data/riskregister.json;2026-09-30
R-B40-010-01:mitigation;"Härledd fältreferens; inte riskregistrets kanoniska item_id";R-B40-010-01;Salami-slicing: åtgärden delas upp och undgår prövning;B40;B40-010;Avgränsa vattenåtgärden;Dokumentera avgränsningsresonemanget skriftligt med kartor över samtliga arbeten inklusive tillfälliga och följdåtgärder. Ta in sakkunnig och håll tidig dialog med tillsynsmyndigheten om avgränsningen.;Utanför myndighetens kontrollansvar;"Sökanden; länsstyrelse, tillsynsmyndighet eller domstol i respektive del";Ingen del av originalförslaget övertas som myndighetskontroll.;Originalets föreslagna åtgärd kvarstår hos angiven aktör.;Vattenunderlag, rådighet, kompensation och projektval ligger hos sökanden. Fristående vattenmål och kvarvarande tillsyn/Lst-beslut ingår inte. Anknuten behörighet får inte antas för hela risken.;;;;;Ingen myndighetskontroll härleds ur denna åtgärd.;"FL 5–9 §§; MB 19 kap. 1–2 a §§; MPD-förordningen 3 §; Dir. 2026:13. Detaljstöd per faktiskt kopplad kontroll i kopplingsfilen.";2.2.0;mitigation;https://nic-esp.github.io/miljotillstandsrisker/data/riskregister.json;2026-09-30
R-B40-010-02:mitigation;"Härledd fältreferens; inte riskregistrets kanoniska item_id";R-B40-010-02;Tillfälliga arbeten och grundvattenbortledning faller utanför avgränsningen;B40;B40-010;Avgränsa vattenåtgärden;Låt hydrogeologen bedöma byggskedets inföde separat och ta med tillfälliga arbeten i avgränsningen. Upprätta kontrollprogram för grundvattennivåer redan i ansökan.;Utanför myndighetens kontrollansvar;"Sökanden; länsstyrelse, tillsynsmyndighet eller domstol i respektive del";Ingen del av originalförslaget övertas som myndighetskontroll.;Originalets föreslagna åtgärd kvarstår hos angiven aktör.;Vattenunderlag, rådighet, kompensation och projektval ligger hos sökanden. Fristående vattenmål och kvarvarande tillsyn/Lst-beslut ingår inte. Anknuten behörighet får inte antas för hela risken.;;;;;Ingen myndighetskontroll härleds ur denna åtgärd.;"FL 5–9 §§; MB 19 kap. 1–2 a §§; MPD-förordningen 3 §; Dir. 2026:13. Detaljstöd per faktiskt kopplad kontroll i kopplingsfilen.";2.2.0;mitigation;https://nic-esp.github.io/miljotillstandsrisker/data/riskregister.json;2026-09-30
R-B40-010-03:mitigation;"Härledd fältreferens; inte riskregistrets kanoniska item_id";R-B40-010-03;Följdåtgärder utanför huvudplatsen missas;B40;B40-010;Avgränsa vattenåtgärden;Använd ett samlat åtgärdsschema med huvud- och följdåtgärder på karta innan avgränsningen låses. Konsultera tillsynsmyndigheten i tveksamma fall.;Utanför myndighetens kontrollansvar;"Sökanden; länsstyrelse, tillsynsmyndighet eller domstol i respektive del";Ingen del av originalförslaget övertas som myndighetskontroll.;Originalets föreslagna åtgärd kvarstår hos angiven aktör.;Vattenunderlag, rådighet, kompensation och projektval ligger hos sökanden. Fristående vattenmål och kvarvarande tillsyn/Lst-beslut ingår inte. Anknuten behörighet får inte antas för hela risken.;;;;;Ingen myndighetskontroll härleds ur denna åtgärd.;"FL 5–9 §§; MB 19 kap. 1–2 a §§; MPD-förordningen 3 §; Dir. 2026:13. Detaljstöd per faktiskt kopplad kontroll i kopplingsfilen.";2.2.0;mitigation;https://nic-esp.github.io/miljotillstandsrisker/data/riskregister.json;2026-09-30
R-B40-030-01:mitigation;"Härledd fältreferens; inte riskregistrets kanoniska item_id";R-B40-030-01;Hydrologiskt och hydrogeologiskt underlag håller inte domstolsmått;B40;B40-030;Ta fram vatten-, miljö- och sakägarunderlag;Dimensionera mätperioden efter platsens variation och prövningens frågor. Använd relevanta data från SGU och SMHI som komplement och redovisa metod, representativitet och osäkerheter öppet.;Utanför myndighetens kontrollansvar;"Sökanden; länsstyrelse, tillsynsmyndighet eller domstol i respektive del";Ingen del av originalförslaget övertas som myndighetskontroll.;Originalets föreslagna åtgärd kvarstår hos angiven aktör.;Vattenunderlag, rådighet, kompensation och projektval ligger hos sökanden. Fristående vattenmål och kvarvarande tillsyn/Lst-beslut ingår inte. Anknuten behörighet får inte antas för hela risken.;;;;;Ingen myndighetskontroll härleds ur denna åtgärd.;"FL 5–9 §§; MB 19 kap. 1–2 a §§; MPD-förordningen 3 §; Dir. 2026:13. Detaljstöd per faktiskt kopplad kontroll i kopplingsfilen.";2.2.0;mitigation;https://nic-esp.github.io/miljotillstandsrisker/data/riskregister.json;2026-09-30
R-B40-030-02:mitigation;"Härledd fältreferens; inte riskregistrets kanoniska item_id";R-B40-030-02;Befintliga tillstånd och gamla vattendomar förbises;B40;B40-030;Ta fram vatten-, miljö- och sakägarunderlag;Beställ arkivsökning hos domstolar, Lantmäteriet och vattenregleringsföretag tidigt. Intervjua lokala markägare och fiskevårdsorganisationer om historiska rättigheter.;Utanför myndighetens kontrollansvar;"Sökanden; länsstyrelse, tillsynsmyndighet eller domstol i respektive del";Ingen del av originalförslaget övertas som myndighetskontroll.;Originalets föreslagna åtgärd kvarstår hos angiven aktör.;Vattenunderlag, rådighet, kompensation och projektval ligger hos sökanden. Fristående vattenmål och kvarvarande tillsyn/Lst-beslut ingår inte. Anknuten behörighet får inte antas för hela risken.;;;;;Ingen myndighetskontroll härleds ur denna åtgärd.;"FL 5–9 §§; MB 19 kap. 1–2 a §§; MPD-förordningen 3 §; Dir. 2026:13. Detaljstöd per faktiskt kopplad kontroll i kopplingsfilen.";2.2.0;mitigation;https://nic-esp.github.io/miljotillstandsrisker/data/riskregister.json;2026-09-30
R-B40-030-03:mitigation;"Härledd fältreferens; inte riskregistrets kanoniska item_id";R-B40-030-03;Sakägarförteckningen blir felaktig eller ofullständig;B40;B40-030;Ta fram vatten-, miljö- och sakägarunderlag;Beställ fastighetsutredning och lagfarts-/fiskerättskontroll via Lantmäteriet. Dubbelkolla delägar- och samfällighetsförhållanden innan underlaget låses.;Utanför myndighetens kontrollansvar;"Sökanden; länsstyrelse, tillsynsmyndighet eller domstol i respektive del";Ingen del av originalförslaget övertas som myndighetskontroll.;Originalets föreslagna åtgärd kvarstår hos angiven aktör.;Vattenunderlag, rådighet, kompensation och projektval ligger hos sökanden. Fristående vattenmål och kvarvarande tillsyn/Lst-beslut ingår inte. Anknuten behörighet får inte antas för hela risken.;;;;;Ingen myndighetskontroll härleds ur denna åtgärd.;"FL 5–9 §§; MB 19 kap. 1–2 a §§; MPD-förordningen 3 §; Dir. 2026:13. Detaljstöd per faktiskt kopplad kontroll i kopplingsfilen.";2.2.0;mitigation;https://nic-esp.github.io/miljotillstandsrisker/data/riskregister.json;2026-09-30
R-B40-050-01:mitigation;"Härledd fältreferens; inte riskregistrets kanoniska item_id";R-B40-050-01;Förhandling om rättighet misslyckas och tvingar fram omprojektering;B40;B40-050;Säkra rättighet eller omprojektera;Inled rättighetsförhandlingar parallellt med utredningsarbetet, ha en realistisk reservlokalisering och överväg tidigt om tvångsrättsinstituten (28 kap. MB) är framkomliga.;Utanför myndighetens kontrollansvar;"Sökanden; länsstyrelse, tillsynsmyndighet eller domstol i respektive del";Ingen del av originalförslaget övertas som myndighetskontroll.;Originalets föreslagna åtgärd kvarstår hos angiven aktör.;Vattenunderlag, rådighet, kompensation och projektval ligger hos sökanden. Fristående vattenmål och kvarvarande tillsyn/Lst-beslut ingår inte. Anknuten behörighet får inte antas för hela risken.;;;;;Ingen myndighetskontroll härleds ur denna åtgärd.;"FL 5–9 §§; MB 19 kap. 1–2 a §§; MPD-förordningen 3 §; Dir. 2026:13. Detaljstöd per faktiskt kopplad kontroll i kopplingsfilen.";2.2.0;mitigation;https://nic-esp.github.io/miljotillstandsrisker/data/riskregister.json;2026-09-30
R-B40-050-02:mitigation;"Härledd fältreferens; inte riskregistrets kanoniska item_id";R-B40-050-02;Säkrad rättighet täcker inte hela det slutliga prövningsobjektet;B40;B40-050;Säkra rättighet eller omprojektera;Inför en rutin där varje projekteringsändring triggar rådighetskontroll. Teckna avtal med marginaler eller optionsklausuler för rimliga justeringar.;Utanför myndighetens kontrollansvar;"Sökanden; länsstyrelse, tillsynsmyndighet eller domstol i respektive del";Ingen del av originalförslaget övertas som myndighetskontroll.;Originalets föreslagna åtgärd kvarstår hos angiven aktör.;Vattenunderlag, rådighet, kompensation och projektval ligger hos sökanden. Fristående vattenmål och kvarvarande tillsyn/Lst-beslut ingår inte. Anknuten behörighet får inte antas för hela risken.;;;;;Ingen myndighetskontroll härleds ur denna åtgärd.;"FL 5–9 §§; MB 19 kap. 1–2 a §§; MPD-förordningen 3 §; Dir. 2026:13. Detaljstöd per faktiskt kopplad kontroll i kopplingsfilen.";2.2.0;mitigation;https://nic-esp.github.io/miljotillstandsrisker/data/riskregister.json;2026-09-30
R-B40-060-01:mitigation;"Härledd fältreferens; inte riskregistrets kanoniska item_id";R-B40-060-01;Dispensbehov för delar utanför miljöbalkstillståndets strandskyddsundantag missas;B40;B40-060;Screena parallella prövningar;Ta fram en parallell tillståndsmatris med strandskydd som obligatorisk rad, kontrollera dispensgrunderna mot 7 kap. MB och invänta lagakraftvunnet dispensbeslut före byggstart.;Utanför myndighetens kontrollansvar;"Sökanden; länsstyrelse, tillsynsmyndighet eller domstol i respektive del";Ingen del av originalförslaget övertas som myndighetskontroll.;Originalets föreslagna åtgärd kvarstår hos angiven aktör.;Vattenunderlag, rådighet, kompensation och projektval ligger hos sökanden. Fristående vattenmål och kvarvarande tillsyn/Lst-beslut ingår inte. Anknuten behörighet får inte antas för hela risken.;;;;;Ingen myndighetskontroll härleds ur denna åtgärd.;"FL 5–9 §§; MB 19 kap. 1–2 a §§; MPD-förordningen 3 §; Dir. 2026:13. Detaljstöd per faktiskt kopplad kontroll i kopplingsfilen.";2.2.0;mitigation;https://nic-esp.github.io/miljotillstandsrisker/data/riskregister.json;2026-09-30
R-B40-060-02:mitigation;"Härledd fältreferens; inte riskregistrets kanoniska item_id";R-B40-060-02;Natura 2000-påverkan upptäcks först efter vägvalet;B40;B40-060;Screena parallella prövningar;Gör en tidig Natura 2000-screening med hydrologisk och ekologisk kopplingsanalys, inte bara avståndsmätning. Involvera länsstyrelsens Natura 2000-handläggare i dialogen.;Utanför myndighetens kontrollansvar;"Sökanden; länsstyrelse, tillsynsmyndighet eller domstol i respektive del";Ingen del av originalförslaget övertas som myndighetskontroll.;Originalets föreslagna åtgärd kvarstår hos angiven aktör.;Vattenunderlag, rådighet, kompensation och projektval ligger hos sökanden. Fristående vattenmål och kvarvarande tillsyn/Lst-beslut ingår inte. Anknuten behörighet får inte antas för hela risken.;;;;;Ingen myndighetskontroll härleds ur denna åtgärd.;"FL 5–9 §§; MB 19 kap. 1–2 a §§; MPD-förordningen 3 §; Dir. 2026:13. Detaljstöd per faktiskt kopplad kontroll i kopplingsfilen.";2.2.0;mitigation;https://nic-esp.github.io/miljotillstandsrisker/data/riskregister.json;2026-09-30
R-B40-060-03:mitigation;"Härledd fältreferens; inte riskregistrets kanoniska item_id";R-B40-060-03;Muddermassor, dumpning och sektorstillstånd staplas i fel ordning;B40;B40-060;Screena parallella prövningar;Upprätta en levande tillståndsmatris med ansvarig per spår och beroendeanalys. Avstäm tidplaner mellan spåren vid varje projektbesluts punkt.;Utanför myndighetens kontrollansvar;"Sökanden; länsstyrelse, tillsynsmyndighet eller domstol i respektive del";Ingen del av originalförslaget övertas som myndighetskontroll.;Originalets föreslagna åtgärd kvarstår hos angiven aktör.;Vattenunderlag, rådighet, kompensation och projektval ligger hos sökanden. Fristående vattenmål och kvarvarande tillsyn/Lst-beslut ingår inte. Anknuten behörighet får inte antas för hela risken.;;;;;Ingen myndighetskontroll härleds ur denna åtgärd.;"FL 5–9 §§; MB 19 kap. 1–2 a §§; MPD-förordningen 3 §; Dir. 2026:13. Detaljstöd per faktiskt kopplad kontroll i kopplingsfilen.";2.2.0;mitigation;https://nic-esp.github.io/miljotillstandsrisker/data/riskregister.json;2026-09-30
R-B40-E130-01:mitigation;"Härledd fältreferens; inte riskregistrets kanoniska item_id";R-B40-E130-01;Undantagspaketet saknar spårbar bevisning vid senare tvist;B40;B40-E130;Slutför övriga prövningar och dokumentera bedömningen;Upprätta ett indexerat undantagspaket med beslutsunderlag, kartor, avtal och myndighetskontakter. Arkivera i projektets långsiktiga dokumentation och vid ägaröverlåtelse.;Utanför myndighetens kontrollansvar;"Sökanden; länsstyrelse, tillsynsmyndighet eller domstol i respektive del";Ingen del av originalförslaget övertas som myndighetskontroll.;Originalets föreslagna åtgärd kvarstår hos angiven aktör.;Vattenunderlag, rådighet, kompensation och projektval ligger hos sökanden. Fristående vattenmål och kvarvarande tillsyn/Lst-beslut ingår inte. Anknuten behörighet får inte antas för hela risken.;;;;;Ingen myndighetskontroll härleds ur denna åtgärd.;"FL 5–9 §§; MB 19 kap. 1–2 a §§; MPD-förordningen 3 §; Dir. 2026:13. Detaljstöd per faktiskt kopplad kontroll i kopplingsfilen.";2.2.0;mitigation;https://nic-esp.github.io/miljotillstandsrisker/data/riskregister.json;2026-09-30
R-B40-E130-02:mitigation;"Härledd fältreferens; inte riskregistrets kanoniska item_id";R-B40-E130-02;Parallella beslut är inte lagakraftvunna vid byggstart;B40;B40-E130;Slutför övriga prövningar och dokumentera bedömningen;Inför en lagakraftkontroll som formell startspärr: byggstart får inte beordras förrän samtliga parallella beslut vunnit laga kraft eller överklaganderisken medvetet accepterats på ledningsnivå.;Utanför myndighetens kontrollansvar;"Sökanden; länsstyrelse, tillsynsmyndighet eller domstol i respektive del";Ingen del av originalförslaget övertas som myndighetskontroll.;Originalets föreslagna åtgärd kvarstår hos angiven aktör.;Vattenunderlag, rådighet, kompensation och projektval ligger hos sökanden. Fristående vattenmål och kvarvarande tillsyn/Lst-beslut ingår inte. Anknuten behörighet får inte antas för hela risken.;Att projektledningen accepterar överklaganderisk ger inte i sig rätt att verkställa. Tillämpliga beslut och lagliga startförutsättningar måste gälla.;;;;Ingen myndighetskontroll härleds ur denna åtgärd.;"FL 5–9 §§; MB 19 kap. 1–2 a §§; MPD-förordningen 3 §; Dir. 2026:13. Detaljstöd per faktiskt kopplad kontroll i kopplingsfilen.";2.2.0;mitigation;https://nic-esp.github.io/miljotillstandsrisker/data/riskregister.json;2026-09-30
R-B40-G020-01:mitigation;"Härledd fältreferens; inte riskregistrets kanoniska item_id";R-B40-G020-01;Felklassificering av tillfällig grundvattenbortledning;B40;B40-G020;Är åtgärden vattenverksamhet?;Anlita hydrogeolog för klassificeringen, gör en enkel infödesuppskattning och dokumentera bedömningen. Vid osäkerhet: kontakta tillsynsmyndigheten skriftligt innan arbetet påbörjas.;Utanför myndighetens kontrollansvar;"Sökanden; länsstyrelse, tillsynsmyndighet eller domstol i respektive del";Ingen del av originalförslaget övertas som myndighetskontroll.;Originalets föreslagna åtgärd kvarstår hos angiven aktör.;Vattenunderlag, rådighet, kompensation och projektval ligger hos sökanden. Fristående vattenmål och kvarvarande tillsyn/Lst-beslut ingår inte. Anknuten behörighet får inte antas för hela risken.;;;;;Ingen myndighetskontroll härleds ur denna åtgärd.;"FL 5–9 §§; MB 19 kap. 1–2 a §§; MPD-förordningen 3 §; Dir. 2026:13. Detaljstöd per faktiskt kopplad kontroll i kopplingsfilen.";2.2.0;mitigation;https://nic-esp.github.io/miljotillstandsrisker/data/riskregister.json;2026-09-30
R-B40-G020-02:mitigation;"Härledd fältreferens; inte riskregistrets kanoniska item_id";R-B40-G020-02;Gränsdragning mot husbehov och undantagna smååtgärder feltolkas;B40;B40-G020;Är åtgärden vattenverksamhet?;Gör en systematisk klassificering mot samtliga led i 11 kap. 3 § MB och dokumentera ställningstagandet. Ta in jurist eller sakkunnig vid gränsfall.;Utanför myndighetens kontrollansvar;"Sökanden; länsstyrelse, tillsynsmyndighet eller domstol i respektive del";Ingen del av originalförslaget övertas som myndighetskontroll.;Originalets föreslagna åtgärd kvarstår hos angiven aktör.;Vattenunderlag, rådighet, kompensation och projektval ligger hos sökanden. Fristående vattenmål och kvarvarande tillsyn/Lst-beslut ingår inte. Anknuten behörighet får inte antas för hela risken.;;;;;Ingen myndighetskontroll härleds ur denna åtgärd.;"FL 5–9 §§; MB 19 kap. 1–2 a §§; MPD-förordningen 3 §; Dir. 2026:13. Detaljstöd per faktiskt kopplad kontroll i kopplingsfilen.";2.2.0;mitigation;https://nic-esp.github.io/miljotillstandsrisker/data/riskregister.json;2026-09-30
R-B40-G020-03:mitigation;"Härledd fältreferens; inte riskregistrets kanoniska item_id";R-B40-G020-03;Sammansatt åtgärd klassificeras bara delvis;B40;B40-G020;Är åtgärden vattenverksamhet?;Kartlägg åtgärden led för led mot 11 kap. 3 § MB:s samtliga punkter. Använd klassificeringsmatris och låt sakkunnig signera den.;Utanför myndighetens kontrollansvar;"Sökanden; länsstyrelse, tillsynsmyndighet eller domstol i respektive del";Ingen del av originalförslaget övertas som myndighetskontroll.;Originalets föreslagna åtgärd kvarstår hos angiven aktör.;Vattenunderlag, rådighet, kompensation och projektval ligger hos sökanden. Fristående vattenmål och kvarvarande tillsyn/Lst-beslut ingår inte. Anknuten behörighet får inte antas för hela risken.;;;;;Ingen myndighetskontroll härleds ur denna åtgärd.;"FL 5–9 §§; MB 19 kap. 1–2 a §§; MPD-förordningen 3 §; Dir. 2026:13. Detaljstöd per faktiskt kopplad kontroll i kopplingsfilen.";2.2.0;mitigation;https://nic-esp.github.io/miljotillstandsrisker/data/riskregister.json;2026-09-30
R-B40-G040-01:mitigation;"Härledd fältreferens; inte riskregistrets kanoniska item_id";R-B40-G040-01;Rådighetsbrist leder till avvisning utan sakprövning;B40;B40-G040;Finns rådighet över vattnet?;Gör en rådighetsutredning per åtgärdsdel med fastighetsgränser i vatten innan vägvalet. Säkra skriftliga avtal enligt LVV 2 kap. 2 § och dokumentera dem som bilaga.;Utanför myndighetens kontrollansvar;"Sökanden; länsstyrelse, tillsynsmyndighet eller domstol i respektive del";Ingen del av originalförslaget övertas som myndighetskontroll.;Originalets föreslagna åtgärd kvarstår hos angiven aktör.;Vattenunderlag, rådighet, kompensation och projektval ligger hos sökanden. Fristående vattenmål och kvarvarande tillsyn/Lst-beslut ingår inte. Anknuten behörighet får inte antas för hela risken.;;;;;Ingen myndighetskontroll härleds ur denna åtgärd.;"FL 5–9 §§; MB 19 kap. 1–2 a §§; MPD-förordningen 3 §; Dir. 2026:13. Detaljstöd per faktiskt kopplad kontroll i kopplingsfilen.";2.2.0;mitigation;https://nic-esp.github.io/miljotillstandsrisker/data/riskregister.json;2026-09-30
R-B40-G040-02:mitigation;"Härledd fältreferens; inte riskregistrets kanoniska item_id";R-B40-G040-02;Kommunal rådighet enligt LVV 2 kap. 5 § missförstås;B40;B40-G040;Finns rådighet över vattnet?;Pröva 5 §-förutsättningarna med jurist, inhämta förhandsbesked i möjlig mån och säkra kompletterande avtalsrådighet med fastighetsägarna som reserv.;Utanför myndighetens kontrollansvar;"Sökanden; länsstyrelse, tillsynsmyndighet eller domstol i respektive del";Ingen del av originalförslaget övertas som myndighetskontroll.;Originalets föreslagna åtgärd kvarstår hos angiven aktör.;Vattenunderlag, rådighet, kompensation och projektval ligger hos sökanden. Fristående vattenmål och kvarvarande tillsyn/Lst-beslut ingår inte. Anknuten behörighet får inte antas för hela risken.;Förhandsbesked om rådighet får inte förutsättas finnas som bindande institut utan lagstöd.;;;;Ingen myndighetskontroll härleds ur denna åtgärd.;"FL 5–9 §§; MB 19 kap. 1–2 a §§; MPD-förordningen 3 §; Dir. 2026:13. Detaljstöd per faktiskt kopplad kontroll i kopplingsfilen.";2.2.0;mitigation;https://nic-esp.github.io/miljotillstandsrisker/data/riskregister.json;2026-09-30
R-B40-G040-03:mitigation;"Härledd fältreferens; inte riskregistrets kanoniska item_id";R-B40-G040-03;Avtal om rådighet håller inte för domstolens krav;B40;B40-G040;Finns rådighet över vattnet?;Låt fastighetsjurist granska avtal mot LVV:s krav, använd skriftliga avtal med tydliga åtgärdsbeskrivningar och kontrollera firmateckning och fullmakter.;Utanför myndighetens kontrollansvar;"Sökanden; länsstyrelse, tillsynsmyndighet eller domstol i respektive del";Ingen del av originalförslaget övertas som myndighetskontroll.;Originalets föreslagna åtgärd kvarstår hos angiven aktör.;Vattenunderlag, rådighet, kompensation och projektval ligger hos sökanden. Fristående vattenmål och kvarvarande tillsyn/Lst-beslut ingår inte. Anknuten behörighet får inte antas för hela risken.;;;;;Ingen myndighetskontroll härleds ur denna åtgärd.;"FL 5–9 §§; MB 19 kap. 1–2 a §§; MPD-förordningen 3 §; Dir. 2026:13. Detaljstöd per faktiskt kopplad kontroll i kopplingsfilen.";2.2.0;mitigation;https://nic-esp.github.io/miljotillstandsrisker/data/riskregister.json;2026-09-30
R-B40-G070-01:mitigation;"Härledd fältreferens; inte riskregistrets kanoniska item_id";R-B40-G070-01;Fel spår väljs: undantag trots att tillståndsplikt föreligger;B40;B40-G070;Bestäm 11 kap.-väg;Dokumentera vägvalet skriftligt med hänvisning till lagrum och tröskelvärden. Begär skriftlig bekräftelse eller åtminstone dokumenterad dialog med tillsynsmyndigheten innan arbeten påbörjas.;Utanför myndighetens kontrollansvar;"Sökanden; länsstyrelse, tillsynsmyndighet eller domstol i respektive del";Ingen del av originalförslaget övertas som myndighetskontroll.;Originalets föreslagna åtgärd kvarstår hos angiven aktör.;Vattenunderlag, rådighet, kompensation och projektval ligger hos sökanden. Fristående vattenmål och kvarvarande tillsyn/Lst-beslut ingår inte. Anknuten behörighet får inte antas för hela risken.;;;;;Ingen myndighetskontroll härleds ur denna åtgärd.;"FL 5–9 §§; MB 19 kap. 1–2 a §§; MPD-förordningen 3 §; Dir. 2026:13. Detaljstöd per faktiskt kopplad kontroll i kopplingsfilen.";2.2.0;mitigation;https://nic-esp.github.io/miljotillstandsrisker/data/riskregister.json;2026-09-30
R-B40-G070-02:mitigation;"Härledd fältreferens; inte riskregistrets kanoniska item_id";R-B40-G070-02;Muntlig myndighetsdialog ger falsk trygghet;B40;B40-G070;Bestäm 11 kap.-väg;Begär alltid skriftligt svar, diarieför dialogen och låt egen sakkunnig göra en oberoende bedömning av spårvalet som komplement.;Delvis inom mandat efter avgränsning;"Sökanden och berörd myndighet; endast angiven myndighetsdel anpassas";Dokumentera egna servicebesked om ett konkret anknutet vattenärende.;Länsstyrelsens kvarvarande tillsyn, sökandens bevisning och bindande undantagsbesked utan stöd.;Myndighetsdelen kan endast tillämpas inom egen rättslig behörighet. Länsstyrelsens kvarvarande tillsyn, sökandens bevisning och bindande undantagsbesked utan stöd.;;;;MPM-01;Ingen kontrollkoppling tilldelad. Möjlig myndighetsdel utan koppling kräver mer specifik behörighet eller styrkt träff på målpost.;"FL 5–9 §§; MB 19 kap. 1–2 a §§; MPD-förordningen 3 §; Dir. 2026:13. Detaljstöd per faktiskt kopplad kontroll i kopplingsfilen.";2.2.0;mitigation;https://nic-esp.github.io/miljotillstandsrisker/data/riskregister.json;2026-09-30
R-B40-G070-03:mitigation;"Härledd fältreferens; inte riskregistrets kanoniska item_id";R-B40-G070-03;Markavvattning förväxlas med övrig vattenverksamhet;B40;B40-G070;Bestäm 11 kap.-väg;Analysera åtgärdens faktiska syfte och varaktighet mot 11 kap. 2 § MB:s definition. Vid osäkerhet, behandla åtgärden som markavvattning och kontrollera förbuds- och dispensreglerna direkt.;Utanför myndighetens kontrollansvar;"Sökanden; länsstyrelse, tillsynsmyndighet eller domstol i respektive del";Ingen del av originalförslaget övertas som myndighetskontroll.;Originalets föreslagna åtgärd kvarstår hos angiven aktör.;Vattenunderlag, rådighet, kompensation och projektval ligger hos sökanden. Fristående vattenmål och kvarvarande tillsyn/Lst-beslut ingår inte. Anknuten behörighet får inte antas för hela risken.;;;;;Ingen myndighetskontroll härleds ur denna åtgärd.;"FL 5–9 §§; MB 19 kap. 1–2 a §§; MPD-förordningen 3 §; Dir. 2026:13. Detaljstöd per faktiskt kopplad kontroll i kopplingsfilen.";2.2.0;mitigation;https://nic-esp.github.io/miljotillstandsrisker/data/riskregister.json;2026-09-30
R-B40-GE100-01:mitigation;"Härledd fältreferens; inte riskregistrets kanoniska item_id";R-B40-GE100-01;'Uppenbart'-kriteriet går inte att styrka i efterhand;B40;B40-GE100;Är undantagsgrunden styrkt?;Bygg ett undantagsbeslut på fältdata, sakägarkartläggning och skriftligt motiverad bedömning som arkiveras. Låt sakkunnig granska att 'uppenbart'-kriteriet verkligen är uppfyllt.;Utanför myndighetens kontrollansvar;"Sökanden; länsstyrelse, tillsynsmyndighet eller domstol i respektive del";Ingen del av originalförslaget övertas som myndighetskontroll.;Originalets föreslagna åtgärd kvarstår hos angiven aktör.;Vattenunderlag, rådighet, kompensation och projektval ligger hos sökanden. Fristående vattenmål och kvarvarande tillsyn/Lst-beslut ingår inte. Anknuten behörighet får inte antas för hela risken.;Begreppet undantagsbeslut i originalet får inte läsas som ett generellt tillgängligt bindande myndighetsbesked.;;;;Ingen myndighetskontroll härleds ur denna åtgärd.;"FL 5–9 §§; MB 19 kap. 1–2 a §§; MPD-förordningen 3 §; Dir. 2026:13. Detaljstöd per faktiskt kopplad kontroll i kopplingsfilen.";2.2.0;mitigation;https://nic-esp.github.io/miljotillstandsrisker/data/riskregister.json;2026-09-30
R-B40-GE100-02:mitigation;"Härledd fältreferens; inte riskregistrets kanoniska item_id";R-B40-GE100-02;Särskilt undantag i 11 kap. 15–16 §§ tolkas för extensivt;B40;B40-GE100;Är undantagsgrunden styrkt?;Kontrollera varje undantagsrekvisit separat, inklusive anmälningsvillkor och geografiska gränser. Dokumentera att samtliga villkor är uppfyllda, inte bara huvudundantaget.;Utanför myndighetens kontrollansvar;"Sökanden; länsstyrelse, tillsynsmyndighet eller domstol i respektive del";Ingen del av originalförslaget övertas som myndighetskontroll.;Originalets föreslagna åtgärd kvarstår hos angiven aktör.;Vattenunderlag, rådighet, kompensation och projektval ligger hos sökanden. Fristående vattenmål och kvarvarande tillsyn/Lst-beslut ingår inte. Anknuten behörighet får inte antas för hela risken.;;;;;Ingen myndighetskontroll härleds ur denna åtgärd.;"FL 5–9 §§; MB 19 kap. 1–2 a §§; MPD-förordningen 3 §; Dir. 2026:13. Detaljstöd per faktiskt kopplad kontroll i kopplingsfilen.";2.2.0;mitigation;https://nic-esp.github.io/miljotillstandsrisker/data/riskregister.json;2026-09-30
R-B40-GE100-03:mitigation;"Härledd fältreferens; inte riskregistrets kanoniska item_id";R-B40-GE100-03;Förändrade förhållanden gör undantaget inaktuellt;B40;B40-GE100;Är undantagsgrunden styrkt?;Inför ett giltighetsdatum i undantagsdokumentationen och gör en ny kontroll av skydds- och artläget innan arbeten påbörjas, särskilt om tiden gått.;Utanför myndighetens kontrollansvar;"Sökanden; länsstyrelse, tillsynsmyndighet eller domstol i respektive del";Ingen del av originalförslaget övertas som myndighetskontroll.;Originalets föreslagna åtgärd kvarstår hos angiven aktör.;Vattenunderlag, rådighet, kompensation och projektval ligger hos sökanden. Fristående vattenmål och kvarvarande tillsyn/Lst-beslut ingår inte. Anknuten behörighet får inte antas för hela risken.;;;;;Ingen myndighetskontroll härleds ur denna åtgärd.;"FL 5–9 §§; MB 19 kap. 1–2 a §§; MPD-förordningen 3 §; Dir. 2026:13. Detaljstöd per faktiskt kopplad kontroll i kopplingsfilen.";2.2.0;mitigation;https://nic-esp.github.io/miljotillstandsrisker/data/riskregister.json;2026-09-30
R-B40-GE110-01:mitigation;"Härledd fältreferens; inte riskregistrets kanoniska item_id";R-B40-GE110-01;Kumulativa effekter på Natura 2000 underskattas;B40;B40-GE110;Kan Natura 2000 påverkas betydande?;Kartlägg andra planerade och pågående åtgärder i vattendistriktet via länsstyrelsens register och vattenmyndighetens åtgärdsprogram. Gör kumulativ analys i screeningen.;Utanför myndighetens kontrollansvar;"Sökanden; länsstyrelse, tillsynsmyndighet eller domstol i respektive del";Ingen del av originalförslaget övertas som myndighetskontroll.;Originalets föreslagna åtgärd kvarstår hos angiven aktör.;Vattenunderlag, rådighet, kompensation och projektval ligger hos sökanden. Fristående vattenmål och kvarvarande tillsyn/Lst-beslut ingår inte. Anknuten behörighet får inte antas för hela risken.;;;;;Ingen myndighetskontroll härleds ur denna åtgärd.;"FL 5–9 §§; MB 19 kap. 1–2 a §§; MPD-förordningen 3 §; Dir. 2026:13. Detaljstöd per faktiskt kopplad kontroll i kopplingsfilen.";2.2.0;mitigation;https://nic-esp.github.io/miljotillstandsrisker/data/riskregister.json;2026-09-30
R-B40-GE110-02:mitigation;"Härledd fältreferens; inte riskregistrets kanoniska item_id";R-B40-GE110-02;Undantaget förväxlas med befrielse från Natura 2000-kraven;B40;B40-GE110;Kan Natura 2000 påverkas betydande?;Inför en obligatorisk Natura 2000-checkpunkt i undantagsspåret med dokumenterad bedömning av betydande påverkan, separat från 11 kap.-bedömningen.;Utanför myndighetens kontrollansvar;"Sökanden; länsstyrelse, tillsynsmyndighet eller domstol i respektive del";Ingen del av originalförslaget övertas som myndighetskontroll.;Originalets föreslagna åtgärd kvarstår hos angiven aktör.;Vattenunderlag, rådighet, kompensation och projektval ligger hos sökanden. Fristående vattenmål och kvarvarande tillsyn/Lst-beslut ingår inte. Anknuten behörighet får inte antas för hela risken.;;;;;Ingen myndighetskontroll härleds ur denna åtgärd.;"FL 5–9 §§; MB 19 kap. 1–2 a §§; MPD-förordningen 3 §; Dir. 2026:13. Detaljstöd per faktiskt kopplad kontroll i kopplingsfilen.";2.2.0;mitigation;https://nic-esp.github.io/miljotillstandsrisker/data/riskregister.json;2026-09-30
R-B40-GE110-03:mitigation;"Härledd fältreferens; inte riskregistrets kanoniska item_id";R-B40-GE110-03;Betydandeprövningen görs utan tillräckligt ekologiskt underlag;B40;B40-GE110;Kan Natura 2000 påverkas betydande?;Planera art- och naturtypsinventeringar i rätt säsong tidigt, kartlägg skyddsvärdena via bevarandeplanen och dokumentera osäkerheter med försiktighetsprincipen.;Utanför myndighetens kontrollansvar;"Sökanden; länsstyrelse, tillsynsmyndighet eller domstol i respektive del";Ingen del av originalförslaget övertas som myndighetskontroll.;Originalets föreslagna åtgärd kvarstår hos angiven aktör.;Vattenunderlag, rådighet, kompensation och projektval ligger hos sökanden. Fristående vattenmål och kvarvarande tillsyn/Lst-beslut ingår inte. Anknuten behörighet får inte antas för hela risken.;;;;;Ingen myndighetskontroll härleds ur denna åtgärd.;"FL 5–9 §§; MB 19 kap. 1–2 a §§; MPD-förordningen 3 §; Dir. 2026:13. Detaljstöd per faktiskt kopplad kontroll i kopplingsfilen.";2.2.0;mitigation;https://nic-esp.github.io/miljotillstandsrisker/data/riskregister.json;2026-09-30
R-B40-GE120-01:mitigation;"Härledd fältreferens; inte riskregistrets kanoniska item_id";R-B40-GE120-01;12:6-samrådet missas trots väsentlig naturmiljöpåverkan;B40;B40-GE120;Krävs 12:6-samråd?;Gör en uttrycklig 12:6-bedömning i undantagsdokumentationen. Vid minsta osäkerhet: skicka samrådsanmälan – kostnaden är liten jämfört med risken.;Utanför myndighetens kontrollansvar;"Sökanden; länsstyrelse, tillsynsmyndighet eller domstol i respektive del";Ingen del av originalförslaget övertas som myndighetskontroll.;Originalets föreslagna åtgärd kvarstår hos angiven aktör.;Vattenunderlag, rådighet, kompensation och projektval ligger hos sökanden. Fristående vattenmål och kvarvarande tillsyn/Lst-beslut ingår inte. Anknuten behörighet får inte antas för hela risken.;"Originalets värdering av liten kostnad och generell anmälan övertas inte; tillämplighet och proportionalitet måste bedömas konkret.";;;;Ingen myndighetskontroll härleds ur denna åtgärd.;"FL 5–9 §§; MB 19 kap. 1–2 a §§; MPD-förordningen 3 §; Dir. 2026:13. Detaljstöd per faktiskt kopplad kontroll i kopplingsfilen.";2.2.0;mitigation;https://nic-esp.github.io/miljotillstandsrisker/data/riskregister.json;2026-09-30
R-B40-GE120-02:mitigation;"Härledd fältreferens; inte riskregistrets kanoniska item_id";R-B40-GE120-02;12:6-samrådet kan pågå längre än sexveckorsspärren;B40;B40-GE120;Krävs 12:6-samråd?;Skicka samrådsanmälan tidigt, med komplett underlag, och följ upp aktivt. Bygg in tidbuffert i genomförandeplanen för samrådets osäkra varaktighet.;Utanför myndighetens kontrollansvar;"Sökanden; länsstyrelse, tillsynsmyndighet eller domstol i respektive del";Ingen del av originalförslaget övertas som myndighetskontroll.;Originalets föreslagna åtgärd kvarstår hos angiven aktör.;Vattenunderlag, rådighet, kompensation och projektval ligger hos sökanden. Fristående vattenmål och kvarvarande tillsyn/Lst-beslut ingår inte. Anknuten behörighet får inte antas för hela risken.;;;;;Ingen myndighetskontroll härleds ur denna åtgärd.;"FL 5–9 §§; MB 19 kap. 1–2 a §§; MPD-förordningen 3 §; Dir. 2026:13. Detaljstöd per faktiskt kopplad kontroll i kopplingsfilen.";2.2.0;mitigation;https://nic-esp.github.io/miljotillstandsrisker/data/riskregister.json;2026-09-30
R-B40-GM100-01:mitigation;"Härledd fältreferens; inte riskregistrets kanoniska item_id";R-B40-GM100-01;Gränsen mellan markavvattning och tillfällig sänkning dras fel;B40;B40-GM100;Är åtgärden markavvattning?;Analysera åtgärdens faktiska syfte och varaktighet dokumenterat. Vid tveksamhet: ansök om markavvattningstillstånd hos länsstyrelsen, som även kan överlämna till MMD vid behov.;Utanför myndighetens kontrollansvar;"Sökanden; länsstyrelse, tillsynsmyndighet eller domstol i respektive del";Ingen del av originalförslaget övertas som myndighetskontroll.;Originalets föreslagna åtgärd kvarstår hos angiven aktör.;Vattenunderlag, rådighet, kompensation och projektval ligger hos sökanden. Fristående vattenmål och kvarvarande tillsyn/Lst-beslut ingår inte. Anknuten behörighet får inte antas för hela risken.;;;;;Ingen myndighetskontroll härleds ur denna åtgärd.;"FL 5–9 §§; MB 19 kap. 1–2 a §§; MPD-förordningen 3 §; Dir. 2026:13. Detaljstöd per faktiskt kopplad kontroll i kopplingsfilen.";2.2.0;mitigation;https://nic-esp.github.io/miljotillstandsrisker/data/riskregister.json;2026-09-30
R-B40-GM100-02:mitigation;"Härledd fältreferens; inte riskregistrets kanoniska item_id";R-B40-GM100-02;Skydds- och nyttointressen i avvattningen bortfaller ur analysen;B40;B40-GM100;Är åtgärden markavvattning?;Kartlägg nytta och skador för samtliga berörda fastigheter och väghållare redan vid klassificeringen. Inled dialog om deltagande före ansökan.;Utanför myndighetens kontrollansvar;"Sökanden; länsstyrelse, tillsynsmyndighet eller domstol i respektive del";Ingen del av originalförslaget övertas som myndighetskontroll.;Originalets föreslagna åtgärd kvarstår hos angiven aktör.;Vattenunderlag, rådighet, kompensation och projektval ligger hos sökanden. Fristående vattenmål och kvarvarande tillsyn/Lst-beslut ingår inte. Anknuten behörighet får inte antas för hela risken.;;;;;Ingen myndighetskontroll härleds ur denna åtgärd.;"FL 5–9 §§; MB 19 kap. 1–2 a §§; MPD-förordningen 3 §; Dir. 2026:13. Detaljstöd per faktiskt kopplad kontroll i kopplingsfilen.";2.2.0;mitigation;https://nic-esp.github.io/miljotillstandsrisker/data/riskregister.json;2026-09-30
R-B40-GM110-01:mitigation;"Härledd fältreferens; inte riskregistrets kanoniska item_id";R-B40-GM110-01;Täckdikningsundantagets 300 mm-gräns och jordbruksmarksrekvisit överskrids;B40;B40-GM110;Gäller täckdikningsundantag eller förbudsområde?;Dokumentera dimension, markslag och om åtgärden är underhåll eller nydikning. Vid fördjupning eller förstärkning: behandla som ny åtgärd och pröva tillståndsplikten.;Utanför myndighetens kontrollansvar;"Sökanden; länsstyrelse, tillsynsmyndighet eller domstol i respektive del";Ingen del av originalförslaget övertas som myndighetskontroll.;Originalets föreslagna åtgärd kvarstår hos angiven aktör.;Vattenunderlag, rådighet, kompensation och projektval ligger hos sökanden. Fristående vattenmål och kvarvarande tillsyn/Lst-beslut ingår inte. Anknuten behörighet får inte antas för hela risken.;;;;;Ingen myndighetskontroll härleds ur denna åtgärd.;"FL 5–9 §§; MB 19 kap. 1–2 a §§; MPD-förordningen 3 §; Dir. 2026:13. Detaljstöd per faktiskt kopplad kontroll i kopplingsfilen.";2.2.0;mitigation;https://nic-esp.github.io/miljotillstandsrisker/data/riskregister.json;2026-09-30
R-B40-GM110-02:mitigation;"Härledd fältreferens; inte riskregistrets kanoniska item_id";R-B40-GM110-02;Markavvattningsförbudet i södra Sverige förbises;B40;B40-GM110;Gäller täckdikningsundantag eller förbudsområde?;Kontrollera förbudsläget hos länsstyrelsen innan projektet dimensioneras. Där förbud gäller: utred dispensförutsättningarna först och ha alternativ utförandeplan utan avvattning.;Utanför myndighetens kontrollansvar;"Sökanden; länsstyrelse, tillsynsmyndighet eller domstol i respektive del";Ingen del av originalförslaget övertas som myndighetskontroll.;Originalets föreslagna åtgärd kvarstår hos angiven aktör.;Vattenunderlag, rådighet, kompensation och projektval ligger hos sökanden. Fristående vattenmål och kvarvarande tillsyn/Lst-beslut ingår inte. Anknuten behörighet får inte antas för hela risken.;;;;;Ingen myndighetskontroll härleds ur denna åtgärd.;"FL 5–9 §§; MB 19 kap. 1–2 a §§; MPD-förordningen 3 §; Dir. 2026:13. Detaljstöd per faktiskt kopplad kontroll i kopplingsfilen.";2.2.0;mitigation;https://nic-esp.github.io/miljotillstandsrisker/data/riskregister.json;2026-09-30
R-B40-GM140-01:mitigation;"Härledd fältreferens; inte riskregistrets kanoniska item_id";R-B40-GM140-01;Obligatoriskt överlämnande upptäcks sent och tillför en domstolsfas;B40;B40-GM140;Ska ärendet överlämnas till MMD?;Kartlägg deltagande- och ersättningsfrågorna före ansökan och försök lösa dem i avtal, så att inga tvingande yrkanden framställs. Räkna i tidplanen med att överlämnande kan ske.;Utanför myndighetens kontrollansvar;"Sökanden; länsstyrelse, tillsynsmyndighet eller domstol i respektive del";Ingen del av originalförslaget övertas som myndighetskontroll.;Originalets föreslagna åtgärd kvarstår hos angiven aktör.;Vattenunderlag, rådighet, kompensation och projektval ligger hos sökanden. Fristående vattenmål och kvarvarande tillsyn/Lst-beslut ingår inte. Anknuten behörighet får inte antas för hela risken.;;;;;Ingen myndighetskontroll härleds ur denna åtgärd.;"FL 5–9 §§; MB 19 kap. 1–2 a §§; MPD-förordningen 3 §; Dir. 2026:13. Detaljstöd per faktiskt kopplad kontroll i kopplingsfilen.";2.2.0;mitigation;https://nic-esp.github.io/miljotillstandsrisker/data/riskregister.json;2026-09-30
R-B40-GM140-02:mitigation;"Härledd fältreferens; inte riskregistrets kanoniska item_id";R-B40-GM140-02;Diskretionärt överlämnande vid berörda tredje fastigheter skapar oförutsägbarhet;B40;B40-GM140;Ska ärendet överlämnas till MMD?;Fråga länsstyrelsen tidigt om överlämnande övervägs. Dimensionera tidplanen för domstolsspåret och se ett kvarhållet länsstyrelseärende som en bonus, inte en plan.;Utanför myndighetens kontrollansvar;"Sökanden; länsstyrelse, tillsynsmyndighet eller domstol i respektive del";Ingen del av originalförslaget övertas som myndighetskontroll.;Originalets föreslagna åtgärd kvarstår hos angiven aktör.;Vattenunderlag, rådighet, kompensation och projektval ligger hos sökanden. Fristående vattenmål och kvarvarande tillsyn/Lst-beslut ingår inte. Anknuten behörighet får inte antas för hela risken.;;;;;Ingen myndighetskontroll härleds ur denna åtgärd.;"FL 5–9 §§; MB 19 kap. 1–2 a §§; MPD-förordningen 3 §; Dir. 2026:13. Detaljstöd per faktiskt kopplad kontroll i kopplingsfilen.";2.2.0;mitigation;https://nic-esp.github.io/miljotillstandsrisker/data/riskregister.json;2026-09-30
R-B40-GN100-01:mitigation;"Härledd fältreferens; inte riskregistrets kanoniska item_id";R-B40-GN100-01;Tröskelvärdena i FVV 19 § feltolkas;B40;B40-GN100;Ryms åtgärden i anmälningslistan?;Mät åtgärden mot varje tröskel i FVV 19 § med projekterade mått, och dokumentera mätningarna. Vid gränsvärden: välj tillståndsspåret eller sök tillsynsmyndighetens skriftliga bekräftelse.;Utanför myndighetens kontrollansvar;"Sökanden; länsstyrelse, tillsynsmyndighet eller domstol i respektive del";Ingen del av originalförslaget övertas som myndighetskontroll.;Originalets föreslagna åtgärd kvarstår hos angiven aktör.;Vattenunderlag, rådighet, kompensation och projektval ligger hos sökanden. Fristående vattenmål och kvarvarande tillsyn/Lst-beslut ingår inte. Anknuten behörighet får inte antas för hela risken.;;;;;Ingen myndighetskontroll härleds ur denna åtgärd.;"FL 5–9 §§; MB 19 kap. 1–2 a §§; MPD-förordningen 3 §; Dir. 2026:13. Detaljstöd per faktiskt kopplad kontroll i kopplingsfilen.";2.2.0;mitigation;https://nic-esp.github.io/miljotillstandsrisker/data/riskregister.json;2026-09-30
R-B40-GN100-02:mitigation;"Härledd fältreferens; inte riskregistrets kanoniska item_id";R-B40-GN100-02;Listningen garanterar inte att ärendet stannar i anmälningsspåret;B40;B40-GN100;Ryms åtgärden i anmälningslistan?;Gör en egen förhandsbedömning av betydande miljöpåverkan innan spårvalet. Planera tidplanen med ett alternativscenario där tillstånd krävs.;Utanför myndighetens kontrollansvar;"Sökanden; länsstyrelse, tillsynsmyndighet eller domstol i respektive del";Ingen del av originalförslaget övertas som myndighetskontroll.;Originalets föreslagna åtgärd kvarstår hos angiven aktör.;Vattenunderlag, rådighet, kompensation och projektval ligger hos sökanden. Fristående vattenmål och kvarvarande tillsyn/Lst-beslut ingår inte. Anknuten behörighet får inte antas för hela risken.;;;;;Ingen myndighetskontroll härleds ur denna åtgärd.;"FL 5–9 §§; MB 19 kap. 1–2 a §§; MPD-förordningen 3 §; Dir. 2026:13. Detaljstöd per faktiskt kopplad kontroll i kopplingsfilen.";2.2.0;mitigation;https://nic-esp.github.io/miljotillstandsrisker/data/riskregister.json;2026-09-30
R-B40-GN130-01:mitigation;"Härledd fältreferens; inte riskregistrets kanoniska item_id";R-B40-GN130-01;Kompletteringskrav triggar ändlös loop mot upprättandet;B40;B40-GN130;Är anmälan tillräcklig?;Gör en intern 'myndighetsgranskning' av anmälan före inlämning med checklista mot FVV 20 § och MBD 8–9 §§. Besvara kompletteringskrav samlat och fullständigt, inte styckvis.;Utanför myndighetens kontrollansvar;"Sökanden; länsstyrelse, tillsynsmyndighet eller domstol i respektive del";Ingen del av originalförslaget övertas som myndighetskontroll.;Originalets föreslagna åtgärd kvarstår hos angiven aktör.;Vattenunderlag, rådighet, kompensation och projektval ligger hos sökanden. Fristående vattenmål och kvarvarande tillsyn/Lst-beslut ingår inte. Anknuten behörighet får inte antas för hela risken.;;;MPM-05;;Självständig kontroll finns för risken, men är inte en övertagen originalåtgärd.;"FL 5–9 §§; MB 19 kap. 1–2 a §§; MPD-förordningen 3 §; Dir. 2026:13. Detaljstöd per faktiskt kopplad kontroll i kopplingsfilen.";2.2.0;mitigation;https://nic-esp.github.io/miljotillstandsrisker/data/riskregister.json;2026-09-30
R-B40-GN130-02:mitigation;"Härledd fältreferens; inte riskregistrets kanoniska item_id";R-B40-GN130-02;Kompletteringskraven avslöjar att åtgärden hör hemma i tillståndsspåret;B40;B40-GN130;Är anmälan tillräcklig?;Utforma anmälningsunderlaget så att det kan återanvändas som stomme i en ansökan (samma kartor, teknisk beskrivning och MKB-logik). Ha en förberedd omspårsplan.;Utanför myndighetens kontrollansvar;"Sökanden; länsstyrelse, tillsynsmyndighet eller domstol i respektive del";Ingen del av originalförslaget övertas som myndighetskontroll.;Originalets föreslagna åtgärd kvarstår hos angiven aktör.;Vattenunderlag, rådighet, kompensation och projektval ligger hos sökanden. Fristående vattenmål och kvarvarande tillsyn/Lst-beslut ingår inte. Anknuten behörighet får inte antas för hela risken.;;;;;Ingen myndighetskontroll härleds ur denna åtgärd.;"FL 5–9 §§; MB 19 kap. 1–2 a §§; MPD-förordningen 3 §; Dir. 2026:13. Detaljstöd per faktiskt kopplad kontroll i kopplingsfilen.";2.2.0;mitigation;https://nic-esp.github.io/miljotillstandsrisker/data/riskregister.json;2026-09-30
R-B40-GN150-01:mitigation;"Härledd fältreferens; inte riskregistrets kanoniska item_id";R-B40-GN150-01;Positivt BMP-beslut tvingar fram tillståndsföreläggande;B40;B40-GN150;Kan betydande miljöpåverkan antas?;Utforma anmälningsunderlaget mot bedömningsfaktorerna i 10–13 §§ MBD. Planera för ett möjligt tillståndsspår och bevaka åttaveckorsfristen samt eventuell motiverad förlängning.;Utanför myndighetens kontrollansvar;"Sökanden; länsstyrelse, tillsynsmyndighet eller domstol i respektive del";Ingen del av originalförslaget övertas som myndighetskontroll.;Originalets föreslagna åtgärd kvarstår hos angiven aktör.;Vattenunderlag, rådighet, kompensation och projektval ligger hos sökanden. Fristående vattenmål och kvarvarande tillsyn/Lst-beslut ingår inte. Anknuten behörighet får inte antas för hela risken.;;;;;Ingen myndighetskontroll härleds ur denna åtgärd.;"FL 5–9 §§; MB 19 kap. 1–2 a §§; MPD-förordningen 3 §; Dir. 2026:13. Detaljstöd per faktiskt kopplad kontroll i kopplingsfilen.";2.2.0;mitigation;https://nic-esp.github.io/miljotillstandsrisker/data/riskregister.json;2026-09-30
R-B40-GN150-02:mitigation;"Härledd fältreferens; inte riskregistrets kanoniska item_id";R-B40-GN150-02;BMP-beslutet motiveras eller offentliggörs felaktigt;B40;B40-GN150;Kan betydande miljöpåverkan antas?;Kontrollera att beslutet redovisar omständigheter för och emot BMP och att tillgängliggörandet skett. Begär rättelse eller bedöm överklagande endast efter en konkret analys av felets betydelse, talerätt och processuella intresse.;Delvis inom mandat efter avgränsning;"Sökanden och berörd myndighet; endast angiven myndighetsdel anpassas";Motivera och tillgängliggöra egna beslut enligt den faktiskt tillämpliga ordningen.;Ingen generell överföring av FVV:s BMP-beslut. Ingen riskkoppling läggs utan belagd behörighet för just denna beslutstyp.;Myndighetsdelen kan endast tillämpas inom egen rättslig behörighet. Ingen generell överföring av FVV:s BMP-beslut. Ingen riskkoppling läggs utan belagd behörighet för just denna beslutstyp.;;;;MPM-11 | MPM-13;Ingen kontrollkoppling tilldelad. Möjlig myndighetsdel utan koppling kräver mer specifik behörighet eller styrkt träff på målpost.;"FL 5–9 §§; MB 19 kap. 1–2 a §§; MPD-förordningen 3 §; Dir. 2026:13. Detaljstöd per faktiskt kopplad kontroll i kopplingsfilen.";2.2.0;mitigation;https://nic-esp.github.io/miljotillstandsrisker/data/riskregister.json;2026-09-30
R-B40-GN150-03:mitigation;"Härledd fältreferens; inte riskregistrets kanoniska item_id";R-B40-GN150-03;BMP-begreppet är omdiskuterat och påverkas av pågående reform;B40;B40-GN150;Kan betydande miljöpåverkan antas?;Bevaka lagstiftnings- och vägledningsläget löpande. Dimensionera underlaget så att det håller även under en strängare tolkning av betydande-kriteriet.;Utanför myndighetens kontrollansvar;"Sökanden; länsstyrelse, tillsynsmyndighet eller domstol i respektive del";Ingen del av originalförslaget övertas som myndighetskontroll.;Originalets föreslagna åtgärd kvarstår hos angiven aktör.;Vattenunderlag, rådighet, kompensation och projektval ligger hos sökanden. Fristående vattenmål och kvarvarande tillsyn/Lst-beslut ingår inte. Anknuten behörighet får inte antas för hela risken.;;;;;Ingen myndighetskontroll härleds ur denna åtgärd.;"FL 5–9 §§; MB 19 kap. 1–2 a §§; MPD-förordningen 3 §; Dir. 2026:13. Detaljstöd per faktiskt kopplad kontroll i kopplingsfilen.";2.2.0;mitigation;https://nic-esp.github.io/miljotillstandsrisker/data/riskregister.json;2026-09-30
R-B40-GN170-01:mitigation;"Härledd fältreferens; inte riskregistrets kanoniska item_id";R-B40-GN170-01;Försiktighetsmått blir i praktiken en ny villkorsprövning;B40;B40-GN170;Ställningstagande enligt 23 §;Föreslå själv väl avvägda försiktighetsmått i anmälan så att myndigheten kan bygga på dem. Granska beslutade mått mot proportionalitetsprincipen och överklaga vid uppenbart orimliga krav.;Utanför myndighetens kontrollansvar;"Sökanden; länsstyrelse, tillsynsmyndighet eller domstol i respektive del";Ingen del av originalförslaget övertas som myndighetskontroll.;Originalets föreslagna åtgärd kvarstår hos angiven aktör.;Vattenunderlag, rådighet, kompensation och projektval ligger hos sökanden. Fristående vattenmål och kvarvarande tillsyn/Lst-beslut ingår inte. Anknuten behörighet får inte antas för hela risken.;;;;;Ingen myndighetskontroll härleds ur denna åtgärd.;"FL 5–9 §§; MB 19 kap. 1–2 a §§; MPD-förordningen 3 §; Dir. 2026:13. Detaljstöd per faktiskt kopplad kontroll i kopplingsfilen.";2.2.0;mitigation;https://nic-esp.github.io/miljotillstandsrisker/data/riskregister.json;2026-09-30
R-B40-GN170-02:mitigation;"Härledd fältreferens; inte riskregistrets kanoniska item_id";R-B40-GN170-02;Underrättelse om 'ingen åtgärd' ger falsk trygghet;B40;B40-GN170;Ställningstagande enligt 23 §;Håll genomförandet strikt inom anmälan ramar, dokumentera utförandet löpande och gör en ny anmälan eller ansökan om omfattningen behöver ändras.;Utanför myndighetens kontrollansvar;"Sökanden; länsstyrelse, tillsynsmyndighet eller domstol i respektive del";Ingen del av originalförslaget övertas som myndighetskontroll.;Originalets föreslagna åtgärd kvarstår hos angiven aktör.;Vattenunderlag, rådighet, kompensation och projektval ligger hos sökanden. Fristående vattenmål och kvarvarande tillsyn/Lst-beslut ingår inte. Anknuten behörighet får inte antas för hela risken.;;;;;Ingen myndighetskontroll härleds ur denna åtgärd.;"FL 5–9 §§; MB 19 kap. 1–2 a §§; MPD-förordningen 3 §; Dir. 2026:13. Detaljstöd per faktiskt kopplad kontroll i kopplingsfilen.";2.2.0;mitigation;https://nic-esp.github.io/miljotillstandsrisker/data/riskregister.json;2026-09-30
R-B40-M120-01:mitigation;"Härledd fältreferens; inte riskregistrets kanoniska item_id";R-B40-M120-01;Dispens beviljas inte eftersom 'särskilda skäl' är en restriktiv prövning;B40;B40-M120;Sök dispens från markavvattningsförbud;Utred områdets naturvårdsvärden i förväg och bygg dispensansökan på att området saknar betydelse från naturvårdssynpunkt. Ha en färdig alternativlösning utan avvattning.;Utanför myndighetens kontrollansvar;"Sökanden; länsstyrelse, tillsynsmyndighet eller domstol i respektive del";Ingen del av originalförslaget övertas som myndighetskontroll.;Originalets föreslagna åtgärd kvarstår hos angiven aktör.;Vattenunderlag, rådighet, kompensation och projektval ligger hos sökanden. Fristående vattenmål och kvarvarande tillsyn/Lst-beslut ingår inte. Anknuten behörighet får inte antas för hela risken.;;;;;Ingen myndighetskontroll härleds ur denna åtgärd.;"FL 5–9 §§; MB 19 kap. 1–2 a §§; MPD-förordningen 3 §; Dir. 2026:13. Detaljstöd per faktiskt kopplad kontroll i kopplingsfilen.";2.2.0;mitigation;https://nic-esp.github.io/miljotillstandsrisker/data/riskregister.json;2026-09-30
R-B40-M120-02:mitigation;"Härledd fältreferens; inte riskregistrets kanoniska item_id";R-B40-M120-02;Dispensbeslutet misstas vara ett tillstånd;B40;B40-M120;Sök dispens från markavvattningsförbud;Inför två tydliga milstolpar i tidplanen – dispensbeslut och tillståndsbeslut – med startspärr tills båda föreligger och har vunnit laga kraft.;Utanför myndighetens kontrollansvar;"Sökanden; länsstyrelse, tillsynsmyndighet eller domstol i respektive del";Ingen del av originalförslaget övertas som myndighetskontroll.;Originalets föreslagna åtgärd kvarstår hos angiven aktör.;Vattenunderlag, rådighet, kompensation och projektval ligger hos sökanden. Fristående vattenmål och kvarvarande tillsyn/Lst-beslut ingår inte. Anknuten behörighet får inte antas för hela risken.;;;;;Ingen myndighetskontroll härleds ur denna åtgärd.;"FL 5–9 §§; MB 19 kap. 1–2 a §§; MPD-förordningen 3 §; Dir. 2026:13. Detaljstöd per faktiskt kopplad kontroll i kopplingsfilen.";2.2.0;mitigation;https://nic-esp.github.io/miljotillstandsrisker/data/riskregister.json;2026-09-30
R-B40-M130-01:mitigation;"Härledd fältreferens; inte riskregistrets kanoniska item_id";R-B40-M130-01;Handläggningstiden för markavvattning är osäker;B40;B40-M130;Ge in markavvattningsansökan;Lämna ett komplett underlag för att minska behovet av komplettering, håll löpande kontakt med handläggaren och anpassa genomförandeplanen till myndighetens aktuella prognos.;Delvis inom mandat efter avgränsning;"Sökanden och berörd myndighet; endast angiven myndighetsdel anpassas";Lämna realistisk prognos och följa egen ärendeplan för anknuten markavvattning.;Sökandens fältarbete och fristående länsstyrelseärenden.;Myndighetsdelen kan endast tillämpas inom egen rättslig behörighet. Sökandens fältarbete och fristående länsstyrelseärenden.;;MPM-07;;;"Anpassning kopplad till uttryckliga målposter; övriga kontroller är självständiga analysförslag.";"FL 5–9 §§; MB 19 kap. 1–2 a §§; MPD-förordningen 3 §; Dir. 2026:13. Detaljstöd per faktiskt kopplad kontroll i kopplingsfilen.";2.2.0;mitigation;https://nic-esp.github.io/miljotillstandsrisker/data/riskregister.json;2026-09-30
R-B40-M130-02:mitigation;"Härledd fältreferens; inte riskregistrets kanoniska item_id";R-B40-M130-02;Miljöbedömningen i markavvattningsansökan möter strängare krav på våtmarks- och klimatanalys;B40;B40-M130;Ge in markavvattningsansökan;Inkludera våtmarksinventering, klimatberäkning för organogen mark och recipientanalys i ansökan från början. Beskriv återvätning eller kompensationsåtgärder där det är relevant.;Utanför myndighetens kontrollansvar;"Sökanden; länsstyrelse, tillsynsmyndighet eller domstol i respektive del";Ingen del av originalförslaget övertas som myndighetskontroll.;Originalets föreslagna åtgärd kvarstår hos angiven aktör.;Vattenunderlag, rådighet, kompensation och projektval ligger hos sökanden. Fristående vattenmål och kvarvarande tillsyn/Lst-beslut ingår inte. Anknuten behörighet får inte antas för hela risken.;;;;;Ingen myndighetskontroll härleds ur denna åtgärd.;"FL 5–9 §§; MB 19 kap. 1–2 a §§; MPD-förordningen 3 §; Dir. 2026:13. Detaljstöd per faktiskt kopplad kontroll i kopplingsfilen.";2.2.0;mitigation;https://nic-esp.github.io/miljotillstandsrisker/data/riskregister.json;2026-09-30
R-B40-M150-01:mitigation;"Härledd fältreferens; inte riskregistrets kanoniska item_id";R-B40-M150-01;Beslutet överklagas av sakägare eller miljöorganisationer;B40;B40-M150;Länsstyrelsens prövning och beslut;Förankra beslutet hos berörda fastighetsägare före beslutet, dokumentera avvägningen noggrant för att stå emot överklagande och invänta lagakraft före arbetsstart där det är möjligt.;Delvis inom mandat efter avgränsning;"Sökanden och berörd myndighet; endast angiven myndighetsdel anpassas";Redovisa sakliga avvägningar i eget behörigt beslut.;Förankringskampanj hos markägare, löften om bifall och försök att minska legitimt överklagande genom påverkan.;Myndighetsdelen kan endast tillämpas inom egen rättslig behörighet. Förankringskampanj hos markägare, löften om bifall och försök att minska legitimt överklagande genom påverkan.;;;;MPM-11;Ingen kontrollkoppling tilldelad. Möjlig myndighetsdel utan koppling kräver mer specifik behörighet eller styrkt träff på målpost.;"FL 5–9 §§; MB 19 kap. 1–2 a §§; MPD-förordningen 3 §; Dir. 2026:13. Detaljstöd per faktiskt kopplad kontroll i kopplingsfilen.";2.2.0;mitigation;https://nic-esp.github.io/miljotillstandsrisker/data/riskregister.json;2026-09-30
R-B40-M150-02:mitigation;"Härledd fältreferens; inte riskregistrets kanoniska item_id";R-B40-M150-02;Villkoren för avvattningen blir tekniskt ogenomförbara eller kostsamma;B40;B40-M150;Länsstyrelsens prövning och beslut;Föreslå själv realistiska villkor i ansökan, förankrade i underlaget, så att beslutet bygger på genomförbara nivåer. Simulera villkorskänslighet i projektets ekonomi före beslutet.;Utanför myndighetens kontrollansvar;"Sökanden; länsstyrelse, tillsynsmyndighet eller domstol i respektive del";Ingen del av originalförslaget övertas som myndighetskontroll.;Originalets föreslagna åtgärd kvarstår hos angiven aktör.;Vattenunderlag, rådighet, kompensation och projektval ligger hos sökanden. Fristående vattenmål och kvarvarande tillsyn/Lst-beslut ingår inte. Anknuten behörighet får inte antas för hela risken.;;;;;Ingen myndighetskontroll härleds ur denna åtgärd.;"FL 5–9 §§; MB 19 kap. 1–2 a §§; MPD-förordningen 3 §; Dir. 2026:13. Detaljstöd per faktiskt kopplad kontroll i kopplingsfilen.";2.2.0;mitigation;https://nic-esp.github.io/miljotillstandsrisker/data/riskregister.json;2026-09-30
R-B40-M160-01:mitigation;"Härledd fältreferens; inte riskregistrets kanoniska item_id";R-B40-M160-01;Kostnadsfördelning och deltagandefrågor blåser upp processen;B40;B40-M160;MMD prövar överlämnat ärende;Bygg deltagande- och nyttoanalysen på fastighetsspecifika hydrogeologiska data, förhandla om samverkansavtal före överlämnandet och anlita sakkunnig för kostnadsfördelningsberäkning.;Utanför myndighetens kontrollansvar;"Sökanden; länsstyrelse, tillsynsmyndighet eller domstol i respektive del";Ingen del av originalförslaget övertas som myndighetskontroll.;Originalets föreslagna åtgärd kvarstår hos angiven aktör.;Vattenunderlag, rådighet, kompensation och projektval ligger hos sökanden. Fristående vattenmål och kvarvarande tillsyn/Lst-beslut ingår inte. Anknuten behörighet får inte antas för hela risken.;;;;;Ingen myndighetskontroll härleds ur denna åtgärd.;"FL 5–9 §§; MB 19 kap. 1–2 a §§; MPD-förordningen 3 §; Dir. 2026:13. Detaljstöd per faktiskt kopplad kontroll i kopplingsfilen.";2.2.0;mitigation;https://nic-esp.github.io/miljotillstandsrisker/data/riskregister.json;2026-09-30
R-B40-M160-02:mitigation;"Härledd fältreferens; inte riskregistrets kanoniska item_id";R-B40-M160-02;Sent överlämnande till MMD förlänger den samlade prövningen;B40;B40-M160;MMD prövar överlämnat ärende;Räkna från början med det kombinerade ledet (länsstyrelse + MMD) i tidplanen. Förbered domstolsunderlaget redan under länsstyrelsehandläggningen så att överlämnandet blir en formalitet, inte en omstart.;Utanför myndighetens kontrollansvar;"Sökanden; länsstyrelse, tillsynsmyndighet eller domstol i respektive del";Ingen del av originalförslaget övertas som myndighetskontroll.;Originalets föreslagna åtgärd kvarstår hos angiven aktör.;Vattenunderlag, rådighet, kompensation och projektval ligger hos sökanden. Fristående vattenmål och kvarvarande tillsyn/Lst-beslut ingår inte. Anknuten behörighet får inte antas för hela risken.;;;;;Ingen myndighetskontroll härleds ur denna åtgärd.;"FL 5–9 §§; MB 19 kap. 1–2 a §§; MPD-förordningen 3 §; Dir. 2026:13. Detaljstöd per faktiskt kopplad kontroll i kopplingsfilen.";2.2.0;mitigation;https://nic-esp.github.io/miljotillstandsrisker/data/riskregister.json;2026-09-30
R-B40-M160-03:mitigation;"Härledd fältreferens; inte riskregistrets kanoniska item_id";R-B40-M160-03;Tvångsrätt, ersättning och inlösen prövas i samma mål och gör domen oförutsägbar;B40;B40-M160;MMD prövar överlämnat ärende;Gör en scenarieanalys av möjliga domutfall per delfråga innan överlämnandet, och överväg att söka frivilliga lösningar (avtal, samverkan) som minskar antalet tvistiga institut i målet.;Utanför myndighetens kontrollansvar;"Sökanden; länsstyrelse, tillsynsmyndighet eller domstol i respektive del";Ingen del av originalförslaget övertas som myndighetskontroll.;Originalets föreslagna åtgärd kvarstår hos angiven aktör.;Vattenunderlag, rådighet, kompensation och projektval ligger hos sökanden. Fristående vattenmål och kvarvarande tillsyn/Lst-beslut ingår inte. Anknuten behörighet får inte antas för hela risken.;;;;;Ingen myndighetskontroll härleds ur denna åtgärd.;"FL 5–9 §§; MB 19 kap. 1–2 a §§; MPD-förordningen 3 §; Dir. 2026:13. Detaljstöd per faktiskt kopplad kontroll i kopplingsfilen.";2.2.0;mitigation;https://nic-esp.github.io/miljotillstandsrisker/data/riskregister.json;2026-09-30
R-B40-N110-01:mitigation;"Härledd fältreferens; inte riskregistrets kanoniska item_id";R-B40-N110-01;Anmälningsunderlaget underdimensioneras i tron att 'det är bara en anmälan';B40;B40-N110;Upprätta anmälan;Upprätta anmälan med samma struktur som ett tillståndsunderlag: tydliga kartor, åtgärdsbeskrivning, sakägarförteckning och egen BMP-analys. Låt sakkunnig kvalitetsgranska före inlämning.;Utanför myndighetens kontrollansvar;"Sökanden; länsstyrelse, tillsynsmyndighet eller domstol i respektive del";Ingen del av originalförslaget övertas som myndighetskontroll.;Originalets föreslagna åtgärd kvarstår hos angiven aktör.;Vattenunderlag, rådighet, kompensation och projektval ligger hos sökanden. Fristående vattenmål och kvarvarande tillsyn/Lst-beslut ingår inte. Anknuten behörighet får inte antas för hela risken.;;;;;Ingen myndighetskontroll härleds ur denna åtgärd.;"FL 5–9 §§; MB 19 kap. 1–2 a §§; MPD-förordningen 3 §; Dir. 2026:13. Detaljstöd per faktiskt kopplad kontroll i kopplingsfilen.";2.2.0;mitigation;https://nic-esp.github.io/miljotillstandsrisker/data/riskregister.json;2026-09-30
R-B40-N110-02:mitigation;"Härledd fältreferens; inte riskregistrets kanoniska item_id";R-B40-N110-02;Sakägar- och fastighetsuppgifter i anmälan är inaktuella eller felaktiga;B40;B40-N110;Upprätta anmälan;Beställ färska registerutdrag nära inlämningen och komplettera med lokalkännedom om samfällda rättigheter. Dubbelkolla ägarläget vid varje processteg.;Utanför myndighetens kontrollansvar;"Sökanden; länsstyrelse, tillsynsmyndighet eller domstol i respektive del";Ingen del av originalförslaget övertas som myndighetskontroll.;Originalets föreslagna åtgärd kvarstår hos angiven aktör.;Vattenunderlag, rådighet, kompensation och projektval ligger hos sökanden. Fristående vattenmål och kvarvarande tillsyn/Lst-beslut ingår inte. Anknuten behörighet får inte antas för hela risken.;;;;;Ingen myndighetskontroll härleds ur denna åtgärd.;"FL 5–9 §§; MB 19 kap. 1–2 a §§; MPD-förordningen 3 §; Dir. 2026:13. Detaljstöd per faktiskt kopplad kontroll i kopplingsfilen.";2.2.0;mitigation;https://nic-esp.github.io/miljotillstandsrisker/data/riskregister.json;2026-09-30
R-B40-N120-01:mitigation;"Härledd fältreferens; inte riskregistrets kanoniska item_id";R-B40-N120-01;Anmälan lämnas till fel tillsynsmyndighet;B40;B40-N120;Lämna anmälan till tillsynsmyndigheten;Verifiera behörig tillsynsmyndighet mot FVV:s behörighetsföreskrifter och kommunens delegeringsbeslut. Begär skriftlig bekräftelse på registrering och diarienummer.;Delvis inom mandat efter avgränsning;"Sökanden och berörd myndighet; endast angiven myndighetsdel anpassas";Kontrollera behörighet, registrera mottagning och ange tillämplig egen tidsplan.;Fristående vattenanmälningar och tillsyn. Åttaveckorsregler överförs inte automatiskt till samlad prövning.;Myndighetsdelen kan endast tillämpas inom egen rättslig behörighet. Fristående vattenanmälningar och tillsyn. Åttaveckorsregler överförs inte automatiskt till samlad prövning.;;;;MPM-02 | MPM-07 | MPM-10;Ingen kontrollkoppling tilldelad. Möjlig myndighetsdel utan koppling kräver mer specifik behörighet eller styrkt träff på målpost.;"FL 5–9 §§; MB 19 kap. 1–2 a §§; MPD-förordningen 3 §; Dir. 2026:13. Detaljstöd per faktiskt kopplad kontroll i kopplingsfilen.";2.2.0;mitigation;https://nic-esp.github.io/miljotillstandsrisker/data/riskregister.json;2026-09-30
R-B40-N120-02:mitigation;"Härledd fältreferens; inte riskregistrets kanoniska item_id";R-B40-N120-02;Fördröjd initial handläggning äter upp åttaveckorsfristen;B40;B40-N120;Lämna anmälan till tillsynsmyndigheten;Säkra mottagningsbevis med ankomstdatum, bevaka åttaveckorsfristen och begär skriftligt besked om skäl och slutdatum vid förlängning. Planera ett säsongsberoende arbete med marginal även inom fristen.;Delvis inom mandat efter avgränsning;"Sökanden och berörd myndighet; endast angiven myndighetsdel anpassas";Kontrollera behörighet, registrera mottagning och ange tillämplig egen tidsplan.;Fristående vattenanmälningar och tillsyn. Åttaveckorsregler överförs inte automatiskt till samlad prövning.;Myndighetsdelen kan endast tillämpas inom egen rättslig behörighet. Fristående vattenanmälningar och tillsyn. Åttaveckorsregler överförs inte automatiskt till samlad prövning.;;;MPM-08;MPM-02 | MPM-07 | MPM-10;Självständig kontroll finns för risken, men är inte en övertagen originalåtgärd.;"FL 5–9 §§; MB 19 kap. 1–2 a §§; MPD-förordningen 3 §; Dir. 2026:13. Detaljstöd per faktiskt kopplad kontroll i kopplingsfilen.";2.2.0;mitigation;https://nic-esp.github.io/miljotillstandsrisker/data/riskregister.json;2026-09-30
R-B40-N140-01:mitigation;"Härledd fältreferens; inte riskregistrets kanoniska item_id";R-B40-N140-01;Fiske- och naturintressen mobiliserar motstånd vid remissen;B40;B40-N140;Remittera och inhämta yttranden;Involvera fiskevårds- och naturintressen före den formella remissen, anpassa åtgärden (t.ex. lektider, vandringsvägar) proaktivt och bemöt remisspunkter sakligt i kompletteringar.;Utanför myndighetens kontrollansvar;"Sökanden; länsstyrelse, tillsynsmyndighet eller domstol i respektive del";Ingen del av originalförslaget övertas som myndighetskontroll.;Originalets föreslagna åtgärd kvarstår hos angiven aktör.;Vattenunderlag, rådighet, kompensation och projektval ligger hos sökanden. Fristående vattenmål och kvarvarande tillsyn/Lst-beslut ingår inte. Anknuten behörighet får inte antas för hela risken.;;;;;Ingen myndighetskontroll härleds ur denna åtgärd.;"FL 5–9 §§; MB 19 kap. 1–2 a §§; MPD-förordningen 3 §; Dir. 2026:13. Detaljstöd per faktiskt kopplad kontroll i kopplingsfilen.";2.2.0;mitigation;https://nic-esp.github.io/miljotillstandsrisker/data/riskregister.json;2026-09-30
R-B40-N140-02:mitigation;"Härledd fältreferens; inte riskregistrets kanoniska item_id";R-B40-N140-02;Remissinstanser svarar sent eller inte alls;B40;B40-N140;Remittera och inhämta yttranden;Förbered remissinstanser före den formella remissen, men utgå inte från en lagstadgad svarstid som inte finns. Bevaka i stället myndighetens beslutade remisstid och den övergripande åttaveckorsfristen.;Delvis inom mandat efter avgränsning;"Sökanden och berörd myndighet; endast angiven myndighetsdel anpassas";Planera och följa upp egna remisser med skäliga, korrekta svarstider.;Sökandens biologiska underlag och andra remissinstansers resurser. Endast behörigt anknutet ärende.;Myndighetsdelen kan endast tillämpas inom egen rättslig behörighet. Sökandens biologiska underlag och andra remissinstansers resurser. Endast behörigt anknutet ärende.;;MPM-09;;;"Anpassning kopplad till uttryckliga målposter; övriga kontroller är självständiga analysförslag.";"FL 5–9 §§; MB 19 kap. 1–2 a §§; MPD-förordningen 3 §; Dir. 2026:13. Detaljstöd per faktiskt kopplad kontroll i kopplingsfilen.";2.2.0;mitigation;https://nic-esp.github.io/miljotillstandsrisker/data/riskregister.json;2026-09-30
R-B40-N180-01:mitigation;"Härledd fältreferens; inte riskregistrets kanoniska item_id";R-B40-N180-01;Överklagande eller inhibition av ett överklagbart beslut i anmälningsärendet förskjuter starten;B40;B40-N180;Uppfyll startvillkor och hantera överklagande;Dokumentera delgivning, överklagandefrist och verkställbarhet för det konkreta beslutet. Bevaka överinstansens eventuella inhibition innan irreversibla arbeten påbörjas.;Delvis inom mandat efter avgränsning;"Sökanden och berörd myndighet; endast angiven myndighetsdel anpassas";Informera korrekt om egna besluts status och villkor.;"Sökandens samlade byggstartsgate och rätt att starta; legitimt överklagande och inhibition kvarstår.";"Myndighetsdelen kan endast tillämpas inom egen rättslig behörighet. Sökandens samlade byggstartsgate och rätt att starta; legitimt överklagande och inhibition kvarstår.";;;;MPM-13;Ingen kontrollkoppling tilldelad. Möjlig myndighetsdel utan koppling kräver mer specifik behörighet eller styrkt träff på målpost.;"FL 5–9 §§; MB 19 kap. 1–2 a §§; MPD-förordningen 3 §; Dir. 2026:13. Detaljstöd per faktiskt kopplad kontroll i kopplingsfilen.";2.2.0;mitigation;https://nic-esp.github.io/miljotillstandsrisker/data/riskregister.json;2026-09-30
R-B40-N180-02:mitigation;"Härledd fältreferens; inte riskregistrets kanoniska item_id";R-B40-N180-02;Start sker före negativt BMP-beslut eller särskilt startdatum;B40;B40-N180;Uppfyll startvillkor och hantera överklagande;Lägg det negativa BMP-beslutet och varje särskilt startdatum som formella spärrar i tidplanen. Vid längre uppskov eller ändrad åtgärd ska aktualiteten bedömas med tillsynsmyndigheten och dokumenteras.;Utanför myndighetens kontrollansvar;"Sökanden; länsstyrelse, tillsynsmyndighet eller domstol i respektive del";Ingen del av originalförslaget övertas som myndighetskontroll.;Originalets föreslagna åtgärd kvarstår hos angiven aktör.;Vattenunderlag, rådighet, kompensation och projektval ligger hos sökanden. Fristående vattenmål och kvarvarande tillsyn/Lst-beslut ingår inte. Anknuten behörighet får inte antas för hela risken.;;;;;Ingen myndighetskontroll härleds ur denna åtgärd.;"FL 5–9 §§; MB 19 kap. 1–2 a §§; MPD-förordningen 3 §; Dir. 2026:13. Detaljstöd per faktiskt kopplad kontroll i kopplingsfilen.";2.2.0;mitigation;https://nic-esp.github.io/miljotillstandsrisker/data/riskregister.json;2026-09-30
R-B40-N180-03:mitigation;"Härledd fältreferens; inte riskregistrets kanoniska item_id";R-B40-N180-03;Parallella beslut och rättigheter är inte synkade vid start;B40;B40-N180;Uppfyll startvillkor och hantera överklagande;Upprätta en samlad startspärrlista där varje parallellt beslut och varje rättighet bockas av med lagakraftstatus innan entreprenören får startbesked.;Utanför myndighetens kontrollansvar;"Sökanden; länsstyrelse, tillsynsmyndighet eller domstol i respektive del";Ingen del av originalförslaget övertas som myndighetskontroll.;Originalets föreslagna åtgärd kvarstår hos angiven aktör.;Vattenunderlag, rådighet, kompensation och projektval ligger hos sökanden. Fristående vattenmål och kvarvarande tillsyn/Lst-beslut ingår inte. Anknuten behörighet får inte antas för hela risken.;;;;;Ingen myndighetskontroll härleds ur denna åtgärd.;"FL 5–9 §§; MB 19 kap. 1–2 a §§; MPD-förordningen 3 §; Dir. 2026:13. Detaljstöd per faktiskt kopplad kontroll i kopplingsfilen.";2.2.0;mitigation;https://nic-esp.github.io/miljotillstandsrisker/data/riskregister.json;2026-09-30
R-B40-P100-01:mitigation;"Härledd fältreferens; inte riskregistrets kanoniska item_id";R-B40-P100-01;B20:s miljöunderlag är föråldrat eller fel avgränsat för vattenfrågorna;B40;B40-P100;Verifiera specifik miljöbedömning eller förenklat underlag;Gör en gap-analys av B20-underlaget mot vattenrättens krav innan det återanvänds. Förnya kritiska data (grundvatten, arter, recipients) om underlaget är mer än ett par år gammalt.;Utanför myndighetens kontrollansvar;"Sökanden; länsstyrelse, tillsynsmyndighet eller domstol i respektive del";Ingen del av originalförslaget övertas som myndighetskontroll.;Originalets föreslagna åtgärd kvarstår hos angiven aktör.;Vattenunderlag, rådighet, kompensation och projektval ligger hos sökanden. Fristående vattenmål och kvarvarande tillsyn/Lst-beslut ingår inte. Anknuten behörighet får inte antas för hela risken.;;;;;Ingen myndighetskontroll härleds ur denna åtgärd.;"FL 5–9 §§; MB 19 kap. 1–2 a §§; MPD-förordningen 3 §; Dir. 2026:13. Detaljstöd per faktiskt kopplad kontroll i kopplingsfilen.";2.2.0;mitigation;https://nic-esp.github.io/miljotillstandsrisker/data/riskregister.json;2026-09-30
R-B40-P100-02:mitigation;"Härledd fältreferens; inte riskregistrets kanoniska item_id";R-B40-P100-02;Nya 2026-regler om skriftlig MKB-avgränsning tillämpas fel;B40;B40-P100;Verifiera specifik miljöbedömning eller förenklat underlag;Dokumentera avgränsningssamrådet skriftligt även för äldre projekt, följ länsstyrelsens nya rutiner och begär skriftlig avgränsningsredovisning där samråd sker efter ikraftträdandet.;Utanför myndighetens kontrollansvar;"Sökanden; länsstyrelse, tillsynsmyndighet eller domstol i respektive del";Ingen del av originalförslaget övertas som myndighetskontroll.;Originalets föreslagna åtgärd kvarstår hos angiven aktör.;Vattenunderlag, rådighet, kompensation och projektval ligger hos sökanden. Fristående vattenmål och kvarvarande tillsyn/Lst-beslut ingår inte. Anknuten behörighet får inte antas för hela risken.;;;;;Ingen myndighetskontroll härleds ur denna åtgärd.;"FL 5–9 §§; MB 19 kap. 1–2 a §§; MPD-förordningen 3 §; Dir. 2026:13. Detaljstöd per faktiskt kopplad kontroll i kopplingsfilen.";2.2.0;mitigation;https://nic-esp.github.io/miljotillstandsrisker/data/riskregister.json;2026-09-30
R-B40-P110-01:mitigation;"Härledd fältreferens; inte riskregistrets kanoniska item_id";R-B40-P110-01;Oprecist yrkande försvårar eller fäller ansökan;B40;B40-P110;Färdigställ vattenansökan;Låt jurist och tekniker formulera yrkandet gemensamt, med exakta nivåer, flöden, mått och tidsgränser. Kontrollera att yrkandet täcker hela det avgränsade prövningsobjektet från B40-010.;Utanför myndighetens kontrollansvar;"Sökanden; länsstyrelse, tillsynsmyndighet eller domstol i respektive del";Ingen del av originalförslaget övertas som myndighetskontroll.;Originalets föreslagna åtgärd kvarstår hos angiven aktör.;Vattenunderlag, rådighet, kompensation och projektval ligger hos sökanden. Fristående vattenmål och kvarvarande tillsyn/Lst-beslut ingår inte. Anknuten behörighet får inte antas för hela risken.;;;;;Ingen myndighetskontroll härleds ur denna åtgärd.;"FL 5–9 §§; MB 19 kap. 1–2 a §§; MPD-förordningen 3 §; Dir. 2026:13. Detaljstöd per faktiskt kopplad kontroll i kopplingsfilen.";2.2.0;mitigation;https://nic-esp.github.io/miljotillstandsrisker/data/riskregister.json;2026-09-30
R-B40-P110-02:mitigation;"Härledd fältreferens; inte riskregistrets kanoniska item_id";R-B40-P110-02;Ersättnings- och sakägaravsnitt provocerar fram motstånd;B40;B40-P110;Färdigställ vattenansökan;Förhandla ersättningsfrågor före ansökan där det är möjligt, presentera påverkan ärligt med planerade kompensationsåtgärder och använd sakkunnigvärdering som underlag.;Utanför myndighetens kontrollansvar;"Sökanden; länsstyrelse, tillsynsmyndighet eller domstol i respektive del";Ingen del av originalförslaget övertas som myndighetskontroll.;Originalets föreslagna åtgärd kvarstår hos angiven aktör.;Vattenunderlag, rådighet, kompensation och projektval ligger hos sökanden. Fristående vattenmål och kvarvarande tillsyn/Lst-beslut ingår inte. Anknuten behörighet får inte antas för hela risken.;;;;;Ingen myndighetskontroll härleds ur denna åtgärd.;"FL 5–9 §§; MB 19 kap. 1–2 a §§; MPD-förordningen 3 §; Dir. 2026:13. Detaljstöd per faktiskt kopplad kontroll i kopplingsfilen.";2.2.0;mitigation;https://nic-esp.github.io/miljotillstandsrisker/data/riskregister.json;2026-09-30
R-B40-P110-03:mitigation;"Härledd fältreferens; inte riskregistrets kanoniska item_id";R-B40-P110-03;Kollision med pågående vattenkraftsomprövning i samma vattensystem;B40;B40-P110;Färdigställ vattenansökan;Kontrollera om vattendraget omfattas av den nationella planen och pågående omprövningsmål. Dimensionera åtgärden för förväntade framtida vattenföringsvillkor.;Utanför myndighetens kontrollansvar;"Sökanden; länsstyrelse, tillsynsmyndighet eller domstol i respektive del";Ingen del av originalförslaget övertas som myndighetskontroll.;Originalets föreslagna åtgärd kvarstår hos angiven aktör.;Vattenunderlag, rådighet, kompensation och projektval ligger hos sökanden. Fristående vattenmål och kvarvarande tillsyn/Lst-beslut ingår inte. Anknuten behörighet får inte antas för hela risken.;;;;;Ingen myndighetskontroll härleds ur denna åtgärd.;"FL 5–9 §§; MB 19 kap. 1–2 a §§; MPD-förordningen 3 §; Dir. 2026:13. Detaljstöd per faktiskt kopplad kontroll i kopplingsfilen.";2.2.0;mitigation;https://nic-esp.github.io/miljotillstandsrisker/data/riskregister.json;2026-09-30
R-B40-P120-01:mitigation;"Härledd fältreferens; inte riskregistrets kanoniska item_id";R-B40-P120-01;Handläggningstiden i vattenmål påverkar projektets tidplan;B40;B40-P120;Ge in ansökan till MMD och betala avgift;Planera med realistiska ledtider från Naturvårdsverkets statistik, lämna fullständiga ansökningar för att undvika kompletteringsköer och följ upp ärendet aktivt hos domstolen.;Utanför myndighetens kontrollansvar;"Sökanden; länsstyrelse, tillsynsmyndighet eller domstol i respektive del";Ingen del av originalförslaget övertas som myndighetskontroll.;Originalets föreslagna åtgärd kvarstår hos angiven aktör.;Vattenunderlag, rådighet, kompensation och projektval ligger hos sökanden. Fristående vattenmål och kvarvarande tillsyn/Lst-beslut ingår inte. Anknuten behörighet får inte antas för hela risken.;;;;;Ingen myndighetskontroll härleds ur denna åtgärd.;"FL 5–9 §§; MB 19 kap. 1–2 a §§; MPD-förordningen 3 §; Dir. 2026:13. Detaljstöd per faktiskt kopplad kontroll i kopplingsfilen.";2.2.0;mitigation;https://nic-esp.github.io/miljotillstandsrisker/data/riskregister.json;2026-09-30
R-B40-P120-02:mitigation;"Härledd fältreferens; inte riskregistrets kanoniska item_id";R-B40-P120-02;Avgiftstvist eller underbetalning stoppar handläggningsstarten;B40;B40-P120;Ge in ansökan till MMD och betala avgift;Budgetera avgiften tidigt, betala omedelbart vid fastställelse och bekräfta skriftligt att handläggningen påbörjats.;Utanför myndighetens kontrollansvar;"Sökanden; länsstyrelse, tillsynsmyndighet eller domstol i respektive del";Ingen del av originalförslaget övertas som myndighetskontroll.;Originalets föreslagna åtgärd kvarstår hos angiven aktör.;Vattenunderlag, rådighet, kompensation och projektval ligger hos sökanden. Fristående vattenmål och kvarvarande tillsyn/Lst-beslut ingår inte. Anknuten behörighet får inte antas för hela risken.;;;;;Ingen myndighetskontroll härleds ur denna åtgärd.;"FL 5–9 §§; MB 19 kap. 1–2 a §§; MPD-förordningen 3 §; Dir. 2026:13. Detaljstöd per faktiskt kopplad kontroll i kopplingsfilen.";2.2.0;mitigation;https://nic-esp.github.io/miljotillstandsrisker/data/riskregister.json;2026-09-30
R-B40-P120-03:mitigation;"Härledd fältreferens; inte riskregistrets kanoniska item_id";R-B40-P120-03;Behörighets- och kungörelsefel ger återförvisning efter överklagande;B40;B40-P120;Ge in ansökan till MMD och betala avgift;Verifiera behörig domstol mot lagen om mark- och miljödomstolar, granska kungörelsen mot sakägarförteckningen och protestera själv tidigt om fel upptäcks.;Utanför myndighetens kontrollansvar;"Sökanden; länsstyrelse, tillsynsmyndighet eller domstol i respektive del";Ingen del av originalförslaget övertas som myndighetskontroll.;Originalets föreslagna åtgärd kvarstår hos angiven aktör.;Vattenunderlag, rådighet, kompensation och projektval ligger hos sökanden. Fristående vattenmål och kvarvarande tillsyn/Lst-beslut ingår inte. Anknuten behörighet får inte antas för hela risken.;;;;;Ingen myndighetskontroll härleds ur denna åtgärd.;"FL 5–9 §§; MB 19 kap. 1–2 a §§; MPD-förordningen 3 §; Dir. 2026:13. Detaljstöd per faktiskt kopplad kontroll i kopplingsfilen.";2.2.0;mitigation;https://nic-esp.github.io/miljotillstandsrisker/data/riskregister.json;2026-09-30
R-B40-START-01:mitigation;"Härledd fältreferens; inte riskregistrets kanoniska item_id";R-B40-START-01;Vattenpåverkan upptäcks för sent i genomförandekonceptet;B40;B40-START;Vattenåtgärd initierad;Gör en enkel vattenrättslig checklista redan vid initiering (vattenområde, grundvattennivå, diken, våtmarker). Involvera hydrogeolog tidigt och dokumentera screeningen som beslutsunderlag.;Utanför myndighetens kontrollansvar;"Sökanden; länsstyrelse, tillsynsmyndighet eller domstol i respektive del";Ingen del av originalförslaget övertas som myndighetskontroll.;Originalets föreslagna åtgärd kvarstår hos angiven aktör.;Vattenunderlag, rådighet, kompensation och projektval ligger hos sökanden. Fristående vattenmål och kvarvarande tillsyn/Lst-beslut ingår inte. Anknuten behörighet får inte antas för hela risken.;;;;;Ingen myndighetskontroll härleds ur denna åtgärd.;"FL 5–9 §§; MB 19 kap. 1–2 a §§; MPD-förordningen 3 §; Dir. 2026:13. Detaljstöd per faktiskt kopplad kontroll i kopplingsfilen.";2.2.0;mitigation;https://nic-esp.github.io/miljotillstandsrisker/data/riskregister.json;2026-09-30
R-B50-E010-01:mitigation;"Härledd fältreferens; inte riskregistrets kanoniska item_id";R-B50-E010-01;Korridorvalet kolliderar med riksintressen, rennäring eller Natura 2000;B50;B50-E010;Nätutredning, korridorstudier och miljöbedömning;Starta korridorstudierna med full GIS-konfliktanalys mot samtliga riksintressen, skyddade områden och renskötselområden innan en huvudsträckning förankras. Involvera länsstyrelsen, samebyar och berörda kommuner tidigt. Dokumentera alternativprövningen spårbart så att den håller vid både Ei:s prövning och överklagande.;Utanför myndighetens kontrollansvar;"Sökanden; Energimarknadsinspektionen/koncessionsinstans";Ingen del av originalförslaget övertas som myndighetskontroll.;Originalets föreslagna åtgärd kvarstår hos angiven aktör.;Nätkoncession, nätavtal och rättigheter styrs av sökanden eller annat behörigt organ. Miljöprövningsmyndigheten övertar inte dessa uppgifter.;;;;;Ingen myndighetskontroll härleds ur denna åtgärd.;"FL 5–9 §§; MB 19 kap. 1–2 a §§; MPD-förordningen 3 §; Dir. 2026:13. Detaljstöd per faktiskt kopplad kontroll i kopplingsfilen.";2.2.0;mitigation;https://nic-esp.github.io/miljotillstandsrisker/data/riskregister.json;2026-09-30
R-B50-E010-02:mitigation;"Härledd fältreferens; inte riskregistrets kanoniska item_id";R-B50-E010-02;Anslutningskö och osäker framkomlighet underminerar nätutredningens antaganden;B50;B50-E010;Nätutredning, korridorstudier och miljöbedömning;Förankra behovsunderlaget med skriftliga anslutningsbesked eller avtal med anslutande kunder. Bygg in scenarieanalys i nätutredningen (vad händer om anslutande produktion halveras eller försenas?) och håll löpande dialog med Svenska kraftnät om systemutvecklingsplanens status.;Utanför myndighetens kontrollansvar;"Sökanden; Energimarknadsinspektionen/koncessionsinstans";Ingen del av originalförslaget övertas som myndighetskontroll.;Originalets föreslagna åtgärd kvarstår hos angiven aktör.;Nätkoncession, nätavtal och rättigheter styrs av sökanden eller annat behörigt organ. Miljöprövningsmyndigheten övertar inte dessa uppgifter.;;;;;Ingen myndighetskontroll härleds ur denna åtgärd.;"FL 5–9 §§; MB 19 kap. 1–2 a §§; MPD-förordningen 3 §; Dir. 2026:13. Detaljstöd per faktiskt kopplad kontroll i kopplingsfilen.";2.2.0;mitigation;https://nic-esp.github.io/miljotillstandsrisker/data/riskregister.json;2026-09-30
R-B50-E020-01:mitigation;"Härledd fältreferens; inte riskregistrets kanoniska item_id";R-B50-E020-01;Ansökan bedöms som ofullständig och måste kompletteras innan sakprövningen går vidare;B50;B50-E020;Ansök om nätkoncession för linje;Använd Eis checklista och ansökningsvägledning vid sammanställningen och begär ett förhandsmöte med Ei innan inlämning. Verifiera fastighetsuppgifterna mot Lantmäteriets register i förväg. Kvalitetssäkra att MKB/förenklat underlag följer MBD:s krav redan i ansökningsversionen.;Utanför myndighetens kontrollansvar;"Sökanden; Energimarknadsinspektionen/koncessionsinstans";Ingen del av originalförslaget övertas som myndighetskontroll.;Originalets föreslagna åtgärd kvarstår hos angiven aktör.;Nätkoncession, nätavtal och rättigheter styrs av sökanden eller annat behörigt organ. Miljöprövningsmyndigheten övertar inte dessa uppgifter.;;;;;Ingen myndighetskontroll härleds ur denna åtgärd.;"FL 5–9 §§; MB 19 kap. 1–2 a §§; MPD-förordningen 3 §; Dir. 2026:13. Detaljstöd per faktiskt kopplad kontroll i kopplingsfilen.";2.2.0;mitigation;https://nic-esp.github.io/miljotillstandsrisker/data/riskregister.json;2026-09-30
R-B50-E030-01:mitigation;"Härledd fältreferens; inte riskregistrets kanoniska item_id";R-B50-E030-01;Remissvaren kräver nya utredningar och omstart av materialet;B50;B50-E030;Komplettering, remiss och bemötande;Genomför informella förhandlingar med länsstyrelserna före remissen så att kravbilden är känd. Säkerställ att inventeringar täcker alla berörda län från start och att alternativanalysen redovisar förkastade sträckningar transparent. Planera säsongsberoende inventeringar med marginal så att kompletteringar inte kostar ett helt fältår.;Utanför myndighetens kontrollansvar;"Sökanden; Energimarknadsinspektionen/koncessionsinstans";Ingen del av originalförslaget övertas som myndighetskontroll.;Originalets föreslagna åtgärd kvarstår hos angiven aktör.;Nätkoncession, nätavtal och rättigheter styrs av sökanden eller annat behörigt organ. Miljöprövningsmyndigheten övertar inte dessa uppgifter.;;;;;Ingen myndighetskontroll härleds ur denna åtgärd.;"FL 5–9 §§; MB 19 kap. 1–2 a §§; MPD-förordningen 3 §; Dir. 2026:13. Detaljstöd per faktiskt kopplad kontroll i kopplingsfilen.";2.2.0;mitigation;https://nic-esp.github.io/miljotillstandsrisker/data/riskregister.json;2026-09-30
R-B50-E030-02:mitigation;"Härledd fältreferens; inte riskregistrets kanoniska item_id";R-B50-E030-02;Sakägare nås inte – kännedomsprocessen haltar;B50;B50-E030;Komplettering, remiss och bemötande;Beställ aktuella fastighets- och samfällighetsutdrag tidigt, använd specialiserad delgivningshantering för svårnådda sakägare, och dokumentera varje kännedomsåtgärd. Överväg personliga informationsmöten längs sträckningen – de minskar både motstånd och senare överklaganden.;Utanför myndighetens kontrollansvar;"Sökanden; Energimarknadsinspektionen/koncessionsinstans";Ingen del av originalförslaget övertas som myndighetskontroll.;Originalets föreslagna åtgärd kvarstår hos angiven aktör.;Nätkoncession, nätavtal och rättigheter styrs av sökanden eller annat behörigt organ. Miljöprövningsmyndigheten övertar inte dessa uppgifter.;;;;;Ingen myndighetskontroll härleds ur denna åtgärd.;"FL 5–9 §§; MB 19 kap. 1–2 a §§; MPD-förordningen 3 §; Dir. 2026:13. Detaljstöd per faktiskt kopplad kontroll i kopplingsfilen.";2.2.0;mitigation;https://nic-esp.github.io/miljotillstandsrisker/data/riskregister.json;2026-09-30
R-B50-E040-01:mitigation;"Härledd fältreferens; inte riskregistrets kanoniska item_id";R-B50-E040-01;Koncessionsbeslutet överklagas – lång överprövning hos regering eller domstol;B50;B50-E040;Koncessionsbeslut och överklagande;Bygg beslutsunderlaget så att det tål överprövning: motivera sträckningsvalet, bemöt varje remisskritik skriftligt och dokumentera alternativprövningen. Förbered överklagandeskedet parallellt med ansökan (svarsmodeller, juridiskt team) och kommunicera tidigt med sannolika klagogrupper för att avskilja och lösa enskilda sträckningskonflikter före beslut.;Utanför myndighetens kontrollansvar;"Sökanden; Energimarknadsinspektionen/koncessionsinstans";Ingen del av originalförslaget övertas som myndighetskontroll.;Originalets föreslagna åtgärd kvarstår hos angiven aktör.;Nätkoncession, nätavtal och rättigheter styrs av sökanden eller annat behörigt organ. Miljöprövningsmyndigheten övertar inte dessa uppgifter.;;;;;Ingen myndighetskontroll härleds ur denna åtgärd.;"FL 5–9 §§; MB 19 kap. 1–2 a §§; MPD-förordningen 3 §; Dir. 2026:13. Detaljstöd per faktiskt kopplad kontroll i kopplingsfilen.";2.2.0;mitigation;https://nic-esp.github.io/miljotillstandsrisker/data/riskregister.json;2026-09-30
R-B50-E040-02:mitigation;"Härledd fältreferens; inte riskregistrets kanoniska item_id";R-B50-E040-02;Lämplighetsprövningen urholkas av förändrat behov eller ny politik;B50;B50-E040;Koncessionsbeslut och överklagande;Håll behovsunderlaget levande: uppdatera anslutningsavtal och prognoser under handläggningen och lämna kompletteringar proaktivt när förutsättningarna ändras. Följ lagstiftnings- och policyarbetet om elnätsutbyggnad och anpassa ansökningstidpunkten till regelverkets skick.;Utanför myndighetens kontrollansvar;"Sökanden; Energimarknadsinspektionen/koncessionsinstans";Ingen del av originalförslaget övertas som myndighetskontroll.;Originalets föreslagna åtgärd kvarstår hos angiven aktör.;Nätkoncession, nätavtal och rättigheter styrs av sökanden eller annat behörigt organ. Miljöprövningsmyndigheten övertar inte dessa uppgifter.;;;;;Ingen myndighetskontroll härleds ur denna åtgärd.;"FL 5–9 §§; MB 19 kap. 1–2 a §§; MPD-förordningen 3 §; Dir. 2026:13. Detaljstöd per faktiskt kopplad kontroll i kopplingsfilen.";2.2.0;mitigation;https://nic-esp.github.io/miljotillstandsrisker/data/riskregister.json;2026-09-30
R-B50-E040-03:mitigation;"Härledd fältreferens; inte riskregistrets kanoniska item_id";R-B50-E040-03;Villkor om skyddsåtgärder eller sträckning blir ogenomförbara i byggskedet;B50;B50-E040;Koncessionsbeslut och överklagande;Låt konstruktörer granska tänkbara villkor redan i ansökningsskedet och lämna tekniska bilagor som visar genomförbarheten av både luftlednings- och kabelalternativ. Begär dialog med Ei om utkast till villkor före beslut och förbehåll möjligheten att precisera genomförandet i ledningsrättsskedet.;Utanför myndighetens kontrollansvar;"Sökanden; Energimarknadsinspektionen/koncessionsinstans";Ingen del av originalförslaget övertas som myndighetskontroll.;Originalets föreslagna åtgärd kvarstår hos angiven aktör.;Nätkoncession, nätavtal och rättigheter styrs av sökanden eller annat behörigt organ. Miljöprövningsmyndigheten övertar inte dessa uppgifter.;;;;;Ingen myndighetskontroll härleds ur denna åtgärd.;"FL 5–9 §§; MB 19 kap. 1–2 a §§; MPD-förordningen 3 §; Dir. 2026:13. Detaljstöd per faktiskt kopplad kontroll i kopplingsfilen.";2.2.0;mitigation;https://nic-esp.github.io/miljotillstandsrisker/data/riskregister.json;2026-09-30
R-B50-E050-01:mitigation;"Härledd fältreferens; inte riskregistrets kanoniska item_id";R-B50-E050-01;Ledningsrätt eller markupplåtelseavtal blir inte klart i tid – byggstart blockeras trots koncession;B50;B50-E050;Säkra markåtkomst och koncessionsgate;Starta avtalsförhandlingar parallellt med koncessionsprocessen och förbered ledningsrättsansökan för sträckor där frivillig upplåtelse inte kan nås. Skapa en sträckvis byggberedskapsmatris och bevaka femårsfristen för färdigställande samt möjligheten att ansöka om förlängning i tid.;Utanför myndighetens kontrollansvar;"Sökanden; Energimarknadsinspektionen/koncessionsinstans";Ingen del av originalförslaget övertas som myndighetskontroll.;Originalets föreslagna åtgärd kvarstår hos angiven aktör.;Nätkoncession, nätavtal och rättigheter styrs av sökanden eller annat behörigt organ. Miljöprövningsmyndigheten övertar inte dessa uppgifter.;;;;;Ingen myndighetskontroll härleds ur denna åtgärd.;"FL 5–9 §§; MB 19 kap. 1–2 a §§; MPD-förordningen 3 §; Dir. 2026:13. Detaljstöd per faktiskt kopplad kontroll i kopplingsfilen.";2.2.0;mitigation;https://nic-esp.github.io/miljotillstandsrisker/data/riskregister.json;2026-09-30
R-B50-E050-02:mitigation;"Härledd fältreferens; inte riskregistrets kanoniska item_id";R-B50-E050-02;Kompletterande miljö-, PBL- och KML-beslut faller inte på plats sträckvis;B50;B50-E050;Säkra markåtkomst och koncessionsgate;Upprätta tidigt en beslutsmatris per delsträcka och anläggningsdel med ansvarig myndighet, status och överklaganderisk. Driv PBL- och KML-ärendena parallellt med koncessionen. Prioritera besluten för kritiska noder (ställverk, stationer) före linjära sträckor.;Utanför myndighetens kontrollansvar;"Sökanden; Energimarknadsinspektionen/koncessionsinstans";Ingen del av originalförslaget övertas som myndighetskontroll.;Originalets föreslagna åtgärd kvarstår hos angiven aktör.;Nätkoncession, nätavtal och rättigheter styrs av sökanden eller annat behörigt organ. Miljöprövningsmyndigheten övertar inte dessa uppgifter.;;;;;Ingen myndighetskontroll härleds ur denna åtgärd.;"FL 5–9 §§; MB 19 kap. 1–2 a §§; MPD-förordningen 3 §; Dir. 2026:13. Detaljstöd per faktiskt kopplad kontroll i kopplingsfilen.";2.2.0;mitigation;https://nic-esp.github.io/miljotillstandsrisker/data/riskregister.json;2026-09-30
R-B50-G010-01:mitigation;"Härledd fältreferens; inte riskregistrets kanoniska item_id";R-B50-G010-01;Ofullständig tillämpbarhetsmatris lämnar obligatoriska spår utanför;B50;B50-G010;Vilka tvärgående spår är tillämpliga?;Arbeta med en checklista per regelverk och dokumentera varför varje spår bedöms icke tillämpligt, inte bara vilka som är tillämpliga. Låt extern expertis kvalitetssäkra matrisen i gränsfall och stäm av den med länsstyrelsens enheter för naturvård och kulturmiljö.;Utanför myndighetens kontrollansvar;"Sökanden; respektive behörigt skydds- eller sektorsorgan";Ingen del av originalförslaget övertas som myndighetskontroll.;Originalets föreslagna åtgärd kvarstår hos angiven aktör.;Screening, alternativ, fältinventering, kompensation och samlad projektstyrning ligger hos sökanden. Sakligt skydd och tillåtlighetskrav får inte behandlas som ett administrativt hinder att ta bort.;;;;;Ingen myndighetskontroll härleds ur denna åtgärd.;"FL 5–9 §§; MB 19 kap. 1–2 a §§; MPD-förordningen 3 §; Dir. 2026:13. Detaljstöd per faktiskt kopplad kontroll i kopplingsfilen.";2.2.0;mitigation;https://nic-esp.github.io/miljotillstandsrisker/data/riskregister.json;2026-09-30
R-B50-G010-02:mitigation;"Härledd fältreferens; inte riskregistrets kanoniska item_id";R-B50-G010-02;Reformläget ändrar spårens regler och instanser mitt i processen;B50;B50-G010;Vilka tvärgående spår är tillämpliga?;Håll en levande rättslägesbevakning per spår med tydliga träd- och övergångsdatum. Dokumentera vilket rättsläge varje ansökan grundas på och begär skriftlig bekräftelse från berörd myndighet vid gränsfall om övergångsregler.;Delvis inom mandat efter avgränsning;"Sökanden och berörd myndighet; endast angiven myndighetsdel anpassas";Publicera daterad information om egna regler, mottagare och övergångsbestämmelser.;"Sökandens bevakning av hela tillståndspaketet; andra sektorers rättsläge.";"Myndighetsdelen kan endast tillämpas inom egen rättslig behörighet. Sökandens bevakning av hela tillståndspaketet; andra sektorers rättsläge.";;MPM-01;;;"Anpassning kopplad till uttryckliga målposter; övriga kontroller är självständiga analysförslag.";"FL 5–9 §§; MB 19 kap. 1–2 a §§; MPD-förordningen 3 §; Dir. 2026:13. Detaljstöd per faktiskt kopplad kontroll i kopplingsfilen.";2.2.0;mitigation;https://nic-esp.github.io/miljotillstandsrisker/data/riskregister.json;2026-09-30
R-B50-G900-01:mitigation;"Härledd fältreferens; inte riskregistrets kanoniska item_id";R-B50-G900-01;AND-gatens sista spår blir projektets kritiska linje;B50;B50-G900;Är alla tillämpliga parallellspår klara?;Driv gaten som ett aktivt program: en samlad spårstatus med veckovis uppföljning, där varje spår har en prognos för 'slutligt eller byggstartsklart'. Identifiera det långsammaste spåret tidigt och omfördela resurser dit. Överväg etapperad byggstart där delar av projektet kan starta med en delmängd av spåren klara.;Utanför myndighetens kontrollansvar;"Sökanden; respektive behörigt skydds- eller sektorsorgan";Ingen del av originalförslaget övertas som myndighetskontroll.;Originalets föreslagna åtgärd kvarstår hos angiven aktör.;Screening, alternativ, fältinventering, kompensation och samlad projektstyrning ligger hos sökanden. Sakligt skydd och tillåtlighetskrav får inte behandlas som ett administrativt hinder att ta bort.;;;;;Ingen myndighetskontroll härleds ur denna åtgärd.;"FL 5–9 §§; MB 19 kap. 1–2 a §§; MPD-förordningen 3 §; Dir. 2026:13. Detaljstöd per faktiskt kopplad kontroll i kopplingsfilen.";2.2.0;mitigation;https://nic-esp.github.io/miljotillstandsrisker/data/riskregister.json;2026-09-30
R-B50-G900-02:mitigation;"Härledd fältreferens; inte riskregistrets kanoniska item_id";R-B50-G900-02;Återkoppling till G010: ett sent upptäckt krav behöver hanteras;B50;B50-G900;Är alla tillämpliga parallellspår klara?;Frys designens yttergränser sent: behåll marginalzoner runt planerade åtgärder i tidiga screeningar så att små omflyttningar inte aktiverar nya spår. Gör uppföljande naturinventeringar i detaljprojekteringen, inte bara i MKB-skedet. Håll en levande tillämpbarhetsmatris som omprövas vid varje väsentlig designändring.;Utanför myndighetens kontrollansvar;"Sökanden; respektive behörigt skydds- eller sektorsorgan";Ingen del av originalförslaget övertas som myndighetskontroll.;Originalets föreslagna åtgärd kvarstår hos angiven aktör.;Screening, alternativ, fältinventering, kompensation och samlad projektstyrning ligger hos sökanden. Sakligt skydd och tillåtlighetskrav får inte behandlas som ett administrativt hinder att ta bort.;;;;;Ingen myndighetskontroll härleds ur denna åtgärd.;"FL 5–9 §§; MB 19 kap. 1–2 a §§; MPD-förordningen 3 §; Dir. 2026:13. Detaljstöd per faktiskt kopplad kontroll i kopplingsfilen.";2.2.0;mitigation;https://nic-esp.github.io/miljotillstandsrisker/data/riskregister.json;2026-09-30
R-B50-G900-03:mitigation;"Härledd fältreferens; inte riskregistrets kanoniska item_id";R-B50-G900-03;Tidsglapp mellan spåren urholkar tidiga beslut;B50;B50-G900;Är alla tillämpliga parallellspår klara?;Planera spårens måldatum mot en gemensam gate-punkt i stället för att avsluta varje spår så fort som möjligt. För beslut med tidsfrister: tidigarelägg ansökan inte mer än nödvändigt, eller säkra möjlighet till förlängning. Håll nyckelunderlag (inventeringar, prognoser) uppdaterade under väntetiden så att förnyelse vid behov går snabbt.;Utanför myndighetens kontrollansvar;"Sökanden; respektive behörigt skydds- eller sektorsorgan";Ingen del av originalförslaget övertas som myndighetskontroll.;Originalets föreslagna åtgärd kvarstår hos angiven aktör.;Screening, alternativ, fältinventering, kompensation och samlad projektstyrning ligger hos sökanden. Sakligt skydd och tillåtlighetskrav får inte behandlas som ett administrativt hinder att ta bort.;;;;;Ingen myndighetskontroll härleds ur denna åtgärd.;"FL 5–9 §§; MB 19 kap. 1–2 a §§; MPD-förordningen 3 §; Dir. 2026:13. Detaljstöd per faktiskt kopplad kontroll i kopplingsfilen.";2.2.0;mitigation;https://nic-esp.github.io/miljotillstandsrisker/data/riskregister.json;2026-09-30
R-B50-GN040-01:mitigation;"Härledd fältreferens; inte riskregistrets kanoniska item_id";R-B50-GN040-01;Kvarstående vetenskapligt tvivel leder till avslag;B50;B50-GN040;Kan tillstånd lämnas utan skada eller betydande störning?;Kvantifiera osäkerheter i underlaget och visa med känslighetsanalys att slutsatserna håller även i ogynnsamma scenarier. Integrera skadeförebyggande åtgärder i själva projektet (inte som efterkonstruktion) så att prövningen kan konstatera att störningen inte är betydande.;Utanför myndighetens kontrollansvar;"Sökanden; respektive behörigt skydds- eller sektorsorgan";Ingen del av originalförslaget övertas som myndighetskontroll.;Originalets föreslagna åtgärd kvarstår hos angiven aktör.;Screening, alternativ, fältinventering, kompensation och samlad projektstyrning ligger hos sökanden. Sakligt skydd och tillåtlighetskrav får inte behandlas som ett administrativt hinder att ta bort.;;;;;Ingen myndighetskontroll härleds ur denna åtgärd.;"FL 5–9 §§; MB 19 kap. 1–2 a §§; MPD-förordningen 3 §; Dir. 2026:13. Detaljstöd per faktiskt kopplad kontroll i kopplingsfilen.";2.2.0;mitigation;https://nic-esp.github.io/miljotillstandsrisker/data/riskregister.json;2026-09-30
R-B50-GN040-02:mitigation;"Härledd fältreferens; inte riskregistrets kanoniska item_id";R-B50-GN040-02;Instanserna landar i olika bedömningar av samma bevisning;B50;B50-GN040;Kan tillstånd lämnas utan skada eller betydande störning?;Skriv underlaget så att det är 'appell-säkert': adressera motargumenten explicit, redovisa expertmetodik och osäkerhetsintervall, och låt oberoende experter granska innan inlämning. Ta höjd för överklagande i projektets tids- och finansieringsplan.;Utanför myndighetens kontrollansvar;"Sökanden; respektive behörigt skydds- eller sektorsorgan";Ingen del av originalförslaget övertas som myndighetskontroll.;Originalets föreslagna åtgärd kvarstår hos angiven aktör.;Screening, alternativ, fältinventering, kompensation och samlad projektstyrning ligger hos sökanden. Sakligt skydd och tillåtlighetskrav får inte behandlas som ett administrativt hinder att ta bort.;;;MPM-11;;Självständig kontroll finns för risken, men är inte en övertagen originalåtgärd.;"FL 5–9 §§; MB 19 kap. 1–2 a §§; MPD-förordningen 3 §; Dir. 2026:13. Detaljstöd per faktiskt kopplad kontroll i kopplingsfilen.";2.2.0;mitigation;https://nic-esp.github.io/miljotillstandsrisker/data/riskregister.json;2026-09-30
R-B50-GN040-03:mitigation;"Härledd fältreferens; inte riskregistrets kanoniska item_id";R-B50-GN040-03;Behörighetsregeln för Natura 2000 tillämpas fel i gräns- eller kombinationsfall;B50;B50-GN040;Kan tillstånd lämnas utan skada eller betydande störning?;Verifiera behörigheten skriftligt med berörda myndigheter före inlämning och bevaka pågående lagstiftning om Natura-instanserna. Vid osäkerhet, välj den instans som etablerad praxis pekar på och dokumentera ställningstagandet.;Delvis inom mandat efter avgränsning;"Sökanden och berörd myndighet; endast angiven myndighetsdel anpassas";Pröva egen Natura-/dispensbehörighet och tydliggöra ärendenas gränser.;"Val av projektets instansstrategi och garantier om förhandsutfall; andra skyddsformers kvarvarande beslutande organ.";"Myndighetsdelen kan endast tillämpas inom egen rättslig behörighet. Val av projektets instansstrategi och garantier om förhandsutfall; andra skyddsformers kvarvarande beslutande organ.";;MPM-02;;;"Anpassning kopplad till uttryckliga målposter; övriga kontroller är självständiga analysförslag.";"FL 5–9 §§; MB 19 kap. 1–2 a §§; MPD-förordningen 3 §; Dir. 2026:13. Detaljstöd per faktiskt kopplad kontroll i kopplingsfilen.";2.2.0;mitigation;https://nic-esp.github.io/miljotillstandsrisker/data/riskregister.json;2026-09-30
R-B50-GX020-01:mitigation;"Härledd fältreferens; inte riskregistrets kanoniska item_id";R-B50-GX020-01;Fel behörig instans väljs för dispens eller tillstånd;B50;B50-GX020;Kvarstår förbud eller krävs dispens/tillstånd?;Kartlägg behörighet per skyddsform och åtgärd innan ansökan, och verifiera med respektive myndighet. Analysera dispensgrunden mot rätt katalogrekvisit och begär förhandsbesked i gränsfall.;Delvis inom mandat efter avgränsning;"Sökanden och berörd myndighet; endast angiven myndighetsdel anpassas";Pröva egen Natura-/dispensbehörighet och tydliggöra ärendenas gränser.;"Val av projektets instansstrategi och garantier om förhandsutfall; andra skyddsformers kvarvarande beslutande organ.";"Myndighetsdelen kan endast tillämpas inom egen rättslig behörighet. Val av projektets instansstrategi och garantier om förhandsutfall; andra skyddsformers kvarvarande beslutande organ.";Originalets begäran om förhandsbesked skapar ingen befogenhet att lämna ett bindande sådant.;MPM-02;;;"Anpassning kopplad till uttryckliga målposter; övriga kontroller är självständiga analysförslag.";"FL 5–9 §§; MB 19 kap. 1–2 a §§; MPD-förordningen 3 §; Dir. 2026:13. Detaljstöd per faktiskt kopplad kontroll i kopplingsfilen.";2.2.0;mitigation;https://nic-esp.github.io/miljotillstandsrisker/data/riskregister.json;2026-09-30
R-B50-K010-01:mitigation;"Härledd fältreferens; inte riskregistrets kanoniska item_id";R-B50-K010-01;Okända fornlämningar påträffas sent – Fornsök är inte uttömmande;B50;B50-K010;Kontrollera fornlämningar och samråd med länsstyrelsen;Komplettera registersökning med fältindikatorer och tidig arkeologisk förstudie på konfliktkänsliga delar av projektområdet. Involvera länsstyrelsens kulturmiljöenhet redan vid lokaliseringsvalet, inte först i ansökningsfasen.;Utanför myndighetens kontrollansvar;"Sökanden; länsstyrelsens kulturmiljöfunktion";Ingen del av originalförslaget övertas som myndighetskontroll.;Originalets föreslagna åtgärd kvarstår hos angiven aktör.;"Arkeologiska undersökningar och projektanpassning ligger hos sökanden; KML-beslut ligger hos behörig länsstyrelse. Ingen KML-behörighet antas.";;;;;Ingen myndighetskontroll härleds ur denna åtgärd.;"FL 5–9 §§; MB 19 kap. 1–2 a §§; MPD-förordningen 3 §; Dir. 2026:13. Detaljstöd per faktiskt kopplad kontroll i kopplingsfilen.";2.2.0;mitigation;https://nic-esp.github.io/miljotillstandsrisker/data/riskregister.json;2026-09-30
R-B50-K010-02:mitigation;"Härledd fältreferens; inte riskregistrets kanoniska item_id";R-B50-K010-02;Samrådsplikten enligt KML iakttas för sent och förgiftar relationen med länsstyrelsen;B50;B50-K010;Kontrollera fornlämningar och samråd med länsstyrelsen;Boka samråd med länsstyrelsen direkt vid screeningen och dokumentera att samrådet hållits. Presentera alternativa lägen för känsliga punkter och visa genuin anpassningsvilja före låsning.;Utanför myndighetens kontrollansvar;"Sökanden; länsstyrelsens kulturmiljöfunktion";Ingen del av originalförslaget övertas som myndighetskontroll.;Originalets föreslagna åtgärd kvarstår hos angiven aktör.;"Arkeologiska undersökningar och projektanpassning ligger hos sökanden; KML-beslut ligger hos behörig länsstyrelse. Ingen KML-behörighet antas.";;;;;Ingen myndighetskontroll härleds ur denna åtgärd.;"FL 5–9 §§; MB 19 kap. 1–2 a §§; MPD-förordningen 3 §; Dir. 2026:13. Detaljstöd per faktiskt kopplad kontroll i kopplingsfilen.";2.2.0;mitigation;https://nic-esp.github.io/miljotillstandsrisker/data/riskregister.json;2026-09-30
R-B50-K020-01:mitigation;"Härledd fältreferens; inte riskregistrets kanoniska item_id";R-B50-K020-01;Arkeologisk kapacitetsbrist och upphandlingskrav förlänger utredningskedjan;B50;B50-K020;Utred och avgränsa fornlämningar;Initiera utredningsbehovet så tidigt att fältarbetet kan läggas på kommande säsong, och förbered upphandlingsunderlag parallellt med länsstyrelsens beslutsprocess. Överväg etappvis utredning där projektets kritiska delar prioriteras.;Utanför myndighetens kontrollansvar;"Sökanden; länsstyrelsens kulturmiljöfunktion";Ingen del av originalförslaget övertas som myndighetskontroll.;Originalets föreslagna åtgärd kvarstår hos angiven aktör.;"Arkeologiska undersökningar och projektanpassning ligger hos sökanden; KML-beslut ligger hos behörig länsstyrelse. Ingen KML-behörighet antas.";;;;;Ingen myndighetskontroll härleds ur denna åtgärd.;"FL 5–9 §§; MB 19 kap. 1–2 a §§; MPD-förordningen 3 §; Dir. 2026:13. Detaljstöd per faktiskt kopplad kontroll i kopplingsfilen.";2.2.0;mitigation;https://nic-esp.github.io/miljotillstandsrisker/data/riskregister.json;2026-09-30
R-B50-K020-02:mitigation;"Härledd fältreferens; inte riskregistrets kanoniska item_id";R-B50-K020-02;Utredningsresultatet visar större och värdefullare lämningar än väntat;B50;B50-K020;Utred och avgränsa fornlämningar;Gör georadar- eller schaktningsundersökningar som försteg före definitiv låsning av kritiska anläggningsdelar. Behåll flexibla reservdragningar för ledningar och vägar tills utredningen är klar.;Utanför myndighetens kontrollansvar;"Sökanden; länsstyrelsens kulturmiljöfunktion";Ingen del av originalförslaget övertas som myndighetskontroll.;Originalets föreslagna åtgärd kvarstår hos angiven aktör.;"Arkeologiska undersökningar och projektanpassning ligger hos sökanden; KML-beslut ligger hos behörig länsstyrelse. Ingen KML-behörighet antas.";;;;;Ingen myndighetskontroll härleds ur denna åtgärd.;"FL 5–9 §§; MB 19 kap. 1–2 a §§; MPD-förordningen 3 §; Dir. 2026:13. Detaljstöd per faktiskt kopplad kontroll i kopplingsfilen.";2.2.0;mitigation;https://nic-esp.github.io/miljotillstandsrisker/data/riskregister.json;2026-09-30
R-B50-K030-01:mitigation;"Härledd fältreferens; inte riskregistrets kanoniska item_id";R-B50-K030-01;Länsstyrelsen avslår ingreppsansökan – fornlämningen ska bevaras;B50;B50-K030;Undvik eller pröva ingrepp i fornlämning;Utforma ansökan kring att undvikande verkligen prövats och visats ogenomförbart eller oproportionerligt, med dokumenterade alternativ. Lägg ingreppsdelarna utanför projektets tidkritiska linje tills beslutet föreligger.;Utanför myndighetens kontrollansvar;"Sökanden; länsstyrelsens kulturmiljöfunktion";Ingen del av originalförslaget övertas som myndighetskontroll.;Originalets föreslagna åtgärd kvarstår hos angiven aktör.;"Arkeologiska undersökningar och projektanpassning ligger hos sökanden; KML-beslut ligger hos behörig länsstyrelse. Ingen KML-behörighet antas.";;;;;Ingen myndighetskontroll härleds ur denna åtgärd.;"FL 5–9 §§; MB 19 kap. 1–2 a §§; MPD-förordningen 3 §; Dir. 2026:13. Detaljstöd per faktiskt kopplad kontroll i kopplingsfilen.";2.2.0;mitigation;https://nic-esp.github.io/miljotillstandsrisker/data/riskregister.json;2026-09-30
R-B50-K030-02:mitigation;"Härledd fältreferens; inte riskregistrets kanoniska item_id";R-B50-K030-02;Slutundersökningsvillkoren blir dyrare och långsammare än budgeterat;B50;B50-K030;Undvik eller pröva ingrepp i fornlämning;Budgetera slutundersökningen med betydande osäkerhetsmarginal redan i projektkalkylen och ta höjd för en fältsäsong i tidplanen. Förhandla om undersökningens avgränsning och etappindelning med länsstyrelsen i samband med tillståndet.;Utanför myndighetens kontrollansvar;"Sökanden; länsstyrelsens kulturmiljöfunktion";Ingen del av originalförslaget övertas som myndighetskontroll.;Originalets föreslagna åtgärd kvarstår hos angiven aktör.;"Arkeologiska undersökningar och projektanpassning ligger hos sökanden; KML-beslut ligger hos behörig länsstyrelse. Ingen KML-behörighet antas.";;;;;Ingen myndighetskontroll härleds ur denna åtgärd.;"FL 5–9 §§; MB 19 kap. 1–2 a §§; MPD-förordningen 3 §; Dir. 2026:13. Detaljstöd per faktiskt kopplad kontroll i kopplingsfilen.";2.2.0;mitigation;https://nic-esp.github.io/miljotillstandsrisker/data/riskregister.json;2026-09-30
R-B50-K040-01:mitigation;"Härledd fältreferens; inte riskregistrets kanoniska item_id";R-B50-K040-01;Överklagat KML-beslut eller ohanterade förstartsvillkor blockerar markarbetet;B50;B50-K040;Kulturmiljöbeslut slutligt och villkor planerade;Gör laga kraft på KML-beslutet till ett uttryckligt kriterium i byggstartsbeslutet. Planera slutundersökningen som en egen aktivitet i huvudtidplanen med bokad arkeologisk utförare, och etappdela schaktområdena så att oklanderliga delar kan påbörjas.;Utanför myndighetens kontrollansvar;"Sökanden; länsstyrelsens kulturmiljöfunktion";Ingen del av originalförslaget övertas som myndighetskontroll.;Originalets föreslagna åtgärd kvarstår hos angiven aktör.;"Arkeologiska undersökningar och projektanpassning ligger hos sökanden; KML-beslut ligger hos behörig länsstyrelse. Ingen KML-behörighet antas.";;;;;Ingen myndighetskontroll härleds ur denna åtgärd.;"FL 5–9 §§; MB 19 kap. 1–2 a §§; MPD-förordningen 3 §; Dir. 2026:13. Detaljstöd per faktiskt kopplad kontroll i kopplingsfilen.";2.2.0;mitigation;https://nic-esp.github.io/miljotillstandsrisker/data/riskregister.json;2026-09-30
R-B50-M010-01:mitigation;"Härledd fältreferens; inte riskregistrets kanoniska item_id";R-B50-M010-01;Fyndighetsbevisningen eller företrädet till koncession är otillräckligt;B50;B50-M010;Verifiera fyndighetsbevisning, företräde och koncessions-MKB;Dokumentera fyndighetens ekonomiska utvinningsbarhet och kontrollera konkurrerande ansökningar, undersökningstillstånd och koncessioner i Bergsstatens register. Skilj företrädesfrågan från den senare miljö- och Natura 2000-prövningen.;Utanför myndighetens kontrollansvar;"Sökanden; Bergsstaten, regeringen eller domstol";Ingen del av originalförslaget övertas som myndighetskontroll.;Originalets föreslagna åtgärd kvarstår hos angiven aktör.;"Mineralunderlag, markavtal och projektering ligger hos sökanden. Koncession, markanvisning och regeringens beslut överförs inte; domstolsprövad gruvverksamhet får inte generellt räknas in.";;;;;Ingen myndighetskontroll härleds ur denna åtgärd.;"FL 5–9 §§; MB 19 kap. 1–2 a §§; MPD-förordningen 3 §; Dir. 2026:13. Detaljstöd per faktiskt kopplad kontroll i kopplingsfilen.";2.2.0;mitigation;https://nic-esp.github.io/miljotillstandsrisker/data/riskregister.json;2026-09-30
R-B50-M010-02:mitigation;"Härledd fältreferens; inte riskregistrets kanoniska item_id";R-B50-M010-02;Koncessions-MKB:n täcker inte de frågor som ska prövas i koncessionsärendet;B50;B50-M010;Verifiera fyndighetsbevisning, företräde och koncessions-MKB;Avgränsa koncessions-MKB:n efter de frågor som faktiskt prövas enligt 4 kap. 2 § minerallagen och planera samtidigt ett separat, mer detaljerat underlag för den senare miljö- och Natura 2000-prövningen.;Utanför myndighetens kontrollansvar;"Sökanden; Bergsstaten, regeringen eller domstol";Ingen del av originalförslaget övertas som myndighetskontroll.;Originalets föreslagna åtgärd kvarstår hos angiven aktör.;"Mineralunderlag, markavtal och projektering ligger hos sökanden. Koncession, markanvisning och regeringens beslut överförs inte; domstolsprövad gruvverksamhet får inte generellt räknas in.";;;;;Ingen myndighetskontroll härleds ur denna åtgärd.;"FL 5–9 §§; MB 19 kap. 1–2 a §§; MPD-förordningen 3 §; Dir. 2026:13. Detaljstöd per faktiskt kopplad kontroll i kopplingsfilen.";2.2.0;mitigation;https://nic-esp.github.io/miljotillstandsrisker/data/riskregister.json;2026-09-30
R-B50-M020-01:mitigation;"Härledd fältreferens; inte riskregistrets kanoniska item_id";R-B50-M020-01;Kungörelse och samråd med länsstyrelsen blir en konfliktarena;B50;B50-M020;Ansök om bearbetningskoncession;Bedriv strukturerad dialog med samebyar, markägare och kommun långt före kungörelsen, och låt koncessions-MKB:n besvara de väntade invändningarna om rennäring, vatten och transporter. Dokumentera samrådet noggrant – det blir en del av regeringens och domstolarnas prövningsunderlag.;Utanför myndighetens kontrollansvar;"Sökanden; Bergsstaten, regeringen eller domstol";Ingen del av originalförslaget övertas som myndighetskontroll.;Originalets föreslagna åtgärd kvarstår hos angiven aktör.;"Mineralunderlag, markavtal och projektering ligger hos sökanden. Koncession, markanvisning och regeringens beslut överförs inte; domstolsprövad gruvverksamhet får inte generellt räknas in.";;;;;Ingen myndighetskontroll härleds ur denna åtgärd.;"FL 5–9 §§; MB 19 kap. 1–2 a §§; MPD-förordningen 3 §; Dir. 2026:13. Detaljstöd per faktiskt kopplad kontroll i kopplingsfilen.";2.2.0;mitigation;https://nic-esp.github.io/miljotillstandsrisker/data/riskregister.json;2026-09-30
R-B50-M020-02:mitigation;"Härledd fältreferens; inte riskregistrets kanoniska item_id";R-B50-M020-02;Kompletteringsbehov fördröjer koncessionsärendets sakprövning;B50;B50-M020;Ansök om bearbetningskoncession;Följ Bergsstatens ansökningskrav, dokumentera kompletteringar och håll en aktuell ärendelogg. Om förutsättningarna i 12 § förvaltningslagen är uppfyllda, överväg en begäran om att ärendet ska avgöras och hantera ett eventuellt avslagsbeslut enligt 13 §.;Utanför myndighetens kontrollansvar;"Sökanden; Bergsstaten, regeringen eller domstol";Ingen del av originalförslaget övertas som myndighetskontroll.;Originalets föreslagna åtgärd kvarstår hos angiven aktör.;"Mineralunderlag, markavtal och projektering ligger hos sökanden. Koncession, markanvisning och regeringens beslut överförs inte; domstolsprövad gruvverksamhet får inte generellt räknas in.";;;;;Ingen myndighetskontroll härleds ur denna åtgärd.;"FL 5–9 §§; MB 19 kap. 1–2 a §§; MPD-förordningen 3 §; Dir. 2026:13. Detaljstöd per faktiskt kopplad kontroll i kopplingsfilen.";2.2.0;mitigation;https://nic-esp.github.io/miljotillstandsrisker/data/riskregister.json;2026-09-30
R-B50-M030-01:mitigation;"Härledd fältreferens; inte riskregistrets kanoniska item_id";R-B50-M030-01;Hänskjutande till regeringen lägger till ett prövningsled med osäker tidsplan;B50;B50-M030;Koncessionsbeslut, regeringsspår och överklagande;Redovisa de hushållnings- och riksintressefrågor som regeringen ska pröva, dokumentera länsstyrelsens ställningstagande och planera efterföljande tillståndssteg utan att anta en bestämd beslutstid.;Utanför myndighetens kontrollansvar;"Sökanden; Bergsstaten, regeringen eller domstol";Ingen del av originalförslaget övertas som myndighetskontroll.;Originalets föreslagna åtgärd kvarstår hos angiven aktör.;"Mineralunderlag, markavtal och projektering ligger hos sökanden. Koncession, markanvisning och regeringens beslut överförs inte; domstolsprövad gruvverksamhet får inte generellt räknas in.";;;;;Ingen myndighetskontroll härleds ur denna åtgärd.;"FL 5–9 §§; MB 19 kap. 1–2 a §§; MPD-förordningen 3 §; Dir. 2026:13. Detaljstöd per faktiskt kopplad kontroll i kopplingsfilen.";2.2.0;mitigation;https://nic-esp.github.io/miljotillstandsrisker/data/riskregister.json;2026-09-30
R-B50-M030-02:mitigation;"Härledd fältreferens; inte riskregistrets kanoniska item_id";R-B50-M030-02;Koncessionsbeslut angrips genom överklagande eller rättsprövning;B50;B50-M030;Koncessionsbeslut, regeringsspår och överklagande;Avgränsa koncessionsunderlaget enligt dagens lydelse av 4 kap. 2 § minerallagen, dokumentera hur remissinvändningar har hanterats och skilj vanlig överklagandeprövning från rättsprövning av ett regeringsbeslut.;Utanför myndighetens kontrollansvar;"Sökanden; Bergsstaten, regeringen eller domstol";Ingen del av originalförslaget övertas som myndighetskontroll.;Originalets föreslagna åtgärd kvarstår hos angiven aktör.;"Mineralunderlag, markavtal och projektering ligger hos sökanden. Koncession, markanvisning och regeringens beslut överförs inte; domstolsprövad gruvverksamhet får inte generellt räknas in.";;;;;Ingen myndighetskontroll härleds ur denna åtgärd.;"FL 5–9 §§; MB 19 kap. 1–2 a §§; MPD-förordningen 3 §; Dir. 2026:13. Detaljstöd per faktiskt kopplad kontroll i kopplingsfilen.";2.2.0;mitigation;https://nic-esp.github.io/miljotillstandsrisker/data/riskregister.json;2026-09-30
R-B50-M030-03:mitigation;"Härledd fältreferens; inte riskregistrets kanoniska item_id";R-B50-M030-03;Rikskonflikt enligt MB 3–4 kap. fäller avvägningen mot projektet;B50;B50-M030;Koncessionsbeslut, regeringsspår och överklagande;Gör riksintresse- och hushållningsanalysen till en kärnfråga redan i koncessions-MKB:n, med konkreta redovisningar av hur rennäring, vattentäkter och naturmiljö skyddas. Utforma projektet med marginaler (buffertzoner, alternativ placering av driftsanläggningar) som kan erbjudas i prövningen utan att projektets bärkraft bryts.;Utanför myndighetens kontrollansvar;"Sökanden; Bergsstaten, regeringen eller domstol";Ingen del av originalförslaget övertas som myndighetskontroll.;Originalets föreslagna åtgärd kvarstår hos angiven aktör.;"Mineralunderlag, markavtal och projektering ligger hos sökanden. Koncession, markanvisning och regeringens beslut överförs inte; domstolsprövad gruvverksamhet får inte generellt räknas in.";;;;;Ingen myndighetskontroll härleds ur denna åtgärd.;"FL 5–9 §§; MB 19 kap. 1–2 a §§; MPD-förordningen 3 §; Dir. 2026:13. Detaljstöd per faktiskt kopplad kontroll i kopplingsfilen.";2.2.0;mitigation;https://nic-esp.github.io/miljotillstandsrisker/data/riskregister.json;2026-09-30
R-B50-M040-01:mitigation;"Härledd fältreferens; inte riskregistrets kanoniska item_id";R-B50-M040-01;Koncessionen räcker inte – miljötillståndet blir den verkliga flaskhalsen;B50;B50-M040;Slutför miljötillstånd, Natura 2000 och markanvisning;Förbered miljötillståndsansökan parallellt med koncessionsärendet och använd samma versionsstyrda tekniska grund. Vid en ny tillståndsansökan tillämpas de allmänna innehållskraven i 22 kap. 1 § MB. Kravet i 22 kap. 1 d § på redovisning av tidigare tillståndsbestämmelser gäller endast vid omprövning eller ansökan om att ändra en verksamhet.;Utanför myndighetens kontrollansvar;"Sökanden; Bergsstaten, regeringen eller domstol";Ingen del av originalförslaget övertas som myndighetskontroll.;Originalets föreslagna åtgärd kvarstår hos angiven aktör.;"Mineralunderlag, markavtal och projektering ligger hos sökanden. Koncession, markanvisning och regeringens beslut överförs inte; domstolsprövad gruvverksamhet får inte generellt räknas in.";;;;;Ingen myndighetskontroll härleds ur denna åtgärd.;"FL 5–9 §§; MB 19 kap. 1–2 a §§; MPD-förordningen 3 §; Dir. 2026:13. Detaljstöd per faktiskt kopplad kontroll i kopplingsfilen.";2.2.0;mitigation;https://nic-esp.github.io/miljotillstandsrisker/data/riskregister.json;2026-09-30
R-B50-M040-02:mitigation;"Härledd fältreferens; inte riskregistrets kanoniska item_id";R-B50-M040-02;Natura 2000-tillståndet hänger inte ihop med koncessionens tidplan;B50;B50-M040;Slutför miljötillstånd, Natura 2000 och markanvisning;Identifiera Natura-konflikten redan i B50-M010 och dimensionera alternativ (flytt av upplag, ändrad deponiteknik) som undanröjer skadan. Om undantag är oundvikligt: förbered regeringsärendet med kompensationspaket tidigt. Samordna tidsplanen för Natura-ansökan med 9 kap.-ansökan så att prövningarna kan hantera samma underlag.;Utanför myndighetens kontrollansvar;"Sökanden; Bergsstaten, regeringen eller domstol";Ingen del av originalförslaget övertas som myndighetskontroll.;Originalets föreslagna åtgärd kvarstår hos angiven aktör.;"Mineralunderlag, markavtal och projektering ligger hos sökanden. Koncession, markanvisning och regeringens beslut överförs inte; domstolsprövad gruvverksamhet får inte generellt räknas in.";;;;;Ingen myndighetskontroll härleds ur denna åtgärd.;"FL 5–9 §§; MB 19 kap. 1–2 a §§; MPD-förordningen 3 §; Dir. 2026:13. Detaljstöd per faktiskt kopplad kontroll i kopplingsfilen.";2.2.0;mitigation;https://nic-esp.github.io/miljotillstandsrisker/data/riskregister.json;2026-09-30
R-B50-M040-03:mitigation;"Härledd fältreferens; inte riskregistrets kanoniska item_id";R-B50-M040-03;Markanvisning och fastighetsrättslig åtkomst halkar efter tillståndsspåren;B50;B50-M040;Slutför miljötillstånd, Natura 2000 och markanvisning;Kartlägg markbehovet för hela driften – inte bara fyndigheten – redan i koncessions-MKB:n. Starta avtalsförhandlingar och markanvisningsärende parallellt med tillståndsspåren. Säkra optioner på kritiska fastigheter tidigt för att minska exponeringen mot enskilda motståndare.;Utanför myndighetens kontrollansvar;"Sökanden; Bergsstaten, regeringen eller domstol";Ingen del av originalförslaget övertas som myndighetskontroll.;Originalets föreslagna åtgärd kvarstår hos angiven aktör.;"Mineralunderlag, markavtal och projektering ligger hos sökanden. Koncession, markanvisning och regeringens beslut överförs inte; domstolsprövad gruvverksamhet får inte generellt räknas in.";;;;;Ingen myndighetskontroll härleds ur denna åtgärd.;"FL 5–9 §§; MB 19 kap. 1–2 a §§; MPD-förordningen 3 §; Dir. 2026:13. Detaljstöd per faktiskt kopplad kontroll i kopplingsfilen.";2.2.0;mitigation;https://nic-esp.github.io/miljotillstandsrisker/data/riskregister.json;2026-09-30
R-B50-M050-01:mitigation;"Härledd fältreferens; inte riskregistrets kanoniska item_id";R-B50-M050-01;Beslutspaketet är inkonsistent – villkor biter inte på varandra;B50;B50-M050;Samlad gruvbyggstartsgate;Inför en beslutsdatabas som spårar varje villkor, områdesgräns och förstartskrav per beslut, med en formell konsistensgranskning före byggstart. Låt en juridisk samordnare ansvara för versionskontroll av handlingarna över spåren. Begär i varje beslut att det uttryckligen hänvisar till aktuella versioner av underliggande handlingar.;Delvis inom mandat efter avgränsning;"Sökanden och berörd myndighet; endast angiven myndighetsdel anpassas";Hänvisa i eget beslut till rätt underlagsversion och kontrollera kända villkorskonflikter.;"Sökandens beslutsdatabas för koncession, markanvisning och hela gruvprojektet; ändring av andra organs beslut.";"Myndighetsdelen kan endast tillämpas inom egen rättslig behörighet. Sökandens beslutsdatabas för koncession, markanvisning och hela gruvprojektet; ändring av andra organs beslut.";;;;MPM-10 | MPM-12;Ingen kontrollkoppling tilldelad. Möjlig myndighetsdel utan koppling kräver mer specifik behörighet eller styrkt träff på målpost.;"FL 5–9 §§; MB 19 kap. 1–2 a §§; MPD-förordningen 3 §; Dir. 2026:13. Detaljstöd per faktiskt kopplad kontroll i kopplingsfilen.";2.2.0;mitigation;https://nic-esp.github.io/miljotillstandsrisker/data/riskregister.json;2026-09-30
R-B50-N010-01:mitigation;"Härledd fältreferens; inte riskregistrets kanoniska item_id";R-B50-N010-01;Indirekt och kumulativ påverkan underskattas i screeningen;B50;B50-N010;Kan Natura 2000 påverkas betydande?;Screena alltid mot bevarandeplanens skyddade värden och störningsavstånd, inte bara arealöverlagring. Inkludera kumulativ påverkan med andra tillståndsgivna och planerade projekt. Dokumentera screeningen skriftligt så att den kan försvaras vid överklagande.;Utanför myndighetens kontrollansvar;"Sökanden; respektive behörigt skydds- eller sektorsorgan";Ingen del av originalförslaget övertas som myndighetskontroll.;Originalets föreslagna åtgärd kvarstår hos angiven aktör.;Screening, alternativ, fältinventering, kompensation och samlad projektstyrning ligger hos sökanden. Sakligt skydd och tillåtlighetskrav får inte behandlas som ett administrativt hinder att ta bort.;;;;;Ingen myndighetskontroll härleds ur denna åtgärd.;"FL 5–9 §§; MB 19 kap. 1–2 a §§; MPD-förordningen 3 §; Dir. 2026:13. Detaljstöd per faktiskt kopplad kontroll i kopplingsfilen.";2.2.0;mitigation;https://nic-esp.github.io/miljotillstandsrisker/data/riskregister.json;2026-09-30
R-B50-N010-02:mitigation;"Härledd fältreferens; inte riskregistrets kanoniska item_id";R-B50-N010-02;Oklar rollfördelning i screeningen mellan projektägare och länsstyrelse;B50;B50-N010;Kan Natura 2000 påverkas betydande?;Driv screeningen själv med egen expertis och lämna ett komplett screeningunderlag till länsstyrelsen istället för att fråga öppet. Begär skriftligt besked, sätt tydliga mötes- och svarstider i dialogen och eskalera via remissvägen om beskedet uteblir.;Delvis inom mandat efter avgränsning;"Sökanden och berörd myndighet; endast angiven myndighetsdel anpassas";Klargöra den egna servicerollens gräns och dokumentera besked inom egen behörighet.;"Sökandens Natura-screening och länsstyrelsens kvarvarande uppgifter; inga utfästelser om screeningutfall.";"Myndighetsdelen kan endast tillämpas inom egen rättslig behörighet. Sökandens Natura-screening och länsstyrelsens kvarvarande uppgifter; inga utfästelser om screeningutfall.";;;;MPM-01;Ingen kontrollkoppling tilldelad. Möjlig myndighetsdel utan koppling kräver mer specifik behörighet eller styrkt träff på målpost.;"FL 5–9 §§; MB 19 kap. 1–2 a §§; MPD-förordningen 3 §; Dir. 2026:13. Detaljstöd per faktiskt kopplad kontroll i kopplingsfilen.";2.2.0;mitigation;https://nic-esp.github.io/miljotillstandsrisker/data/riskregister.json;2026-09-30
R-B50-N020-01:mitigation;"Härledd fältreferens; inte riskregistrets kanoniska item_id";R-B50-N020-01;Säsongsberoende inventeringar av skyddade värden försenas och förlänger Natura-MKB:n;B50;B50-N020;Genomför specifik miljöbedömning för Natura 2000;Lås inventeringsplanen minst två säsonger före planerad ansökan, med marginal för ett extra år. Använd ackrediterade/erfarna inventerare, dokumentera metodik och täckning, och stäm av metodiken med länsstyrelsen innan fältarbetet startar.;Utanför myndighetens kontrollansvar;"Sökanden; respektive behörigt skydds- eller sektorsorgan";Ingen del av originalförslaget övertas som myndighetskontroll.;Originalets föreslagna åtgärd kvarstår hos angiven aktör.;Screening, alternativ, fältinventering, kompensation och samlad projektstyrning ligger hos sökanden. Sakligt skydd och tillåtlighetskrav får inte behandlas som ett administrativt hinder att ta bort.;;;;;Ingen myndighetskontroll härleds ur denna åtgärd.;"FL 5–9 §§; MB 19 kap. 1–2 a §§; MPD-förordningen 3 §; Dir. 2026:13. Detaljstöd per faktiskt kopplad kontroll i kopplingsfilen.";2.2.0;mitigation;https://nic-esp.github.io/miljotillstandsrisker/data/riskregister.json;2026-09-30
R-B50-N020-02:mitigation;"Härledd fältreferens; inte riskregistrets kanoniska item_id";R-B50-N020-02;Bristfällig alternativ- och kumulativ analys håller inte vid prövning;B50;B50-N020;Genomför specifik miljöbedömning för Natura 2000;Bygg Natura-MKB:n explicit mot prövningsrekvisiten i MB 7 kap. 28 a–29 §§: alternativ, kumulativa effekter, bevarandemål, osäkerhetsanalys. Låt en oberoende granskare verifiera spårbarheten från data till slutsats innan ansökan lämnas.;Utanför myndighetens kontrollansvar;"Sökanden; respektive behörigt skydds- eller sektorsorgan";Ingen del av originalförslaget övertas som myndighetskontroll.;Originalets föreslagna åtgärd kvarstår hos angiven aktör.;Screening, alternativ, fältinventering, kompensation och samlad projektstyrning ligger hos sökanden. Sakligt skydd och tillåtlighetskrav får inte behandlas som ett administrativt hinder att ta bort.;;;;;Ingen myndighetskontroll härleds ur denna åtgärd.;"FL 5–9 §§; MB 19 kap. 1–2 a §§; MPD-förordningen 3 §; Dir. 2026:13. Detaljstöd per faktiskt kopplad kontroll i kopplingsfilen.";2.2.0;mitigation;https://nic-esp.github.io/miljotillstandsrisker/data/riskregister.json;2026-09-30
R-B50-N030-01:mitigation;"Härledd fältreferens; inte riskregistrets kanoniska item_id";R-B50-N030-01;Natura 2000-frågan lämnas till fel instans eller samordnas inte med huvudprövningen;B50;B50-N030;Lämna och komplettera Natura 2000-ansökan;Välj samordnad prövning när det är möjligt och begär det uttryckligen i ansökan. Synkronisera bevisningen mellan spåren så att samma Natura-MKB ligger till grund, och upprätta en gemensam tidsplan med alla berörda myndigheter och domstolar.;Delvis inom mandat efter avgränsning;"Sökanden och berörd myndighet; endast angiven myndighetsdel anpassas";Pröva laglig samordning inom egen behörighet och överenskomma informationsgränssnitt.;Sökandens Natura-underlag och en gemensam bindande tidplan för självständiga domstolar/myndigheter.;Myndighetsdelen kan endast tillämpas inom egen rättslig behörighet. Sökandens Natura-underlag och en gemensam bindande tidplan för självständiga domstolar/myndigheter.;;MPM-03;;MPM-04;"Anpassning kopplad till uttryckliga målposter; övriga kontroller är självständiga analysförslag.";"FL 5–9 §§; MB 19 kap. 1–2 a §§; MPD-förordningen 3 §; Dir. 2026:13. Detaljstöd per faktiskt kopplad kontroll i kopplingsfilen.";2.2.0;mitigation;https://nic-esp.github.io/miljotillstandsrisker/data/riskregister.json;2026-09-30
R-B50-N030-02:mitigation;"Härledd fältreferens; inte riskregistrets kanoniska item_id";R-B50-N030-02;Kompletteringsloopar i Natura-ärendet återställer tidplanen;B50;B50-N030;Lämna och komplettera Natura 2000-ansökan;Gör en egen kompletthetskontroll mot myndighetens checklista och prövningsrekvisiten innan inlämning. Förhandla om kompletteringsfrågornas omfattning vid kompletteringsmöte och begär att flera brister hanteras i en enda kompletteringsrunda.;Delvis inom mandat efter avgränsning;"Sökanden och berörd myndighet; endast angiven myndighetsdel anpassas";Samla nödvändiga kompletteringsfrågor och förklara deras relevans i eget Natura-ärende.;Sökandens kompletthetsgranskning och förhandling bort från materiella beviskrav.;Myndighetsdelen kan endast tillämpas inom egen rättslig behörighet. Sökandens kompletthetsgranskning och förhandling bort från materiella beviskrav.;;MPM-05;;;"Anpassning kopplad till uttryckliga målposter; övriga kontroller är självständiga analysförslag.";"FL 5–9 §§; MB 19 kap. 1–2 a §§; MPD-förordningen 3 §; Dir. 2026:13. Detaljstöd per faktiskt kopplad kontroll i kopplingsfilen.";2.2.0;mitigation;https://nic-esp.github.io/miljotillstandsrisker/data/riskregister.json;2026-09-30
R-B50-N050-01:mitigation;"Härledd fältreferens; inte riskregistrets kanoniska item_id";R-B50-N050-01;Omprojekteringen skapar ny kumulativ påverkan och nollställer underlaget;B50;B50-N050;Omlokalisera, omprojektera eller pröva undantagsväg;Gör omprojekteringen multi-kriteriebaserad: screena varje kandidatläge mot samtliga skyddsregelverk samtidigt innan nytt läge låses. Behåll ett reservläge och planera inventeringar så att de täcker båda alternativen.;Utanför myndighetens kontrollansvar;"Sökanden; respektive behörigt skydds- eller sektorsorgan";Ingen del av originalförslaget övertas som myndighetskontroll.;Originalets föreslagna åtgärd kvarstår hos angiven aktör.;Screening, alternativ, fältinventering, kompensation och samlad projektstyrning ligger hos sökanden. Sakligt skydd och tillåtlighetskrav får inte behandlas som ett administrativt hinder att ta bort.;;;;;Ingen myndighetskontroll härleds ur denna åtgärd.;"FL 5–9 §§; MB 19 kap. 1–2 a §§; MPD-förordningen 3 §; Dir. 2026:13. Detaljstöd per faktiskt kopplad kontroll i kopplingsfilen.";2.2.0;mitigation;https://nic-esp.github.io/miljotillstandsrisker/data/riskregister.json;2026-09-30
R-B50-N050-02:mitigation;"Härledd fältreferens; inte riskregistrets kanoniska item_id";R-B50-N050-02;Undantagsvägen i 29 § är politisk och oförutsägbar;B50;B50-N050;Omlokalisera, omprojektera eller pröva undantagsväg;Gå undantagsvägen bara som sista utväg och bygg då argumentationen kring det tvingande allmänintresset med samma noggrannhet som det naturvetenskapliga underlaget. Säkerställ att kompensationsåtgärderna är konkreta, finansierade och genomförbara före beslutet.;Utanför myndighetens kontrollansvar;"Sökanden; respektive behörigt skydds- eller sektorsorgan";Ingen del av originalförslaget övertas som myndighetskontroll.;Originalets föreslagna åtgärd kvarstår hos angiven aktör.;Screening, alternativ, fältinventering, kompensation och samlad projektstyrning ligger hos sökanden. Sakligt skydd och tillåtlighetskrav får inte behandlas som ett administrativt hinder att ta bort.;;;;;Ingen myndighetskontroll härleds ur denna åtgärd.;"FL 5–9 §§; MB 19 kap. 1–2 a §§; MPD-förordningen 3 §; Dir. 2026:13. Detaljstöd per faktiskt kopplad kontroll i kopplingsfilen.";2.2.0;mitigation;https://nic-esp.github.io/miljotillstandsrisker/data/riskregister.json;2026-09-30
R-B50-N050-03:mitigation;"Härledd fältreferens; inte riskregistrets kanoniska item_id";R-B50-N050-03;Kompensationsåtgärdernas ekologiska effekt är osäker och kan undermineras i efterhand;B50;B50-N050;Omlokalisera, omprojektera eller pröva undantagsväg;Välj kompensationsåtgärder med dokumenterad ekologisk effekt och säkra markkontroll (avtal/servitut) tidigt. Beskriv tidsordningen – kompensation före eller samtidigt med skadan – och bygg in uppföljning med tydliga avbrottskriterier.;Utanför myndighetens kontrollansvar;"Sökanden; respektive behörigt skydds- eller sektorsorgan";Ingen del av originalförslaget övertas som myndighetskontroll.;Originalets föreslagna åtgärd kvarstår hos angiven aktör.;Screening, alternativ, fältinventering, kompensation och samlad projektstyrning ligger hos sökanden. Sakligt skydd och tillåtlighetskrav får inte behandlas som ett administrativt hinder att ta bort.;;;;;Ingen myndighetskontroll härleds ur denna åtgärd.;"FL 5–9 §§; MB 19 kap. 1–2 a §§; MPD-förordningen 3 §; Dir. 2026:13. Detaljstöd per faktiskt kopplad kontroll i kopplingsfilen.";2.2.0;mitigation;https://nic-esp.github.io/miljotillstandsrisker/data/riskregister.json;2026-09-30
R-B50-N060-01:mitigation;"Härledd fältreferens; inte riskregistrets kanoniska item_id";R-B50-N060-01;Överklagande i Natura-spåret kan förskjuta byggstarten;B50;B50-N060;Natura-beslut, överklagande och laga kraft;Planera byggnationen i etapper så att arbete utanför den Natura-berörda delen kan fortsätta. Säkerställ att beslutets verkställbarhetsrekvisit uppfylls innan entreprenader tecknas, och för tidig dialog med tänkbara klagande för att minska överklagandeincitamentet.;Utanför myndighetens kontrollansvar;"Sökanden; respektive behörigt skydds- eller sektorsorgan";Ingen del av originalförslaget övertas som myndighetskontroll.;Originalets föreslagna åtgärd kvarstår hos angiven aktör.;Screening, alternativ, fältinventering, kompensation och samlad projektstyrning ligger hos sökanden. Sakligt skydd och tillåtlighetskrav får inte behandlas som ett administrativt hinder att ta bort.;;;MPM-11;;Självständig kontroll finns för risken, men är inte en övertagen originalåtgärd.;"FL 5–9 §§; MB 19 kap. 1–2 a §§; MPD-förordningen 3 §; Dir. 2026:13. Detaljstöd per faktiskt kopplad kontroll i kopplingsfilen.";2.2.0;mitigation;https://nic-esp.github.io/miljotillstandsrisker/data/riskregister.json;2026-09-30
R-B50-N060-02:mitigation;"Härledd fältreferens; inte riskregistrets kanoniska item_id";R-B50-N060-02;Natura-villkor kolliderar med huvudtillståndets villkor;B50;B50-N060;Natura-beslut, överklagande och laga kraft;Gör en villkorsmatris över alla meddelade beslut före byggstart och lös motsägelser genom begäran om förtydligande eller ändring. Arbeta för att samordnad prövning väljs i B50-N030 så att villkoren meddelas i samma ärende.;Delvis inom mandat efter avgränsning;"Sökanden och berörd myndighet; endast angiven myndighetsdel anpassas";Granska kompatibilitet i egna villkor och pröva om ärenden lagligen kan samlas.;Sökandens heltäckande villkorsmatris och befogenhet att ändra annat organs beslut.;Myndighetsdelen kan endast tillämpas inom egen rättslig behörighet. Sökandens heltäckande villkorsmatris och befogenhet att ändra annat organs beslut.;;MPM-12;;MPM-03;"Anpassning kopplad till uttryckliga målposter; övriga kontroller är självständiga analysförslag.";"FL 5–9 §§; MB 19 kap. 1–2 a §§; MPD-förordningen 3 §; Dir. 2026:13. Detaljstöd per faktiskt kopplad kontroll i kopplingsfilen.";2.2.0;mitigation;https://nic-esp.github.io/miljotillstandsrisker/data/riskregister.json;2026-09-30
R-B50-N060-03:mitigation;"Härledd fältreferens; inte riskregistrets kanoniska item_id";R-B50-N060-03;Beslutet är inte verkställbart – laga kraft missförstås och arbete stoppas;B50;B50-N060;Natura-beslut, överklagande och laga kraft;Inför en lagakraft-checklista i projektets byggstartsbeslut som kvitterar status för varje berört beslut. Begär verkställighetsförordnande när tidplanen kräver det, och inhämta dispens för förberedande arbeten där det är möjligt.;Delvis inom mandat efter avgränsning;"Sökanden och berörd myndighet; endast angiven myndighetsdel anpassas";Redovisa det egna beslutets rättsliga status och tillämpliga krav.;Sökandens byggstartsbeslut, begäran om verkställighet och andra instansers överprövning. Verkställighet får inte antas utan rättsligt stöd.;Myndighetsdelen kan endast tillämpas inom egen rättslig behörighet. Sökandens byggstartsbeslut, begäran om verkställighet och andra instansers överprövning. Verkställighet får inte antas utan rättsligt stöd.;;MPM-13;;;"Anpassning kopplad till uttryckliga målposter; övriga kontroller är självständiga analysförslag.";"FL 5–9 §§; MB 19 kap. 1–2 a §§; MPD-förordningen 3 §; Dir. 2026:13. Detaljstöd per faktiskt kopplad kontroll i kopplingsfilen.";2.2.0;mitigation;https://nic-esp.github.io/miljotillstandsrisker/data/riskregister.json;2026-09-30
R-B50-P010-01:mitigation;"Härledd fältreferens; inte riskregistrets kanoniska item_id";R-B50-P010-01;Kommunens planmonopol: ovilja eller köstopp stoppar projektet i förhand;B50;B50-P010;Krävs ny eller ändrad detaljplan?;Säkra politisk förankring tidigt genom dialog med kommunledning och nämnder, och erbjud att bekosta planarbetet (exploateringsavtal/medfinansiering) för att få plats i plankön. Dokumentera kommunens ställningstaganden skriftligt.;Utanför myndighetens kontrollansvar;"Sökanden; kommun och PBL-överprövningsinstans";Ingen del av originalförslaget övertas som myndighetskontroll.;Originalets föreslagna åtgärd kvarstår hos angiven aktör.;PBL-planering, lov, startbesked och politisk förankring ligger utanför Miljöprövningsmyndighetens mandat. Sökandens projektunderlag övertas inte.;;;;;Ingen myndighetskontroll härleds ur denna åtgärd.;"FL 5–9 §§; MB 19 kap. 1–2 a §§; MPD-förordningen 3 §; Dir. 2026:13. Detaljstöd per faktiskt kopplad kontroll i kopplingsfilen.";2.2.0;mitigation;https://nic-esp.github.io/miljotillstandsrisker/data/riskregister.json;2026-09-30
R-B50-P010-02:mitigation;"Härledd fältreferens; inte riskregistrets kanoniska item_id";R-B50-P010-02;Felbedömt planbehov: projektet bedöms inte kräva plan – och tvingas ändå till det sent;B50;B50-P010;Krävs ny eller ändrad detaljplan?;Låt kommunen ge ett skriftligt och motiverat ställningstagande till planbehovet tidigt, och testa bedömningen mot länsstyrelsens riksintressebevakning. Vid minsta tveksamhet, välj planvägen proaktivt istället för att chansa.;Utanför myndighetens kontrollansvar;"Sökanden; kommun och PBL-överprövningsinstans";Ingen del av originalförslaget övertas som myndighetskontroll.;Originalets föreslagna åtgärd kvarstår hos angiven aktör.;PBL-planering, lov, startbesked och politisk förankring ligger utanför Miljöprövningsmyndighetens mandat. Sökandens projektunderlag övertas inte.;;;;;Ingen myndighetskontroll härleds ur denna åtgärd.;"FL 5–9 §§; MB 19 kap. 1–2 a §§; MPD-förordningen 3 §; Dir. 2026:13. Detaljstöd per faktiskt kopplad kontroll i kopplingsfilen.";2.2.0;mitigation;https://nic-esp.github.io/miljotillstandsrisker/data/riskregister.json;2026-09-30
R-B50-P020-01:mitigation;"Härledd fältreferens; inte riskregistrets kanoniska item_id";R-B50-P020-01;Lokal opinion och samrådsmotstånd förlänger eller omkullkastar planarbetet;B50;B50-P020;Planbesked, planförslag, samråd och granskning;Investera i tidig, genuin dialog med berörda innan formellt samråd: lokala möten, anpassningar och dokumenterad bemötande av synpunkter. Samordna budskap och underlag med miljöprövningens samråd i B20 så att allmänheten möter en enhetlig bild.;Utanför myndighetens kontrollansvar;"Sökanden; kommun och PBL-överprövningsinstans";Ingen del av originalförslaget övertas som myndighetskontroll.;Originalets föreslagna åtgärd kvarstår hos angiven aktör.;PBL-planering, lov, startbesked och politisk förankring ligger utanför Miljöprövningsmyndighetens mandat. Sökandens projektunderlag övertas inte.;;;;;Ingen myndighetskontroll härleds ur denna åtgärd.;"FL 5–9 §§; MB 19 kap. 1–2 a §§; MPD-förordningen 3 §; Dir. 2026:13. Detaljstöd per faktiskt kopplad kontroll i kopplingsfilen.";2.2.0;mitigation;https://nic-esp.github.io/miljotillstandsrisker/data/riskregister.json;2026-09-30
R-B50-P020-02:mitigation;"Härledd fältreferens; inte riskregistrets kanoniska item_id";R-B50-P020-02;Länsstyrelsens riksintressebevakning stoppar planförslaget;B50;B50-P020;Planbesked, planförslag, samråd och granskning;Kartlägg ingripandegrunderna i 11 kap. 10 § PBL och lös frågor om riksintressen, miljökvalitetsnormer, strandskydd, mellankommunal samordning samt hälsa och säkerhet före antagandet. Håll isär länsstyrelsens kontrollspår från enskildas direkta planöverklagande till MMD.;Utanför myndighetens kontrollansvar;"Sökanden; kommun och PBL-överprövningsinstans";Ingen del av originalförslaget övertas som myndighetskontroll.;Originalets föreslagna åtgärd kvarstår hos angiven aktör.;PBL-planering, lov, startbesked och politisk förankring ligger utanför Miljöprövningsmyndighetens mandat. Sökandens projektunderlag övertas inte.;;;;;Ingen myndighetskontroll härleds ur denna åtgärd.;"FL 5–9 §§; MB 19 kap. 1–2 a §§; MPD-förordningen 3 §; Dir. 2026:13. Detaljstöd per faktiskt kopplad kontroll i kopplingsfilen.";2.2.0;mitigation;https://nic-esp.github.io/miljotillstandsrisker/data/riskregister.json;2026-09-30
R-B50-P030-01:mitigation;"Härledd fältreferens; inte riskregistrets kanoniska item_id";R-B50-P030-01;Antagen detaljplan överklagas och laga kraft skjuts upp;B50;B50-P030;Anta detaljplan och hantera kontroll och överklagande;Kvalitetssäkra planunderlaget mot de vanligaste överklagandegrunderna (förenlighet med översiktlig plan, riksintressen, buller/skuggor) före antagande. Arbeta för att berörda sakägare når uppgörelser före antagandet och planera tidplanen med explicit lagakraftpuffer.;Utanför myndighetens kontrollansvar;"Sökanden; kommun och PBL-överprövningsinstans";Ingen del av originalförslaget övertas som myndighetskontroll.;Originalets föreslagna åtgärd kvarstår hos angiven aktör.;PBL-planering, lov, startbesked och politisk förankring ligger utanför Miljöprövningsmyndighetens mandat. Sökandens projektunderlag övertas inte.;;;;;Ingen myndighetskontroll härleds ur denna åtgärd.;"FL 5–9 §§; MB 19 kap. 1–2 a §§; MPD-förordningen 3 §; Dir. 2026:13. Detaljstöd per faktiskt kopplad kontroll i kopplingsfilen.";2.2.0;mitigation;https://nic-esp.github.io/miljotillstandsrisker/data/riskregister.json;2026-09-30
R-B50-P030-02:mitigation;"Härledd fältreferens; inte riskregistrets kanoniska item_id";R-B50-P030-02;Detaljplanen upphävs i domstol och planarbetet måste göras om;B50;B50-P030;Anta detaljplan och hantera kontroll och överklagande;Säkerställ formell korrekthet i varje led av handläggningen (samråd, granskning, kungörelse, justering) och dokumentera förenlighetsbedömningen mot översiktsplan och riksintressen uttryckligen. Låt extern PBL-expertis granska förslaget före antagande.;Utanför myndighetens kontrollansvar;"Sökanden; kommun och PBL-överprövningsinstans";Ingen del av originalförslaget övertas som myndighetskontroll.;Originalets föreslagna åtgärd kvarstår hos angiven aktör.;PBL-planering, lov, startbesked och politisk förankring ligger utanför Miljöprövningsmyndighetens mandat. Sökandens projektunderlag övertas inte.;;;;;Ingen myndighetskontroll härleds ur denna åtgärd.;"FL 5–9 §§; MB 19 kap. 1–2 a §§; MPD-förordningen 3 §; Dir. 2026:13. Detaljstöd per faktiskt kopplad kontroll i kopplingsfilen.";2.2.0;mitigation;https://nic-esp.github.io/miljotillstandsrisker/data/riskregister.json;2026-09-30
R-B50-P030-03:mitigation;"Härledd fältreferens; inte riskregistrets kanoniska item_id";R-B50-P030-03;Planens laga kraft avvaktar inte miljöprövningens – beroendekrock mellan spåren;B50;B50-P030;Anta detaljplan och hantera kontroll och överklagande;Upprätta en beroendematris som låser vilken planversion respektive tillståndsversion varje beslut vilar på, och uppdatera den vid varje händelse (antagande, överklagande, villkorsändring). Samordna beslutstidpunkterna aktivt med kommun och prövningsmyndighet.;Utanför myndighetens kontrollansvar;"Sökanden; kommun och PBL-överprövningsinstans";Ingen del av originalförslaget övertas som myndighetskontroll.;Originalets föreslagna åtgärd kvarstår hos angiven aktör.;PBL-planering, lov, startbesked och politisk förankring ligger utanför Miljöprövningsmyndighetens mandat. Sökandens projektunderlag övertas inte.;;;;;Ingen myndighetskontroll härleds ur denna åtgärd.;"FL 5–9 §§; MB 19 kap. 1–2 a §§; MPD-förordningen 3 §; Dir. 2026:13. Detaljstöd per faktiskt kopplad kontroll i kopplingsfilen.";2.2.0;mitigation;https://nic-esp.github.io/miljotillstandsrisker/data/riskregister.json;2026-09-30
R-B50-P040-01:mitigation;"Härledd fältreferens; inte riskregistrets kanoniska item_id";R-B50-P040-01;Lovansökan krockar med icke lagakraftvunnen plan eller kvarstående överklaganderisker;B50;B50-P040;Ansök om bygg-, mark- eller rivningslov/anmälan;Verifiera planens status. Om lov söks före laga kraft, begär ett uttryckligt villkor enligt 9 kap. 81 § PBL och låt inte byggstart ske innan planbeslutet vunnit laga kraft. Anpassa entreprenad- och finansieringsvillkor till denna osäkerhet.;Utanför myndighetens kontrollansvar;"Sökanden; kommun och PBL-överprövningsinstans";Ingen del av originalförslaget övertas som myndighetskontroll.;Originalets föreslagna åtgärd kvarstår hos angiven aktör.;PBL-planering, lov, startbesked och politisk förankring ligger utanför Miljöprövningsmyndighetens mandat. Sökandens projektunderlag övertas inte.;;;;;Ingen myndighetskontroll härleds ur denna åtgärd.;"FL 5–9 §§; MB 19 kap. 1–2 a §§; MPD-förordningen 3 §; Dir. 2026:13. Detaljstöd per faktiskt kopplad kontroll i kopplingsfilen.";2.2.0;mitigation;https://nic-esp.github.io/miljotillstandsrisker/data/riskregister.json;2026-09-30
R-B50-P040-02:mitigation;"Härledd fältreferens; inte riskregistrets kanoniska item_id";R-B50-P040-02;Kompletteringsföreläggande flyttar tioveckorsfristens startpunkt;B50;B50-P040;Ansök om bygg-, mark- eller rivningslov/anmälan;Stäm av ansökningshandlingarna mot 9 kap. 86–91 §§ PBL före inlämning. Dokumentera ansökningsdag, varje sökandeinitierat tillägg och om ett kompletteringsföreläggande meddelats inom tre veckor, så att rätt startdag kan beräknas.;Utanför myndighetens kontrollansvar;"Sökanden; kommun och PBL-överprövningsinstans";Ingen del av originalförslaget övertas som myndighetskontroll.;Originalets föreslagna åtgärd kvarstår hos angiven aktör.;PBL-planering, lov, startbesked och politisk förankring ligger utanför Miljöprövningsmyndighetens mandat. Sökandens projektunderlag övertas inte.;;;;;Ingen myndighetskontroll härleds ur denna åtgärd.;"FL 5–9 §§; MB 19 kap. 1–2 a §§; MPD-förordningen 3 §; Dir. 2026:13. Detaljstöd per faktiskt kopplad kontroll i kopplingsfilen.";2.2.0;mitigation;https://nic-esp.github.io/miljotillstandsrisker/data/riskregister.json;2026-09-30
R-B50-P050-01:mitigation;"Härledd fältreferens; inte riskregistrets kanoniska item_id";R-B50-P050-01;Överklagandekedjan länsstyrelse–MMD–MÖD stoppar byggstart;B50;B50-P050;Lovprövning, beslut och överklagande;Bevaka överklaganden och inhibition, men skilj laga kraft från omedelbar giltighet. Kontrollera dessutom att startbesked finns och att eventuella villkor enligt 9 kap. 81–82 eller 114 §§ PBL är uppfyllda innan arbete påbörjas.;Utanför myndighetens kontrollansvar;"Sökanden; kommun och PBL-överprövningsinstans";Ingen del av originalförslaget övertas som myndighetskontroll.;Originalets föreslagna åtgärd kvarstår hos angiven aktör.;PBL-planering, lov, startbesked och politisk förankring ligger utanför Miljöprövningsmyndighetens mandat. Sökandens projektunderlag övertas inte.;;;;;Ingen myndighetskontroll härleds ur denna åtgärd.;"FL 5–9 §§; MB 19 kap. 1–2 a §§; MPD-förordningen 3 §; Dir. 2026:13. Detaljstöd per faktiskt kopplad kontroll i kopplingsfilen.";2.2.0;mitigation;https://nic-esp.github.io/miljotillstandsrisker/data/riskregister.json;2026-09-30
R-B50-P050-02:mitigation;"Härledd fältreferens; inte riskregistrets kanoniska item_id";R-B50-P050-02;Lovprövningens avgränsning mot miljöprövningen skapar rättstvist;B50;B50-P050;Lovprövning, beslut och överklagande;Säkerställ konsistensgranskning mellan lovhandlingar och miljötillståndets handlingar innan ansökan: samma koordinater, höjder och bullerberäkningar. Vid behov av avvikelse: avgör tidigt om ändringen kräver anmälan/tillstånd enligt MPF 1 kap. 11 § innan lovärendet drivs vidare.;Utanför myndighetens kontrollansvar;"Sökanden; kommun och PBL-överprövningsinstans";Ingen del av originalförslaget övertas som myndighetskontroll.;Originalets föreslagna åtgärd kvarstår hos angiven aktör.;PBL-planering, lov, startbesked och politisk förankring ligger utanför Miljöprövningsmyndighetens mandat. Sökandens projektunderlag övertas inte.;;;;;Ingen myndighetskontroll härleds ur denna åtgärd.;"FL 5–9 §§; MB 19 kap. 1–2 a §§; MPD-förordningen 3 §; Dir. 2026:13. Detaljstöd per faktiskt kopplad kontroll i kopplingsfilen.";2.2.0;mitigation;https://nic-esp.github.io/miljotillstandsrisker/data/riskregister.json;2026-09-30
R-B50-P050-03:mitigation;"Härledd fältreferens; inte riskregistrets kanoniska item_id";R-B50-P050-03;Kompetens- och kapacitetsbrist i byggnadsnämnd förlänger tio-veckorsfristen;B50;B50-P050;Lovprövning, beslut och överklagande;"Dokumentera fristens startdag och varje lagligt förlängningsbeslut. Begär att korrekt avgiftsreduktion tillämpas om fristen överskrids och använd förvaltningslagens dröjsmålsverktyg när deras förutsättningar är uppfyllda; kalla inte reduktionen byggsanktionsavgift.";Utanför myndighetens kontrollansvar;"Sökanden; kommun och PBL-överprövningsinstans";Ingen del av originalförslaget övertas som myndighetskontroll.;Originalets föreslagna åtgärd kvarstår hos angiven aktör.;PBL-planering, lov, startbesked och politisk förankring ligger utanför Miljöprövningsmyndighetens mandat. Sökandens projektunderlag övertas inte.;;;;;Ingen myndighetskontroll härleds ur denna åtgärd.;"FL 5–9 §§; MB 19 kap. 1–2 a §§; MPD-förordningen 3 §; Dir. 2026:13. Detaljstöd per faktiskt kopplad kontroll i kopplingsfilen.";2.2.0;mitigation;https://nic-esp.github.io/miljotillstandsrisker/data/riskregister.json;2026-09-30
R-B50-P060-01:mitigation;"Härledd fältreferens; inte riskregistrets kanoniska item_id";R-B50-P060-01;Kontrollansvarig saknas eller saknar behörighet för anläggningstypen;B50;B50-P060;Tekniskt samråd, kontrollplan och handlingar;Kontraktera kontrollansvarig och biträdande KA redan i lovskedet. Klargör tidigt med nämnden vilken behörighetsnivå och vilka särskilda kontroller (t.ex. för anläggningsbyggande, dammar, högtryckssystem) som krävs, så att rätt kompetens anmäls från början.;Utanför myndighetens kontrollansvar;"Sökanden; kommun och PBL-överprövningsinstans";Ingen del av originalförslaget övertas som myndighetskontroll.;Originalets föreslagna åtgärd kvarstår hos angiven aktör.;PBL-planering, lov, startbesked och politisk förankring ligger utanför Miljöprövningsmyndighetens mandat. Sökandens projektunderlag övertas inte.;;;;;Ingen myndighetskontroll härleds ur denna åtgärd.;"FL 5–9 §§; MB 19 kap. 1–2 a §§; MPD-förordningen 3 §; Dir. 2026:13. Detaljstöd per faktiskt kopplad kontroll i kopplingsfilen.";2.2.0;mitigation;https://nic-esp.github.io/miljotillstandsrisker/data/riskregister.json;2026-09-30
R-B50-P060-02:mitigation;"Härledd fältreferens; inte riskregistrets kanoniska item_id";R-B50-P060-02;Oenighet vid tekniskt samråd om kontrollplanens omfattning;B50;B50-P060;Tekniskt samråd, kontrollplan och handlingar;Skicka kontrollplansförslag och tekniska beskrivningar till nämnden i god tid före samrådet och begär skriftliga synpunkter i förväg. Involvera KA i förberedelserna. Dokumentera samrådsanteckningarna noggrant – de blir styrande för startbeskedet.;Utanför myndighetens kontrollansvar;"Sökanden; kommun och PBL-överprövningsinstans";Ingen del av originalförslaget övertas som myndighetskontroll.;Originalets föreslagna åtgärd kvarstår hos angiven aktör.;PBL-planering, lov, startbesked och politisk förankring ligger utanför Miljöprövningsmyndighetens mandat. Sökandens projektunderlag övertas inte.;;;;;Ingen myndighetskontroll härleds ur denna åtgärd.;"FL 5–9 §§; MB 19 kap. 1–2 a §§; MPD-förordningen 3 §; Dir. 2026:13. Detaljstöd per faktiskt kopplad kontroll i kopplingsfilen.";2.2.0;mitigation;https://nic-esp.github.io/miljotillstandsrisker/data/riskregister.json;2026-09-30
R-B50-P070-01:mitigation;"Härledd fältreferens; inte riskregistrets kanoniska item_id";R-B50-P070-01;Startbesked uteblir trots lagakraftvunnet lov;B50;B50-P070;Startbesked och PBL-byggstartsgate;Förbered kontrollplan, avfallshanteringsplan, tekniskt samråd och övrigt startbeskedsunderlag parallellt med lovprocessen. Verifiera både att lovet gäller och att ett startbesked som omfattar den aktuella delen har meddelats innan arbete påbörjas.;Utanför myndighetens kontrollansvar;"Sökanden; kommun och PBL-överprövningsinstans";Ingen del av originalförslaget övertas som myndighetskontroll.;Originalets föreslagna åtgärd kvarstår hos angiven aktör.;PBL-planering, lov, startbesked och politisk förankring ligger utanför Miljöprövningsmyndighetens mandat. Sökandens projektunderlag övertas inte.;;;;;Ingen myndighetskontroll härleds ur denna åtgärd.;"FL 5–9 §§; MB 19 kap. 1–2 a §§; MPD-förordningen 3 §; Dir. 2026:13. Detaljstöd per faktiskt kopplad kontroll i kopplingsfilen.";2.2.0;mitigation;https://nic-esp.github.io/miljotillstandsrisker/data/riskregister.json;2026-09-30
R-B50-P070-02:mitigation;"Härledd fältreferens; inte riskregistrets kanoniska item_id";R-B50-P070-02;Sen inhibition eller länsstyrelseprövning stoppar arbetet trots startbesked;B50;B50-P070;Startbesked och PBL-byggstartsgate;Kontrollera inför varje delstart att lov, strandskyddsdispens och andra bärande beslut fortfarande gäller och inte har inhiberats. Avbryt berörda arbeten om ett sådant beslut sätts ur kraft och gör en beslutsspecifik bedömning i stället för att anta att startbeskedet automatiskt återkallas.;Utanför myndighetens kontrollansvar;"Sökanden; kommun och PBL-överprövningsinstans";Ingen del av originalförslaget övertas som myndighetskontroll.;Originalets föreslagna åtgärd kvarstår hos angiven aktör.;PBL-planering, lov, startbesked och politisk förankring ligger utanför Miljöprövningsmyndighetens mandat. Sökandens projektunderlag övertas inte.;;;;;Ingen myndighetskontroll härleds ur denna åtgärd.;"FL 5–9 §§; MB 19 kap. 1–2 a §§; MPD-förordningen 3 §; Dir. 2026:13. Detaljstöd per faktiskt kopplad kontroll i kopplingsfilen.";2.2.0;mitigation;https://nic-esp.github.io/miljotillstandsrisker/data/riskregister.json;2026-09-30
R-B50-S010-01:mitigation;"Härledd fältreferens; inte riskregistrets kanoniska item_id";R-B50-S010-01;Sent upptäckt sektorskrav – Seveso, livsmedel, försvar eller flyg – stoppar byggstart;B50;B50-S010;Identifiera, initiera och verifiera övriga sektorsbeslut;Låt tillämpbarhetsmatrisen granskas av en specialist på sektorlagstiftning, inte bara miljörätt. Gör en systematisk genomlysning mot Seveso, livsmedels-, försvars-, flyg- och vattenskyddsregler redan i B10/B50-G010. Etablera kontaktpunkter hos berörda sektorsmyndigheter tidigt så att kravbilden är känd före ansökningarna.;Utanför myndighetens kontrollansvar;"Sökanden; respektive behörigt skydds- eller sektorsorgan";Ingen del av originalförslaget övertas som myndighetskontroll.;Originalets föreslagna åtgärd kvarstår hos angiven aktör.;Screening, alternativ, fältinventering, kompensation och samlad projektstyrning ligger hos sökanden. Sakligt skydd och tillåtlighetskrav får inte behandlas som ett administrativt hinder att ta bort.;;;;;Ingen myndighetskontroll härleds ur denna åtgärd.;"FL 5–9 §§; MB 19 kap. 1–2 a §§; MPD-förordningen 3 §; Dir. 2026:13. Detaljstöd per faktiskt kopplad kontroll i kopplingsfilen.";2.2.0;mitigation;https://nic-esp.github.io/miljotillstandsrisker/data/riskregister.json;2026-09-30
R-B50-S010-02:mitigation;"Härledd fältreferens; inte riskregistrets kanoniska item_id";R-B50-S010-02;Ingen äger uppföljningen – sektorsbeslut förverkar tyst;B50;B50-S010;Identifiera, initiera och verifiera övriga sektorsbeslut;Upprätta ett beslutsregister med giltighetstider, förstartskrav och ansvarig per beslut, med larm före utgångsdatum. Gör en formell verkställbarhets- och giltighetskontroll av samtliga beslut inför varje byggetapp. Delegera tydligt vem i organisationen som äger varje sektorstillstånd över tid.;Utanför myndighetens kontrollansvar;"Sökanden; respektive behörigt skydds- eller sektorsorgan";Ingen del av originalförslaget övertas som myndighetskontroll.;Originalets föreslagna åtgärd kvarstår hos angiven aktör.;Screening, alternativ, fältinventering, kompensation och samlad projektstyrning ligger hos sökanden. Sakligt skydd och tillåtlighetskrav får inte behandlas som ett administrativt hinder att ta bort.;;;;;Ingen myndighetskontroll härleds ur denna åtgärd.;"FL 5–9 §§; MB 19 kap. 1–2 a §§; MPD-förordningen 3 §; Dir. 2026:13. Detaljstöd per faktiskt kopplad kontroll i kopplingsfilen.";2.2.0;mitigation;https://nic-esp.github.io/miljotillstandsrisker/data/riskregister.json;2026-09-30
R-B50-START-01:mitigation;"Härledd fältreferens; inte riskregistrets kanoniska item_id";R-B50-START-01;Osynliga spår blockerar byggstart trots färdigt huvudtillstånd;B50;B50-START;Parallella spår initierade;Gör en strukturerad genomgång av samtliga tvärgående regelverk mot den låsta lokaliseringen innan spåren initieras. Versionshantera tillståndsmatrisen och koppla den till förändringshantering av projektet. Boka en tidig avstämning med länsstyrelse och kommun där matrisen kvitteras ut.;Utanför myndighetens kontrollansvar;"Sökanden; respektive behörigt skydds- eller sektorsorgan";Ingen del av originalförslaget övertas som myndighetskontroll.;Originalets föreslagna åtgärd kvarstår hos angiven aktör.;Screening, alternativ, fältinventering, kompensation och samlad projektstyrning ligger hos sökanden. Sakligt skydd och tillåtlighetskrav får inte behandlas som ett administrativt hinder att ta bort.;;;;;Ingen myndighetskontroll härleds ur denna åtgärd.;"FL 5–9 §§; MB 19 kap. 1–2 a §§; MPD-förordningen 3 §; Dir. 2026:13. Detaljstöd per faktiskt kopplad kontroll i kopplingsfilen.";2.2.0;mitigation;https://nic-esp.github.io/miljotillstandsrisker/data/riskregister.json;2026-09-30
R-B50-T010-01:mitigation;"Härledd fältreferens; inte riskregistrets kanoniska item_id";R-B50-T010-01;Alternativ- och korridorunderlaget håller inte för planprövningen;B50;B50-T010;Planlägg väg eller järnväg;Investera i en genuin alternativutredning med dokumenterade avvägningar och utfallskriterier. Etablera förhandlingsbord med samebyar och kommuner tidigt, med konkreta anpassningsåtgärder (passager, stängsel, omdragningar). Låt samrådsredogörelsen visa hur kritik förändrat planförslaget.;Utanför myndighetens kontrollansvar;"Sökanden/Trafikverket; behörig planinstans eller regeringen";Ingen del av originalförslaget övertas som myndighetskontroll.;Originalets föreslagna åtgärd kvarstår hos angiven aktör.;Infrastrukturplan, markförhandling och politisk påverkan är inte denna myndighets uppgifter. Varken andra organs tidplan eller överklaganderätten får styras för projektets räkning.;;;;;Ingen myndighetskontroll härleds ur denna åtgärd.;"FL 5–9 §§; MB 19 kap. 1–2 a §§; MPD-förordningen 3 §; Dir. 2026:13. Detaljstöd per faktiskt kopplad kontroll i kopplingsfilen.";2.2.0;mitigation;https://nic-esp.github.io/miljotillstandsrisker/data/riskregister.json;2026-09-30
R-B50-T010-02:mitigation;"Härledd fältreferens; inte riskregistrets kanoniska item_id";R-B50-T010-02;MKB och miljöbeskrivning i planen blir inaktuell under den utdragna planprocessen;B50;B50-T010;Planlägg väg eller järnväg;Planera inventeringarna med en uppdateringsstrategi: identifiera vilka data som åldras snabbast och schemalägg förnyelse före granskning. Dokumentera datumstämplar och giltighetstider för allt underlag. För trafik- och samhällsprognoser: kör känslighetsanalyser så att planen inte hänger på punktprognoser.;Utanför myndighetens kontrollansvar;"Sökanden/Trafikverket; behörig planinstans eller regeringen";Ingen del av originalförslaget övertas som myndighetskontroll.;Originalets föreslagna åtgärd kvarstår hos angiven aktör.;Infrastrukturplan, markförhandling och politisk påverkan är inte denna myndighets uppgifter. Varken andra organs tidplan eller överklaganderätten får styras för projektets räkning.;;;;;Ingen myndighetskontroll härleds ur denna åtgärd.;"FL 5–9 §§; MB 19 kap. 1–2 a §§; MPD-förordningen 3 §; Dir. 2026:13. Detaljstöd per faktiskt kopplad kontroll i kopplingsfilen.";2.2.0;mitigation;https://nic-esp.github.io/miljotillstandsrisker/data/riskregister.json;2026-09-30
R-B50-T020-01:mitigation;"Härledd fältreferens; inte riskregistrets kanoniska item_id";R-B50-T020-01;Länsstyrelsens granskningsyttrande eller oenighet stoppar fastställelsen;B50;B50-T020;Granskning, fastställelse och regeringsöverklagande;Behandla granskningsyttrandet som en förhandlingsfas: möt länsstyrelsens kritik med konkreta planändringar eller fördjupade utredningar före fastställelseansökan. Bedöm tidigt om regeringsprövning är oundviklig och förbered det underlaget parallellt i stället för sekventiellt.;Utanför myndighetens kontrollansvar;"Sökanden/Trafikverket; behörig planinstans eller regeringen";Ingen del av originalförslaget övertas som myndighetskontroll.;Originalets föreslagna åtgärd kvarstår hos angiven aktör.;Infrastrukturplan, markförhandling och politisk påverkan är inte denna myndighets uppgifter. Varken andra organs tidplan eller överklaganderätten får styras för projektets räkning.;;;;;Ingen myndighetskontroll härleds ur denna åtgärd.;"FL 5–9 §§; MB 19 kap. 1–2 a §§; MPD-förordningen 3 §; Dir. 2026:13. Detaljstöd per faktiskt kopplad kontroll i kopplingsfilen.";2.2.0;mitigation;https://nic-esp.github.io/miljotillstandsrisker/data/riskregister.json;2026-09-30
R-B50-T020-02:mitigation;"Härledd fältreferens; inte riskregistrets kanoniska item_id";R-B50-T020-02;Planöverklagande och separat byggstartsbeslut skapar två regeringsanknutna steg;B50;B50-T020;Granskning, fastställelse och regeringsöverklagande;Förankra projektet i både planunderlag och regionalpolitik: bygg kommun- och näringslivsallianser som gör projektet politiskt kostsamt att skjuta upp. Fasindelning gör att delar kan få byggstart även om helheten väntar. Dokumentera samhällsekonomisk nytta löpande så att underlaget är aktuellt när regeringsbeslutet nalkas.;Utanför myndighetens kontrollansvar;"Sökanden/Trafikverket; behörig planinstans eller regeringen";Ingen del av originalförslaget övertas som myndighetskontroll.;Originalets föreslagna åtgärd kvarstår hos angiven aktör.;Infrastrukturplan, markförhandling och politisk påverkan är inte denna myndighets uppgifter. Varken andra organs tidplan eller överklaganderätten får styras för projektets räkning.;Politisk påtryckning och näringslivsallianser är inte förenliga med myndighetens opartiska prövningsroll.;;;;Ingen myndighetskontroll härleds ur denna åtgärd.;"FL 5–9 §§; MB 19 kap. 1–2 a §§; MPD-förordningen 3 §; Dir. 2026:13. Detaljstöd per faktiskt kopplad kontroll i kopplingsfilen.";2.2.0;mitigation;https://nic-esp.github.io/miljotillstandsrisker/data/riskregister.json;2026-09-30
R-B50-T020-03:mitigation;"Härledd fältreferens; inte riskregistrets kanoniska item_id";R-B50-T020-03;Överklaganden av planbeslutet från samebyar, markägare och organisationer;B50;B50-T020;Granskning, fastställelse och regeringsöverklagande;Förhandla med sannolika klagogrupper (samebyar, större markägare) före fastställelse och lös enskilda sträcknings- och ersättningsfrågor i avtal där det går. Kvalitetssäkra planens formella innehåll mot lagens krav för att undvika processrättsliga grunder. Förbered remiss- och svarsmaterial till regeringen i förväg.;Utanför myndighetens kontrollansvar;"Sökanden/Trafikverket; behörig planinstans eller regeringen";Ingen del av originalförslaget övertas som myndighetskontroll.;Originalets föreslagna åtgärd kvarstår hos angiven aktör.;Infrastrukturplan, markförhandling och politisk påverkan är inte denna myndighets uppgifter. Varken andra organs tidplan eller överklaganderätten får styras för projektets räkning.;;;;;Ingen myndighetskontroll härleds ur denna åtgärd.;"FL 5–9 §§; MB 19 kap. 1–2 a §§; MPD-förordningen 3 §; Dir. 2026:13. Detaljstöd per faktiskt kopplad kontroll i kopplingsfilen.";2.2.0;mitigation;https://nic-esp.github.io/miljotillstandsrisker/data/riskregister.json;2026-09-30
R-B50-T030-01:mitigation;"Härledd fältreferens; inte riskregistrets kanoniska item_id";R-B50-T030-01;Vatten-, Natura- och artskyddsbeslut ligger efter planen och blockerar etapper;B50;B50-T030;Slutför kompletterande tillstånd och markåtkomst;Starta alla kompletterande tillståndsärenden så snart planförslaget är stabilt – vänta inte på laga kraft. Bygg en etapperad tillståndsmatris som visar vilka beslut varje byggetapp kräver. Samordna MKB-underlaget mellan plan och tillståndsansökningar för att undvika dubbelarbete och inkonsistens.;Utanför myndighetens kontrollansvar;"Sökanden/Trafikverket; behörig planinstans eller regeringen";Ingen del av originalförslaget övertas som myndighetskontroll.;Originalets föreslagna åtgärd kvarstår hos angiven aktör.;Infrastrukturplan, markförhandling och politisk påverkan är inte denna myndighets uppgifter. Varken andra organs tidplan eller överklaganderätten får styras för projektets räkning.;;;;;Ingen myndighetskontroll härleds ur denna åtgärd.;"FL 5–9 §§; MB 19 kap. 1–2 a §§; MPD-förordningen 3 §; Dir. 2026:13. Detaljstöd per faktiskt kopplad kontroll i kopplingsfilen.";2.2.0;mitigation;https://nic-esp.github.io/miljotillstandsrisker/data/riskregister.json;2026-09-30
R-B50-T030-02:mitigation;"Härledd fältreferens; inte riskregistrets kanoniska item_id";R-B50-T030-02;Markinlösen och fastighetsbildning drar ut på tiden längs sträckan;B50;B50-T030;Slutför kompletterande tillstånd och markåtkomst;Inled markförhandlingar längs hela sträckan direkt efter fastställelse, med prioritering av etapp 1:s markbehov. Använd planens inlösenmöjligheter tidigt där förhandlingar kört fast, och budgetera realistiskt för intrångsersättningar baserat på erfarenhetstal från liknande projekt.;Utanför myndighetens kontrollansvar;"Sökanden/Trafikverket; behörig planinstans eller regeringen";Ingen del av originalförslaget övertas som myndighetskontroll.;Originalets föreslagna åtgärd kvarstår hos angiven aktör.;Infrastrukturplan, markförhandling och politisk påverkan är inte denna myndighets uppgifter. Varken andra organs tidplan eller överklaganderätten får styras för projektets räkning.;;;;;Ingen myndighetskontroll härleds ur denna åtgärd.;"FL 5–9 §§; MB 19 kap. 1–2 a §§; MPD-förordningen 3 §; Dir. 2026:13. Detaljstöd per faktiskt kopplad kontroll i kopplingsfilen.";2.2.0;mitigation;https://nic-esp.github.io/miljotillstandsrisker/data/riskregister.json;2026-09-30
R-B50-X010-01:mitigation;"Härledd fältreferens; inte riskregistrets kanoniska item_id";R-B50-X010-01;Fridlysta arter missas i screeningen och dyker upp under byggskedet;B50;B50-X010;Screena artskydd och övrigt områdesskydd;Komplettera registerdata med fältinventering i rätt säsong för de arter som platsens biotoper kan hysa. Planera arbetstider efter artens känsliga perioder och ha en beredskapsplan för fynd under byggskedet (stopp, dokumentation, dispensanalys).;Utanför myndighetens kontrollansvar;"Sökanden; respektive behörigt skydds- eller sektorsorgan";Ingen del av originalförslaget övertas som myndighetskontroll.;Originalets föreslagna åtgärd kvarstår hos angiven aktör.;Screening, alternativ, fältinventering, kompensation och samlad projektstyrning ligger hos sökanden. Sakligt skydd och tillåtlighetskrav får inte behandlas som ett administrativt hinder att ta bort.;;;;;Ingen myndighetskontroll härleds ur denna åtgärd.;"FL 5–9 §§; MB 19 kap. 1–2 a §§; MPD-förordningen 3 §; Dir. 2026:13. Detaljstöd per faktiskt kopplad kontroll i kopplingsfilen.";2.2.0;mitigation;https://nic-esp.github.io/miljotillstandsrisker/data/riskregister.json;2026-09-30
R-B50-X010-02:mitigation;"Härledd fältreferens; inte riskregistrets kanoniska item_id";R-B50-X010-02;Strandskydd och lokala skyddsföreskrifter upptäcks sent i detaljutformningen;B50;B50-X010;Screena artskydd och övrigt områdesskydd;Screena hela projektets funktionella fotavtryck – inklusive vägar, ledningar, depåer och arbetsområden – mot strandskydd, LIS, biotopskydd och kommunala föreskrifter. Stäm av med kommunens strandskyddshanterare och länsstyrelsens naturvårdsenhet.;Utanför myndighetens kontrollansvar;"Sökanden; respektive behörigt skydds- eller sektorsorgan";Ingen del av originalförslaget övertas som myndighetskontroll.;Originalets föreslagna åtgärd kvarstår hos angiven aktör.;Screening, alternativ, fältinventering, kompensation och samlad projektstyrning ligger hos sökanden. Sakligt skydd och tillåtlighetskrav får inte behandlas som ett administrativt hinder att ta bort.;;;;;Ingen myndighetskontroll härleds ur denna åtgärd.;"FL 5–9 §§; MB 19 kap. 1–2 a §§; MPD-förordningen 3 §; Dir. 2026:13. Detaljstöd per faktiskt kopplad kontroll i kopplingsfilen.";2.2.0;mitigation;https://nic-esp.github.io/miljotillstandsrisker/data/riskregister.json;2026-09-30
R-B50-X030-01:mitigation;"Härledd fältreferens; inte riskregistrets kanoniska item_id";R-B50-X030-01;Bristfällig alternativ- och skälredovisning leder till avslag på dispens;B50;B50-X030;Omprojektera eller lämna dispens-/tillståndsansökan;Behandla dispensansökan med samma noggrannhet som huvudansökan: dokumenterad alternativgivning, art-/skyddsvärdesanalys, konkreta åtgärder och tydlig koppling till vald dispensgrund. Involvera den prövande myndigheten före inlämning.;Delvis inom mandat efter avgränsning;"Sökanden och berörd myndighet; endast angiven myndighetsdel anpassas";Ge saklig information om underlagskraven för egen behörig dispensprövning.;"Sökandens alternativ, dispensargument och kompensation; myndigheten får inte utforma en vinnande ansökan.";"Myndighetsdelen kan endast tillämpas inom egen rättslig behörighet. Sökandens alternativ, dispensargument och kompensation; myndigheten får inte utforma en vinnande ansökan.";;;;MPM-01;Ingen kontrollkoppling tilldelad. Möjlig myndighetsdel utan koppling kräver mer specifik behörighet eller styrkt träff på målpost.;"FL 5–9 §§; MB 19 kap. 1–2 a §§; MPD-förordningen 3 §; Dir. 2026:13. Detaljstöd per faktiskt kopplad kontroll i kopplingsfilen.";2.2.0;mitigation;https://nic-esp.github.io/miljotillstandsrisker/data/riskregister.json;2026-09-30
R-B50-X030-02:mitigation;"Härledd fältreferens; inte riskregistrets kanoniska item_id";R-B50-X030-02;Omprojektering för att undvika förbudet urholkar projektets funktion eller ekonomi;B50;B50-X030;Omprojektera eller lämna dispens-/tillståndsansökan;Besluta tidigt om dispensväg eller undvikandeväg per konfliktpunkt, med en enkel kostnads- och riskavvägning per alternativ. Håll huvudansökan flexibel (kapacitetsintervall, alternativa dragningar) så att justeringar inte ogiltigförklarar den.;Utanför myndighetens kontrollansvar;"Sökanden; respektive behörigt skydds- eller sektorsorgan";Ingen del av originalförslaget övertas som myndighetskontroll.;Originalets föreslagna åtgärd kvarstår hos angiven aktör.;Screening, alternativ, fältinventering, kompensation och samlad projektstyrning ligger hos sökanden. Sakligt skydd och tillåtlighetskrav får inte behandlas som ett administrativt hinder att ta bort.;;;;;Ingen myndighetskontroll härleds ur denna åtgärd.;"FL 5–9 §§; MB 19 kap. 1–2 a §§; MPD-förordningen 3 §; Dir. 2026:13. Detaljstöd per faktiskt kopplad kontroll i kopplingsfilen.";2.2.0;mitigation;https://nic-esp.github.io/miljotillstandsrisker/data/riskregister.json;2026-09-30
R-B50-X040-01:mitigation;"Härledd fältreferens; inte riskregistrets kanoniska item_id";R-B50-X040-01;Dispens- och skyddsbeslut överklagas och gaten skjuts upp;B50;B50-X040;Pröva, besluta och överpröva skyddsärendet;Dokumentera beslutstyp, beslutsmyndighet, underrättelser, överprövningsbeslut och överklagandetid. Passera inte B50-X050 förrän beslutets rättsliga status och eventuella villkor är verifierade.;Delvis inom mandat efter avgränsning;"Sökanden och berörd myndighet; endast angiven myndighetsdel anpassas";Redovisa det egna beslutets rättsliga status och tillämpliga krav.;Sökandens byggstartsbeslut, begäran om verkställighet och andra instansers överprövning. Verkställighet får inte antas utan rättsligt stöd.;Myndighetsdelen kan endast tillämpas inom egen rättslig behörighet. Sökandens byggstartsbeslut, begäran om verkställighet och andra instansers överprövning. Verkställighet får inte antas utan rättsligt stöd.;;;MPM-11;MPM-13;Självständig kontroll finns för risken, men är inte en övertagen originalåtgärd.;"FL 5–9 §§; MB 19 kap. 1–2 a §§; MPD-förordningen 3 §; Dir. 2026:13. Detaljstöd per faktiskt kopplad kontroll i kopplingsfilen.";2.2.0;mitigation;https://nic-esp.github.io/miljotillstandsrisker/data/riskregister.json;2026-09-30
R-B50-X040-02:mitigation;"Härledd fältreferens; inte riskregistrets kanoniska item_id";R-B50-X040-02;Inkonsekvent dispenspraxis mellan kommuner och län skapar oförutsägbarhet;B50;B50-X040;Pröva, besluta och överpröva skyddsärendet;Inhämta aktuell lokal praxis (inte bara lagtext) för just den kommunen/det länet, genom tidigare beslut och dialog med handläggare. Undvik att låsa projektets geometri innan dispensläget är testat.;Utanför myndighetens kontrollansvar;"Sökanden; respektive behörigt skydds- eller sektorsorgan";Ingen del av originalförslaget övertas som myndighetskontroll.;Originalets föreslagna åtgärd kvarstår hos angiven aktör.;Screening, alternativ, fältinventering, kompensation och samlad projektstyrning ligger hos sökanden. Sakligt skydd och tillåtlighetskrav får inte behandlas som ett administrativt hinder att ta bort.;;;;;Ingen myndighetskontroll härleds ur denna åtgärd.;"FL 5–9 §§; MB 19 kap. 1–2 a §§; MPD-förordningen 3 §; Dir. 2026:13. Detaljstöd per faktiskt kopplad kontroll i kopplingsfilen.";2.2.0;mitigation;https://nic-esp.github.io/miljotillstandsrisker/data/riskregister.json;2026-09-30
R-B50-X050-01:mitigation;"Härledd fältreferens; inte riskregistrets kanoniska item_id";R-B50-X050-01;Partiell gate: skyddsbeslut täcker inte hela det planerade markarbetet;B50;B50-X050;Natur- och områdesskyddsgate klar;Frys arbetsytor gentemot beslutsunderlagen och inför en formell avvikelsekontroll före varje arbetsmoment: projekteringen jämförs mot dispensernas kartbilagor och villkor. Komplettera ansökan proaktivt vid förändringar.;Utanför myndighetens kontrollansvar;"Sökanden; respektive behörigt skydds- eller sektorsorgan";Ingen del av originalförslaget övertas som myndighetskontroll.;Originalets föreslagna åtgärd kvarstår hos angiven aktör.;Screening, alternativ, fältinventering, kompensation och samlad projektstyrning ligger hos sökanden. Sakligt skydd och tillåtlighetskrav får inte behandlas som ett administrativt hinder att ta bort.;;;;;Ingen myndighetskontroll härleds ur denna åtgärd.;"FL 5–9 §§; MB 19 kap. 1–2 a §§; MPD-förordningen 3 §; Dir. 2026:13. Detaljstöd per faktiskt kopplad kontroll i kopplingsfilen.";2.2.0;mitigation;https://nic-esp.github.io/miljotillstandsrisker/data/riskregister.json;2026-09-30
R-B60-010-01:mitigation;"Härledd fältreferens; inte riskregistrets kanoniska item_id";R-B60-010-01;Avgifts- och formaliafel lägger ärendet på is innan prövning startat;B60;B60-010;Ge in, registrera och avgiftslägg ansökan;"Verifiera avgiftsklass och ingivningsväg mot aktuell instans före ingivning; begär skriftlig bekräftelse på diarieföring och registreringsdatum; dokumentera ingivningskvitton för senare fristberäkning.";Delvis inom mandat efter avgränsning;"Sökanden och berörd myndighet; endast angiven myndighetsdel anpassas";Ge korrekt ingivningsinformation och bekräfta registrering i egen akt.;Sökandens avgiftsbetalning och ingivning till andra instanser.;Myndighetsdelen kan endast tillämpas inom egen rättslig behörighet. Sökandens avgiftsbetalning och ingivning till andra instanser.;;MPM-10;;MPM-01;"Anpassning kopplad till uttryckliga målposter; övriga kontroller är självständiga analysförslag.";"FL 5–9 §§; MB 19 kap. 1–2 a §§; MPD-förordningen 3 §; Dir. 2026:13. Detaljstöd per faktiskt kopplad kontroll i kopplingsfilen.";2.2.0;mitigation;https://nic-esp.github.io/miljotillstandsrisker/data/riskregister.json;2026-09-30
R-B60-010-02:mitigation;"Härledd fältreferens; inte riskregistrets kanoniska item_id";R-B60-010-02;Aktörsbytet till Miljöprövningsmyndigheten skapar diarie- och behörighetsglapp;B60;B60-010;Ge in, registrera och avgiftslägg ansökan;"Följ Miljöprövningsmyndighetens ikraftträdande- och övergångsbesked noggrant; tidigarelägg ingivning före 2027-07-01 eller avvakta nya rutiner; begär skriftlig vägledning om rätt mottagare vid gränsfall.";"Endast införande; utanför stabilt S1";"Sökanden och berörd myndighet; endast angiven myndighetsdel anpassas";Verifiera egen övergångsinformation, ärendeöverföring och mottagare under införandet.;Ingen S1-effekt i stabil drift. Ingen garanti att tidigare kompletthetsbedömning binder ny instans eller rekommendation om taktisk ingivning.;Myndighetsdelen kan endast tillämpas inom egen rättslig behörighet. Ingen S1-effekt i stabil drift. Ingen garanti att tidigare kompletthetsbedömning binder ny instans eller rekommendation om taktisk ingivning.;;MPM-T01;;;"Anpassning kopplad till uttryckliga målposter; övriga kontroller är självständiga analysförslag.";"FL 5–9 §§; MB 19 kap. 1–2 a §§; MPD-förordningen 3 §; Dir. 2026:13. Detaljstöd per faktiskt kopplad kontroll i kopplingsfilen.";2.2.0;mitigation;https://nic-esp.github.io/miljotillstandsrisker/data/riskregister.json;2026-09-30
R-B60-030-01:mitigation;"Härledd fältreferens; inte riskregistrets kanoniska item_id";R-B60-030-01;MKB-brister stjälper fullständighetsbedömningen;B60;B60-030;Kontrollera materiell fullständighet;"Kvalitetssäkra underlaget mot MB 22 kap. och MBD innan ingivning (jfr B20-090); använd instansens egna checklistor; håll samråds- och avgränsningsmaterial spårbart kopplat till MKB-kapitlen.";Utanför myndighetens kontrollansvar;"Sökanden; regering eller domstol i överprövningsdelen";Ingen del av originalförslaget övertas som myndighetskontroll.;Originalets föreslagna åtgärd kvarstår hos angiven aktör.;"Förslaget avser sökandens underlag, strategi, finansiering eller överinstansens förfarande. Myndigheten kan bara förbättra sin egen behöriga handläggning; den får inte företräda sökanden eller styra överprövningen.";;;MPM-05;;Självständig kontroll finns för risken, men är inte en övertagen originalåtgärd.;"FL 5–9 §§; MB 19 kap. 1–2 a §§; MPD-förordningen 3 §; Dir. 2026:13. Detaljstöd per faktiskt kopplad kontroll i kopplingsfilen.";2.2.0;mitigation;https://nic-esp.github.io/miljotillstandsrisker/data/riskregister.json;2026-09-30
R-B60-030-02:mitigation;"Härledd fältreferens; inte riskregistrets kanoniska item_id";R-B60-030-02;Skiftande kravbild vid aktörsbyte skapar omprövning av underlaget;B60;B60-030;Kontrollera materiell fullständighet;"Dokumentera fullständighetsdialogen skriftligt med ursprungsinstansen; begär att övergångsbesked bekräftar att godkänt underlag består; följ den nya myndighetens publicerade praxis från dag ett.";"Endast införande; utanför stabilt S1";"Sökanden och berörd myndighet; endast angiven myndighetsdel anpassas";Verifiera egen övergångsinformation, ärendeöverföring och mottagare under införandet.;Ingen S1-effekt i stabil drift. Ingen garanti att tidigare kompletthetsbedömning binder ny instans eller rekommendation om taktisk ingivning.;Myndighetsdelen kan endast tillämpas inom egen rättslig behörighet. Ingen S1-effekt i stabil drift. Ingen garanti att tidigare kompletthetsbedömning binder ny instans eller rekommendation om taktisk ingivning.;;MPM-T01;;;"Anpassning kopplad till uttryckliga målposter; övriga kontroller är självständiga analysförslag.";"FL 5–9 §§; MB 19 kap. 1–2 a §§; MPD-förordningen 3 §; Dir. 2026:13. Detaljstöd per faktiskt kopplad kontroll i kopplingsfilen.";2.2.0;mitigation;https://nic-esp.github.io/miljotillstandsrisker/data/riskregister.json;2026-09-30
R-B60-050-01:mitigation;"Härledd fältreferens; inte riskregistrets kanoniska item_id";R-B60-050-01;Säsongsberoende kompletteringar missar fönstret;B60;B60-050;Begär och lämna komplettering;"Förutse sannolika kompletteringsområden och samla in ett extra säsongsmarginal redan i B10-040/B20-planeringen; låt inventeringsprogrammet löpa under kompletteringsfasen; dokumentera metodavvikelser proaktivt om väder stoppar fältarbete.";Utanför myndighetens kontrollansvar;"Sökanden; regering eller domstol i överprövningsdelen";Ingen del av originalförslaget övertas som myndighetskontroll.;Originalets föreslagna åtgärd kvarstår hos angiven aktör.;"Förslaget avser sökandens underlag, strategi, finansiering eller överinstansens förfarande. Myndigheten kan bara förbättra sin egen behöriga handläggning; den får inte företräda sökanden eller styra överprövningen.";;;MPM-06;;Självständig kontroll finns för risken, men är inte en övertagen originalåtgärd.;"FL 5–9 §§; MB 19 kap. 1–2 a §§; MPD-förordningen 3 §; Dir. 2026:13. Detaljstöd per faktiskt kopplad kontroll i kopplingsfilen.";2.2.0;mitigation;https://nic-esp.github.io/miljotillstandsrisker/data/riskregister.json;2026-09-30
R-B60-050-02:mitigation;"Härledd fältreferens; inte riskregistrets kanoniska item_id";R-B60-050-02;Kompletteringen väsentligt ändrar projektet och tvingar ny kommunicering;B60;B60-050;Begär och lämna komplettering;"Håll kompletteringarna inom ramen för det kommunicerade projektet; om ändringar är nödvändiga, gör dem som tydliga, avgränsade tillägg och föreslå själv riktad ny kommunicering för att behålla tempot.";Utanför myndighetens kontrollansvar;"Sökanden; regering eller domstol i överprövningsdelen";Ingen del av originalförslaget övertas som myndighetskontroll.;Originalets föreslagna åtgärd kvarstår hos angiven aktör.;"Förslaget avser sökandens underlag, strategi, finansiering eller överinstansens förfarande. Myndigheten kan bara förbättra sin egen behöriga handläggning; den får inte företräda sökanden eller styra överprövningen.";;;;;Ingen myndighetskontroll härleds ur denna åtgärd.;"FL 5–9 §§; MB 19 kap. 1–2 a §§; MPD-förordningen 3 §; Dir. 2026:13. Detaljstöd per faktiskt kopplad kontroll i kopplingsfilen.";2.2.0;mitigation;https://nic-esp.github.io/miljotillstandsrisker/data/riskregister.json;2026-09-30
R-B60-060-01:mitigation;"Härledd fältreferens; inte riskregistrets kanoniska item_id";R-B60-060-01;Återkallelse av strategiska skäl gör att det pågående ärendets processvärde går förlorat;B60;B60-060;Avvisning, återkallelse eller processavslut;"Dokumentera och arkivera allt underlag versionsstyrt så att det kan återanvändas; analysera återkallelsens effekter på parallella spår innan beslut; överväg att låta ärendet avgöras i sak i stället om ett avslag inte skulle binda framtida ansökningar.";Utanför myndighetens kontrollansvar;"Sökanden; regering eller domstol i överprövningsdelen";Ingen del av originalförslaget övertas som myndighetskontroll.;Originalets föreslagna åtgärd kvarstår hos angiven aktör.;"Förslaget avser sökandens underlag, strategi, finansiering eller överinstansens förfarande. Myndigheten kan bara förbättra sin egen behöriga handläggning; den får inte företräda sökanden eller styra överprövningen.";;;;;Ingen myndighetskontroll härleds ur denna åtgärd.;"FL 5–9 §§; MB 19 kap. 1–2 a §§; MPD-förordningen 3 §; Dir. 2026:13. Detaljstöd per faktiskt kopplad kontroll i kopplingsfilen.";2.2.0;mitigation;https://nic-esp.github.io/miljotillstandsrisker/data/riskregister.json;2026-09-30
R-B60-070-01:mitigation;"Härledd fältreferens; inte riskregistrets kanoniska item_id";R-B60-070-01;Utebliven eller slarvig tidsplan urholkar handläggningstempot;B60;B60-070;Fastställ handläggningsplan och förbered deltagande;"Aktivera möjligheten till tidsplan enligt 22 kap. 11 b § MB i god tid; föreslå själv en realistisk tidsplan; eskalera via instansens ledning och följ upp avvikelser skriftligt.";Delvis inom mandat efter avgränsning;"Sökanden och berörd myndighet; endast angiven myndighetsdel anpassas";Upprätta och följa en realistisk tidsplan i egen handläggning.;"Ingen styrning av domstolens plan; hänvisningen till MB 22 kap. 11 b § måste prövas mot tillämplig handläggningsordning.";"Myndighetsdelen kan endast tillämpas inom egen rättslig behörighet. Ingen styrning av domstolens plan; hänvisningen till MB 22 kap. 11 b § måste prövas mot tillämplig handläggningsordning.";;MPM-07;MPM-08;;"Anpassning kopplad till uttryckliga målposter; övriga kontroller är självständiga analysförslag.";"FL 5–9 §§; MB 19 kap. 1–2 a §§; MPD-förordningen 3 §; Dir. 2026:13. Detaljstöd per faktiskt kopplad kontroll i kopplingsfilen.";2.2.0;mitigation;https://nic-esp.github.io/miljotillstandsrisker/data/riskregister.json;2026-09-30
R-B60-080-01:mitigation;"Härledd fältreferens; inte riskregistrets kanoniska item_id";R-B60-080-01;Kungörelse- eller delgivningsfel gör prövningen sårbar för ogiltighet;B60;B60-080;Kungör och remittera ansökan;"Kvalitetssäkra sakägarförteckningen mot fastighetsregister och lantmäteriet före kungörande; dokumentera varje delgivningsmoment; använd kompletterande personlig delgivning för kritiska sakägare.";Delvis inom mandat efter avgränsning;"Sökanden och berörd myndighet; endast angiven myndighetsdel anpassas";Verifiera den egna kungörelsen och delgivningen samt dokumentera momenten.;Sökandens korrekta grunduppgifter. Personlig delgivning används där tillämpliga regler motiverar den, inte efter kommersiell prioritet.;Myndighetsdelen kan endast tillämpas inom egen rättslig behörighet. Sökandens korrekta grunduppgifter. Personlig delgivning används där tillämpliga regler motiverar den, inte efter kommersiell prioritet.;;MPM-13;;;"Anpassning kopplad till uttryckliga målposter; övriga kontroller är självständiga analysförslag.";"FL 5–9 §§; MB 19 kap. 1–2 a §§; MPD-förordningen 3 §; Dir. 2026:13. Detaljstöd per faktiskt kopplad kontroll i kopplingsfilen.";2.2.0;mitigation;https://nic-esp.github.io/miljotillstandsrisker/data/riskregister.json;2026-09-30
R-B60-080-02:mitigation;"Härledd fältreferens; inte riskregistrets kanoniska item_id";R-B60-080-02;Remissinstansernas kapacitet sätter takten, inte instansens plan;B60;B60-080;Kungör och remittera ansökan;"Bedriv förhandsdialog med nyckelremissinstanser före kungörandet så att yttrandena är förberedda; håll ansökningsunderlaget direkt svarbart för myndigheternas frågeställningar; bevaka remisstider och påminn via instansen.";Delvis inom mandat efter avgränsning;"Sökanden och berörd myndighet; endast angiven myndighetsdel anpassas";Precisera remissfrågor, följa svar och bereda sakligt motstridiga yttranden.;"Sökandens kompromissförslag, förhandsförankring och egna utredningar; ingen rätt att kräva samsyn eller positivt yttrande.";"Myndighetsdelen kan endast tillämpas inom egen rättslig behörighet. Sökandens kompromissförslag, förhandsförankring och egna utredningar; ingen rätt att kräva samsyn eller positivt yttrande.";;MPM-09;;;"Anpassning kopplad till uttryckliga målposter; övriga kontroller är självständiga analysförslag.";"FL 5–9 §§; MB 19 kap. 1–2 a §§; MPD-förordningen 3 §; Dir. 2026:13. Detaljstöd per faktiskt kopplad kontroll i kopplingsfilen.";2.2.0;mitigation;https://nic-esp.github.io/miljotillstandsrisker/data/riskregister.json;2026-09-30
R-B60-090-01:mitigation;"Härledd fältreferens; inte riskregistrets kanoniska item_id";R-B60-090-01;Motstridiga myndighetsyttranden låser beredningen;B60;B60-090;Inhämta yttranden och invändningar;"Identifiera konfliktlinjerna redan i samrådsfasen (B20) och arbeta fram kompromissvillkor i förväg; begär särskilda sammanträden mellan motstridiga myndigheter; dokumentera egen avvägningsanalys som stöd för instansen.";Delvis inom mandat efter avgränsning;"Sökanden och berörd myndighet; endast angiven myndighetsdel anpassas";Precisera remissfrågor, följa svar och bereda sakligt motstridiga yttranden.;"Sökandens kompromissförslag, förhandsförankring och egna utredningar; ingen rätt att kräva samsyn eller positivt yttrande.";"Myndighetsdelen kan endast tillämpas inom egen rättslig behörighet. Sökandens kompromissförslag, förhandsförankring och egna utredningar; ingen rätt att kräva samsyn eller positivt yttrande.";;MPM-09;;;"Anpassning kopplad till uttryckliga målposter; övriga kontroller är självständiga analysförslag.";"FL 5–9 §§; MB 19 kap. 1–2 a §§; MPD-förordningen 3 §; Dir. 2026:13. Detaljstöd per faktiskt kopplad kontroll i kopplingsfilen.";2.2.0;mitigation;https://nic-esp.github.io/miljotillstandsrisker/data/riskregister.json;2026-09-30
R-B60-090-02:mitigation;"Härledd fältreferens; inte riskregistrets kanoniska item_id";R-B60-090-02;Många synpunkter kräver strukturerad kommunicering och bedömning;B60;B60-090;Inhämta yttranden och invändningar;"Ta opinionen på allvar redan i samrådet; etablera löpande dialog med nyckelorganisationer; förbered bemötandestruktur och expertresurser innan kungörelsen går ut.";Utanför myndighetens kontrollansvar;"Sökanden; regering eller domstol i överprövningsdelen";Ingen del av originalförslaget övertas som myndighetskontroll.;Originalets föreslagna åtgärd kvarstår hos angiven aktör.;"Förslaget avser sökandens underlag, strategi, finansiering eller överinstansens förfarande. Myndigheten kan bara förbättra sin egen behöriga handläggning; den får inte företräda sökanden eller styra överprövningen.";;;MPM-09;;Självständig kontroll finns för risken, men är inte en övertagen originalåtgärd.;"FL 5–9 §§; MB 19 kap. 1–2 a §§; MPD-förordningen 3 §; Dir. 2026:13. Detaljstöd per faktiskt kopplad kontroll i kopplingsfilen.";2.2.0;mitigation;https://nic-esp.github.io/miljotillstandsrisker/data/riskregister.json;2026-09-30
R-B60-100-01:mitigation;"Härledd fältreferens; inte riskregistrets kanoniska item_id";R-B60-100-01;Justerade yrkanden underminerar den processuella ramen;B60;B60-100;Sökanden bemöter och justerar;"Testa varje justering mot det ursprungliga kommuniceringsunderlaget; kommunicera väsentliga ändringar frivilligt och riktat; behåll en versionsstyrd yrkandelogg som visar att ramen hålls.";Utanför myndighetens kontrollansvar;"Sökanden; regering eller domstol i överprövningsdelen";Ingen del av originalförslaget övertas som myndighetskontroll.;Originalets föreslagna åtgärd kvarstår hos angiven aktör.;"Förslaget avser sökandens underlag, strategi, finansiering eller överinstansens förfarande. Myndigheten kan bara förbättra sin egen behöriga handläggning; den får inte företräda sökanden eller styra överprövningen.";;;;;Ingen myndighetskontroll härleds ur denna åtgärd.;"FL 5–9 §§; MB 19 kap. 1–2 a §§; MPD-förordningen 3 §; Dir. 2026:13. Detaljstöd per faktiskt kopplad kontroll i kopplingsfilen.";2.2.0;mitigation;https://nic-esp.github.io/miljotillstandsrisker/data/riskregister.json;2026-09-30
R-B60-120-01:mitigation;"Härledd fältreferens; inte riskregistrets kanoniska item_id";R-B60-120-01;Instansens egen sakkunnigutredning flyttar bevisbördan och tidplanen;B60;B60-120;Genomför sakkunnig-, plats- eller annan utredning;"Leverera från början ett underlag som gör extern utredning onödig; erbjud välrenommerade experter och gemensamma faktaunderlag; följ upp sakkunnigutredningens direktiv och delta aktivt vid syn.";Utanför myndighetens kontrollansvar;"Sökanden; regering eller domstol i överprövningsdelen";Ingen del av originalförslaget övertas som myndighetskontroll.;Originalets föreslagna åtgärd kvarstår hos angiven aktör.;"Förslaget avser sökandens underlag, strategi, finansiering eller överinstansens förfarande. Myndigheten kan bara förbättra sin egen behöriga handläggning; den får inte företräda sökanden eller styra överprövningen.";;;;;Ingen myndighetskontroll härleds ur denna åtgärd.;"FL 5–9 §§; MB 19 kap. 1–2 a §§; MPD-förordningen 3 §; Dir. 2026:13. Detaljstöd per faktiskt kopplad kontroll i kopplingsfilen.";2.2.0;mitigation;https://nic-esp.github.io/miljotillstandsrisker/data/riskregister.json;2026-09-30
R-B60-120-02:mitigation;"Härledd fältreferens; inte riskregistrets kanoniska item_id";R-B60-120-02;Väder och årstid försenar syn och platsbesök;B60;B60-120;Genomför sakkunnig-, plats- eller annan utredning;"Planera syn tidigt i beredningen med säsongsmarginal; komplettera med drönar- och fotodokumentation från rätt årstid; ha reservdatum inbokade.";Delvis inom mandat efter avgränsning;"Sökanden och berörd myndighet; endast angiven myndighetsdel anpassas";Planera egen nödvändig syn med relevanta årstider och reservdatum.;"Sökandens foton/drönardata och domstolens syn; inga egna fältundersökningar åt sökanden.";"Myndighetsdelen kan endast tillämpas inom egen rättslig behörighet. Sökandens foton/drönardata och domstolens syn; inga egna fältundersökningar åt sökanden.";;;;MPM-07;Ingen kontrollkoppling tilldelad. Möjlig myndighetsdel utan koppling kräver mer specifik behörighet eller styrkt träff på målpost.;"FL 5–9 §§; MB 19 kap. 1–2 a §§; MPD-förordningen 3 §; Dir. 2026:13. Detaljstöd per faktiskt kopplad kontroll i kopplingsfilen.";2.2.0;mitigation;https://nic-esp.github.io/miljotillstandsrisker/data/riskregister.json;2026-09-30
R-B60-140-01:mitigation;"Härledd fältreferens; inte riskregistrets kanoniska item_id";R-B60-140-01;Sakkunniga ledamöters tillgång och jäv stoppar sammanträdet;B60;B60-140;Håll huvudförhandling eller sammanträde;"Bevaka sammanträdesbokning aktivt och begär reservtid; granska ledamöternas tilldelning tidigt och anmäl jävsskäl omedelbart i stället för vid sammanträdet; håll förhandlingsmaterialet färdigt så att ny tid kan tas snabbt.";Delvis inom mandat efter avgränsning;"Sökanden och berörd myndighet; endast angiven myndighetsdel anpassas";Pröva jäv och säkra deltagare tidigt inför egna sammanträden.;Domstolsledamöters jäv och sökandens förhandlingsberedskap.;Myndighetsdelen kan endast tillämpas inom egen rättslig behörighet. Domstolsledamöters jäv och sökandens förhandlingsberedskap.;;MPM-17;;;"Anpassning kopplad till uttryckliga målposter; övriga kontroller är självständiga analysförslag.";"FL 5–9 §§; MB 19 kap. 1–2 a §§; MPD-förordningen 3 §; Dir. 2026:13. Detaljstöd per faktiskt kopplad kontroll i kopplingsfilen.";2.2.0;mitigation;https://nic-esp.github.io/miljotillstandsrisker/data/riskregister.json;2026-09-30
R-B60-140-02:mitigation;"Härledd fältreferens; inte riskregistrets kanoniska item_id";R-B60-140-02;Nya yrkanden och bevis vid förhandlingen spränger ramen;B60;B60-140;Håll huvudförhandling eller sammanträde;"Begär att domstolen sätter en sista tidpunkt för nytt material före förhandlingen; förbered bemötanden även för tänkbara nya invändningar; dokumentera invändningar mot sent material direkt på protokollet.";Utanför myndighetens kontrollansvar;"Sökanden; regering eller domstol i överprövningsdelen";Ingen del av originalförslaget övertas som myndighetskontroll.;Originalets föreslagna åtgärd kvarstår hos angiven aktör.;"Förslaget avser sökandens underlag, strategi, finansiering eller överinstansens förfarande. Myndigheten kan bara förbättra sin egen behöriga handläggning; den får inte företräda sökanden eller styra överprövningen.";;;MPM-09;;Självständig kontroll finns för risken, men är inte en övertagen originalåtgärd.;"FL 5–9 §§; MB 19 kap. 1–2 a §§; MPD-förordningen 3 §; Dir. 2026:13. Detaljstöd per faktiskt kopplad kontroll i kopplingsfilen.";2.2.0;mitigation;https://nic-esp.github.io/miljotillstandsrisker/data/riskregister.json;2026-09-30
R-B60-160-01:mitigation;"Härledd fältreferens; inte riskregistrets kanoniska item_id";R-B60-160-01;Regeringsprövningen är ett separat beslutssteg utan lagstadgad handläggningsfrist;B60;B60-160;Regeringen prövar tillåtligheten;"Bygg affärsplanen med scenario för flerårig regeringsväntan; håll underlaget aktuellt genom planerade uppdateringar; upprätthåll dialog med departementet och berörda myndigheter under beredningen.";Utanför myndighetens kontrollansvar;"Sökanden; regering eller domstol i överprövningsdelen";Ingen del av originalförslaget övertas som myndighetskontroll.;Originalets föreslagna åtgärd kvarstår hos angiven aktör.;"Förslaget avser sökandens underlag, strategi, finansiering eller överinstansens förfarande. Myndigheten kan bara förbättra sin egen behöriga handläggning; den får inte företräda sökanden eller styra överprövningen.";;;;;Ingen myndighetskontroll härleds ur denna åtgärd.;"FL 5–9 §§; MB 19 kap. 1–2 a §§; MPD-förordningen 3 §; Dir. 2026:13. Detaljstöd per faktiskt kopplad kontroll i kopplingsfilen.";2.2.0;mitigation;https://nic-esp.github.io/miljotillstandsrisker/data/riskregister.json;2026-09-30
R-B60-160-02:mitigation;"Härledd fältreferens; inte riskregistrets kanoniska item_id";R-B60-160-02;Regeringen når ett annat resultat än prövningsinstansens yttrande;B60;B60-160;Regeringen prövar tillåtligheten;"Kartlägg de politiska motintressena (totalförsvar, riksintressen) tidigt och anpassa lokalisering och utformning innan ansökan; bedriv förhand med Försvarsmakten och berörda sektorsmyndigheter; överväg alternativa lokaliseringar som kan läggas fram vid avslag.";Utanför myndighetens kontrollansvar;"Sökanden; regering eller domstol i överprövningsdelen";Ingen del av originalförslaget övertas som myndighetskontroll.;Originalets föreslagna åtgärd kvarstår hos angiven aktör.;"Förslaget avser sökandens underlag, strategi, finansiering eller överinstansens förfarande. Myndigheten kan bara förbättra sin egen behöriga handläggning; den får inte företräda sökanden eller styra överprövningen.";;;;;Ingen myndighetskontroll härleds ur denna åtgärd.;"FL 5–9 §§; MB 19 kap. 1–2 a §§; MPD-förordningen 3 §; Dir. 2026:13. Detaljstöd per faktiskt kopplad kontroll i kopplingsfilen.";2.2.0;mitigation;https://nic-esp.github.io/miljotillstandsrisker/data/riskregister.json;2026-09-30
R-B60-160-03:mitigation;"Härledd fältreferens; inte riskregistrets kanoniska item_id";R-B60-160-03;Rättsprövning skapar fortsatt processrisk utan automatisk inhibition;B60;B60-160;Regeringen prövar tillåtligheten;Bevaka tremånadersfristen, kontrollera om rättsprövning sökts och om HFD har beslutat om inhibition. Beskriv i finansierings- och byggbeslut att regeringsbeslutet gäller under prövningen om inhibition inte har meddelats.;Utanför myndighetens kontrollansvar;"Sökanden; regering eller domstol i överprövningsdelen";Ingen del av originalförslaget övertas som myndighetskontroll.;Originalets föreslagna åtgärd kvarstår hos angiven aktör.;"Förslaget avser sökandens underlag, strategi, finansiering eller överinstansens förfarande. Myndigheten kan bara förbättra sin egen behöriga handläggning; den får inte företräda sökanden eller styra överprövningen.";;;;;Ingen myndighetskontroll härleds ur denna åtgärd.;"FL 5–9 §§; MB 19 kap. 1–2 a §§; MPD-förordningen 3 §; Dir. 2026:13. Detaljstöd per faktiskt kopplad kontroll i kopplingsfilen.";2.2.0;mitigation;https://nic-esp.github.io/miljotillstandsrisker/data/riskregister.json;2026-09-30
R-B60-170-01:mitigation;"Härledd fältreferens; inte riskregistrets kanoniska item_id";R-B60-170-01;MKB:n godkänns inte – återförvisning eller avslag i stället för villkor;B60;B60-170;Slutför och godkänn miljöbedömningen;"Granska MKB:n mot MBD:s innehållskrav och EU-domstolens krav före ingivning; låt oberoende granskare testa alternativ- och kumulativdelarna; håll MKB:n levande och uppdatera den under handläggningen.";Utanför myndighetens kontrollansvar;"Sökanden; regering eller domstol i överprövningsdelen";Ingen del av originalförslaget övertas som myndighetskontroll.;Originalets föreslagna åtgärd kvarstår hos angiven aktör.;"Förslaget avser sökandens underlag, strategi, finansiering eller överinstansens förfarande. Myndigheten kan bara förbättra sin egen behöriga handläggning; den får inte företräda sökanden eller styra överprövningen.";;;;;Ingen myndighetskontroll härleds ur denna åtgärd.;"FL 5–9 §§; MB 19 kap. 1–2 a §§; MPD-förordningen 3 §; Dir. 2026:13. Detaljstöd per faktiskt kopplad kontroll i kopplingsfilen.";2.2.0;mitigation;https://nic-esp.github.io/miljotillstandsrisker/data/riskregister.json;2026-09-30
R-B60-170-02:mitigation;"Härledd fältreferens; inte riskregistrets kanoniska item_id";R-B60-170-02;Samrådsresultatet beaktas inte dokumenterbart i avgörandet;B60;B60-170;Slutför och godkänn miljöbedömningen;"Bygg en synpunktsmatris som spårar varje väsentlig invändning till avgörandets resonemang; kräv att förslaget till avgörande refererar samrådsredogörelsen uttryckligen; kvalitetssäkra motiveringen före beslut.";Delvis inom mandat efter avgränsning;"Sökanden och berörd myndighet; endast angiven myndighetsdel anpassas";Spåra väsentliga invändningar till egen saklig beslutsmotivering.;"Sökandens rätt att kräva eller styra ett beslutsutkast; inget godkännande av myndighetens motivering från sökanden behövs.";"Myndighetsdelen kan endast tillämpas inom egen rättslig behörighet. Sökandens rätt att kräva eller styra ett beslutsutkast; inget godkännande av myndighetens motivering från sökanden behövs.";"Beslutets motivering ägs av myndigheten och ska vara självständig; sökanden har ingen generell rätt att godkänna utkast.";MPM-11;;;"Anpassning kopplad till uttryckliga målposter; övriga kontroller är självständiga analysförslag.";"FL 5–9 §§; MB 19 kap. 1–2 a §§; MPD-förordningen 3 §; Dir. 2026:13. Detaljstöd per faktiskt kopplad kontroll i kopplingsfilen.";2.2.0;mitigation;https://nic-esp.github.io/miljotillstandsrisker/data/riskregister.json;2026-09-30
R-B60-180-01:mitigation;"Härledd fältreferens; inte riskregistrets kanoniska item_id";R-B60-180-01;Natura 2000- eller artskyddskraven kan inte uppfyllas;B60;B60-180;Pröva tillåtlighet, villkor, säkerhet och genomförandetid;"Pröva Natura 2000- och artskyddsfrågorna först i utredningsordningen, inte sist; utred alternativ och kompensation på allvar redan i B20; överväg omprövning av lokalisering innan ansökan om kollisionen är verklig.";Utanför myndighetens kontrollansvar;"Sökanden; regering eller domstol i överprövningsdelen";Ingen del av originalförslaget övertas som myndighetskontroll.;Originalets föreslagna åtgärd kvarstår hos angiven aktör.;"Förslaget avser sökandens underlag, strategi, finansiering eller överinstansens förfarande. Myndigheten kan bara förbättra sin egen behöriga handläggning; den får inte företräda sökanden eller styra överprövningen.";;;;;Ingen myndighetskontroll härleds ur denna åtgärd.;"FL 5–9 §§; MB 19 kap. 1–2 a §§; MPD-förordningen 3 §; Dir. 2026:13. Detaljstöd per faktiskt kopplad kontroll i kopplingsfilen.";2.2.0;mitigation;https://nic-esp.github.io/miljotillstandsrisker/data/riskregister.json;2026-09-30
R-B60-180-02:mitigation;"Härledd fältreferens; inte riskregistrets kanoniska item_id";R-B60-180-02;BAT-/IED-nivån flyttas under pågående prövning;B60;B60-180;Pröva tillåtlighet, villkor, säkerhet och genomförandetid;"Bevaka kommande BAT-revideringar och designa tekniken med marginal mot förväntade nivåer; formulera villkorsförslag dynamiskt; föra dialog med instansen om vilken BAT-nivå som ska gälla så tidigt som möjligt.";Utanför myndighetens kontrollansvar;"Sökanden; regering eller domstol i överprövningsdelen";Ingen del av originalförslaget övertas som myndighetskontroll.;Originalets föreslagna åtgärd kvarstår hos angiven aktör.;"Förslaget avser sökandens underlag, strategi, finansiering eller överinstansens förfarande. Myndigheten kan bara förbättra sin egen behöriga handläggning; den får inte företräda sökanden eller styra överprövningen.";;;;;Ingen myndighetskontroll härleds ur denna åtgärd.;"FL 5–9 §§; MB 19 kap. 1–2 a §§; MPD-förordningen 3 §; Dir. 2026:13. Detaljstöd per faktiskt kopplad kontroll i kopplingsfilen.";2.2.0;mitigation;https://nic-esp.github.io/miljotillstandsrisker/data/riskregister.json;2026-09-30
R-B60-180-03:mitigation;"Härledd fältreferens; inte riskregistrets kanoniska item_id";R-B60-180-03;Säkerhets- och efterbehandlingsfrågor underblåser oenighet om vem som bär risken;B60;B60-180;Pröva tillåtlighet, villkor, säkerhet och genomförandetid;Knyt kalkylen till rätt säkerhetsbestämmelse och till beslutets exakta villkor. Redovisa belopp, kostnadsantaganden, form och eventuell stegvis uppbyggnad så att säkerheten vid varje tidpunkt är betryggande för sitt ändamål.;Utanför myndighetens kontrollansvar;"Sökanden; regering eller domstol i överprövningsdelen";Ingen del av originalförslaget övertas som myndighetskontroll.;Originalets föreslagna åtgärd kvarstår hos angiven aktör.;"Förslaget avser sökandens underlag, strategi, finansiering eller överinstansens förfarande. Myndigheten kan bara förbättra sin egen behöriga handläggning; den får inte företräda sökanden eller styra överprövningen.";;;;;Ingen myndighetskontroll härleds ur denna åtgärd.;"FL 5–9 §§; MB 19 kap. 1–2 a §§; MPD-förordningen 3 §; Dir. 2026:13. Detaljstöd per faktiskt kopplad kontroll i kopplingsfilen.";2.2.0;mitigation;https://nic-esp.github.io/miljotillstandsrisker/data/riskregister.json;2026-09-30
R-B60-190-01:mitigation;"Härledd fältreferens; inte riskregistrets kanoniska item_id";R-B60-190-01;Otydliga eller overkställbara villkor föder nya processer efter beslutet;B60;B60-190;Meddela beslut eller dom;"Förhandla fram konkreta, mätbara villkorsformuleringar under beredningen; testa varje villkor mot frågan 'hur kontrolleras detta?'; begär domstolens/instansens villkorsutkast i god tid före beslutet om möjligt.";Delvis inom mandat efter avgränsning;"Sökanden och berörd myndighet; endast angiven myndighetsdel anpassas";Kvalitetssäkra att egna villkor är konkreta, rättsligt grundade och kontrollerbara.;"Villkor får inte bli en otillbörlig förhandling om bifall; ingen generell rätt till beslutsutkast före avgörande.";"Myndighetsdelen kan endast tillämpas inom egen rättslig behörighet. Villkor får inte bli en otillbörlig förhandling om bifall; ingen generell rätt till beslutsutkast före avgörande.";;MPM-12;;;"Anpassning kopplad till uttryckliga målposter; övriga kontroller är självständiga analysförslag.";"FL 5–9 §§; MB 19 kap. 1–2 a §§; MPD-förordningen 3 §; Dir. 2026:13. Detaljstöd per faktiskt kopplad kontroll i kopplingsfilen.";2.2.0;mitigation;https://nic-esp.github.io/miljotillstandsrisker/data/riskregister.json;2026-09-30
R-B60-190-02:mitigation;"Härledd fältreferens; inte riskregistrets kanoniska item_id";R-B60-190-02;Fel i överklagandehänvisning eller verkställighetsbesked skapar fristkaos;B60;B60-190;Meddela beslut eller dom;"Granska hänvisningen mot aktuell instanskedja direkt vid beslutet; begär rättelse av uppenbara fel enligt rättelsebestämmelserna; dokumentera beslutets exakta delgivnings- och kungörelsedatum.";Delvis inom mandat efter avgränsning;"Sökanden och berörd myndighet; endast angiven myndighetsdel anpassas";Kontrollera egen hänvisning, delgivning, datum och uppgift om helt eller delvis slutligt utfall.;Sökandens fullständiga finalitetsbevakning, finansiering och byggstartsbeslut. Upplysningar skapar inte rättskraft.;Myndighetsdelen kan endast tillämpas inom egen rättslig behörighet. Sökandens fullständiga finalitetsbevakning, finansiering och byggstartsbeslut. Upplysningar skapar inte rättskraft.;;MPM-13;;;"Anpassning kopplad till uttryckliga målposter; övriga kontroller är självständiga analysförslag.";"FL 5–9 §§; MB 19 kap. 1–2 a §§; MPD-förordningen 3 §; Dir. 2026:13. Detaljstöd per faktiskt kopplad kontroll i kopplingsfilen.";2.2.0;mitigation;https://nic-esp.github.io/miljotillstandsrisker/data/riskregister.json;2026-09-30
R-B60-200-01:mitigation;"Härledd fältreferens; inte riskregistrets kanoniska item_id";R-B60-200-01;Fel i delgivning eller kungörelse försvårar beräkningen av överklagandetiden;B60;B60-200;Delge/kungör avgörandet och beräkna överklagandetid;Registrera för varje avgörande beslutsinstans, tillämplig processlag, delgivnings- eller kungörelsedatum, klagandekategori, frist och sista överklagandedag. Begär finalitetsbevis först när samtliga relevanta frister har kontrollerats enligt rätt regelverk.;Delvis inom mandat efter avgränsning;"Sökanden och berörd myndighet; endast angiven myndighetsdel anpassas";Kontrollera egen hänvisning, delgivning, datum och uppgift om helt eller delvis slutligt utfall.;Sökandens fullständiga finalitetsbevakning, finansiering och byggstartsbeslut. Upplysningar skapar inte rättskraft.;Myndighetsdelen kan endast tillämpas inom egen rättslig behörighet. Sökandens fullständiga finalitetsbevakning, finansiering och byggstartsbeslut. Upplysningar skapar inte rättskraft.;;MPM-13;;;"Anpassning kopplad till uttryckliga målposter; övriga kontroller är självständiga analysförslag.";"FL 5–9 §§; MB 19 kap. 1–2 a §§; MPD-förordningen 3 §; Dir. 2026:13. Detaljstöd per faktiskt kopplad kontroll i kopplingsfilen.";2.2.0;mitigation;https://nic-esp.github.io/miljotillstandsrisker/data/riskregister.json;2026-09-30
R-B60-200-02:mitigation;"Härledd fältreferens; inte riskregistrets kanoniska item_id";R-B60-200-02;Helger, semester och postlogistik rubbar fristberäkningen;B60;B60-200;Delge/kungör avgörandet och beräkna överklagandetid;"Planera för att beslut som kommer nära semesterperioder har fördröjd laga kraft; samla alla delgivnings- och kungörelsebevis i projektets beslutslogg; räkna konservativt på tidigast möjliga byggstart.";Delvis inom mandat efter avgränsning;"Sökanden och berörd myndighet; endast angiven myndighetsdel anpassas";Kontrollera egen hänvisning, delgivning, datum och uppgift om helt eller delvis slutligt utfall.;Sökandens fullständiga finalitetsbevakning, finansiering och byggstartsbeslut. Upplysningar skapar inte rättskraft.;Myndighetsdelen kan endast tillämpas inom egen rättslig behörighet. Sökandens fullständiga finalitetsbevakning, finansiering och byggstartsbeslut. Upplysningar skapar inte rättskraft.;;MPM-13;;;"Anpassning kopplad till uttryckliga målposter; övriga kontroller är självständiga analysförslag.";"FL 5–9 §§; MB 19 kap. 1–2 a §§; MPD-förordningen 3 §; Dir. 2026:13. Detaljstöd per faktiskt kopplad kontroll i kopplingsfilen.";2.2.0;mitigation;https://nic-esp.github.io/miljotillstandsrisker/data/riskregister.json;2026-09-30
R-B60-220-01:mitigation;"Härledd fältreferens; inte riskregistrets kanoniska item_id";R-B60-220-01;Rättidighetsprövningen blir en juridisk sidoprocess;B60;B60-220;Kontrollera rättidighet och överlämna akten;"Dokumentera ingivningsdatum och kanal för varje överklagande; begär att instansen hanterar rättidighetsprövningen samlat och skyndsamt; bevaka om avvisade överklaganden överklagas separat.";Delvis inom mandat efter avgränsning;"Sökanden och berörd myndighet; endast angiven myndighetsdel anpassas";Hantera egen rättidighetskontroll och överlämna komplett akt till korrekt överinstans.;"Domstolens fortsatta handläggning och talerättsbedömning; överföringskvitto ersätter inte rättslig prövning.";"Myndighetsdelen kan endast tillämpas inom egen rättslig behörighet. Domstolens fortsatta handläggning och talerättsbedömning; överföringskvitto ersätter inte rättslig prövning.";;MPM-14;;;"Anpassning kopplad till uttryckliga målposter; övriga kontroller är självständiga analysförslag.";"FL 5–9 §§; MB 19 kap. 1–2 a §§; MPD-förordningen 3 §; Dir. 2026:13. Detaljstöd per faktiskt kopplad kontroll i kopplingsfilen.";2.2.0;mitigation;https://nic-esp.github.io/miljotillstandsrisker/data/riskregister.json;2026-09-30
R-B60-220-02:mitigation;"Härledd fältreferens; inte riskregistrets kanoniska item_id";R-B60-220-02;Akten överlämnas ofullständig eller till fel instans;B60;B60-220;Kontrollera rättidighet och överlämna akten;"Begär skriftlig bekräftelse från överinstansen att akten mottagits komplett; säkerställ att beslutsinstansen känner till rätt överprövningsväg för varje del av målet; följ upp status aktivt efter överlämnandet.";Delvis inom mandat efter avgränsning;"Sökanden och berörd myndighet; endast angiven myndighetsdel anpassas";Hantera egen rättidighetskontroll och överlämna komplett akt till korrekt överinstans.;"Domstolens fortsatta handläggning och talerättsbedömning; överföringskvitto ersätter inte rättslig prövning.";"Myndighetsdelen kan endast tillämpas inom egen rättslig behörighet. Domstolens fortsatta handläggning och talerättsbedömning; överföringskvitto ersätter inte rättslig prövning.";;MPM-14;MPM-T01;;"Anpassning kopplad till uttryckliga målposter; övriga kontroller är självständiga analysförslag.";"FL 5–9 §§; MB 19 kap. 1–2 a §§; MPD-förordningen 3 §; Dir. 2026:13. Detaljstöd per faktiskt kopplad kontroll i kopplingsfilen.";2.2.0;mitigation;https://nic-esp.github.io/miljotillstandsrisker/data/riskregister.json;2026-09-30
R-B60-240-01:mitigation;"Härledd fältreferens; inte riskregistrets kanoniska item_id";R-B60-240-01;Länsstyrelsens tidigare medverkan kräver en konkret jävsprövning;B60;B60-240;Länsstyrelsen prövar överklagat kommunalt beslut;"Kartlägg länsstyrelsens tidigare engagemang i ärendet och anmäl jävsskäl tidigt om de finns; bygg beslutsunderlaget så att det håller oavsett överinstans; förbered alltid för vidare överklagande i denna kedja.";Utanför myndighetens kontrollansvar;"Sökanden; regering eller domstol i överprövningsdelen";Ingen del av originalförslaget övertas som myndighetskontroll.;Originalets föreslagna åtgärd kvarstår hos angiven aktör.;"Förslaget avser sökandens underlag, strategi, finansiering eller överinstansens förfarande. Myndigheten kan bara förbättra sin egen behöriga handläggning; den får inte företräda sökanden eller styra överprövningen.";;;;;Ingen myndighetskontroll härleds ur denna åtgärd.;"FL 5–9 §§; MB 19 kap. 1–2 a §§; MPD-förordningen 3 §; Dir. 2026:13. Detaljstöd per faktiskt kopplad kontroll i kopplingsfilen.";2.2.0;mitigation;https://nic-esp.github.io/miljotillstandsrisker/data/riskregister.json;2026-09-30
R-B60-240-02:mitigation;"Härledd fältreferens; inte riskregistrets kanoniska item_id";R-B60-240-02;Återförvisning till kommunen startar om den lokala politiska processen;B60;B60-240;Länsstyrelsen prövar överklagat kommunalt beslut;"Följ upp återförvisningsdirektiven punkt för punkt med nämnden; säkerställ att den nya beredningen korrigerar exakt det länsstyrelsen pekat ut; upprätthåll dialog med kommunens politiska ledning om projektets betydelse.";Utanför myndighetens kontrollansvar;"Sökanden; regering eller domstol i överprövningsdelen";Ingen del av originalförslaget övertas som myndighetskontroll.;Originalets föreslagna åtgärd kvarstår hos angiven aktör.;"Förslaget avser sökandens underlag, strategi, finansiering eller överinstansens förfarande. Myndigheten kan bara förbättra sin egen behöriga handläggning; den får inte företräda sökanden eller styra överprövningen.";;;;;Ingen myndighetskontroll härleds ur denna åtgärd.;"FL 5–9 §§; MB 19 kap. 1–2 a §§; MPD-förordningen 3 §; Dir. 2026:13. Detaljstöd per faktiskt kopplad kontroll i kopplingsfilen.";2.2.0;mitigation;https://nic-esp.github.io/miljotillstandsrisker/data/riskregister.json;2026-09-30
R-B60-250-01:mitigation;"Härledd fältreferens; inte riskregistrets kanoniska item_id";R-B60-250-01;Överklagandets ram och domstolens utredningsansvar bedöms fel;B60;B60-250;MMD prövar överklagat myndighetsbeslut;Kartlägg samtliga yrkanden och motyrkanden innan överklaganderisken bedöms. Skilj överklagade myndighetsbeslut från ansökningsmål i första instans och bygg inte strategin på att domstolen får göra en obegränsad helhetsomprövning.;Utanför myndighetens kontrollansvar;"Sökanden; regering eller domstol i överprövningsdelen";Ingen del av originalförslaget övertas som myndighetskontroll.;Originalets föreslagna åtgärd kvarstår hos angiven aktör.;"Förslaget avser sökandens underlag, strategi, finansiering eller överinstansens förfarande. Myndigheten kan bara förbättra sin egen behöriga handläggning; den får inte företräda sökanden eller styra överprövningen.";;;;;Ingen myndighetskontroll härleds ur denna åtgärd.;"FL 5–9 §§; MB 19 kap. 1–2 a §§; MPD-förordningen 3 §; Dir. 2026:13. Detaljstöd per faktiskt kopplad kontroll i kopplingsfilen.";2.2.0;mitigation;https://nic-esp.github.io/miljotillstandsrisker/data/riskregister.json;2026-09-30
R-B60-250-02:mitigation;"Härledd fältreferens; inte riskregistrets kanoniska item_id";R-B60-250-02;Överprövningens handläggningstid påverkar projektet;B60;B60-250;MMD prövar överklagat myndighetsbeslut;Leverera ett direkt prövbart underlag för att minska behovet av komplettering, begär en plan för den fortsatta handläggningen och anpassa finansieringen till den projektspecifika tidsprognosen.;Utanför myndighetens kontrollansvar;"Sökanden; regering eller domstol i överprövningsdelen";Ingen del av originalförslaget övertas som myndighetskontroll.;Originalets föreslagna åtgärd kvarstår hos angiven aktör.;"Förslaget avser sökandens underlag, strategi, finansiering eller överinstansens förfarande. Myndigheten kan bara förbättra sin egen behöriga handläggning; den får inte företräda sökanden eller styra överprövningen.";;;;;Ingen myndighetskontroll härleds ur denna åtgärd.;"FL 5–9 §§; MB 19 kap. 1–2 a §§; MPD-förordningen 3 §; Dir. 2026:13. Detaljstöd per faktiskt kopplad kontroll i kopplingsfilen.";2.2.0;mitigation;https://nic-esp.github.io/miljotillstandsrisker/data/riskregister.json;2026-09-30
R-B60-250-03:mitigation;"Härledd fältreferens; inte riskregistrets kanoniska item_id";R-B60-250-03;Ny myndighetsmotpart saknar processvana i domstol;B60;B60-250;MMD prövar överklagat myndighetsbeslut;"Förbered egna processombud på att bära bevisbördan även om myndigheten är svag motpart; bevaka myndighetens publicerade processrutiner från start; dokumentera förstainstansbeslutets grunder så att de kan återanvändas oavsett motpartens insats.";Utanför myndighetens kontrollansvar;"Sökanden; regering eller domstol i överprövningsdelen";Ingen del av originalförslaget övertas som myndighetskontroll.;Originalets föreslagna åtgärd kvarstår hos angiven aktör.;"Förslaget avser sökandens underlag, strategi, finansiering eller överinstansens förfarande. Myndigheten kan bara förbättra sin egen behöriga handläggning; den får inte företräda sökanden eller styra överprövningen.";;;MPM-T01;;Självständig kontroll finns för risken, men är inte en övertagen originalåtgärd.;"FL 5–9 §§; MB 19 kap. 1–2 a §§; MPD-förordningen 3 §; Dir. 2026:13. Detaljstöd per faktiskt kopplad kontroll i kopplingsfilen.";2.2.0;mitigation;https://nic-esp.github.io/miljotillstandsrisker/data/riskregister.json;2026-09-30
R-B60-260-01:mitigation;"Härledd fältreferens; inte riskregistrets kanoniska item_id";R-B60-260-01;Uteblivet prövningstillstånd lämnar MMD:s avgörande stående utan sakprövning i MÖD;B60;B60-260;MÖD meddelar prövningstillstånd?;"Räkna PT-väntan in i laga kraft-planeringen; som klagande: fokusera PT-ansökan på prejudikatintresse och processfel som faller inom PT-grunderna; som vinnande part: bevaka inkomna PT-ansökningar aktivt.";Utanför myndighetens kontrollansvar;"Sökanden; regering eller domstol i överprövningsdelen";Ingen del av originalförslaget övertas som myndighetskontroll.;Originalets föreslagna åtgärd kvarstår hos angiven aktör.;"Förslaget avser sökandens underlag, strategi, finansiering eller överinstansens förfarande. Myndigheten kan bara förbättra sin egen behöriga handläggning; den får inte företräda sökanden eller styra överprövningen.";;;;;Ingen myndighetskontroll härleds ur denna åtgärd.;"FL 5–9 §§; MB 19 kap. 1–2 a §§; MPD-förordningen 3 §; Dir. 2026:13. Detaljstöd per faktiskt kopplad kontroll i kopplingsfilen.";2.2.0;mitigation;https://nic-esp.github.io/miljotillstandsrisker/data/riskregister.json;2026-09-30
R-B60-260-02:mitigation;"Härledd fältreferens; inte riskregistrets kanoniska item_id";R-B60-260-02;Uppskjutet PT-besked håller målet svävande;B60;B60-260;MÖD meddelar prövningstillstånd?;"Bevaka MÖD:s och HD:s pågående mål inom samma rättsområde för att förutse uppskov; håll underlag och organisation redo för båda utfallen; räkna aldrig med laga kraft förrän PT-frågan formellt är avslutad.";Utanför myndighetens kontrollansvar;"Sökanden; regering eller domstol i överprövningsdelen";Ingen del av originalförslaget övertas som myndighetskontroll.;Originalets föreslagna åtgärd kvarstår hos angiven aktör.;"Förslaget avser sökandens underlag, strategi, finansiering eller överinstansens förfarande. Myndigheten kan bara förbättra sin egen behöriga handläggning; den får inte företräda sökanden eller styra överprövningen.";;;;;Ingen myndighetskontroll härleds ur denna åtgärd.;"FL 5–9 §§; MB 19 kap. 1–2 a §§; MPD-förordningen 3 §; Dir. 2026:13. Detaljstöd per faktiskt kopplad kontroll i kopplingsfilen.";2.2.0;mitigation;https://nic-esp.github.io/miljotillstandsrisker/data/riskregister.json;2026-09-30
R-B60-270-01:mitigation;"Härledd fältreferens; inte riskregistrets kanoniska item_id";R-B60-270-01;Återförvisning från MÖD leder till ny handläggning i underinstansen;B60;B60-270;MÖD prövar saken;"Kvalitetssäkra den processuella kedjan i första instans (kungörelse, kommunicering, motivering) eftersom återförvisningsgrunderna oftast är processuella; vid återförvisning: avgränsa den nya handläggningen strikt till upphävandegrunden.";Delvis inom mandat efter avgränsning;"Sökanden och berörd myndighet; endast angiven myndighetsdel anpassas";Förebygga egna processfel och hantera återförvisning i enlighet med överinstansens avgörande.;"Ingen mekanisk spärr mot andra nödvändiga prövningsfrågor; relevanta nya omständigheter och gällande utredningskrav måste beaktas.";"Myndighetsdelen kan endast tillämpas inom egen rättslig behörighet. Ingen mekanisk spärr mot andra nödvändiga prövningsfrågor; relevanta nya omständigheter och gällande utredningskrav måste beaktas.";Originalets strikt till upphävandegrunden har avgränsats: överinstansens anvisningar och aktuella rättsliga utredningskrav styr.;;;MPM-11 | MPM-16;Ingen kontrollkoppling tilldelad. Möjlig myndighetsdel utan koppling kräver mer specifik behörighet eller styrkt träff på målpost.;"FL 5–9 §§; MB 19 kap. 1–2 a §§; MPD-förordningen 3 §; Dir. 2026:13. Detaljstöd per faktiskt kopplad kontroll i kopplingsfilen.";2.2.0;mitigation;https://nic-esp.github.io/miljotillstandsrisker/data/riskregister.json;2026-09-30
R-B60-270-02:mitigation;"Härledd fältreferens; inte riskregistrets kanoniska item_id";R-B60-270-02;Prejudicerande avgörande flyttar rättsläget för hela branschen;B60;B60-270;MÖD prövar saken;"Bevaka MÖD:s prövningstillståndsbesked inom branschen löpande; bygg ansökningar på konservativa tolkningar där rättsläget är i rörelse; analysera snabbt prejudikatets konsekvenser för det egna målet.";Utanför myndighetens kontrollansvar;"Sökanden; regering eller domstol i överprövningsdelen";Ingen del av originalförslaget övertas som myndighetskontroll.;Originalets föreslagna åtgärd kvarstår hos angiven aktör.;"Förslaget avser sökandens underlag, strategi, finansiering eller överinstansens förfarande. Myndigheten kan bara förbättra sin egen behöriga handläggning; den får inte företräda sökanden eller styra överprövningen.";;;;;Ingen myndighetskontroll härleds ur denna åtgärd.;"FL 5–9 §§; MB 19 kap. 1–2 a §§; MPD-förordningen 3 §; Dir. 2026:13. Detaljstöd per faktiskt kopplad kontroll i kopplingsfilen.";2.2.0;mitigation;https://nic-esp.github.io/miljotillstandsrisker/data/riskregister.json;2026-09-30
R-B60-270-03:mitigation;"Härledd fältreferens; inte riskregistrets kanoniska item_id";R-B60-270-03;EU-rättslig osäkerhet tvingar fram förhandsavgörande eller avvaktan;B60;B60-270;MÖD prövar saken;"Analysera EU-rättsliga argument redan i första instans och bemöt dem där; bedöm strategiskt om förhandsavgörande ska yrkas eller motarbetas; följ EU-domstolens praxis inom habitat- och EIA-området löpande.";Utanför myndighetens kontrollansvar;"Sökanden; regering eller domstol i överprövningsdelen";Ingen del av originalförslaget övertas som myndighetskontroll.;Originalets föreslagna åtgärd kvarstår hos angiven aktör.;"Förslaget avser sökandens underlag, strategi, finansiering eller överinstansens förfarande. Myndigheten kan bara förbättra sin egen behöriga handläggning; den får inte företräda sökanden eller styra överprövningen.";;;;;Ingen myndighetskontroll härleds ur denna åtgärd.;"FL 5–9 §§; MB 19 kap. 1–2 a §§; MPD-förordningen 3 §; Dir. 2026:13. Detaljstöd per faktiskt kopplad kontroll i kopplingsfilen.";2.2.0;mitigation;https://nic-esp.github.io/miljotillstandsrisker/data/riskregister.json;2026-09-30
R-B60-280-01:mitigation;"Härledd fältreferens; inte riskregistrets kanoniska item_id";R-B60-280-01;Överklagande till Högsta domstolen tillför ett möjligt instansled;B60;B60-280;Eventuell HD-prövning för MMD som första instans;"Räkna med HD-fasen i tidplanen för A-mål; som vinnande part: argumentera aktivt mot PT med hänvisning till avsaknad av prejudikatintresse; håll finansieringsavtal öppna för slutinstansväntan.";Utanför myndighetens kontrollansvar;"Sökanden; regering eller domstol i överprövningsdelen";Ingen del av originalförslaget övertas som myndighetskontroll.;Originalets föreslagna åtgärd kvarstår hos angiven aktör.;"Förslaget avser sökandens underlag, strategi, finansiering eller överinstansens förfarande. Myndigheten kan bara förbättra sin egen behöriga handläggning; den får inte företräda sökanden eller styra överprövningen.";;;;;Ingen myndighetskontroll härleds ur denna åtgärd.;"FL 5–9 §§; MB 19 kap. 1–2 a §§; MPD-förordningen 3 §; Dir. 2026:13. Detaljstöd per faktiskt kopplad kontroll i kopplingsfilen.";2.2.0;mitigation;https://nic-esp.github.io/miljotillstandsrisker/data/riskregister.json;2026-09-30
R-B60-280-02:mitigation;"Härledd fältreferens; inte riskregistrets kanoniska item_id";R-B60-280-02;HD-prejudikat kan upphäva åratal av handläggning i efterhand;B60;B60-280;Eventuell HD-prövning för MMD som första instans;"Bygg underlaget så att det håller under flera tänkbara rättstolkningar; bevaka HD:s miljömål löpande; vid återförvisning efter HD: gör en ärlig omvärdering av projektets bärkraft innan omstart.";Utanför myndighetens kontrollansvar;"Sökanden; regering eller domstol i överprövningsdelen";Ingen del av originalförslaget övertas som myndighetskontroll.;Originalets föreslagna åtgärd kvarstår hos angiven aktör.;"Förslaget avser sökandens underlag, strategi, finansiering eller överinstansens förfarande. Myndigheten kan bara förbättra sin egen behöriga handläggning; den får inte företräda sökanden eller styra överprövningen.";;;;;Ingen myndighetskontroll härleds ur denna åtgärd.;"FL 5–9 §§; MB 19 kap. 1–2 a §§; MPD-förordningen 3 §; Dir. 2026:13. Detaljstöd per faktiskt kopplad kontroll i kopplingsfilen.";2.2.0;mitigation;https://nic-esp.github.io/miljotillstandsrisker/data/riskregister.json;2026-09-30
R-B60-G020-01:mitigation;"Härledd fältreferens; inte riskregistrets kanoniska item_id";R-B60-G020-01;Fel första instans leder till överlämnande eller avvisning;B60;B60-G020;Är instansen och prövningsramen rätt?;"Låt juridisk sakkunskap verifiera instanskarta och sambandsprövningsmöjligheter innan ingivning (jfr B10-080); begär förhandsbesked från tänkt instans om behörigheten är tveksam; dokumentera behörighetsanalysen i ansökan.";Delvis inom mandat efter avgränsning;"Sökanden och berörd myndighet; endast angiven myndighetsdel anpassas";Kontrollera egen behörighet och ge dokumenterad processinformation.;Sökandens juridiska analys och bindande förhandsbesked utan stöd.;Myndighetsdelen kan endast tillämpas inom egen rättslig behörighet. Sökandens juridiska analys och bindande förhandsbesked utan stöd.;;MPM-02;;MPM-01;"Anpassning kopplad till uttryckliga målposter; övriga kontroller är självständiga analysförslag.";"FL 5–9 §§; MB 19 kap. 1–2 a §§; MPD-förordningen 3 §; Dir. 2026:13. Detaljstöd per faktiskt kopplad kontroll i kopplingsfilen.";2.2.0;mitigation;https://nic-esp.github.io/miljotillstandsrisker/data/riskregister.json;2026-09-30
R-B60-G020-02:mitigation;"Härledd fältreferens; inte riskregistrets kanoniska item_id";R-B60-G020-02;Utesluten sambandsprövning splittrar målet i parallella processer;B60;B60-G020;Är instansen och prövningsramen rätt?;"Ansök uttryckligen om sambandsprövning med motivering; samordna tidplaner med berörda instanser via tidig dialog; håll tekniska beskrivningar identiska mellan spåren så att villkor inte kolliderar.";Delvis inom mandat efter avgränsning;"Sökanden och berörd myndighet; endast angiven myndighetsdel anpassas";Pröva sambandsprövning inom rättslig behörighet och överenskomma kontakter.;Sökandens identiska tekniska beskrivningar och en tidplan som binder självständiga organ.;Myndighetsdelen kan endast tillämpas inom egen rättslig behörighet. Sökandens identiska tekniska beskrivningar och en tidplan som binder självständiga organ.;;MPM-04;;MPM-03;"Anpassning kopplad till uttryckliga målposter; övriga kontroller är självständiga analysförslag.";"FL 5–9 §§; MB 19 kap. 1–2 a §§; MPD-förordningen 3 §; Dir. 2026:13. Detaljstöd per faktiskt kopplad kontroll i kopplingsfilen.";2.2.0;mitigation;https://nic-esp.github.io/miljotillstandsrisker/data/riskregister.json;2026-09-30
R-B60-G040-01:mitigation;"Härledd fältreferens; inte riskregistrets kanoniska item_id";R-B60-G040-01;Kompletteringskraven blir en ändlös pingisrunda;B60;B60-G040;Är ansökan tillräckligt komplett?;"Begär skriftliga, specificerade kompletteringsförelägganden; genomför statusmöten med handläggaren efter varje inskick; sätt intern spärr: inga delvisa svar som skapar nya rundor utan samlad komplettering.";Delvis inom mandat efter avgränsning;"Sökanden och berörd myndighet; endast angiven myndighetsdel anpassas";Lämna samlade preciserade kompletteringskrav och bedöma skäliga frister.;Sökandens kompletta svar och interna leveransplan. Nödvändiga nya frågor får inte förbjudas.;Myndighetsdelen kan endast tillämpas inom egen rättslig behörighet. Sökandens kompletta svar och interna leveransplan. Nödvändiga nya frågor får inte förbjudas.;;MPM-05;MPM-10;;"Anpassning kopplad till uttryckliga målposter; övriga kontroller är självständiga analysförslag.";"FL 5–9 §§; MB 19 kap. 1–2 a §§; MPD-förordningen 3 §; Dir. 2026:13. Detaljstöd per faktiskt kopplad kontroll i kopplingsfilen.";2.2.0;mitigation;https://nic-esp.github.io/miljotillstandsrisker/data/riskregister.json;2026-09-30
R-B60-G040-02:mitigation;"Härledd fältreferens; inte riskregistrets kanoniska item_id";R-B60-G040-02;Avvisning efter upprepade brister tvingar full omstart;B60;B60-G040;Är ansökan tillräckligt komplett?;"Hantera kompletteringsfrister som kritiska milstolpar med intern marginal; begär förlängning skriftligt i god tid om utredningar inte hinner slutföras; eskalera till instansens ledning vid otydliga krav.";Delvis inom mandat efter avgränsning;"Sökanden och berörd myndighet; endast angiven myndighetsdel anpassas";Lämna samlade preciserade kompletteringskrav och bedöma skäliga frister.;Sökandens kompletta svar och interna leveransplan. Nödvändiga nya frågor får inte förbjudas.;Myndighetsdelen kan endast tillämpas inom egen rättslig behörighet. Sökandens kompletta svar och interna leveransplan. Nödvändiga nya frågor får inte förbjudas.;;MPM-05;;;"Anpassning kopplad till uttryckliga målposter; övriga kontroller är självständiga analysförslag.";"FL 5–9 §§; MB 19 kap. 1–2 a §§; MPD-förordningen 3 §; Dir. 2026:13. Detaljstöd per faktiskt kopplad kontroll i kopplingsfilen.";2.2.0;mitigation;https://nic-esp.github.io/miljotillstandsrisker/data/riskregister.json;2026-09-30
R-B60-G110-01:mitigation;"Härledd fältreferens; inte riskregistrets kanoniska item_id";R-B60-G110-01;Skriftväxlingsloopen etablerar sig som permanent beredningstillstånd;B60;B60-G110;Behövs ytterligare skriftväxling?;"Begär att instansen fastställer en slutpunkt för skriftväxlingen i tidsplanen; lämna fullständiga samlade bemötanden i stället för delvisa svar; föreslå sammanträde för att samla upp kvarstående frågor muntligt.";Delvis inom mandat efter avgränsning;"Sökanden och berörd myndighet; endast angiven myndighetsdel anpassas";Planera egen skriftväxling och pröva behovet av sammanträde.;"Ingen absolut stoppunkt som utesluter relevant material eller lagstadgad kommunicering; sökanden svarar fullständigt.";"Myndighetsdelen kan endast tillämpas inom egen rättslig behörighet. Ingen absolut stoppunkt som utesluter relevant material eller lagstadgad kommunicering; sökanden svarar fullständigt.";;MPM-07;;MPM-09;"Anpassning kopplad till uttryckliga målposter; övriga kontroller är självständiga analysförslag.";"FL 5–9 §§; MB 19 kap. 1–2 a §§; MPD-förordningen 3 §; Dir. 2026:13. Detaljstöd per faktiskt kopplad kontroll i kopplingsfilen.";2.2.0;mitigation;https://nic-esp.github.io/miljotillstandsrisker/data/riskregister.json;2026-09-30
R-B60-G130-01:mitigation;"Härledd fältreferens; inte riskregistrets kanoniska item_id";R-B60-G130-01;Fel avgörandeform blir ett processfel i efterhand;B60;B60-G130;Ska avgörandet föregås av förhandling/sammanträde?;"Yrka uttryckligen på lämplig avgörandeform med motivering; begär sammanträdestid tidigt; säkerställ att alla bevisfrågor redovisats skriftligt så att skriftlig handläggning inte riskerar processfel.";Delvis inom mandat efter avgränsning;"Sökanden och berörd myndighet; endast angiven myndighetsdel anpassas";Pröva lämplig och laglig avgörandeform i eget ärende.;Domstolens förhandlingsval och sökandens bevisning.;Myndighetsdelen kan endast tillämpas inom egen rättslig behörighet. Domstolens förhandlingsval och sökandens bevisning.;;MPM-11;;;"Anpassning kopplad till uttryckliga målposter; övriga kontroller är självständiga analysförslag.";"FL 5–9 §§; MB 19 kap. 1–2 a §§; MPD-förordningen 3 §; Dir. 2026:13. Detaljstöd per faktiskt kopplad kontroll i kopplingsfilen.";2.2.0;mitigation;https://nic-esp.github.io/miljotillstandsrisker/data/riskregister.json;2026-09-30
R-B60-G150-01:mitigation;"Härledd fältreferens; inte riskregistrets kanoniska item_id";R-B60-G150-01;Sent förbehåll från regeringen kastar om hela beslutskedjan;B60;B60-G150;Krävs regeringens tillåtlighetsprövning?;"Analysera 17 kap.-risken redan i förstudien (B10) för projekt i känsliga lägen; bedriv tidig dialog med berört departement via länsstyrelsen; håll ansökningsunderlaget regeringsklart så att inget extra underlagsarbete behövs om förbehåll sker.";Utanför myndighetens kontrollansvar;"Sökanden; regering eller domstol i överprövningsdelen";Ingen del av originalförslaget övertas som myndighetskontroll.;Originalets föreslagna åtgärd kvarstår hos angiven aktör.;"Förslaget avser sökandens underlag, strategi, finansiering eller överinstansens förfarande. Myndigheten kan bara förbättra sin egen behöriga handläggning; den får inte företräda sökanden eller styra överprövningen.";;;;;Ingen myndighetskontroll härleds ur denna åtgärd.;"FL 5–9 §§; MB 19 kap. 1–2 a §§; MPD-förordningen 3 §; Dir. 2026:13. Detaljstöd per faktiskt kopplad kontroll i kopplingsfilen.";2.2.0;mitigation;https://nic-esp.github.io/miljotillstandsrisker/data/riskregister.json;2026-09-30
R-B60-G150-02:mitigation;"Härledd fältreferens; inte riskregistrets kanoniska item_id";R-B60-G150-02;Obligatorisk tillåtlighetsprövning och regeringens förbehåll blandas ihop;B60;B60-G150;Krävs regeringens tillåtlighetsprövning?;Gör en separat analys av 17 kap. 1, 3 och 4 a §§ MB. Dokumentera vilken kategori som är aktuell och säkerställ att prövningsmyndigheten eller kommunen fullgör eventuell underrättelse enligt 17 kap. 5 § MB och 26 § MBD.;Delvis inom mandat efter avgränsning;"Sökanden och berörd myndighet; endast angiven myndighetsdel anpassas";Identifiera egen prövningsram och eventuell underrättelseskyldighet vid regeringsprövning.;Regeringens förbehåll, tillåtlighetsutfall och beslutstid samt sökandens politiska kontakter.;Myndighetsdelen kan endast tillämpas inom egen rättslig behörighet. Regeringens förbehåll, tillåtlighetsutfall och beslutstid samt sökandens politiska kontakter.;;MPM-02;;;"Anpassning kopplad till uttryckliga målposter; övriga kontroller är självständiga analysförslag.";"FL 5–9 §§; MB 19 kap. 1–2 a §§; MPD-förordningen 3 §; Dir. 2026:13. Detaljstöd per faktiskt kopplad kontroll i kopplingsfilen.";2.2.0;mitigation;https://nic-esp.github.io/miljotillstandsrisker/data/riskregister.json;2026-09-30
R-B60-G210-01:mitigation;"Härledd fältreferens; inte riskregistrets kanoniska item_id";R-B60-G210-01;Ett överklagande startar en separat överprövningskedja;B60;B60-G210;Överklagas avgörandet i tid?;Planera för ett möjligt överklagande, dokumentera vilka aktörer som kan ha talerätt och håll bygg- och finansieringsplaner anpassningsbara under överprövningen.;Utanför myndighetens kontrollansvar;"Sökanden; regering eller domstol i överprövningsdelen";Ingen del av originalförslaget övertas som myndighetskontroll.;Originalets föreslagna åtgärd kvarstår hos angiven aktör.;"Förslaget avser sökandens underlag, strategi, finansiering eller överinstansens förfarande. Myndigheten kan bara förbättra sin egen behöriga handläggning; den får inte företräda sökanden eller styra överprövningen.";;;MPM-11;;Självständig kontroll finns för risken, men är inte en övertagen originalåtgärd.;"FL 5–9 §§; MB 19 kap. 1–2 a §§; MPD-förordningen 3 §; Dir. 2026:13. Detaljstöd per faktiskt kopplad kontroll i kopplingsfilen.";2.2.0;mitigation;https://nic-esp.github.io/miljotillstandsrisker/data/riskregister.json;2026-09-30
R-B60-G210-02:mitigation;"Härledd fältreferens; inte riskregistrets kanoniska item_id";R-B60-G210-02;Inhibition och verkställighet före laga kraft blir en egen stridsfråga;B60;B60-G210;Överklagas avgörandet i tid?;"Avgränsa strikt vad som är förberedande åtgärder respektive verkställighet; begär själv förtydligande av förstainstansbeslutet; räkna aldrig in byggstart före laga kraft i den bindande tidplanen.";Delvis inom mandat efter avgränsning;"Sökanden och berörd myndighet; endast angiven myndighetsdel anpassas";Ge korrekt besked om det egna avgörandets räckvidd och verkställighetsförutsättningar.;Sökandens byggplan. En generell regel att aldrig starta före laga kraft ersätter inte beslutsspecifik rättslig bedömning.;Myndighetsdelen kan endast tillämpas inom egen rättslig behörighet. Sökandens byggplan. En generell regel att aldrig starta före laga kraft ersätter inte beslutsspecifik rättslig bedömning.;"Laga kraft och verkställbarhet måste skiljas åt; originalets kategoriska tidplansregel är projektstrategi, inte en allmän rättsregel.";;;MPM-13;Ingen kontrollkoppling tilldelad. Möjlig myndighetsdel utan koppling kräver mer specifik behörighet eller styrkt träff på målpost.;"FL 5–9 §§; MB 19 kap. 1–2 a §§; MPD-förordningen 3 §; Dir. 2026:13. Detaljstöd per faktiskt kopplad kontroll i kopplingsfilen.";2.2.0;mitigation;https://nic-esp.github.io/miljotillstandsrisker/data/riskregister.json;2026-09-30
R-B60-G230-01:mitigation;"Härledd fältreferens; inte riskregistrets kanoniska item_id";R-B60-G230-01;Klaganden väljer fel forum och får starta om;B60;B60-G230;Vilken överprövningsväg gäller?;"Ange korrekt beslutsmyndighet och behörig överinstans i varje överklagandemall. Om en handling hamnat fel, dokumentera ankomstdagen och kontrollera om skyddsregeln i 45 § FL är tillämplig; utgå inte från att varje felaktigt ingivande bevarar fristen.";Delvis inom mandat efter avgränsning;"Sökanden och berörd myndighet; endast angiven myndighetsdel anpassas";Kontrollera egen hänvisning, delgivning, datum och uppgift om helt eller delvis slutligt utfall.;Sökandens fullständiga finalitetsbevakning, finansiering och byggstartsbeslut. Upplysningar skapar inte rättskraft.;Myndighetsdelen kan endast tillämpas inom egen rättslig behörighet. Sökandens fullständiga finalitetsbevakning, finansiering och byggstartsbeslut. Upplysningar skapar inte rättskraft.;;MPM-13;;;"Anpassning kopplad till uttryckliga målposter; övriga kontroller är självständiga analysförslag.";"FL 5–9 §§; MB 19 kap. 1–2 a §§; MPD-förordningen 3 §; Dir. 2026:13. Detaljstöd per faktiskt kopplad kontroll i kopplingsfilen.";2.2.0;mitigation;https://nic-esp.github.io/miljotillstandsrisker/data/riskregister.json;2026-09-30
R-B60-G230-02:mitigation;"Härledd fältreferens; inte riskregistrets kanoniska item_id";R-B60-G230-02;S1-reformen ändrar instanskartan mitt i processen;B60;B60-G230;Vilken överprövningsväg gäller?;"Följ lagtext och övergångsbestämmelser för SFS 2026:1442–1444 noggrant; begär vägledning från berörda instanser i gränsfall; dokumentera vald överprövningsväg juridiskt.";"Endast införande; utanför stabilt S1";"Sökanden och berörd myndighet; endast angiven myndighetsdel anpassas";Verifiera egen övergångsinformation, ärendeöverföring och mottagare under införandet.;Ingen S1-effekt i stabil drift. Ingen garanti att tidigare kompletthetsbedömning binder ny instans eller rekommendation om taktisk ingivning.;Myndighetsdelen kan endast tillämpas inom egen rättslig behörighet. Ingen S1-effekt i stabil drift. Ingen garanti att tidigare kompletthetsbedömning binder ny instans eller rekommendation om taktisk ingivning.;;MPM-T01;;;"Anpassning kopplad till uttryckliga målposter; övriga kontroller är självständiga analysförslag.";"FL 5–9 §§; MB 19 kap. 1–2 a §§; MPD-förordningen 3 §; Dir. 2026:13. Detaljstöd per faktiskt kopplad kontroll i kopplingsfilen.";2.2.0;mitigation;https://nic-esp.github.io/miljotillstandsrisker/data/riskregister.json;2026-09-30
R-B60-G290-01:mitigation;"Härledd fältreferens; inte riskregistrets kanoniska item_id";R-B60-G290-01;Ett nytt avgörande efter återförvisning kan överklagas på nytt;B60;B60-G290;Återförvisas eller avslutas överprövningen?;"Eliminera processuella felkällor i första handläggningsvarvet (kungörelse, delgivning, motivering); vid återförvisning: genomför den nya handläggningen så fullständigt att nästa överprövning saknar återförvisningsgrund; uppdatera allt tidskänsligt underlag direkt.";Delvis inom mandat efter avgränsning;"Sökanden och berörd myndighet; endast angiven myndighetsdel anpassas";Förebygga egna processfel och hantera återförvisning i enlighet med överinstansens avgörande.;"Ingen mekanisk spärr mot andra nödvändiga prövningsfrågor; relevanta nya omständigheter och gällande utredningskrav måste beaktas.";"Myndighetsdelen kan endast tillämpas inom egen rättslig behörighet. Ingen mekanisk spärr mot andra nödvändiga prövningsfrågor; relevanta nya omständigheter och gällande utredningskrav måste beaktas.";;MPM-16;;MPM-11;"Anpassning kopplad till uttryckliga målposter; övriga kontroller är självständiga analysförslag.";"FL 5–9 §§; MB 19 kap. 1–2 a §§; MPD-förordningen 3 §; Dir. 2026:13. Detaljstöd per faktiskt kopplad kontroll i kopplingsfilen.";2.2.0;mitigation;https://nic-esp.github.io/miljotillstandsrisker/data/riskregister.json;2026-09-30
R-B60-G290-02:mitigation;"Härledd fältreferens; inte riskregistrets kanoniska item_id";R-B60-G290-02;Splittrat slutläge: delar slutgiltiga, delar återförvisade;B60;B60-G290;Återförvisas eller avslutas överprövningen?;"Dokumentera finalitetsstatus per villkor och per delområde i beslutsloggen; verifiera mot B70 att varje byggdel faktiskt vilar på lagakraftvunnet beslut; begär förtydligande från instansen om avgörandets räckvidd är otydlig.";Delvis inom mandat efter avgränsning;"Sökanden och berörd myndighet; endast angiven myndighetsdel anpassas";Kontrollera egen hänvisning, delgivning, datum och uppgift om helt eller delvis slutligt utfall.;Sökandens fullständiga finalitetsbevakning, finansiering och byggstartsbeslut. Upplysningar skapar inte rättskraft.;Myndighetsdelen kan endast tillämpas inom egen rättslig behörighet. Sökandens fullständiga finalitetsbevakning, finansiering och byggstartsbeslut. Upplysningar skapar inte rättskraft.;;MPM-13;;;"Anpassning kopplad till uttryckliga målposter; övriga kontroller är självständiga analysförslag.";"FL 5–9 §§; MB 19 kap. 1–2 a §§; MPD-förordningen 3 §; Dir. 2026:13. Detaljstöd per faktiskt kopplad kontroll i kopplingsfilen.";2.2.0;mitigation;https://nic-esp.github.io/miljotillstandsrisker/data/riskregister.json;2026-09-30
R-B60-START-01:mitigation;"Härledd fältreferens; inte riskregistrets kanoniska item_id";R-B60-START-01;Inkonsistent handoff från variantprocesserna stoppar den fortsatta beredningen;B60;B60-START;Ansökan eller överprövningsbart ärende initierat;"Konsolidera en gemensam yrkandematris över alla spår före ingivning; genomför förhandsdialog med tänkbar första instans om ärendets upplägg; använd processkartans tillståndsmatris (B10-070) som checklista vid handoff.";Delvis inom mandat efter avgränsning;"Sökanden och berörd myndighet; endast angiven myndighetsdel anpassas";Ge processvägledning före ingivning om den egna prövningens upplägg.;Sökandens yrkandematris, underlag och samordning av alla spår.;Myndighetsdelen kan endast tillämpas inom egen rättslig behörighet. Sökandens yrkandematris, underlag och samordning av alla spår.;;;MPM-10;MPM-01;Självständig kontroll finns för risken, men är inte en övertagen originalåtgärd.;"FL 5–9 §§; MB 19 kap. 1–2 a §§; MPD-förordningen 3 §; Dir. 2026:13. Detaljstöd per faktiskt kopplad kontroll i kopplingsfilen.";2.2.0;mitigation;https://nic-esp.github.io/miljotillstandsrisker/data/riskregister.json;2026-09-30
R-B70-010-01:mitigation;"Härledd fältreferens; inte riskregistrets kanoniska item_id";R-B70-010-01;Beslutsmatrisen bygger på inaktuella versioner av beslut och villkor;B70;B70-010;Konsolidera beslut, planer, rättigheter och villkor;Upprätta strikt versionshantering med en enda auktoritativ källa per beslut och med ändringslogg. Schemalägg obligatorisk omverifiering av matrisen mot diarier och domstolsutdrag vid varje gate i B70. Utse en ansvarig beslutsförvaltare för hela projektets tillståndspaket.;Delvis inom mandat efter avgränsning;"Sökanden och berörd myndighet; endast angiven myndighetsdel anpassas";Göra rätt version av egna avgöranden tillgänglig och spårbar.;Sökandens gemensamma beslutsförvaltare och omverifiering av hela beslutspaketet.;Myndighetsdelen kan endast tillämpas inom egen rättslig behörighet. Sökandens gemensamma beslutsförvaltare och omverifiering av hela beslutspaketet.;;MPM-10;;;"Anpassning kopplad till uttryckliga målposter; övriga kontroller är självständiga analysförslag.";"FL 5–9 §§; MB 19 kap. 1–2 a §§; MPD-förordningen 3 §; Dir. 2026:13. Detaljstöd per faktiskt kopplad kontroll i kopplingsfilen.";2.2.0;mitigation;https://nic-esp.github.io/miljotillstandsrisker/data/riskregister.json;2026-09-30
R-B70-010-02:mitigation;"Härledd fältreferens; inte riskregistrets kanoniska item_id";R-B70-010-02;Parallellt sektorsbeslut faller bort ur konsolideringen;B70;B70-010;Konsolidera beslut, planer, rättigheter och villkor;Härled beslutslistan ur den versionerade tillståndsmatrisen från B10-070 i stället för från levererade dokument. Genomför en formell gap-analys: för varje fysiskt moment, ange vilket beslut som möjliggör det. Låt fastighetsjurist och platschef gemensamt signera att inga moment saknar täckande beslut.;Utanför myndighetens kontrollansvar;"Sökanden/projektägaren; respektive tillsyns- eller sektorsorgan";Ingen del av originalförslaget övertas som myndighetskontroll.;Originalets föreslagna åtgärd kvarstår hos angiven aktör.;Samlad byggberedskap, rättigheter, finansiering, praktisk villkorsefterlevnad och ändringsstyrning ligger hos sökanden. Myndighetens egna besked ersätter inte beslutsspecifik startkontroll av hela projektet.;;;;;Ingen myndighetskontroll härleds ur denna åtgärd.;"FL 5–9 §§; MB 19 kap. 1–2 a §§; MPD-förordningen 3 §; Dir. 2026:13. Detaljstöd per faktiskt kopplad kontroll i kopplingsfilen.";2.2.0;mitigation;https://nic-esp.github.io/miljotillstandsrisker/data/riskregister.json;2026-09-30
R-B70-010-03:mitigation;"Härledd fältreferens; inte riskregistrets kanoniska item_id";R-B70-010-03;Olika projektgränser i olika beslut omöjliggör konsistent matris;B70;B70-010;Konsolidera beslut, planer, rättigheter och villkor;Etablera tidigt en gemensam digital projektgeometri (koordinatsatt anläggningsmodell) som alla beslut refereras mot. Dokumentera för varje beslut exakt vilka anläggningsdelar det täcker och vilka kapacitetstal som gäller. Inför avstämningspunkter där matrisen valideras mot aktuell projektering.;Utanför myndighetens kontrollansvar;"Sökanden/projektägaren; respektive tillsyns- eller sektorsorgan";Ingen del av originalförslaget övertas som myndighetskontroll.;Originalets föreslagna åtgärd kvarstår hos angiven aktör.;Samlad byggberedskap, rättigheter, finansiering, praktisk villkorsefterlevnad och ändringsstyrning ligger hos sökanden. Myndighetens egna besked ersätter inte beslutsspecifik startkontroll av hela projektet.;;;;;Ingen myndighetskontroll härleds ur denna åtgärd.;"FL 5–9 §§; MB 19 kap. 1–2 a §§; MPD-förordningen 3 §; Dir. 2026:13. Detaljstöd per faktiskt kopplad kontroll i kopplingsfilen.";2.2.0;mitigation;https://nic-esp.github.io/miljotillstandsrisker/data/riskregister.json;2026-09-30
R-B70-030-01:mitigation;"Härledd fältreferens; inte riskregistrets kanoniska item_id";R-B70-030-01;Kompletteringskrav vid återförvisning kräver nya säsongsinventeringar;B70;B70-030;Hantera kvarstående överprövning eller inhibition;Upprätta en säsongsplan för alla tänkbara kompletteringsinventeringar och genomför dem förebyggande där osäkerhet finns. Upprätthåll fältberedskap och konsultavtal under hela överprövningen. Yrka i överinstansen på att befintliga data får användas där metodmässigt försvarbart.;Utanför myndighetens kontrollansvar;"Sökanden/projektägaren; respektive tillsyns- eller sektorsorgan";Ingen del av originalförslaget övertas som myndighetskontroll.;Originalets föreslagna åtgärd kvarstår hos angiven aktör.;Samlad byggberedskap, rättigheter, finansiering, praktisk villkorsefterlevnad och ändringsstyrning ligger hos sökanden. Myndighetens egna besked ersätter inte beslutsspecifik startkontroll av hela projektet.;;;;;Ingen myndighetskontroll härleds ur denna åtgärd.;"FL 5–9 §§; MB 19 kap. 1–2 a §§; MPD-förordningen 3 §; Dir. 2026:13. Detaljstöd per faktiskt kopplad kontroll i kopplingsfilen.";2.2.0;mitigation;https://nic-esp.github.io/miljotillstandsrisker/data/riskregister.json;2026-09-30
R-B70-030-02:mitigation;"Härledd fältreferens; inte riskregistrets kanoniska item_id";R-B70-030-02;Inhibitionsbeslut träffar pågående förberedande arbeten mitt i byggberedskapen;B70;B70-030;Hantera kvarstående överprövning eller inhibition;Definiera i förväg vilka moment som är reversibla respektive irreversibla och skjut upp irreversibla moment tills inhibitionsrisken fallit bort. Inför en bevakningsrutin med 24-timmarsrespons på överinstansens beslut och en förberedd stopporder-mall till entreprenaden.;Utanför myndighetens kontrollansvar;"Sökanden/projektägaren; respektive tillsyns- eller sektorsorgan";Ingen del av originalförslaget övertas som myndighetskontroll.;Originalets föreslagna åtgärd kvarstår hos angiven aktör.;Samlad byggberedskap, rättigheter, finansiering, praktisk villkorsefterlevnad och ändringsstyrning ligger hos sökanden. Myndighetens egna besked ersätter inte beslutsspecifik startkontroll av hela projektet.;;;;;Ingen myndighetskontroll härleds ur denna åtgärd.;"FL 5–9 §§; MB 19 kap. 1–2 a §§; MPD-förordningen 3 §; Dir. 2026:13. Detaljstöd per faktiskt kopplad kontroll i kopplingsfilen.";2.2.0;mitigation;https://nic-esp.github.io/miljotillstandsrisker/data/riskregister.json;2026-09-30
R-B70-040-01:mitigation;"Härledd fältreferens; inte riskregistrets kanoniska item_id";R-B70-040-01;Förstartsvillkor förbises i den samlade villkorsmassan;B70;B70-040;Extrahera förstartsvillkor, tidsfrister och kontrollkrav;Låt två personer oberoende extrahera förstartsvillkoren ur varje beslut och synka resultaten. Strukturera extraktionen efter moment (markarbete, grundläggning, igångsättning) snarare än efter beslut. Verifiera listan mot tillsynsmyndighetens och prövningsmyndighetens förväntningar i ett avstämningsmöte.;Delvis inom mandat efter avgränsning;"Sökanden och berörd myndighet; endast angiven myndighetsdel anpassas";Utforma tydliga egna förstartsvillkor och ge information om deras lydelse och förfarande för ändring.;"Sökandens extraktion av alla villkor och tillsynens ansvar; informella tolkningsbesked får inte ändra ett bindande villkor.";"Myndighetsdelen kan endast tillämpas inom egen rättslig behörighet. Sökandens extraktion av alla villkor och tillsynens ansvar; informella tolkningsbesked får inte ändra ett bindande villkor.";;MPM-12;;MPM-01;"Anpassning kopplad till uttryckliga målposter; övriga kontroller är självständiga analysförslag.";"FL 5–9 §§; MB 19 kap. 1–2 a §§; MPD-förordningen 3 §; Dir. 2026:13. Detaljstöd per faktiskt kopplad kontroll i kopplingsfilen.";2.2.0;mitigation;https://nic-esp.github.io/miljotillstandsrisker/data/riskregister.json;2026-09-30
R-B70-040-02:mitigation;"Härledd fältreferens; inte riskregistrets kanoniska item_id";R-B70-040-02;Otydliga villkorsformuleringar ger tolkningstvist om vad som krävs före start;B70;B70-040;Extrahera förstartsvillkor, tidsfrister och kontrollkrav;Flagga alla otydliga villkor i förstartsvillkorslistan och inhämta prövnings- eller tillsynsmyndighetens skriftliga tolkningsbesked innan arbeten planeras. Dokumentera tolkningsbesluten i beslutsmatrisen. Vid väsentlig osäkerhet, överväg proaktiv ansökan om villkorsförtydligande.;Delvis inom mandat efter avgränsning;"Sökanden och berörd myndighet; endast angiven myndighetsdel anpassas";Utforma tydliga egna förstartsvillkor och ge information om deras lydelse och förfarande för ändring.;"Sökandens extraktion av alla villkor och tillsynens ansvar; informella tolkningsbesked får inte ändra ett bindande villkor.";"Myndighetsdelen kan endast tillämpas inom egen rättslig behörighet. Sökandens extraktion av alla villkor och tillsynens ansvar; informella tolkningsbesked får inte ändra ett bindande villkor.";Skriftlig upplysning är inte automatiskt bindande tolkning eller villkorsändring.;MPM-12;;MPM-01;"Anpassning kopplad till uttryckliga målposter; övriga kontroller är självständiga analysförslag.";"FL 5–9 §§; MB 19 kap. 1–2 a §§; MPD-förordningen 3 §; Dir. 2026:13. Detaljstöd per faktiskt kopplad kontroll i kopplingsfilen.";2.2.0;mitigation;https://nic-esp.github.io/miljotillstandsrisker/data/riskregister.json;2026-09-30
R-B70-060-01:mitigation;"Härledd fältreferens; inte riskregistrets kanoniska item_id";R-B70-060-01;Kompletteringsloopen mellan inlämning och avslag drar ut förstarten;B70;B70-060;Komplettera säkerhet eller förstartsdokumentation;Begär skriftlig och uttömmande avslagsmotivering vid första underkännandet. Genomför intern kvalitetsgranskning mot myndighetens tidigare godkännandebeslut innan varje inlämning. Driv parallellt förberedande arbete för moment som inte berörs av det underkända godkännandet.;Delvis inom mandat efter avgränsning;"Sökanden och berörd myndighet; endast angiven myndighetsdel anpassas";Motivera underkännande och precisera brister samlat vid eget behörigt förstartsgodkännande.;Sökandens interna kvalitetsgranskning, förberedande byggarbete och andra myndigheters godkännanden.;Myndighetsdelen kan endast tillämpas inom egen rättslig behörighet. Sökandens interna kvalitetsgranskning, förberedande byggarbete och andra myndigheters godkännanden.;;MPM-15;;;"Anpassning kopplad till uttryckliga målposter; övriga kontroller är självständiga analysförslag.";"FL 5–9 §§; MB 19 kap. 1–2 a §§; MPD-förordningen 3 §; Dir. 2026:13. Detaljstöd per faktiskt kopplad kontroll i kopplingsfilen.";2.2.0;mitigation;https://nic-esp.github.io/miljotillstandsrisker/data/riskregister.json;2026-09-30
R-B70-060-02:mitigation;"Härledd fältreferens; inte riskregistrets kanoniska item_id";R-B70-060-02;Ändrad projektering gör ställd säkerhet och förstartshandlingar inaktuella;B70;B70-060;Komplettera säkerhet eller förstartsdokumentation;Inför ändringsfryspunkt för tillståndsrelevanta parametrar före förstartsgodkännandena. Låt varje konstruktionsändring passera en snabb tillståndskonsekvensbedömning innan den beslutas. Håll säkerhetsberäkningen parametrisk så att beloppet kan justeras utan full omarbetning.;Utanför myndighetens kontrollansvar;"Sökanden/projektägaren; respektive tillsyns- eller sektorsorgan";Ingen del av originalförslaget övertas som myndighetskontroll.;Originalets föreslagna åtgärd kvarstår hos angiven aktör.;Samlad byggberedskap, rättigheter, finansiering, praktisk villkorsefterlevnad och ändringsstyrning ligger hos sökanden. Myndighetens egna besked ersätter inte beslutsspecifik startkontroll av hela projektet.;;;;;Ingen myndighetskontroll härleds ur denna åtgärd.;"FL 5–9 §§; MB 19 kap. 1–2 a §§; MPD-förordningen 3 §; Dir. 2026:13. Detaljstöd per faktiskt kopplad kontroll i kopplingsfilen.";2.2.0;mitigation;https://nic-esp.github.io/miljotillstandsrisker/data/riskregister.json;2026-09-30
R-B70-080-01:mitigation;"Härledd fältreferens; inte riskregistrets kanoniska item_id";R-B70-080-01;Ledningsrättsbeslut överklagas och förlänger rättighetsloopen;B70;B70-080;Säkra eller korrigera saknad genomföranderätt;Identifiera tidigt vilka rättigheter som sannolikt kräver tvångsförfarande och initiera dem parallellt med miljöprövningen. Erbjud rimliga ersättningar tidigt för att minska överklagandeincitamentet. Planera byggsekvensen så att tvistiga fastigheter ligger sist.;Utanför myndighetens kontrollansvar;"Sökanden/projektägaren; respektive tillsyns- eller sektorsorgan";Ingen del av originalförslaget övertas som myndighetskontroll.;Originalets föreslagna åtgärd kvarstår hos angiven aktör.;Samlad byggberedskap, rättigheter, finansiering, praktisk villkorsefterlevnad och ändringsstyrning ligger hos sökanden. Myndighetens egna besked ersätter inte beslutsspecifik startkontroll av hela projektet.;;;;;Ingen myndighetskontroll härleds ur denna åtgärd.;"FL 5–9 §§; MB 19 kap. 1–2 a §§; MPD-förordningen 3 §; Dir. 2026:13. Detaljstöd per faktiskt kopplad kontroll i kopplingsfilen.";2.2.0;mitigation;https://nic-esp.github.io/miljotillstandsrisker/data/riskregister.json;2026-09-30
R-B70-080-02:mitigation;"Härledd fältreferens; inte riskregistrets kanoniska item_id";R-B70-080-02;Omprojektering för att kringgå markmotstånd skapar nya tillståndsbehov;B70;B70-080;Säkra eller korrigera saknad genomföranderätt;Genomför alltid en snabb tillståndskonsekvensanalys (screening mot strandskydd, Natura 2000, KML, PBL) innan en omprojektering beslutas. Dokumentera i beslutsmatrisen exakt vilka beslut som täcker det nya läget. Behåll tvångsrättsprocessen som parallellt spår tills alternativet är tillståndsmässigt klart.;Utanför myndighetens kontrollansvar;"Sökanden/projektägaren; respektive tillsyns- eller sektorsorgan";Ingen del av originalförslaget övertas som myndighetskontroll.;Originalets föreslagna åtgärd kvarstår hos angiven aktör.;Samlad byggberedskap, rättigheter, finansiering, praktisk villkorsefterlevnad och ändringsstyrning ligger hos sökanden. Myndighetens egna besked ersätter inte beslutsspecifik startkontroll av hela projektet.;;;;;Ingen myndighetskontroll härleds ur denna åtgärd.;"FL 5–9 §§; MB 19 kap. 1–2 a §§; MPD-förordningen 3 §; Dir. 2026:13. Detaljstöd per faktiskt kopplad kontroll i kopplingsfilen.";2.2.0;mitigation;https://nic-esp.github.io/miljotillstandsrisker/data/riskregister.json;2026-09-30
R-B70-100-01:mitigation;"Härledd fältreferens; inte riskregistrets kanoniska item_id";R-B70-100-01;Återöppnat B50-spår fastnar i kommunens eller sektorsmyndighetens handläggningskö;B70;B70-100;Slutför saknade parallella byggstartsgates;Identifiera potentiella restgates tidigt och lämna in kompletterande ansökningar parallellt, inte sekventiellt efter gate-kontrollen. Upprätta direktkontakt med handläggande nämnd eller myndighet och be om realistisk tidsprognos. Undersök om delar av bygget kan starta utan den saknade gaten (momentvis startbesked).;Utanför myndighetens kontrollansvar;"Sökanden/projektägaren; respektive tillsyns- eller sektorsorgan";Ingen del av originalförslaget övertas som myndighetskontroll.;Originalets föreslagna åtgärd kvarstår hos angiven aktör.;Samlad byggberedskap, rättigheter, finansiering, praktisk villkorsefterlevnad och ändringsstyrning ligger hos sökanden. Myndighetens egna besked ersätter inte beslutsspecifik startkontroll av hela projektet.;;;;;Ingen myndighetskontroll härleds ur denna åtgärd.;"FL 5–9 §§; MB 19 kap. 1–2 a §§; MPD-förordningen 3 §; Dir. 2026:13. Detaljstöd per faktiskt kopplad kontroll i kopplingsfilen.";2.2.0;mitigation;https://nic-esp.github.io/miljotillstandsrisker/data/riskregister.json;2026-09-30
R-B70-100-02:mitigation;"Härledd fältreferens; inte riskregistrets kanoniska item_id";R-B70-100-02;Förändrade förutsättningar i parallellspåret gör att beslutet inte längre matchar projektet;B70;B70-100;Slutför saknade parallella byggstartsgates;Låt statusmatrisen registrera både beslutets existens och dess parametrar (kapacitet, geometri, giltighetstid) samt vilken projektversion de avser. Inför kvartalsvisa giltighetskontroller av parallella beslut mot aktuell projektering. Eskalera avvikelser till ändringsbedömning omedelbart, inte vid gate-kontrollen.;Utanför myndighetens kontrollansvar;"Sökanden/projektägaren; respektive tillsyns- eller sektorsorgan";Ingen del av originalförslaget övertas som myndighetskontroll.;Originalets föreslagna åtgärd kvarstår hos angiven aktör.;Samlad byggberedskap, rättigheter, finansiering, praktisk villkorsefterlevnad och ändringsstyrning ligger hos sökanden. Myndighetens egna besked ersätter inte beslutsspecifik startkontroll av hela projektet.;;;;;Ingen myndighetskontroll härleds ur denna åtgärd.;"FL 5–9 §§; MB 19 kap. 1–2 a §§; MPD-förordningen 3 §; Dir. 2026:13. Detaljstöd per faktiskt kopplad kontroll i kopplingsfilen.";2.2.0;mitigation;https://nic-esp.github.io/miljotillstandsrisker/data/riskregister.json;2026-09-30
R-B70-120-01:mitigation;"Härledd fältreferens; inte riskregistrets kanoniska item_id";R-B70-120-01;Konfliktlösning kräver villkorsändring eller ny prövning med egen processledtid;B70;B70-120;Lös beslutskonflikt eller omprojektera;Analysera först om konflikten kan lösas genom omprojektering inom befintliga besluts ramar (billigast och snabbast). Vid villkorsändring, avgränsa yrkandet strikt till konfliktpunkten för att undvika att öppna hela beslutet. Förhandla fram stöd hos tillsynsmyndigheten innan ansökan lämnas.;Utanför myndighetens kontrollansvar;"Sökanden/projektägaren; respektive tillsyns- eller sektorsorgan";Ingen del av originalförslaget övertas som myndighetskontroll.;Originalets föreslagna åtgärd kvarstår hos angiven aktör.;Samlad byggberedskap, rättigheter, finansiering, praktisk villkorsefterlevnad och ändringsstyrning ligger hos sökanden. Myndighetens egna besked ersätter inte beslutsspecifik startkontroll av hela projektet.;;;;;Ingen myndighetskontroll härleds ur denna åtgärd.;"FL 5–9 §§; MB 19 kap. 1–2 a §§; MPD-förordningen 3 §; Dir. 2026:13. Detaljstöd per faktiskt kopplad kontroll i kopplingsfilen.";2.2.0;mitigation;https://nic-esp.github.io/miljotillstandsrisker/data/riskregister.json;2026-09-30
R-B70-120-02:mitigation;"Härledd fältreferens; inte riskregistrets kanoniska item_id";R-B70-120-02;Omprojekteringen rubbar alternativ- och MKB-förutsättningarna i det ursprungliga tillståndet;B70;B70-120;Lös beslutskonflikt eller omprojektera;Gör en formell ändringsbedömning enligt MPF 1 kap. för varje omprojekteringsalternativ innan det väljs. Dokumentera att MKB:ns effektbedömningar fortfarande är giltiga eller komplettera dem proaktivt. Behåll det prövade alternativet som fallback tills den nya lösningens tillståndsmässighet är klarlagd.;Utanför myndighetens kontrollansvar;"Sökanden/projektägaren; respektive tillsyns- eller sektorsorgan";Ingen del av originalförslaget övertas som myndighetskontroll.;Originalets föreslagna åtgärd kvarstår hos angiven aktör.;Samlad byggberedskap, rättigheter, finansiering, praktisk villkorsefterlevnad och ändringsstyrning ligger hos sökanden. Myndighetens egna besked ersätter inte beslutsspecifik startkontroll av hela projektet.;;;;;Ingen myndighetskontroll härleds ur denna åtgärd.;"FL 5–9 §§; MB 19 kap. 1–2 a §§; MPD-förordningen 3 §; Dir. 2026:13. Detaljstöd per faktiskt kopplad kontroll i kopplingsfilen.";2.2.0;mitigation;https://nic-esp.github.io/miljotillstandsrisker/data/riskregister.json;2026-09-30
R-B70-130-01:mitigation;"Härledd fältreferens; inte riskregistrets kanoniska item_id";R-B70-130-01;legal_build_ready sätts på felaktig grund – förbisedd verkställighets- eller inhibitionsfråga;B70;B70-130;Fastställ legal byggberedskap;Kräv fyrögonprincip med oberoende juridisk signatur på underlaget till readiness-beslutet, inklusive dagsfärsk kontroll av diarier och överinstansbeslut. Dokumentera beslutsunderlaget per gate med datum och källa. Inför en formell återkallelserutin om någon underlagsstatus ändras efter flaggningen.;Utanför myndighetens kontrollansvar;"Sökanden/projektägaren; respektive tillsyns- eller sektorsorgan";Ingen del av originalförslaget övertas som myndighetskontroll.;Originalets föreslagna åtgärd kvarstår hos angiven aktör.;Samlad byggberedskap, rättigheter, finansiering, praktisk villkorsefterlevnad och ändringsstyrning ligger hos sökanden. Myndighetens egna besked ersätter inte beslutsspecifik startkontroll av hela projektet.;;;;;Ingen myndighetskontroll härleds ur denna åtgärd.;"FL 5–9 §§; MB 19 kap. 1–2 a §§; MPD-förordningen 3 §; Dir. 2026:13. Detaljstöd per faktiskt kopplad kontroll i kopplingsfilen.";2.2.0;mitigation;https://nic-esp.github.io/miljotillstandsrisker/data/riskregister.json;2026-09-30
R-B70-130-02:mitigation;"Härledd fältreferens; inte riskregistrets kanoniska item_id";R-B70-130-02;Readiness-beslutet fattas utan dokumenterad spårbarhet per gate;B70;B70-130;Fastställ legal byggberedskap;Fastställ byggberedskapen i ett signerat readiness-intyg med bilagd gate-för-gate-statusmatris (beslut, datum, källhänvisning, ansvarig kontrollant). Arkivera underlagen versionsstyrt. Inför kvartalsvis revalidering av intyget om byggstarten dröjer.;Utanför myndighetens kontrollansvar;"Sökanden/projektägaren; respektive tillsyns- eller sektorsorgan";Ingen del av originalförslaget övertas som myndighetskontroll.;Originalets föreslagna åtgärd kvarstår hos angiven aktör.;Samlad byggberedskap, rättigheter, finansiering, praktisk villkorsefterlevnad och ändringsstyrning ligger hos sökanden. Myndighetens egna besked ersätter inte beslutsspecifik startkontroll av hela projektet.;;;;;Ingen myndighetskontroll härleds ur denna åtgärd.;"FL 5–9 §§; MB 19 kap. 1–2 a §§; MPD-förordningen 3 §; Dir. 2026:13. Detaljstöd per faktiskt kopplad kontroll i kopplingsfilen.";2.2.0;mitigation;https://nic-esp.github.io/miljotillstandsrisker/data/riskregister.json;2026-09-30
R-B70-150-01:mitigation;"Härledd fältreferens; inte riskregistrets kanoniska item_id";R-B70-150-01;Restpunkten visar sig vara materiell och kräver ny prövning i stället för komplettering;B70;B70-150;Avhjälp praktisk tillståndsrelaterad restpunkt;Triagea varje restpunkt med juridisk sakkunskap direkt vid upptäckt: avhjälps inom befintligt beslut eller kräver nytt beslut? Kontakta berörd myndighet tidigt för att klarlägga hanteringsvägen innan arbete läggs på en komplettering som visar vara otillräcklig.;Delvis inom mandat efter avgränsning;"Sökanden och berörd myndighet; endast angiven myndighetsdel anpassas";Klargöra processvägen när en restfråga inom egen behörighet kräver materiell prövning.;Sökandens tekniska och juridiska omprojektering samt projektets samlade startbeslut.;Myndighetsdelen kan endast tillämpas inom egen rättslig behörighet. Sökandens tekniska och juridiska omprojektering samt projektets samlade startbeslut.;;MPM-01;;;"Anpassning kopplad till uttryckliga målposter; övriga kontroller är självständiga analysförslag.";"FL 5–9 §§; MB 19 kap. 1–2 a §§; MPD-förordningen 3 §; Dir. 2026:13. Detaljstöd per faktiskt kopplad kontroll i kopplingsfilen.";2.2.0;mitigation;https://nic-esp.github.io/miljotillstandsrisker/data/riskregister.json;2026-09-30
R-B70-END-01:mitigation;"Härledd fältreferens; inte riskregistrets kanoniska item_id";R-B70-END-01;Byggberedskapen urholkas av att tillståndet aldrig tas i anspråk innan fristens utgång;B70;B70-END;Praktiskt tillståndsmässigt byggberedd;Bevaka arbetstid, igångsättningstid och ett tidsbegränsat tillstånds sista giltighetsdag som separata frister. Ansök före fristens utgång enligt rätt bestämmelse: 24 kap. 2 § för arbetstid/igångsättningstid och 24 kap. 14 a § för en engångsförlängning av ett tidsbegränsat tillstånd.;Utanför myndighetens kontrollansvar;"Sökanden/projektägaren; respektive tillsyns- eller sektorsorgan";Ingen del av originalförslaget övertas som myndighetskontroll.;Originalets föreslagna åtgärd kvarstår hos angiven aktör.;Samlad byggberedskap, rättigheter, finansiering, praktisk villkorsefterlevnad och ändringsstyrning ligger hos sökanden. Myndighetens egna besked ersätter inte beslutsspecifik startkontroll av hela projektet.;;;;;Ingen myndighetskontroll härleds ur denna åtgärd.;"FL 5–9 §§; MB 19 kap. 1–2 a §§; MPD-förordningen 3 §; Dir. 2026:13. Detaljstöd per faktiskt kopplad kontroll i kopplingsfilen.";2.2.0;mitigation;https://nic-esp.github.io/miljotillstandsrisker/data/riskregister.json;2026-09-30
R-B70-G020-01:mitigation;"Härledd fältreferens; inte riskregistrets kanoniska item_id";R-B70-G020-01;Överklagande inkommer på sista fristdagen och ändrar finalitetsstatusen;B70;B70-G020;Är alla nödvändiga avgöranden slutliga eller verkställbara?;"Bevaka diarier och delgivning aktivt under hela överklagandeperioden; planera inte byggstart förrän fristerna utlöpt. Kartlägg tidigt tänkbara klagande och deras bevakningsmönster. Förhandla flexibla startvillkor i entreprenad- och finansieringsavtal som tål fristdagsöverklaganden.";Utanför myndighetens kontrollansvar;"Sökanden/projektägaren; respektive tillsyns- eller sektorsorgan";Ingen del av originalförslaget övertas som myndighetskontroll.;Originalets föreslagna åtgärd kvarstår hos angiven aktör.;Samlad byggberedskap, rättigheter, finansiering, praktisk villkorsefterlevnad och ändringsstyrning ligger hos sökanden. Myndighetens egna besked ersätter inte beslutsspecifik startkontroll av hela projektet.;;;MPM-13;;Självständig kontroll finns för risken, men är inte en övertagen originalåtgärd.;"FL 5–9 §§; MB 19 kap. 1–2 a §§; MPD-förordningen 3 §; Dir. 2026:13. Detaljstöd per faktiskt kopplad kontroll i kopplingsfilen.";2.2.0;mitigation;https://nic-esp.github.io/miljotillstandsrisker/data/riskregister.json;2026-09-30
R-B70-G020-02:mitigation;"Härledd fältreferens; inte riskregistrets kanoniska item_id";R-B70-G020-02;Verkställbarhetsbedömningen av icke lagakraftvunna beslut blir fel;B70;B70-G020;Är alla nödvändiga avgöranden slutliga eller verkställbara?;Läs domslutet och kontrollera att ett uttryckligt verkställighetsförordnande finns. Bedöm därefter villkor, eventuell säkerhet, överklagande och MÖD:s möjlighet att undanröja förordnandet innan irreversibla åtgärder påbörjas.;Utanför myndighetens kontrollansvar;"Sökanden/projektägaren; respektive tillsyns- eller sektorsorgan";Ingen del av originalförslaget övertas som myndighetskontroll.;Originalets föreslagna åtgärd kvarstår hos angiven aktör.;Samlad byggberedskap, rättigheter, finansiering, praktisk villkorsefterlevnad och ändringsstyrning ligger hos sökanden. Myndighetens egna besked ersätter inte beslutsspecifik startkontroll av hela projektet.;;;;;Ingen myndighetskontroll härleds ur denna åtgärd.;"FL 5–9 §§; MB 19 kap. 1–2 a §§; MPD-förordningen 3 §; Dir. 2026:13. Detaljstöd per faktiskt kopplad kontroll i kopplingsfilen.";2.2.0;mitigation;https://nic-esp.github.io/miljotillstandsrisker/data/riskregister.json;2026-09-30
R-B70-G020-03:mitigation;"Härledd fältreferens; inte riskregistrets kanoniska item_id";R-B70-G020-03;Återförvisning från överinstans river upp hela beslutspaketet;B70;B70-G020;Är alla nödvändiga avgöranden slutliga eller verkställbara?;Gör en återförvisningsriskbedömning av ansökningsunderlagets svagaste punkter innan finalitetsplanering. Håll utredningsteamet delvis mobiliserat tills laga kraft inträtt. Säkerställ att kompletteringar kan produceras snabbt och att kontaktytor mot prövningsinstanserna är etablerade.;Utanför myndighetens kontrollansvar;"Sökanden/projektägaren; respektive tillsyns- eller sektorsorgan";Ingen del av originalförslaget övertas som myndighetskontroll.;Originalets föreslagna åtgärd kvarstår hos angiven aktör.;Samlad byggberedskap, rättigheter, finansiering, praktisk villkorsefterlevnad och ändringsstyrning ligger hos sökanden. Myndighetens egna besked ersätter inte beslutsspecifik startkontroll av hela projektet.;;;MPM-16;;Självständig kontroll finns för risken, men är inte en övertagen originalåtgärd.;"FL 5–9 §§; MB 19 kap. 1–2 a §§; MPD-förordningen 3 §; Dir. 2026:13. Detaljstöd per faktiskt kopplad kontroll i kopplingsfilen.";2.2.0;mitigation;https://nic-esp.github.io/miljotillstandsrisker/data/riskregister.json;2026-09-30
R-B70-G050-01:mitigation;"Härledd fältreferens; inte riskregistrets kanoniska item_id";R-B70-G050-01;Säkerhet som krävs för giltighet eller start är inte ställd eller godkänd;B70;B70-G050;Är säkerheter och förhandsbesked godkända?;Identifiera den konkreta säkerhetsregeln och läs domslutet ordagrant. Dokumentera belopp, säkerhetsform, mottagande myndighet, godkännande och om giltighet eller start uttryckligen gjorts beroende av säkerheten.;Delvis inom mandat efter avgränsning;"Sökanden och berörd myndighet; endast angiven myndighetsdel anpassas";Klargöra krav och följa plan för egna säkerhetsprövningar och förstartsgodkännanden.;"Sökandens garantier, pengar och handlingar; inga garantier om bankens åtagande eller andra myndigheters beslut.";"Myndighetsdelen kan endast tillämpas inom egen rättslig behörighet. Sökandens garantier, pengar och handlingar; inga garantier om bankens åtagande eller andra myndigheters beslut.";;MPM-15;;;"Anpassning kopplad till uttryckliga målposter; övriga kontroller är självständiga analysförslag.";"FL 5–9 §§; MB 19 kap. 1–2 a §§; MPD-förordningen 3 §; Dir. 2026:13. Detaljstöd per faktiskt kopplad kontroll i kopplingsfilen.";2.2.0;mitigation;https://nic-esp.github.io/miljotillstandsrisker/data/riskregister.json;2026-09-30
R-B70-G050-02:mitigation;"Härledd fältreferens; inte riskregistrets kanoniska item_id";R-B70-G050-02;Godkännande av förstartshandlingar tar längre tid än planerat;B70;B70-G050;Är säkerheter och förhandsbesked godkända?;Lämna in förstartshandlingar med den framförhållning som den aktuella myndighetsprognosen motiverar. Stäm av underlagets innehåll före inlämning och följ upp ärendet mot den plan som myndigheten lämnar.;Delvis inom mandat efter avgränsning;"Sökanden och berörd myndighet; endast angiven myndighetsdel anpassas";Klargöra krav och följa plan för egna säkerhetsprövningar och förstartsgodkännanden.;"Sökandens garantier, pengar och handlingar; inga garantier om bankens åtagande eller andra myndigheters beslut.";"Myndighetsdelen kan endast tillämpas inom egen rättslig behörighet. Sökandens garantier, pengar och handlingar; inga garantier om bankens åtagande eller andra myndigheters beslut.";;MPM-15;;;"Anpassning kopplad till uttryckliga målposter; övriga kontroller är självständiga analysförslag.";"FL 5–9 §§; MB 19 kap. 1–2 a §§; MPD-förordningen 3 §; Dir. 2026:13. Detaljstöd per faktiskt kopplad kontroll i kopplingsfilen.";2.2.0;mitigation;https://nic-esp.github.io/miljotillstandsrisker/data/riskregister.json;2026-09-30
R-B70-G050-03:mitigation;"Härledd fältreferens; inte riskregistrets kanoniska item_id";R-B70-G050-03;Tillståndshavarens ekonomiska svikt underminerar säkerhets- och garantistrukturen;B70;B70-G050;Är säkerheter och förhandsbesked godkända?;Strukturera säkerheter oberoende av projektbolagets kreditstatus (bank- eller försäkringsgarantier i stället för moderbolagsborgen). Följ bolagets finansiella utveckling som en riskindikator i B70-arbetet. Upprätta kontaktyta med tillsynsmyndigheten tidigt om finansieringsläget förändras.;Utanför myndighetens kontrollansvar;"Sökanden/projektägaren; respektive tillsyns- eller sektorsorgan";Ingen del av originalförslaget övertas som myndighetskontroll.;Originalets föreslagna åtgärd kvarstår hos angiven aktör.;Samlad byggberedskap, rättigheter, finansiering, praktisk villkorsefterlevnad och ändringsstyrning ligger hos sökanden. Myndighetens egna besked ersätter inte beslutsspecifik startkontroll av hela projektet.;;;;;Ingen myndighetskontroll härleds ur denna åtgärd.;"FL 5–9 §§; MB 19 kap. 1–2 a §§; MPD-förordningen 3 §; Dir. 2026:13. Detaljstöd per faktiskt kopplad kontroll i kopplingsfilen.";2.2.0;mitigation;https://nic-esp.github.io/miljotillstandsrisker/data/riskregister.json;2026-09-30
R-B70-G070-01:mitigation;"Härledd fältreferens; inte riskregistrets kanoniska item_id";R-B70-G070-01;Markägare vägrar avtal – ledningsrättsspåret försenar genomföranderätten;B70;B70-G070;Är markåtkomst och genomföranderätt säkrad?;Påbörja avtalsförhandlingar parallellt med tillståndsprocessen, inte efter laga kraft. Ansök om förrättning tidigt där motstånd är känt, och körbana-separera projektet så att osäkrade fastigheter inte ligger på kritiska linjen. Budgetera för överklagade förrättningsbeslut i tidplanen.;Utanför myndighetens kontrollansvar;"Sökanden/projektägaren; respektive tillsyns- eller sektorsorgan";Ingen del av originalförslaget övertas som myndighetskontroll.;Originalets föreslagna åtgärd kvarstår hos angiven aktör.;Samlad byggberedskap, rättigheter, finansiering, praktisk villkorsefterlevnad och ändringsstyrning ligger hos sökanden. Myndighetens egna besked ersätter inte beslutsspecifik startkontroll av hela projektet.;;;;;Ingen myndighetskontroll härleds ur denna åtgärd.;"FL 5–9 §§; MB 19 kap. 1–2 a §§; MPD-förordningen 3 §; Dir. 2026:13. Detaljstöd per faktiskt kopplad kontroll i kopplingsfilen.";2.2.0;mitigation;https://nic-esp.github.io/miljotillstandsrisker/data/riskregister.json;2026-09-30
R-B70-G070-02:mitigation;"Härledd fältreferens; inte riskregistrets kanoniska item_id";R-B70-G070-02;Samebyrättigheter och renskötselns rådighet är inte hanterade i genomförandeplanen;B70;B70-G070;Är markåtkomst och genomföranderätt säkrad?;Upprätta formella samverkansavtal med berörda samebyar före byggstart, med tidsplaner anpassade till betes- och flyttperioder. Verifiera att tillståndets samtliga renskötselvillkor är omsatta i entreprenadavtal och arbetsplaner. Utse dedikerad samverkansansvarig med mandat att lösa konflikter operativt.;Utanför myndighetens kontrollansvar;"Sökanden/projektägaren; respektive tillsyns- eller sektorsorgan";Ingen del av originalförslaget övertas som myndighetskontroll.;Originalets föreslagna åtgärd kvarstår hos angiven aktör.;Samlad byggberedskap, rättigheter, finansiering, praktisk villkorsefterlevnad och ändringsstyrning ligger hos sökanden. Myndighetens egna besked ersätter inte beslutsspecifik startkontroll av hela projektet.;;;;;Ingen myndighetskontroll härleds ur denna åtgärd.;"FL 5–9 §§; MB 19 kap. 1–2 a §§; MPD-förordningen 3 §; Dir. 2026:13. Detaljstöd per faktiskt kopplad kontroll i kopplingsfilen.";2.2.0;mitigation;https://nic-esp.github.io/miljotillstandsrisker/data/riskregister.json;2026-09-30
R-B70-G070-03:mitigation;"Härledd fältreferens; inte riskregistrets kanoniska item_id";R-B70-G070-03;Rättighetsbilden visar sig vara felaktig eller ofullständig i lagfarts- och servitutsgranskningen;B70;B70-G070;Är markåtkomst och genomföranderätt säkrad?;Beställ en oberoende fastighetsrättslig slutgranskning (lagfarts-, servituts- och gemensamhetsanalys) som en egen leverans i B70, inte som en del av tillståndsarbetet. Håll rättighetsdatabasen levande under hela processen med återkommande utdrag ur fastighetsregistret.;Utanför myndighetens kontrollansvar;"Sökanden/projektägaren; respektive tillsyns- eller sektorsorgan";Ingen del av originalförslaget övertas som myndighetskontroll.;Originalets föreslagna åtgärd kvarstår hos angiven aktör.;Samlad byggberedskap, rättigheter, finansiering, praktisk villkorsefterlevnad och ändringsstyrning ligger hos sökanden. Myndighetens egna besked ersätter inte beslutsspecifik startkontroll av hela projektet.;;;;;Ingen myndighetskontroll härleds ur denna åtgärd.;"FL 5–9 §§; MB 19 kap. 1–2 a §§; MPD-förordningen 3 §; Dir. 2026:13. Detaljstöd per faktiskt kopplad kontroll i kopplingsfilen.";2.2.0;mitigation;https://nic-esp.github.io/miljotillstandsrisker/data/riskregister.json;2026-09-30
R-B70-G090-01:mitigation;"Härledd fältreferens; inte riskregistrets kanoniska item_id";R-B70-G090-01;Startbesked kan inte meddelas trots beviljat bygglov;B70;B70-G090;Är PBL- och sektorsspecifika startgates klara?;Kontrollera separat att lovet gäller, att inget villkor enligt 9 kap. 81–82 eller 114 §§ blockerar start, att beslutet inte är inhiberat och att ett startbesked som omfattar den aktuella delen har meddelats.;Utanför myndighetens kontrollansvar;"Sökanden/projektägaren; respektive tillsyns- eller sektorsorgan";Ingen del av originalförslaget övertas som myndighetskontroll.;Originalets föreslagna åtgärd kvarstår hos angiven aktör.;Samlad byggberedskap, rättigheter, finansiering, praktisk villkorsefterlevnad och ändringsstyrning ligger hos sökanden. Myndighetens egna besked ersätter inte beslutsspecifik startkontroll av hela projektet.;;;;;Ingen myndighetskontroll härleds ur denna åtgärd.;"FL 5–9 §§; MB 19 kap. 1–2 a §§; MPD-förordningen 3 §; Dir. 2026:13. Detaljstöd per faktiskt kopplad kontroll i kopplingsfilen.";2.2.0;mitigation;https://nic-esp.github.io/miljotillstandsrisker/data/riskregister.json;2026-09-30
R-B70-G090-02:mitigation;"Härledd fältreferens; inte riskregistrets kanoniska item_id";R-B70-G090-02;Detaljplanens laga kraft saknas eller planen överprövas av länsstyrelsen;B70;B70-G090;Är PBL- och sektorsspecifika startgates klara?;Bevaka både den vanliga överklagandetiden och länsstyrelsens treveckorsfrist. Dokumentera länsstyrelsens beslut att inte överpröva eller det slutliga utfallet av överprövningen innan planen används som lagakraftvunnen startgate.;Utanför myndighetens kontrollansvar;"Sökanden/projektägaren; respektive tillsyns- eller sektorsorgan";Ingen del av originalförslaget övertas som myndighetskontroll.;Originalets föreslagna åtgärd kvarstår hos angiven aktör.;Samlad byggberedskap, rättigheter, finansiering, praktisk villkorsefterlevnad och ändringsstyrning ligger hos sökanden. Myndighetens egna besked ersätter inte beslutsspecifik startkontroll av hela projektet.;;;;;Ingen myndighetskontroll härleds ur denna åtgärd.;"FL 5–9 §§; MB 19 kap. 1–2 a §§; MPD-förordningen 3 §; Dir. 2026:13. Detaljstöd per faktiskt kopplad kontroll i kopplingsfilen.";2.2.0;mitigation;https://nic-esp.github.io/miljotillstandsrisker/data/riskregister.json;2026-09-30
R-B70-G090-03:mitigation;"Härledd fältreferens; inte riskregistrets kanoniska item_id";R-B70-G090-03;Sektorsbeslutet har ännu inte fått laga kraft eller kan inte tas i anspråk;B70;B70-G090;Är PBL- och sektorsspecifika startgates klara?;Verifiera för varje sektorsbeslut tre status separat: fattat, slutligt (laga kraft/motsvarande), och villkorsuppfyllt. Bevaka policy- och säkerhetsläget för projekttypen och försök få skriftliga besked från sektorsmyndigheterna om kvarstående hinder. Bygg beslutsberoendekedjan explicit så att sammankopplade beslut (t.ex. koncession ↔ nätanslutning) inte rapporteras som klara var för sig.;Utanför myndighetens kontrollansvar;"Sökanden/projektägaren; respektive tillsyns- eller sektorsorgan";Ingen del av originalförslaget övertas som myndighetskontroll.;Originalets föreslagna åtgärd kvarstår hos angiven aktör.;Samlad byggberedskap, rättigheter, finansiering, praktisk villkorsefterlevnad och ändringsstyrning ligger hos sökanden. Myndighetens egna besked ersätter inte beslutsspecifik startkontroll av hela projektet.;;;;;Ingen myndighetskontroll härleds ur denna åtgärd.;"FL 5–9 §§; MB 19 kap. 1–2 a §§; MPD-förordningen 3 §; Dir. 2026:13. Detaljstöd per faktiskt kopplad kontroll i kopplingsfilen.";2.2.0;mitigation;https://nic-esp.github.io/miljotillstandsrisker/data/riskregister.json;2026-09-30
R-B70-G110-01:mitigation;"Härledd fältreferens; inte riskregistrets kanoniska item_id";R-B70-G110-01;Geografisk eller kapacitetsmässig konflikt mellan tillstånd, plan och koncession;B70;B70-G110;Är samtliga beslut och villkor inbördes förenliga?;Genomför den geografiska förenlighetskontrollen koordinatsatt (GIS) mot samtliga besluts kartbilagor, inte mot textbeskrivningar. Jämför kapacitetstal i en strukturerad tabell per beslut. Eskalera varje avvikelse, även små, till juridisk bedömning innan B70-130.;Delvis inom mandat efter avgränsning;"Sökanden och berörd myndighet; endast angiven myndighetsdel anpassas";Kontrollera egna villkors och kartbilagors förenlighet med kända prövade parametrar.;"Sökandens GIS, konstruktionsplan och samlade byggbarhetskontroll; ingen makt att ändra koncession eller PBL-beslut.";"Myndighetsdelen kan endast tillämpas inom egen rättslig behörighet. Sökandens GIS, konstruktionsplan och samlade byggbarhetskontroll; ingen makt att ändra koncession eller PBL-beslut.";;MPM-12;;;"Anpassning kopplad till uttryckliga målposter; övriga kontroller är självständiga analysförslag.";"FL 5–9 §§; MB 19 kap. 1–2 a §§; MPD-förordningen 3 §; Dir. 2026:13. Detaljstöd per faktiskt kopplad kontroll i kopplingsfilen.";2.2.0;mitigation;https://nic-esp.github.io/miljotillstandsrisker/data/riskregister.json;2026-09-30
R-B70-G110-02:mitigation;"Härledd fältreferens; inte riskregistrets kanoniska item_id";R-B70-G110-02;Igångsättningstid eller arbetstid löper ut innan de övriga gates är klara;B70;B70-G110;Är samtliga beslut och villkor inbördes förenliga?;För en samlad fristkalender, men klassificera varje frist som arbetstid, igångsättningstid eller tillståndets giltighetstid. Ansök i tid enligt rätt paragraf och med utredning som svarar mot just den bestämmelsens rekvisit.;Utanför myndighetens kontrollansvar;"Sökanden/projektägaren; respektive tillsyns- eller sektorsorgan";Ingen del av originalförslaget övertas som myndighetskontroll.;Originalets föreslagna åtgärd kvarstår hos angiven aktör.;Samlad byggberedskap, rättigheter, finansiering, praktisk villkorsefterlevnad och ändringsstyrning ligger hos sökanden. Myndighetens egna besked ersätter inte beslutsspecifik startkontroll av hela projektet.;;;;;Ingen myndighetskontroll härleds ur denna åtgärd.;"FL 5–9 §§; MB 19 kap. 1–2 a §§; MPD-förordningen 3 §; Dir. 2026:13. Detaljstöd per faktiskt kopplad kontroll i kopplingsfilen.";2.2.0;mitigation;https://nic-esp.github.io/miljotillstandsrisker/data/riskregister.json;2026-09-30
R-B70-G110-03:mitigation;"Härledd fältreferens; inte riskregistrets kanoniska item_id";R-B70-G110-03;Skyddsåtgärd i ett beslut blockerar fysiskt genomförande i ett annat;B70;B70-G110;Är samtliga beslut och villkor inbördes förenliga?;Verkställbarhetsgranska alla skydds- och kompensationsvillkor mot genomförandegeometrin redan när besluten fattas. Kräv att villkorsförslagen i ansökningsfasen åtföljs av en genomförandeplan. Involvera både ekologisk och konstruktionssakkunskap i förenlighetskontrollen.;Delvis inom mandat efter avgränsning;"Sökanden och berörd myndighet; endast angiven myndighetsdel anpassas";Kontrollera egna villkors och kartbilagors förenlighet med kända prövade parametrar.;"Sökandens GIS, konstruktionsplan och samlade byggbarhetskontroll; ingen makt att ändra koncession eller PBL-beslut.";"Myndighetsdelen kan endast tillämpas inom egen rättslig behörighet. Sökandens GIS, konstruktionsplan och samlade byggbarhetskontroll; ingen makt att ändra koncession eller PBL-beslut.";;MPM-12;;;"Anpassning kopplad till uttryckliga målposter; övriga kontroller är självständiga analysförslag.";"FL 5–9 §§; MB 19 kap. 1–2 a §§; MPD-förordningen 3 §; Dir. 2026:13. Detaljstöd per faktiskt kopplad kontroll i kopplingsfilen.";2.2.0;mitigation;https://nic-esp.github.io/miljotillstandsrisker/data/riskregister.json;2026-09-30
R-B70-G140-01:mitigation;"Härledd fältreferens; inte riskregistrets kanoniska item_id";R-B70-G140-01;Villkorskrav på teknisk utrustning eller övervakning kan inte levereras i tid;B70;B70-G140;Är även praktiska tillståndsförutsättningar uppfyllda?;Beställ villkorad utrustning med lång ledtid direkt efter laga kraft, inte efter readiness-beslutet. Verifiera i den praktiska kontrollen att varje förstartsvillkor har en namngiven leveransväg och ett datum. Planera byggsekvensen så att villkorsberoende moment startar sist.;Utanför myndighetens kontrollansvar;"Sökanden/projektägaren; respektive tillsyns- eller sektorsorgan";Ingen del av originalförslaget övertas som myndighetskontroll.;Originalets föreslagna åtgärd kvarstår hos angiven aktör.;Samlad byggberedskap, rättigheter, finansiering, praktisk villkorsefterlevnad och ändringsstyrning ligger hos sökanden. Myndighetens egna besked ersätter inte beslutsspecifik startkontroll av hela projektet.;;;;;Ingen myndighetskontroll härleds ur denna åtgärd.;"FL 5–9 §§; MB 19 kap. 1–2 a §§; MPD-förordningen 3 §; Dir. 2026:13. Detaljstöd per faktiskt kopplad kontroll i kopplingsfilen.";2.2.0;mitigation;https://nic-esp.github.io/miljotillstandsrisker/data/riskregister.json;2026-09-30
R-B70-G140-02:mitigation;"Härledd fältreferens; inte riskregistrets kanoniska item_id";R-B70-G140-02;Klimat- eller säsongsfönster för villkorad fältverifiering missas;B70;B70-G140;Är även praktiska tillståndsförutsättningar uppfyllda?;Kartlägg alla säsongs- och väderberoende villkor i en egen fönsterkalender med marginaler. Genomför verifieringar i första möjliga fönster hellre än i det sista. Förhandla med tillsynsmyndigheten om alternativa verifieringsmetoder när fönstret missats.;Utanför myndighetens kontrollansvar;"Sökanden/projektägaren; respektive tillsyns- eller sektorsorgan";Ingen del av originalförslaget övertas som myndighetskontroll.;Originalets föreslagna åtgärd kvarstår hos angiven aktör.;Samlad byggberedskap, rättigheter, finansiering, praktisk villkorsefterlevnad och ändringsstyrning ligger hos sökanden. Myndighetens egna besked ersätter inte beslutsspecifik startkontroll av hela projektet.;"Alternativ verifieringsmetod kräver stöd i tillämpliga villkor och befogenheter; informell förhandling undanröjer inte bindande krav.";;;;Ingen myndighetskontroll härleds ur denna åtgärd.;"FL 5–9 §§; MB 19 kap. 1–2 a §§; MPD-förordningen 3 §; Dir. 2026:13. Detaljstöd per faktiskt kopplad kontroll i kopplingsfilen.";2.2.0;mitigation;https://nic-esp.github.io/miljotillstandsrisker/data/riskregister.json;2026-09-30
R-B70-START-01:mitigation;"Härledd fältreferens; inte riskregistrets kanoniska item_id";R-B70-START-01;"Spår rapporterar ""slutligt"" beslut som fortfarande är överklagbart";B70;B70-START;Slutliga utfall från huvud- och parallellspår;Inför en gemensam statusdefinition (beslut fattat / överklagbar / överklagat / laga kraft / verkställbart) som varje spår måste använda. Kräv dokumenterad finalitetsverifiering per beslut, inte per spår, med datum för delgivning och kungörelse. Låt juridisk sakkunnig signera statusrapporten innan B70-010 påbörjas.;Utanför myndighetens kontrollansvar;"Sökanden/projektägaren; respektive tillsyns- eller sektorsorgan";Ingen del av originalförslaget övertas som myndighetskontroll.;Originalets föreslagna åtgärd kvarstår hos angiven aktör.;Samlad byggberedskap, rättigheter, finansiering, praktisk villkorsefterlevnad och ändringsstyrning ligger hos sökanden. Myndighetens egna besked ersätter inte beslutsspecifik startkontroll av hela projektet.;;;;;Ingen myndighetskontroll härleds ur denna åtgärd.;"FL 5–9 §§; MB 19 kap. 1–2 a §§; MPD-förordningen 3 §; Dir. 2026:13. Detaljstöd per faktiskt kopplad kontroll i kopplingsfilen.";2.2.0;mitigation;https://nic-esp.github.io/miljotillstandsrisker/data/riskregister.json;2026-09-30
