koppling_id;kontroll_id;kontroll;scenario;risk_id;risk;process_id;process;nod_id;nod;malpost_id;malpost_typ;malpost_ordning;malpost_text;mitigeringsrelation;kopplingsmotivering;kontrollbeskrivning;ansvarsgrans;rattsligt_stod;matetal;verifikationsunderlag;s0_s1_skillnad;utlosare_frekvens;kontrollagare;nodaktor_s0;malpost_evidens;malpost_kallor;tillampningsvillkor;effekthypotes;kvantifierad_effekt;exponering;dubbelrakning;mandatstatus;kontrollstatus;granskningsstatus;kallor_mandat;riskregister_version;riskregister_url;verifieringsdatum;atgardsreferens;befintligt_atgardsforslag;atgardsbedomning;kontrollens_relation_till_atgardsforslaget;beaktad_myndighetsdel;avgransning_av_originalforslaget;sarskild_avgransning_original
MPM-01__R-B10-050-01:trigger:02;MPM-01;Dokumenterad och avgränsad processvägledning;S1_beslutat_uppdrag;R-B10-050-01;Muntliga myndighetsråd i tidig dialog tas för bindande besked;B10;B10 – Förstudie och prövningsväg;B10-050;Tidig dialog med myndigheter och kommun;R-B10-050-01:trigger:02;utlösande faktor;2;Myndigheten lämnar informella synpunkter under samrådet som tolkas som godkända avgränsningar för den formella prövningen.;Indirekt via information;Skriftligt besked med uttrycklig rättslig status minskar risken att myndighetens preliminära information behandlas som tillstånd.;Ge skriftlig service om mottagare, underlagskrav och förfarandet. Ange datum, faktiska förutsättningar och om svaret är information eller ett formellt beslut. Hänvisa frågor utanför behörigheten till rätt instans.;Utformar inte sökandens ansökan, lokaliseringsval eller tillståndsstrategi. Lämnar inte bindande förhandsbesked utan särskilt lagstöd.;"FL 5–8 och 27 §§; MB 2 kap. 1 §";"Andel relevanta servicekontakter dokumenterade; felaktiga inlämningar per 100 kontakter";Serviceärenden, dokumenterade svar och uppföljda felinlämningar;Service finns i S0. Mät endast mer enhetliga och spårbara besked inom samma ärendetyper.;Vid servicekontakt före eller under ärende;Miljöprövningsmyndigheten;Projektägare, länsstyrelse, kommun och tillsynsmyndighet;analysis;;Endast myndighetens egna servicekontakter, inte länsstyrelsens samrådsbesked.;Minskad sannolikhet för den påverkbara delen;"Ej skattad; kräver mätning mot S0";"Samma normaliserade typårsportfölj i S0 och S1; särredovisa den andel där myndigheten har befogenhet";Kopplingsrader är inte additiva effekter. Gemensamma kostnader och överlappande kontroller ska räknas en gång.;"Beslutad organisationsinriktning och lagändringar för start 2027-07-01; detaljerad kontrollutformning är analysförslag";"Föreslagen kontroll; genomförande och effekt inte verifierade";"Käll- och strukturkontrollerad; inbyggd adversarial review ej tillgänglig";https://www.riksdagen.se/sv/dokument-och-lagar/dokument/kommittedirektiv/inrattande-av-en-ny-myndighet-for-miljoprovning_heb113/ | https://www.riksdagen.se/sv/dokument-och-lagar/dokument/svensk-forfattningssamling/miljobalk-1998808_sfs-1998-808/ | https://www.riksdagen.se/sv/dokument-och-lagar/dokument/svensk-forfattningssamling/forvaltningslag-2017900_sfs-2017-900/;2.2.0;https://nic-esp.github.io/miljotillstandsrisker/data/riskregister-items.csv;2026-09-30;R-B10-050-01:mitigation;Dokumentera alla dialoger skriftligt, be myndigheten bekräfta centrala ståndpunkter skriftligt, och behandla informella besked som hypoteser som ska verifieras i formella beslutspunkter (BMP, avgränsning) snarare än som löften.;Delvis inom mandat efter avgränsning;Anpassning av befintligt förslag, avgränsad till myndighetens del;Dokumentera egen processvägledning och de förutsättningar den bygger på.;"Sökandens klassificering och underlag; bindande förhandsbesked utan lagstöd; styrning av tillsynsmyndighet.";
MPM-01__R-B10-050-01:trigger:03;MPM-01;Dokumenterad och avgränsad processvägledning;S1_beslutat_uppdrag;R-B10-050-01;Muntliga myndighetsråd i tidig dialog tas för bindande besked;B10;B10 – Förstudie och prövningsväg;B10-050;Tidig dialog med myndigheter och kommun;R-B10-050-01:trigger:03;utlösande faktor;3;Projektägaren behandlar en preliminär myndighetsbedömning som om den vore ett bindande tillståndsbeslut.;Indirekt via information;Skriftligt besked med uttrycklig rättslig status minskar risken att myndighetens preliminära information behandlas som tillstånd.;Ge skriftlig service om mottagare, underlagskrav och förfarandet. Ange datum, faktiska förutsättningar och om svaret är information eller ett formellt beslut. Hänvisa frågor utanför behörigheten till rätt instans.;Utformar inte sökandens ansökan, lokaliseringsval eller tillståndsstrategi. Lämnar inte bindande förhandsbesked utan särskilt lagstöd.;"FL 5–8 och 27 §§; MB 2 kap. 1 §";"Andel relevanta servicekontakter dokumenterade; felaktiga inlämningar per 100 kontakter";Serviceärenden, dokumenterade svar och uppföljda felinlämningar;Service finns i S0. Mät endast mer enhetliga och spårbara besked inom samma ärendetyper.;Vid servicekontakt före eller under ärende;Miljöprövningsmyndigheten;Projektägare, länsstyrelse, kommun och tillsynsmyndighet;analysis;;Endast myndighetens egna servicekontakter, inte länsstyrelsens samrådsbesked.;Minskad sannolikhet för den påverkbara delen;"Ej skattad; kräver mätning mot S0";"Samma normaliserade typårsportfölj i S0 och S1; särredovisa den andel där myndigheten har befogenhet";Kopplingsrader är inte additiva effekter. Gemensamma kostnader och överlappande kontroller ska räknas en gång.;"Beslutad organisationsinriktning och lagändringar för start 2027-07-01; detaljerad kontrollutformning är analysförslag";"Föreslagen kontroll; genomförande och effekt inte verifierade";"Käll- och strukturkontrollerad; inbyggd adversarial review ej tillgänglig";https://www.riksdagen.se/sv/dokument-och-lagar/dokument/kommittedirektiv/inrattande-av-en-ny-myndighet-for-miljoprovning_heb113/ | https://www.riksdagen.se/sv/dokument-och-lagar/dokument/svensk-forfattningssamling/miljobalk-1998808_sfs-1998-808/ | https://www.riksdagen.se/sv/dokument-och-lagar/dokument/svensk-forfattningssamling/forvaltningslag-2017900_sfs-2017-900/;2.2.0;https://nic-esp.github.io/miljotillstandsrisker/data/riskregister-items.csv;2026-09-30;R-B10-050-01:mitigation;Dokumentera alla dialoger skriftligt, be myndigheten bekräfta centrala ståndpunkter skriftligt, och behandla informella besked som hypoteser som ska verifieras i formella beslutspunkter (BMP, avgränsning) snarare än som löften.;Delvis inom mandat efter avgränsning;Anpassning av befintligt förslag, avgränsad till myndighetens del;Dokumentera egen processvägledning och de förutsättningar den bygger på.;"Sökandens klassificering och underlag; bindande förhandsbesked utan lagstöd; styrning av tillsynsmyndighet.";
MPM-01__R-B10-060-01:trigger:01;MPM-01;Dokumenterad och avgränsad processvägledning;S1_beslutat_uppdrag;R-B10-060-01;Felklassificering av verksamhetskod skickar ansökan till fel instans;B10;B10 – Förstudie och prövningsväg;B10-060;Klassificera huvudverksamheter och åtgärder;R-B10-060-01:trigger:01;utlösande faktor;1;Verksamheten klassificeras felaktigt som anmälningspliktig C-verksamhet trots att den uppfyller en bestämmelse om tillståndsplikt A eller B.;Indirekt via information;"Saklig vägledning kan minska felaktig kodtolkning; verksamhetsutövaren ansvarar fortfarande för klassificeringsunderlaget.";Ge skriftlig service om mottagare, underlagskrav och förfarandet. Ange datum, faktiska förutsättningar och om svaret är information eller ett formellt beslut. Hänvisa frågor utanför behörigheten till rätt instans.;Utformar inte sökandens ansökan, lokaliseringsval eller tillståndsstrategi. Lämnar inte bindande förhandsbesked utan särskilt lagstöd.;"FL 5–8 och 27 §§; MB 2 kap. 1 §";"Andel relevanta servicekontakter dokumenterade; felaktiga inlämningar per 100 kontakter";Serviceärenden, dokumenterade svar och uppföljda felinlämningar;Service finns i S0. Mät endast mer enhetliga och spårbara besked inom samma ärendetyper.;Vid servicekontakt före eller under ärende;Miljöprövningsmyndigheten;Projektägare med juridisk sakkunskap;source;MPF;Endast egen behörig prövning av övertagna MPD-ärenden eller service knuten till denna. Övriga delar av riskpostens population kvarstår.;Minskad sannolikhet för den påverkbara delen;"Ej skattad; kräver mätning mot S0";"Samma normaliserade typårsportfölj i S0 och S1; särredovisa den andel där myndigheten har befogenhet";Kopplingsrader är inte additiva effekter. Gemensamma kostnader och överlappande kontroller ska räknas en gång.;"Beslutad organisationsinriktning och lagändringar för start 2027-07-01; detaljerad kontrollutformning är analysförslag";"Föreslagen kontroll; genomförande och effekt inte verifierade";"Käll- och strukturkontrollerad; inbyggd adversarial review ej tillgänglig";https://www.riksdagen.se/sv/dokument-och-lagar/dokument/kommittedirektiv/inrattande-av-en-ny-myndighet-for-miljoprovning_heb113/ | https://www.riksdagen.se/sv/dokument-och-lagar/dokument/svensk-forfattningssamling/miljobalk-1998808_sfs-1998-808/ | https://www.riksdagen.se/sv/dokument-och-lagar/dokument/svensk-forfattningssamling/forvaltningslag-2017900_sfs-2017-900/;2.2.0;https://nic-esp.github.io/miljotillstandsrisker/data/riskregister-items.csv;2026-09-30;R-B10-060-01:mitigation;Låt juridisk sakkunskap göra en dokumenterad kodmatris mot MPF:s samtliga sektorskapitel, verifiera gränsfall med länsstyrelsen i tidig dialog och dimensionera klassificeringen så att marginaler mot klassgränser hanteras uttryckligen.;Delvis inom mandat efter avgränsning;Anpassning av befintligt förslag, avgränsad till myndighetens del;Dokumentera egen processvägledning och de förutsättningar den bygger på.;"Sökandens klassificering och underlag; bindande förhandsbesked utan lagstöd; styrning av tillsynsmyndighet.";
MPM-01__R-B10-060-01:trigger:03;MPM-01;Dokumenterad och avgränsad processvägledning;S1_beslutat_uppdrag;R-B10-060-01;Felklassificering av verksamhetskod skickar ansökan till fel instans;B10;B10 – Förstudie och prövningsväg;B10-060;Klassificera huvudverksamheter och åtgärder;R-B10-060-01:trigger:03;utlösande faktor;3;Den sektorsspecifika beräkningsregeln för den aktuella verksamhetskoden tillämpas fel, exempelvis genom att relevanta anläggningsdelar räknas var för sig trots att just den bestämmelsen kräver en annan beräkningsgrund.;Indirekt via information;"Saklig vägledning kan minska felaktig kodtolkning; verksamhetsutövaren ansvarar fortfarande för klassificeringsunderlaget.";Ge skriftlig service om mottagare, underlagskrav och förfarandet. Ange datum, faktiska förutsättningar och om svaret är information eller ett formellt beslut. Hänvisa frågor utanför behörigheten till rätt instans.;Utformar inte sökandens ansökan, lokaliseringsval eller tillståndsstrategi. Lämnar inte bindande förhandsbesked utan särskilt lagstöd.;"FL 5–8 och 27 §§; MB 2 kap. 1 §";"Andel relevanta servicekontakter dokumenterade; felaktiga inlämningar per 100 kontakter";Serviceärenden, dokumenterade svar och uppföljda felinlämningar;Service finns i S0. Mät endast mer enhetliga och spårbara besked inom samma ärendetyper.;Vid servicekontakt före eller under ärende;Miljöprövningsmyndigheten;Projektägare med juridisk sakkunskap;source;MPF;Endast egen behörig prövning av övertagna MPD-ärenden eller service knuten till denna. Övriga delar av riskpostens population kvarstår.;Minskad sannolikhet för den påverkbara delen;"Ej skattad; kräver mätning mot S0";"Samma normaliserade typårsportfölj i S0 och S1; särredovisa den andel där myndigheten har befogenhet";Kopplingsrader är inte additiva effekter. Gemensamma kostnader och överlappande kontroller ska räknas en gång.;"Beslutad organisationsinriktning och lagändringar för start 2027-07-01; detaljerad kontrollutformning är analysförslag";"Föreslagen kontroll; genomförande och effekt inte verifierade";"Käll- och strukturkontrollerad; inbyggd adversarial review ej tillgänglig";https://www.riksdagen.se/sv/dokument-och-lagar/dokument/kommittedirektiv/inrattande-av-en-ny-myndighet-for-miljoprovning_heb113/ | https://www.riksdagen.se/sv/dokument-och-lagar/dokument/svensk-forfattningssamling/miljobalk-1998808_sfs-1998-808/ | https://www.riksdagen.se/sv/dokument-och-lagar/dokument/svensk-forfattningssamling/forvaltningslag-2017900_sfs-2017-900/;2.2.0;https://nic-esp.github.io/miljotillstandsrisker/data/riskregister-items.csv;2026-09-30;R-B10-060-01:mitigation;Låt juridisk sakkunskap göra en dokumenterad kodmatris mot MPF:s samtliga sektorskapitel, verifiera gränsfall med länsstyrelsen i tidig dialog och dimensionera klassificeringen så att marginaler mot klassgränser hanteras uttryckligen.;Delvis inom mandat efter avgränsning;Anpassning av befintligt förslag, avgränsad till myndighetens del;Dokumentera egen processvägledning och de förutsättningar den bygger på.;"Sökandens klassificering och underlag; bindande förhandsbesked utan lagstöd; styrning av tillsynsmyndighet.";
MPM-01__R-B10-060-01:trigger:04;MPM-01;Dokumenterad och avgränsad processvägledning;S1_beslutat_uppdrag;R-B10-060-01;Felklassificering av verksamhetskod skickar ansökan till fel instans;B10;B10 – Förstudie och prövningsväg;B10-060;Klassificera huvudverksamheter och åtgärder;R-B10-060-01:trigger:04;utlösande faktor;4;Tolkningen av sektorskapitelns specifika klassgränser kan leda till en felaktig placering i klass U eller C.;Indirekt via information;"Saklig vägledning kan minska felaktig kodtolkning; verksamhetsutövaren ansvarar fortfarande för klassificeringsunderlaget.";Ge skriftlig service om mottagare, underlagskrav och förfarandet. Ange datum, faktiska förutsättningar och om svaret är information eller ett formellt beslut. Hänvisa frågor utanför behörigheten till rätt instans.;Utformar inte sökandens ansökan, lokaliseringsval eller tillståndsstrategi. Lämnar inte bindande förhandsbesked utan särskilt lagstöd.;"FL 5–8 och 27 §§; MB 2 kap. 1 §";"Andel relevanta servicekontakter dokumenterade; felaktiga inlämningar per 100 kontakter";Serviceärenden, dokumenterade svar och uppföljda felinlämningar;Service finns i S0. Mät endast mer enhetliga och spårbara besked inom samma ärendetyper.;Vid servicekontakt före eller under ärende;Miljöprövningsmyndigheten;Projektägare med juridisk sakkunskap;analysis;;Endast egen behörig prövning av övertagna MPD-ärenden eller service knuten till denna. Övriga delar av riskpostens population kvarstår.;Minskad sannolikhet för den påverkbara delen;"Ej skattad; kräver mätning mot S0";"Samma normaliserade typårsportfölj i S0 och S1; särredovisa den andel där myndigheten har befogenhet";Kopplingsrader är inte additiva effekter. Gemensamma kostnader och överlappande kontroller ska räknas en gång.;"Beslutad organisationsinriktning och lagändringar för start 2027-07-01; detaljerad kontrollutformning är analysförslag";"Föreslagen kontroll; genomförande och effekt inte verifierade";"Käll- och strukturkontrollerad; inbyggd adversarial review ej tillgänglig";https://www.riksdagen.se/sv/dokument-och-lagar/dokument/kommittedirektiv/inrattande-av-en-ny-myndighet-for-miljoprovning_heb113/ | https://www.riksdagen.se/sv/dokument-och-lagar/dokument/svensk-forfattningssamling/miljobalk-1998808_sfs-1998-808/ | https://www.riksdagen.se/sv/dokument-och-lagar/dokument/svensk-forfattningssamling/forvaltningslag-2017900_sfs-2017-900/;2.2.0;https://nic-esp.github.io/miljotillstandsrisker/data/riskregister-items.csv;2026-09-30;R-B10-060-01:mitigation;Låt juridisk sakkunskap göra en dokumenterad kodmatris mot MPF:s samtliga sektorskapitel, verifiera gränsfall med länsstyrelsen i tidig dialog och dimensionera klassificeringen så att marginaler mot klassgränser hanteras uttryckligen.;Delvis inom mandat efter avgränsning;Anpassning av befintligt förslag, avgränsad till myndighetens del;Dokumentera egen processvägledning och de förutsättningar den bygger på.;"Sökandens klassificering och underlag; bindande förhandsbesked utan lagstöd; styrning av tillsynsmyndighet.";
MPM-01__R-B10-060-02:trigger:04;MPM-01;Dokumenterad och avgränsad processvägledning;S1_beslutat_uppdrag;R-B10-060-02;Ändring feltolkas som anmälningspliktig – eller tvärtom;B10;B10 – Förstudie och prövningsväg;B10-060;Klassificera huvudverksamheter och åtgärder;R-B10-060-02:trigger:04;utlösande faktor;4;Det finns oklarhet kring om åtgärden ska hanteras som en ny ansökan eller som en ändring av ett befintligt tillstånd enligt miljöbalkens regler.;Indirekt via information;Information om egna prövningsförfaranden kan minska missförstånd om ny ansökan respektive ändring.;Ge skriftlig service om mottagare, underlagskrav och förfarandet. Ange datum, faktiska förutsättningar och om svaret är information eller ett formellt beslut. Hänvisa frågor utanför behörigheten till rätt instans.;Utformar inte sökandens ansökan, lokaliseringsval eller tillståndsstrategi. Lämnar inte bindande förhandsbesked utan särskilt lagstöd.;"FL 5–8 och 27 §§; MB 2 kap. 1 §";"Andel relevanta servicekontakter dokumenterade; felaktiga inlämningar per 100 kontakter";Serviceärenden, dokumenterade svar och uppföljda felinlämningar;Service finns i S0. Mät endast mer enhetliga och spårbara besked inom samma ärendetyper.;Vid servicekontakt före eller under ärende;Miljöprövningsmyndigheten;Projektägare med juridisk sakkunskap;analysis;;Endast egen behörig prövning av övertagna MPD-ärenden eller service knuten till denna. Övriga delar av riskpostens population kvarstår.;Minskad sannolikhet för den påverkbara delen;"Ej skattad; kräver mätning mot S0";"Samma normaliserade typårsportfölj i S0 och S1; särredovisa den andel där myndigheten har befogenhet";Kopplingsrader är inte additiva effekter. Gemensamma kostnader och överlappande kontroller ska räknas en gång.;"Beslutad organisationsinriktning och lagändringar för start 2027-07-01; detaljerad kontrollutformning är analysförslag";"Föreslagen kontroll; genomförande och effekt inte verifierade";"Käll- och strukturkontrollerad; inbyggd adversarial review ej tillgänglig";https://www.riksdagen.se/sv/dokument-och-lagar/dokument/kommittedirektiv/inrattande-av-en-ny-myndighet-for-miljoprovning_heb113/ | https://www.riksdagen.se/sv/dokument-och-lagar/dokument/svensk-forfattningssamling/miljobalk-1998808_sfs-1998-808/ | https://www.riksdagen.se/sv/dokument-och-lagar/dokument/svensk-forfattningssamling/forvaltningslag-2017900_sfs-2017-900/;2.2.0;https://nic-esp.github.io/miljotillstandsrisker/data/riskregister-items.csv;2026-09-30;R-B10-060-02:mitigation;Upprätta en ändringslogg över samtliga tidigare ändringar med kumulativ bedömning, låt tillsynsmyndigheten granska tolkningen i tidig dialog och dokumentera motiveringen för vald pliktnivå så att den håller vid en senare myndighetsprövning.;Utanför myndighetens kontrollansvar;Självständigt kontrollförslag efter jämförelse med befintlig åtgärd;Originalförslaget har granskats men är inte grund för denna kontrollkoppling.;Originalets föreslagna åtgärd kvarstår hos angiven aktör.;
MPM-01__R-B10-070-02:trigger:02;MPM-01;Dokumenterad och avgränsad processvägledning;S1_beslutat_uppdrag;R-B10-070-02;Överklagandevägar och talerätt felmappas i instanskartan;B10;B10 – Förstudie och prövningsväg;B10-070;Upprätta samlad prövnings- och instanskarta;R-B10-070-02:trigger:02;utlösande faktor;2;Instanskartan generaliserar överklagandevägen för statliga myndighetsbeslut utan att kontrollera den särskilda regel som gäller för beslutstypen.;Indirekt via information;Beskrivning av den egna beslutsordningen ger korrekt ingång till sökandens instanskarta.;Ge skriftlig service om mottagare, underlagskrav och förfarandet. Ange datum, faktiska förutsättningar och om svaret är information eller ett formellt beslut. Hänvisa frågor utanför behörigheten till rätt instans.;Utformar inte sökandens ansökan, lokaliseringsval eller tillståndsstrategi. Lämnar inte bindande förhandsbesked utan särskilt lagstöd.;"FL 5–8 och 27 §§; MB 2 kap. 1 §";"Andel relevanta servicekontakter dokumenterade; felaktiga inlämningar per 100 kontakter";Serviceärenden, dokumenterade svar och uppföljda felinlämningar;Service finns i S0. Mät endast mer enhetliga och spårbara besked inom samma ärendetyper.;Vid servicekontakt före eller under ärende;Miljöprövningsmyndigheten;Projektägare;analysis;;Endast egen behörig prövning av övertagna MPD-ärenden eller service knuten till denna. Övriga delar av riskpostens population kvarstår.;Minskad sannolikhet för den påverkbara delen;"Ej skattad; kräver mätning mot S0";"Samma normaliserade typårsportfölj i S0 och S1; särredovisa den andel där myndigheten har befogenhet";Kopplingsrader är inte additiva effekter. Gemensamma kostnader och överlappande kontroller ska räknas en gång.;"Beslutad organisationsinriktning och lagändringar för start 2027-07-01; detaljerad kontrollutformning är analysförslag";"Föreslagen kontroll; genomförande och effekt inte verifierade";"Käll- och strukturkontrollerad; inbyggd adversarial review ej tillgänglig";https://www.riksdagen.se/sv/dokument-och-lagar/dokument/kommittedirektiv/inrattande-av-en-ny-myndighet-for-miljoprovning_heb113/ | https://www.riksdagen.se/sv/dokument-och-lagar/dokument/svensk-forfattningssamling/miljobalk-1998808_sfs-1998-808/ | https://www.riksdagen.se/sv/dokument-och-lagar/dokument/svensk-forfattningssamling/forvaltningslag-2017900_sfs-2017-900/;2.2.0;https://nic-esp.github.io/miljotillstandsrisker/data/riskregister-items.csv;2026-09-30;R-B10-070-02:mitigation;Knyt varje post i instanskartan till den konkreta beslutstypen, första beslutsinstansen, tillämplig överklagandebestämmelse, tidsfrist, krav på prövningstillstånd och möjlig inhibition. Kontrollera även talerätt och om beslutet i stället omfattas av rättsprövning.;Delvis inom mandat efter avgränsning;Självständigt kontrollförslag efter jämförelse med befintlig åtgärd;Originalförslaget har granskats men är inte grund för denna kontrollkoppling.;"Sökandens fastighetsutredning och rättighetssäkring; självständiga vattenmål och andra organs expediering.";
MPM-01__R-B10-070-02:trigger:04;MPM-01;Dokumenterad och avgränsad processvägledning;S1_beslutat_uppdrag;R-B10-070-02;Överklagandevägar och talerätt felmappas i instanskartan;B10;B10 – Förstudie och prövningsväg;B10-070;Upprätta samlad prövnings- och instanskarta;R-B10-070-02:trigger:04;utlösande faktor;4;Prövningsordningen mellan olika instanser felaktigt beskriven vilket kan medföra att ärendet hamnar i fel instans vid överklagande.;Indirekt via information;Beskrivning av den egna beslutsordningen ger korrekt ingång till sökandens instanskarta.;Ge skriftlig service om mottagare, underlagskrav och förfarandet. Ange datum, faktiska förutsättningar och om svaret är information eller ett formellt beslut. Hänvisa frågor utanför behörigheten till rätt instans.;Utformar inte sökandens ansökan, lokaliseringsval eller tillståndsstrategi. Lämnar inte bindande förhandsbesked utan särskilt lagstöd.;"FL 5–8 och 27 §§; MB 2 kap. 1 §";"Andel relevanta servicekontakter dokumenterade; felaktiga inlämningar per 100 kontakter";Serviceärenden, dokumenterade svar och uppföljda felinlämningar;Service finns i S0. Mät endast mer enhetliga och spårbara besked inom samma ärendetyper.;Vid servicekontakt före eller under ärende;Miljöprövningsmyndigheten;Projektägare;source;MMDL;Endast egen behörig prövning av övertagna MPD-ärenden eller service knuten till denna. Övriga delar av riskpostens population kvarstår.;Minskad sannolikhet för den påverkbara delen;"Ej skattad; kräver mätning mot S0";"Samma normaliserade typårsportfölj i S0 och S1; särredovisa den andel där myndigheten har befogenhet";Kopplingsrader är inte additiva effekter. Gemensamma kostnader och överlappande kontroller ska räknas en gång.;"Beslutad organisationsinriktning och lagändringar för start 2027-07-01; detaljerad kontrollutformning är analysförslag";"Föreslagen kontroll; genomförande och effekt inte verifierade";"Käll- och strukturkontrollerad; inbyggd adversarial review ej tillgänglig";https://www.riksdagen.se/sv/dokument-och-lagar/dokument/kommittedirektiv/inrattande-av-en-ny-myndighet-for-miljoprovning_heb113/ | https://www.riksdagen.se/sv/dokument-och-lagar/dokument/svensk-forfattningssamling/miljobalk-1998808_sfs-1998-808/ | https://www.riksdagen.se/sv/dokument-och-lagar/dokument/svensk-forfattningssamling/forvaltningslag-2017900_sfs-2017-900/;2.2.0;https://nic-esp.github.io/miljotillstandsrisker/data/riskregister-items.csv;2026-09-30;R-B10-070-02:mitigation;Knyt varje post i instanskartan till den konkreta beslutstypen, första beslutsinstansen, tillämplig överklagandebestämmelse, tidsfrist, krav på prövningstillstånd och möjlig inhibition. Kontrollera även talerätt och om beslutet i stället omfattas av rättsprövning.;Delvis inom mandat efter avgränsning;Självständigt kontrollförslag efter jämförelse med befintlig åtgärd;Originalförslaget har granskats men är inte grund för denna kontrollkoppling.;"Sökandens fastighetsutredning och rättighetssäkring; självständiga vattenmål och andra organs expediering.";
MPM-01__R-B30-G020-01:trigger:04;MPM-01;Dokumenterad och avgränsad processvägledning;S1_beslutat_uppdrag;R-B30-G020-01;Felaktig verksamhetskod väljs;B30;B30 – Miljöfarlig verksamhet;B30-G020;Klassificera A-, B-, C- eller U-verksamhet;R-B30-G020-01:trigger:04;utlösande faktor;4;Klassificeringen återanvänder en äldre version av miljöprövningsförordningens verksamhetskoder eller tröskelvärden efter att regleringen har ändrats.;Indirekt via information;Aktuella regler och tydliga uppgiftskrav kan minska kodfel i ansökningar till myndigheten.;Ge skriftlig service om mottagare, underlagskrav och förfarandet. Ange datum, faktiska förutsättningar och om svaret är information eller ett formellt beslut. Hänvisa frågor utanför behörigheten till rätt instans.;Utformar inte sökandens ansökan, lokaliseringsval eller tillståndsstrategi. Lämnar inte bindande förhandsbesked utan särskilt lagstöd.;"FL 5–8 och 27 §§; MB 2 kap. 1 §";"Andel relevanta servicekontakter dokumenterade; felaktiga inlämningar per 100 kontakter";Serviceärenden, dokumenterade svar och uppföljda felinlämningar;Service finns i S0. Mät endast mer enhetliga och spårbara besked inom samma ärendetyper.;Vid servicekontakt före eller under ärende;Miljöprövningsmyndigheten;Verksamhetsutövare med juridisk sakkunskap;source;MPF;Endast egen behörig prövning av övertagna MPD-ärenden eller service knuten till denna. Övriga delar av riskpostens population kvarstår.;Minskad sannolikhet för den påverkbara delen;"Ej skattad; kräver mätning mot S0";"Samma normaliserade typårsportfölj i S0 och S1; särredovisa den andel där myndigheten har befogenhet";Kopplingsrader är inte additiva effekter. Gemensamma kostnader och överlappande kontroller ska räknas en gång.;"Beslutad organisationsinriktning och lagändringar för start 2027-07-01; detaljerad kontrollutformning är analysförslag";"Föreslagen kontroll; genomförande och effekt inte verifierade";"Käll- och strukturkontrollerad; inbyggd adversarial review ej tillgänglig";https://www.riksdagen.se/sv/dokument-och-lagar/dokument/kommittedirektiv/inrattande-av-en-ny-myndighet-for-miljoprovning_heb113/ | https://www.riksdagen.se/sv/dokument-och-lagar/dokument/svensk-forfattningssamling/miljobalk-1998808_sfs-1998-808/ | https://www.riksdagen.se/sv/dokument-och-lagar/dokument/svensk-forfattningssamling/forvaltningslag-2017900_sfs-2017-900/;2.2.0;https://nic-esp.github.io/miljotillstandsrisker/data/riskregister-items.csv;2026-09-30;R-B30-G020-01:mitigation;Låt både teknisk och juridisk sakkunskap gemensamt gå igenom samtliga potentiella koder, dokumentera tröskelberäkningar (kapacitet, mängder, bränslen), och verifiera klassificeringen med länsstyrelsen eller kommunen vid gränsfall innan spår låses.;Delvis inom mandat efter avgränsning;Anpassning av befintligt förslag, avgränsad till myndighetens del;Dokumentera egen processvägledning och de förutsättningar den bygger på.;"Sökandens klassificering och underlag; bindande förhandsbesked utan lagstöd; styrning av tillsynsmyndighet.";
MPM-01__R-B30-G020-01:trigger:05;MPM-01;Dokumenterad och avgränsad processvägledning;S1_beslutat_uppdrag;R-B30-G020-01;Felaktig verksamhetskod väljs;B30;B30 – Miljöfarlig verksamhet;B30-G020;Klassificera A-, B-, C- eller U-verksamhet;R-B30-G020-01:trigger:05;utlösande faktor;5;Ansökan lämnas in med en verksamhetskod som inte speglar den faktiska utformningen av anläggningen, vilket upptäcks först vid handläggning.;Indirekt via information;Aktuella regler och tydliga uppgiftskrav kan minska kodfel i ansökningar till myndigheten.;Ge skriftlig service om mottagare, underlagskrav och förfarandet. Ange datum, faktiska förutsättningar och om svaret är information eller ett formellt beslut. Hänvisa frågor utanför behörigheten till rätt instans.;Utformar inte sökandens ansökan, lokaliseringsval eller tillståndsstrategi. Lämnar inte bindande förhandsbesked utan särskilt lagstöd.;"FL 5–8 och 27 §§; MB 2 kap. 1 §";"Andel relevanta servicekontakter dokumenterade; felaktiga inlämningar per 100 kontakter";Serviceärenden, dokumenterade svar och uppföljda felinlämningar;Service finns i S0. Mät endast mer enhetliga och spårbara besked inom samma ärendetyper.;Vid servicekontakt före eller under ärende;Miljöprövningsmyndigheten;Verksamhetsutövare med juridisk sakkunskap;analysis;;Endast egen behörig prövning av övertagna MPD-ärenden eller service knuten till denna. Övriga delar av riskpostens population kvarstår.;Minskad sannolikhet för den påverkbara delen;"Ej skattad; kräver mätning mot S0";"Samma normaliserade typårsportfölj i S0 och S1; särredovisa den andel där myndigheten har befogenhet";Kopplingsrader är inte additiva effekter. Gemensamma kostnader och överlappande kontroller ska räknas en gång.;"Beslutad organisationsinriktning och lagändringar för start 2027-07-01; detaljerad kontrollutformning är analysförslag";"Föreslagen kontroll; genomförande och effekt inte verifierade";"Käll- och strukturkontrollerad; inbyggd adversarial review ej tillgänglig";https://www.riksdagen.se/sv/dokument-och-lagar/dokument/kommittedirektiv/inrattande-av-en-ny-myndighet-for-miljoprovning_heb113/ | https://www.riksdagen.se/sv/dokument-och-lagar/dokument/svensk-forfattningssamling/miljobalk-1998808_sfs-1998-808/ | https://www.riksdagen.se/sv/dokument-och-lagar/dokument/svensk-forfattningssamling/forvaltningslag-2017900_sfs-2017-900/;2.2.0;https://nic-esp.github.io/miljotillstandsrisker/data/riskregister-items.csv;2026-09-30;R-B30-G020-01:mitigation;Låt både teknisk och juridisk sakkunskap gemensamt gå igenom samtliga potentiella koder, dokumentera tröskelberäkningar (kapacitet, mängder, bränslen), och verifiera klassificeringen med länsstyrelsen eller kommunen vid gränsfall innan spår låses.;Delvis inom mandat efter avgränsning;Anpassning av befintligt förslag, avgränsad till myndighetens del;Dokumentera egen processvägledning och de förutsättningar den bygger på.;"Sökandens klassificering och underlag; bindande förhandsbesked utan lagstöd; styrning av tillsynsmyndighet.";
MPM-01__R-B30-G030-01:trigger:01;MPM-01;Dokumenterad och avgränsad processvägledning;S1_beslutat_uppdrag;R-B30-G030-01;Fel spår väljs mellan nytt, frivilligt och förelagt tillstånd;B30;B30 – Miljöfarlig verksamhet;B30-G030;Fastställ 9 kap.-spår;R-B30-G030-01:trigger:01;utlösande faktor;1;Verksamhetsutövaren missförstår skillnaden mellan obligatorisk tillståndsplikt enligt 9 kap. 6 § miljöbalken och frivillig ansökan enligt 9 kap. 6 b §.;Indirekt via information;Tydlig beskrivning av prövningsformer kan minska missförstånd utan att myndigheten väljer sökandens strategi.;Ge skriftlig service om mottagare, underlagskrav och förfarandet. Ange datum, faktiska förutsättningar och om svaret är information eller ett formellt beslut. Hänvisa frågor utanför behörigheten till rätt instans.;Utformar inte sökandens ansökan, lokaliseringsval eller tillståndsstrategi. Lämnar inte bindande förhandsbesked utan särskilt lagstöd.;"FL 5–8 och 27 §§; MB 2 kap. 1 §";"Andel relevanta servicekontakter dokumenterade; felaktiga inlämningar per 100 kontakter";Serviceärenden, dokumenterade svar och uppföljda felinlämningar;Service finns i S0. Mät endast mer enhetliga och spårbara besked inom samma ärendetyper.;Vid servicekontakt före eller under ärende;Miljöprövningsmyndigheten;"Verksamhetsutövare; tillsynsmyndighet när tillstånd föreläggs";source;MB;Endast egen behörig prövning av övertagna MPD-ärenden eller service knuten till denna. Övriga delar av riskpostens population kvarstår.;Minskad sannolikhet för den påverkbara delen;"Ej skattad; kräver mätning mot S0";"Samma normaliserade typårsportfölj i S0 och S1; särredovisa den andel där myndigheten har befogenhet";Kopplingsrader är inte additiva effekter. Gemensamma kostnader och överlappande kontroller ska räknas en gång.;"Beslutad organisationsinriktning och lagändringar för start 2027-07-01; detaljerad kontrollutformning är analysförslag";"Föreslagen kontroll; genomförande och effekt inte verifierade";"Käll- och strukturkontrollerad; inbyggd adversarial review ej tillgänglig";https://www.riksdagen.se/sv/dokument-och-lagar/dokument/kommittedirektiv/inrattande-av-en-ny-myndighet-for-miljoprovning_heb113/ | https://www.riksdagen.se/sv/dokument-och-lagar/dokument/svensk-forfattningssamling/miljobalk-1998808_sfs-1998-808/ | https://www.riksdagen.se/sv/dokument-och-lagar/dokument/svensk-forfattningssamling/forvaltningslag-2017900_sfs-2017-900/;2.2.0;https://nic-esp.github.io/miljotillstandsrisker/data/riskregister-items.csv;2026-09-30;R-B30-G030-01:mitigation;Gör ett dokumenterat spårvalsresonemang med juridisk sakkunskap som prövar alla alternativ mot 9 kap. 6–6 b §§, väg in tillsynsmyndighetens inställning och kommande omprövningsgrunder, och säkra att spårvalet är förenligt med projektets övriga tillståndsbehov.;Utanför myndighetens kontrollansvar;Självständigt kontrollförslag efter jämförelse med befintlig åtgärd;Originalförslaget har granskats men är inte grund för denna kontrollkoppling.;Originalets föreslagna åtgärd kvarstår hos angiven aktör.;
MPM-01__R-B30-G030-01:trigger:03;MPM-01;Dokumenterad och avgränsad processvägledning;S1_beslutat_uppdrag;R-B30-G030-01;Fel spår väljs mellan nytt, frivilligt och förelagt tillstånd;B30;B30 – Miljöfarlig verksamhet;B30-G030;Fastställ 9 kap.-spår;R-B30-G030-01:trigger:03;utlösande faktor;3;Ansökan rubriceras som frivillig trots att verksamhetens faktiska omfattning eller ändring redan träffas av en bestämmelse om obligatorisk tillståndsplikt.;Indirekt via information;Tydlig beskrivning av prövningsformer kan minska missförstånd utan att myndigheten väljer sökandens strategi.;Ge skriftlig service om mottagare, underlagskrav och förfarandet. Ange datum, faktiska förutsättningar och om svaret är information eller ett formellt beslut. Hänvisa frågor utanför behörigheten till rätt instans.;Utformar inte sökandens ansökan, lokaliseringsval eller tillståndsstrategi. Lämnar inte bindande förhandsbesked utan särskilt lagstöd.;"FL 5–8 och 27 §§; MB 2 kap. 1 §";"Andel relevanta servicekontakter dokumenterade; felaktiga inlämningar per 100 kontakter";Serviceärenden, dokumenterade svar och uppföljda felinlämningar;Service finns i S0. Mät endast mer enhetliga och spårbara besked inom samma ärendetyper.;Vid servicekontakt före eller under ärende;Miljöprövningsmyndigheten;"Verksamhetsutövare; tillsynsmyndighet när tillstånd föreläggs";analysis;;Endast egen behörig prövning av övertagna MPD-ärenden eller service knuten till denna. Övriga delar av riskpostens population kvarstår.;Minskad sannolikhet för den påverkbara delen;"Ej skattad; kräver mätning mot S0";"Samma normaliserade typårsportfölj i S0 och S1; särredovisa den andel där myndigheten har befogenhet";Kopplingsrader är inte additiva effekter. Gemensamma kostnader och överlappande kontroller ska räknas en gång.;"Beslutad organisationsinriktning och lagändringar för start 2027-07-01; detaljerad kontrollutformning är analysförslag";"Föreslagen kontroll; genomförande och effekt inte verifierade";"Käll- och strukturkontrollerad; inbyggd adversarial review ej tillgänglig";https://www.riksdagen.se/sv/dokument-och-lagar/dokument/kommittedirektiv/inrattande-av-en-ny-myndighet-for-miljoprovning_heb113/ | https://www.riksdagen.se/sv/dokument-och-lagar/dokument/svensk-forfattningssamling/miljobalk-1998808_sfs-1998-808/ | https://www.riksdagen.se/sv/dokument-och-lagar/dokument/svensk-forfattningssamling/forvaltningslag-2017900_sfs-2017-900/;2.2.0;https://nic-esp.github.io/miljotillstandsrisker/data/riskregister-items.csv;2026-09-30;R-B30-G030-01:mitigation;Gör ett dokumenterat spårvalsresonemang med juridisk sakkunskap som prövar alla alternativ mot 9 kap. 6–6 b §§, väg in tillsynsmyndighetens inställning och kommande omprövningsgrunder, och säkra att spårvalet är förenligt med projektets övriga tillståndsbehov.;Utanför myndighetens kontrollansvar;Självständigt kontrollförslag efter jämförelse med befintlig åtgärd;Originalförslaget har granskats men är inte grund för denna kontrollkoppling.;Originalets föreslagna åtgärd kvarstår hos angiven aktör.;
MPM-01__R-B30-G050-03:trigger:02;MPM-01;Dokumenterad och avgränsad processvägledning;S1_beslutat_uppdrag;R-B30-G050-03;Övergången till ändringstillstånd som huvudregel feltolkas;B30;B30 – Miljöfarlig verksamhet;B30-G050;Ändringstillstånd eller nytt samlat tillstånd?;R-B30-G050-03:trigger:02;utlösande faktor;2;Projektet missar att en ändringsprövning ska begränsas till ändringen när ansökan inte avser hela verksamheten, om inte en begränsad prövning är olämplig.;Indirekt via information;Daterad information om ändringsprövning och övergångsregler minskar feltolkning.;Ge skriftlig service om mottagare, underlagskrav och förfarandet. Ange datum, faktiska förutsättningar och om svaret är information eller ett formellt beslut. Hänvisa frågor utanför behörigheten till rätt instans.;Utformar inte sökandens ansökan, lokaliseringsval eller tillståndsstrategi. Lämnar inte bindande förhandsbesked utan särskilt lagstöd.;"FL 5–8 och 27 §§; MB 2 kap. 1 §";"Andel relevanta servicekontakter dokumenterade; felaktiga inlämningar per 100 kontakter";Serviceärenden, dokumenterade svar och uppföljda felinlämningar;Service finns i S0. Mät endast mer enhetliga och spårbara besked inom samma ärendetyper.;Vid servicekontakt före eller under ärende;Miljöprövningsmyndigheten;Verksamhetsutövare och prövningsmyndighet;source;MB | SFS2024_963;Endast egen behörig prövning av övertagna MPD-ärenden eller service knuten till denna. Övriga delar av riskpostens population kvarstår.;Minskad sannolikhet för den påverkbara delen;"Ej skattad; kräver mätning mot S0";"Samma normaliserade typårsportfölj i S0 och S1; särredovisa den andel där myndigheten har befogenhet";Kopplingsrader är inte additiva effekter. Gemensamma kostnader och överlappande kontroller ska räknas en gång.;"Beslutad organisationsinriktning och lagändringar för start 2027-07-01; detaljerad kontrollutformning är analysförslag";"Föreslagen kontroll; genomförande och effekt inte verifierade";"Käll- och strukturkontrollerad; inbyggd adversarial review ej tillgänglig";https://www.riksdagen.se/sv/dokument-och-lagar/dokument/kommittedirektiv/inrattande-av-en-ny-myndighet-for-miljoprovning_heb113/ | https://www.riksdagen.se/sv/dokument-och-lagar/dokument/svensk-forfattningssamling/miljobalk-1998808_sfs-1998-808/ | https://www.riksdagen.se/sv/dokument-och-lagar/dokument/svensk-forfattningssamling/forvaltningslag-2017900_sfs-2017-900/;2.2.0;https://nic-esp.github.io/miljotillstandsrisker/data/riskregister-items.csv;2026-09-30;R-B30-G050-03:mitigation;Fastställ när ärendet och samrådet inleddes, dokumentera vilken övergångsregel som gäller och pröva uttryckligen om ett ändringstillstånd är olämpligt enligt 16 kap. 2 a § MB. Avgränsa vilka äldre villkor som har samband med ändringen enligt 24 kap. 8 §.;Delvis inom mandat efter avgränsning;Självständigt kontrollförslag efter jämförelse med befintlig åtgärd;Originalförslaget har granskats men är inte grund för denna kontrollkoppling.;"Sökandens processstrategi och rekonstruktion av tillstånd; materiella begränsningar får inte undanröjas för att effektivisera.";
MPM-01__R-B30-G050-03:trigger:03;MPM-01;Dokumenterad och avgränsad processvägledning;S1_beslutat_uppdrag;R-B30-G050-03;Övergången till ändringstillstånd som huvudregel feltolkas;B30;B30 – Miljöfarlig verksamhet;B30-G050;Ändringstillstånd eller nytt samlat tillstånd?;R-B30-G050-03:trigger:03;utlösande faktor;3;Övergångsbestämmelserna gör att äldre regler gäller för mål inledda före ikraftträdandet, vilket skapar risk för fel regelval.;Indirekt via information;Daterad information om ändringsprövning och övergångsregler minskar feltolkning.;Ge skriftlig service om mottagare, underlagskrav och förfarandet. Ange datum, faktiska förutsättningar och om svaret är information eller ett formellt beslut. Hänvisa frågor utanför behörigheten till rätt instans.;Utformar inte sökandens ansökan, lokaliseringsval eller tillståndsstrategi. Lämnar inte bindande förhandsbesked utan särskilt lagstöd.;"FL 5–8 och 27 §§; MB 2 kap. 1 §";"Andel relevanta servicekontakter dokumenterade; felaktiga inlämningar per 100 kontakter";Serviceärenden, dokumenterade svar och uppföljda felinlämningar;Service finns i S0. Mät endast mer enhetliga och spårbara besked inom samma ärendetyper.;Vid servicekontakt före eller under ärende;Miljöprövningsmyndigheten;Verksamhetsutövare och prövningsmyndighet;source;EXT: Proposition 2023/24:152 https://www.riksdagen.se/sv/dokument-och-lagar/dokument/proposition/steg-pa-vagen-mot-en-mer-effektiv-miljoprovning_hb03152/;Endast egen behörig prövning av övertagna MPD-ärenden eller service knuten till denna. Övriga delar av riskpostens population kvarstår.;Minskad sannolikhet för den påverkbara delen;"Ej skattad; kräver mätning mot S0";"Samma normaliserade typårsportfölj i S0 och S1; särredovisa den andel där myndigheten har befogenhet";Kopplingsrader är inte additiva effekter. Gemensamma kostnader och överlappande kontroller ska räknas en gång.;"Beslutad organisationsinriktning och lagändringar för start 2027-07-01; detaljerad kontrollutformning är analysförslag";"Föreslagen kontroll; genomförande och effekt inte verifierade";"Käll- och strukturkontrollerad; inbyggd adversarial review ej tillgänglig";https://www.riksdagen.se/sv/dokument-och-lagar/dokument/kommittedirektiv/inrattande-av-en-ny-myndighet-for-miljoprovning_heb113/ | https://www.riksdagen.se/sv/dokument-och-lagar/dokument/svensk-forfattningssamling/miljobalk-1998808_sfs-1998-808/ | https://www.riksdagen.se/sv/dokument-och-lagar/dokument/svensk-forfattningssamling/forvaltningslag-2017900_sfs-2017-900/;2.2.0;https://nic-esp.github.io/miljotillstandsrisker/data/riskregister-items.csv;2026-09-30;R-B30-G050-03:mitigation;Fastställ när ärendet och samrådet inleddes, dokumentera vilken övergångsregel som gäller och pröva uttryckligen om ett ändringstillstånd är olämpligt enligt 16 kap. 2 a § MB. Avgränsa vilka äldre villkor som har samband med ändringen enligt 24 kap. 8 §.;Delvis inom mandat efter avgränsning;Självständigt kontrollförslag efter jämförelse med befintlig åtgärd;Originalförslaget har granskats men är inte grund för denna kontrollkoppling.;"Sökandens processstrategi och rekonstruktion av tillstånd; materiella begränsningar får inte undanröjas för att effektivisera.";
MPM-02__R-B30-G110-01:trigger:02;MPM-02;Tidig kontroll av behörighet och prövningsram;S1_beslutat_uppdrag;R-B30-G110-01;Kombinerade mål hamnar i fel instans;B30;B30 – Miljöfarlig verksamhet;B30-G110;Behörig första instans?;R-B30-G110-01:trigger:02;utlösande faktor;2;Ansökan lämnas in till fel instans, exempelvis miljöprövningsdelegationen trots att målet ska handläggas i mark- och miljödomstolen.;Direkt på egen mottagning;"Tidigt identifierat fel forum begränsar försenad omdirigering; kombinerade domstolsmål stannar hos domstol.";Kontrollera verksamhetsslag, ärendetyp, datum, tidigare tillstånd och tillämplig instansordning vid mottagning. Dokumentera bedömningen och hantera fel mottagare skyndsamt enligt tillämpliga regler.;Ingen rätt att behålla domstolsmål eller överta annan myndighets beslut utan lagstöd. Sökanden ansvarar för korrekta verksamhetsuppgifter.;"MB 19 kap. 1–2 a §§; MPD-förordningen 3 §; FL 5–6 och 20 §§";"Dagar från mottagning till upptäckt behörighetsfel; antal sena instansbyten";Mottagningskontroll, ärendehistorik och överlämnandebeslut;"Behörighetskontroll finns i S0. Nationellt samlad rutin kan minska administrativa skillnader; rättsosäkerhet kvarstår.";Löpande inom egen behörighet;Miljöprövningsmyndigheten;Verksamhetsutövare;analysis;;Endast egen behörig prövning av övertagna MPD-ärenden eller service knuten till denna. Övriga delar av riskpostens population kvarstår.;Minskad sannolikhet för den påverkbara delen;"Ej skattad; kräver mätning mot S0";"Samma normaliserade typårsportfölj i S0 och S1; särredovisa den andel där myndigheten har befogenhet";Kopplingsrader är inte additiva effekter. Gemensamma kostnader och överlappande kontroller ska räknas en gång.;"Beslutad organisationsinriktning och lagändringar för start 2027-07-01; detaljerad kontrollutformning är analysförslag";"Föreslagen kontroll; genomförande och effekt inte verifierade";"Käll- och strukturkontrollerad; inbyggd adversarial review ej tillgänglig";https://www.riksdagen.se/sv/dokument-och-lagar/dokument/kommittedirektiv/inrattande-av-en-ny-myndighet-for-miljoprovning_heb113/ | https://www.riksdagen.se/sv/dokument-och-lagar/dokument/svensk-forfattningssamling/miljobalk-1998808_sfs-1998-808/ | https://www.riksdagen.se/sv/dokument-och-lagar/dokument/svensk-forfattningssamling/forvaltningslag-2017900_sfs-2017-900/ | https://www.riksdagen.se/sv/dokument-och-lagar/dokument/svensk-forfattningssamling/forordning-20111237-om_sfs-2011-1237/;2.2.0;https://nic-esp.github.io/miljotillstandsrisker/data/riskregister-items.csv;2026-09-30;R-B30-G110-01:mitigation;Gör behörighetsanalysen parallellt med klassificeringen i B30-G020, kontrollera mot MPF:s sektorskapitel och MMD-lagens målfördelningsregler, och begär instansens preliminära behörighetsbesked vid gränsfall före formell inlämning.;Delvis inom mandat efter avgränsning;Anpassning av befintligt förslag, avgränsad till myndighetens del;Dokumentera egen behörighet, gällande rätt och rättsligt avgränsad prövningsram.;"Sökandens processstrategi och rekonstruktion av tillstånd; materiella begränsningar får inte undanröjas för att effektivisera.";
MPM-02__R-B30-G110-01:trigger:03;MPM-02;Tidig kontroll av behörighet och prövningsram;S1_beslutat_uppdrag;R-B30-G110-01;Kombinerade mål hamnar i fel instans;B30;B30 – Miljöfarlig verksamhet;B30-G110;Behörig första instans?;R-B30-G110-01:trigger:03;utlösande faktor;3;Behörighetsreglerna enligt miljöprövningsförordningen och lagen om mark- och miljödomstolar tolkas felaktigt vid kombinerade mål.;Direkt på egen mottagning;"Tidigt identifierat fel forum begränsar försenad omdirigering; kombinerade domstolsmål stannar hos domstol.";Kontrollera verksamhetsslag, ärendetyp, datum, tidigare tillstånd och tillämplig instansordning vid mottagning. Dokumentera bedömningen och hantera fel mottagare skyndsamt enligt tillämpliga regler.;Ingen rätt att behålla domstolsmål eller överta annan myndighets beslut utan lagstöd. Sökanden ansvarar för korrekta verksamhetsuppgifter.;"MB 19 kap. 1–2 a §§; MPD-förordningen 3 §; FL 5–6 och 20 §§";"Dagar från mottagning till upptäckt behörighetsfel; antal sena instansbyten";Mottagningskontroll, ärendehistorik och överlämnandebeslut;"Behörighetskontroll finns i S0. Nationellt samlad rutin kan minska administrativa skillnader; rättsosäkerhet kvarstår.";Löpande inom egen behörighet;Miljöprövningsmyndigheten;Verksamhetsutövare;source;MPF | MMDL;Endast egen behörig prövning av övertagna MPD-ärenden eller service knuten till denna. Övriga delar av riskpostens population kvarstår.;Minskad sannolikhet för den påverkbara delen;"Ej skattad; kräver mätning mot S0";"Samma normaliserade typårsportfölj i S0 och S1; särredovisa den andel där myndigheten har befogenhet";Kopplingsrader är inte additiva effekter. Gemensamma kostnader och överlappande kontroller ska räknas en gång.;"Beslutad organisationsinriktning och lagändringar för start 2027-07-01; detaljerad kontrollutformning är analysförslag";"Föreslagen kontroll; genomförande och effekt inte verifierade";"Käll- och strukturkontrollerad; inbyggd adversarial review ej tillgänglig";https://www.riksdagen.se/sv/dokument-och-lagar/dokument/kommittedirektiv/inrattande-av-en-ny-myndighet-for-miljoprovning_heb113/ | https://www.riksdagen.se/sv/dokument-och-lagar/dokument/svensk-forfattningssamling/miljobalk-1998808_sfs-1998-808/ | https://www.riksdagen.se/sv/dokument-och-lagar/dokument/svensk-forfattningssamling/forvaltningslag-2017900_sfs-2017-900/ | https://www.riksdagen.se/sv/dokument-och-lagar/dokument/svensk-forfattningssamling/forordning-20111237-om_sfs-2011-1237/;2.2.0;https://nic-esp.github.io/miljotillstandsrisker/data/riskregister-items.csv;2026-09-30;R-B30-G110-01:mitigation;Gör behörighetsanalysen parallellt med klassificeringen i B30-G020, kontrollera mot MPF:s sektorskapitel och MMD-lagens målfördelningsregler, och begär instansens preliminära behörighetsbesked vid gränsfall före formell inlämning.;Delvis inom mandat efter avgränsning;Anpassning av befintligt förslag, avgränsad till myndighetens del;Dokumentera egen behörighet, gällande rätt och rättsligt avgränsad prövningsram.;"Sökandens processstrategi och rekonstruktion av tillstånd; materiella begränsningar får inte undanröjas för att effektivisera.";
MPM-02__R-B30-GO110-01:trigger:03;MPM-02;Tidig kontroll av behörighet och prövningsram;S1_beslutat_uppdrag;R-B30-GO110-01;Talerätt och behörighet tvistas vid omprövning;B30;B30 – Miljöfarlig verksamhet;B30-GO110;Vem initierar och på vilken grund?;R-B30-GO110-01:trigger:03;utlösande faktor;3;Tillståndshavarens ansökan enligt 24 kap. 13 § har hamnat hos en instans som kan ifrågasättas vara rätt mottagare.;Direkt;Kontroll av mottagare för ansökan om villkorsändring hindrar onödig handläggning hos fel organ.;Kontrollera verksamhetsslag, ärendetyp, datum, tidigare tillstånd och tillämplig instansordning vid mottagning. Dokumentera bedömningen och hantera fel mottagare skyndsamt enligt tillämpliga regler.;Ingen rätt att behålla domstolsmål eller överta annan myndighets beslut utan lagstöd. Sökanden ansvarar för korrekta verksamhetsuppgifter.;"MB 19 kap. 1–2 a §§; MPD-förordningen 3 §; FL 5–6 och 20 §§";"Dagar från mottagning till upptäckt behörighetsfel; antal sena instansbyten";Mottagningskontroll, ärendehistorik och överlämnandebeslut;"Behörighetskontroll finns i S0. Nationellt samlad rutin kan minska administrativa skillnader; rättsosäkerhet kvarstår.";Löpande inom egen behörighet;Miljöprövningsmyndigheten;Myndighet/tillståndshavare;source;MB;Endast egen behörig prövning av övertagna MPD-ärenden eller service knuten till denna. Övriga delar av riskpostens population kvarstår.;Minskad sannolikhet för den påverkbara delen;"Ej skattad; kräver mätning mot S0";"Samma normaliserade typårsportfölj i S0 och S1; särredovisa den andel där myndigheten har befogenhet";Kopplingsrader är inte additiva effekter. Gemensamma kostnader och överlappande kontroller ska räknas en gång.;"Beslutad organisationsinriktning och lagändringar för start 2027-07-01; detaljerad kontrollutformning är analysförslag";"Föreslagen kontroll; genomförande och effekt inte verifierade";"Käll- och strukturkontrollerad; inbyggd adversarial review ej tillgänglig";https://www.riksdagen.se/sv/dokument-och-lagar/dokument/kommittedirektiv/inrattande-av-en-ny-myndighet-for-miljoprovning_heb113/ | https://www.riksdagen.se/sv/dokument-och-lagar/dokument/svensk-forfattningssamling/miljobalk-1998808_sfs-1998-808/ | https://www.riksdagen.se/sv/dokument-och-lagar/dokument/svensk-forfattningssamling/forvaltningslag-2017900_sfs-2017-900/ | https://www.riksdagen.se/sv/dokument-och-lagar/dokument/svensk-forfattningssamling/forordning-20111237-om_sfs-2011-1237/;2.2.0;https://nic-esp.github.io/miljotillstandsrisker/data/riskregister-items.csv;2026-09-30;R-B30-GO110-01:mitigation;Gör en uttrycklig behörighets- och talerättsanalys mot 24 kap. 7, 11 och 13 §§ innan initiativ tas, och låt parterna skriftligt bekräfta vem som är tillståndsmyndighet för det aktuella tillståndet.;Delvis inom mandat efter avgränsning;Anpassning av befintligt förslag, avgränsad till myndighetens del;Dokumentera egen behörighet, gällande rätt och rättsligt avgränsad prövningsram.;"Sökandens processstrategi och rekonstruktion av tillstånd; materiella begränsningar får inte undanröjas för att effektivisera.";
MPM-02__R-B30-GO110-03:trigger:02;MPM-02;Tidig kontroll av behörighet och prövningsram;S1_beslutat_uppdrag;R-B30-GO110-03;Äldre tillstånd saknar tydlig tillståndsmyndighet;B30;B30 – Miljöfarlig verksamhet;B30-GO110;Vem initierar och på vilken grund?;R-B30-GO110-03:trigger:02;utlösande faktor;2;Det behöver utredas vilken nuvarande instans som är behörig att hantera omprövningen för detta äldre tillstånd.;Direkt;Dokumenterad tillstånds- och övergångskedja minskar oklarhet om myndighetens egen behörighet.;Kontrollera verksamhetsslag, ärendetyp, datum, tidigare tillstånd och tillämplig instansordning vid mottagning. Dokumentera bedömningen och hantera fel mottagare skyndsamt enligt tillämpliga regler.;Ingen rätt att behålla domstolsmål eller överta annan myndighets beslut utan lagstöd. Sökanden ansvarar för korrekta verksamhetsuppgifter.;"MB 19 kap. 1–2 a §§; MPD-förordningen 3 §; FL 5–6 och 20 §§";"Dagar från mottagning till upptäckt behörighetsfel; antal sena instansbyten";Mottagningskontroll, ärendehistorik och överlämnandebeslut;"Behörighetskontroll finns i S0. Nationellt samlad rutin kan minska administrativa skillnader; rättsosäkerhet kvarstår.";Löpande inom egen behörighet;Miljöprövningsmyndigheten;Myndighet/tillståndshavare;analysis;;Endast egen behörig prövning av övertagna MPD-ärenden eller service knuten till denna. Övriga delar av riskpostens population kvarstår.;Minskad sannolikhet för den påverkbara delen;"Ej skattad; kräver mätning mot S0";"Samma normaliserade typårsportfölj i S0 och S1; särredovisa den andel där myndigheten har befogenhet";Kopplingsrader är inte additiva effekter. Gemensamma kostnader och överlappande kontroller ska räknas en gång.;"Beslutad organisationsinriktning och lagändringar för start 2027-07-01; detaljerad kontrollutformning är analysförslag";"Föreslagen kontroll; genomförande och effekt inte verifierade";"Käll- och strukturkontrollerad; inbyggd adversarial review ej tillgänglig";https://www.riksdagen.se/sv/dokument-och-lagar/dokument/kommittedirektiv/inrattande-av-en-ny-myndighet-for-miljoprovning_heb113/ | https://www.riksdagen.se/sv/dokument-och-lagar/dokument/svensk-forfattningssamling/miljobalk-1998808_sfs-1998-808/ | https://www.riksdagen.se/sv/dokument-och-lagar/dokument/svensk-forfattningssamling/forvaltningslag-2017900_sfs-2017-900/ | https://www.riksdagen.se/sv/dokument-och-lagar/dokument/svensk-forfattningssamling/forordning-20111237-om_sfs-2011-1237/;2.2.0;https://nic-esp.github.io/miljotillstandsrisker/data/riskregister-items.csv;2026-09-30;R-B30-GO110-03:mitigation;Spåra originalbeslutet och dess klassificering genom samtliga övergångsbestämmelser, inhämta rådgivande utlåtande från berörda instanser, och dokumentera behörighetskedjan i själva omprövningsframställan.;Delvis inom mandat efter avgränsning;Anpassning av befintligt förslag, avgränsad till myndighetens del;Dokumentera egen behörighet, gällande rätt och rättsligt avgränsad prövningsram.;"Sökandens processstrategi och rekonstruktion av tillstånd; materiella begränsningar får inte undanröjas för att effektivisera.";
MPM-02__R-B30-GO110-03:trigger:03;MPM-02;Tidig kontroll av behörighet och prövningsram;S1_beslutat_uppdrag;R-B30-GO110-03;Äldre tillstånd saknar tydlig tillståndsmyndighet;B30;B30 – Miljöfarlig verksamhet;B30-GO110;Vem initierar och på vilken grund?;R-B30-GO110-03:trigger:03;utlösande faktor;3;Kedjan av övergångsbestämmelser för beslut från tiden före miljöbalken är svår att följa.;Direkt;Dokumenterad tillstånds- och övergångskedja minskar oklarhet om myndighetens egen behörighet.;Kontrollera verksamhetsslag, ärendetyp, datum, tidigare tillstånd och tillämplig instansordning vid mottagning. Dokumentera bedömningen och hantera fel mottagare skyndsamt enligt tillämpliga regler.;Ingen rätt att behålla domstolsmål eller överta annan myndighets beslut utan lagstöd. Sökanden ansvarar för korrekta verksamhetsuppgifter.;"MB 19 kap. 1–2 a §§; MPD-förordningen 3 §; FL 5–6 och 20 §§";"Dagar från mottagning till upptäckt behörighetsfel; antal sena instansbyten";Mottagningskontroll, ärendehistorik och överlämnandebeslut;"Behörighetskontroll finns i S0. Nationellt samlad rutin kan minska administrativa skillnader; rättsosäkerhet kvarstår.";Löpande inom egen behörighet;Miljöprövningsmyndigheten;Myndighet/tillståndshavare;analysis;;Endast egen behörig prövning av övertagna MPD-ärenden eller service knuten till denna. Övriga delar av riskpostens population kvarstår.;Minskad sannolikhet för den påverkbara delen;"Ej skattad; kräver mätning mot S0";"Samma normaliserade typårsportfölj i S0 och S1; särredovisa den andel där myndigheten har befogenhet";Kopplingsrader är inte additiva effekter. Gemensamma kostnader och överlappande kontroller ska räknas en gång.;"Beslutad organisationsinriktning och lagändringar för start 2027-07-01; detaljerad kontrollutformning är analysförslag";"Föreslagen kontroll; genomförande och effekt inte verifierade";"Käll- och strukturkontrollerad; inbyggd adversarial review ej tillgänglig";https://www.riksdagen.se/sv/dokument-och-lagar/dokument/kommittedirektiv/inrattande-av-en-ny-myndighet-for-miljoprovning_heb113/ | https://www.riksdagen.se/sv/dokument-och-lagar/dokument/svensk-forfattningssamling/miljobalk-1998808_sfs-1998-808/ | https://www.riksdagen.se/sv/dokument-och-lagar/dokument/svensk-forfattningssamling/forvaltningslag-2017900_sfs-2017-900/ | https://www.riksdagen.se/sv/dokument-och-lagar/dokument/svensk-forfattningssamling/forordning-20111237-om_sfs-2011-1237/;2.2.0;https://nic-esp.github.io/miljotillstandsrisker/data/riskregister-items.csv;2026-09-30;R-B30-GO110-03:mitigation;Spåra originalbeslutet och dess klassificering genom samtliga övergångsbestämmelser, inhämta rådgivande utlåtande från berörda instanser, och dokumentera behörighetskedjan i själva omprövningsframställan.;Delvis inom mandat efter avgränsning;Anpassning av befintligt förslag, avgränsad till myndighetens del;Dokumentera egen behörighet, gällande rätt och rättsligt avgränsad prövningsram.;"Sökandens processstrategi och rekonstruktion av tillstånd; materiella begränsningar får inte undanröjas för att effektivisera.";
MPM-02__R-B30-GO130-01:trigger:01;MPM-02;Tidig kontroll av behörighet och prövningsram;S1_beslutat_uppdrag;R-B30-GO130-01;Instansvalet följer en tillståndskedja ingen längre överblickar;B30;B30 – Miljöfarlig verksamhet;B30-GO130;Behörig omprövningsinstans?;R-B30-GO130-01:trigger:01;utlösande faktor;1;Behörighetsbedömningen för en efterföljande prövning knyts till det ursprungliga och motsvarande tillståndsslaget, samtidigt som verksamhetens klassificering har ändrats över tid.;Direkt;Behörighetsbedömningen görs mot äldre tillstånd och nuvarande regler, inte enbart aktuell verksamhetskod.;Kontrollera verksamhetsslag, ärendetyp, datum, tidigare tillstånd och tillämplig instansordning vid mottagning. Dokumentera bedömningen och hantera fel mottagare skyndsamt enligt tillämpliga regler.;Ingen rätt att behålla domstolsmål eller överta annan myndighets beslut utan lagstöd. Sökanden ansvarar för korrekta verksamhetsuppgifter.;"MB 19 kap. 1–2 a §§; MPD-förordningen 3 §; FL 5–6 och 20 §§";"Dagar från mottagning till upptäckt behörighetsfel; antal sena instansbyten";Mottagningskontroll, ärendehistorik och överlämnandebeslut;"Behörighetskontroll finns i S0. Nationellt samlad rutin kan minska administrativa skillnader; rättsosäkerhet kvarstår.";Löpande inom egen behörighet;Miljöprövningsmyndigheten;Sökande/behörig myndighet;source;EXT: SOU 2022:33 Om prövning och omprövning https://www.riksdagen.se/sv/dokument-och-lagar/dokument/statens-offentliga-utredningar/om-provning-och-omprovning_hab333/;Endast egen behörig prövning av övertagna MPD-ärenden eller service knuten till denna. Övriga delar av riskpostens population kvarstår.;Minskad sannolikhet för den påverkbara delen;"Ej skattad; kräver mätning mot S0";"Samma normaliserade typårsportfölj i S0 och S1; särredovisa den andel där myndigheten har befogenhet";Kopplingsrader är inte additiva effekter. Gemensamma kostnader och överlappande kontroller ska räknas en gång.;"Beslutad organisationsinriktning och lagändringar för start 2027-07-01; detaljerad kontrollutformning är analysförslag";"Föreslagen kontroll; genomförande och effekt inte verifierade";"Käll- och strukturkontrollerad; inbyggd adversarial review ej tillgänglig";https://www.riksdagen.se/sv/dokument-och-lagar/dokument/kommittedirektiv/inrattande-av-en-ny-myndighet-for-miljoprovning_heb113/ | https://www.riksdagen.se/sv/dokument-och-lagar/dokument/svensk-forfattningssamling/miljobalk-1998808_sfs-1998-808/ | https://www.riksdagen.se/sv/dokument-och-lagar/dokument/svensk-forfattningssamling/forvaltningslag-2017900_sfs-2017-900/ | https://www.riksdagen.se/sv/dokument-och-lagar/dokument/svensk-forfattningssamling/forordning-20111237-om_sfs-2011-1237/;2.2.0;https://nic-esp.github.io/miljotillstandsrisker/data/riskregister-items.csv;2026-09-30;R-B30-GO130-01:mitigation;Gör en uttrycklig 'motsvarighetsanalys' som översätter det ursprungliga tillståndsslaget till dagens MPF-koder, och begär rådgivande behörighetsbesked från aktuella instanser före inlämning.;Delvis inom mandat efter avgränsning;Anpassning av befintligt förslag, avgränsad till myndighetens del;Dokumentera egen behörighet, gällande rätt och rättsligt avgränsad prövningsram.;"Sökandens processstrategi och rekonstruktion av tillstånd; materiella begränsningar får inte undanröjas för att effektivisera.";
MPM-02__R-B30-GO130-01:trigger:02;MPM-02;Tidig kontroll av behörighet och prövningsram;S1_beslutat_uppdrag;R-B30-GO130-01;Instansvalet följer en tillståndskedja ingen längre överblickar;B30;B30 – Miljöfarlig verksamhet;B30-GO130;Behörig omprövningsinstans?;R-B30-GO130-01:trigger:02;utlösande faktor;2;Det är omtvistat vilket som är 'motsvarande' tillståndsslag i dagens klassificering för ett äldre länsstyrelsetillstånd.;Direkt;Behörighetsbedömningen görs mot äldre tillstånd och nuvarande regler, inte enbart aktuell verksamhetskod.;Kontrollera verksamhetsslag, ärendetyp, datum, tidigare tillstånd och tillämplig instansordning vid mottagning. Dokumentera bedömningen och hantera fel mottagare skyndsamt enligt tillämpliga regler.;Ingen rätt att behålla domstolsmål eller överta annan myndighets beslut utan lagstöd. Sökanden ansvarar för korrekta verksamhetsuppgifter.;"MB 19 kap. 1–2 a §§; MPD-förordningen 3 §; FL 5–6 och 20 §§";"Dagar från mottagning till upptäckt behörighetsfel; antal sena instansbyten";Mottagningskontroll, ärendehistorik och överlämnandebeslut;"Behörighetskontroll finns i S0. Nationellt samlad rutin kan minska administrativa skillnader; rättsosäkerhet kvarstår.";Löpande inom egen behörighet;Miljöprövningsmyndigheten;Sökande/behörig myndighet;analysis;;Endast egen behörig prövning av övertagna MPD-ärenden eller service knuten till denna. Övriga delar av riskpostens population kvarstår.;Minskad sannolikhet för den påverkbara delen;"Ej skattad; kräver mätning mot S0";"Samma normaliserade typårsportfölj i S0 och S1; särredovisa den andel där myndigheten har befogenhet";Kopplingsrader är inte additiva effekter. Gemensamma kostnader och överlappande kontroller ska räknas en gång.;"Beslutad organisationsinriktning och lagändringar för start 2027-07-01; detaljerad kontrollutformning är analysförslag";"Föreslagen kontroll; genomförande och effekt inte verifierade";"Käll- och strukturkontrollerad; inbyggd adversarial review ej tillgänglig";https://www.riksdagen.se/sv/dokument-och-lagar/dokument/kommittedirektiv/inrattande-av-en-ny-myndighet-for-miljoprovning_heb113/ | https://www.riksdagen.se/sv/dokument-och-lagar/dokument/svensk-forfattningssamling/miljobalk-1998808_sfs-1998-808/ | https://www.riksdagen.se/sv/dokument-och-lagar/dokument/svensk-forfattningssamling/forvaltningslag-2017900_sfs-2017-900/ | https://www.riksdagen.se/sv/dokument-och-lagar/dokument/svensk-forfattningssamling/forordning-20111237-om_sfs-2011-1237/;2.2.0;https://nic-esp.github.io/miljotillstandsrisker/data/riskregister-items.csv;2026-09-30;R-B30-GO130-01:mitigation;Gör en uttrycklig 'motsvarighetsanalys' som översätter det ursprungliga tillståndsslaget till dagens MPF-koder, och begär rådgivande behörighetsbesked från aktuella instanser före inlämning.;Delvis inom mandat efter avgränsning;Anpassning av befintligt förslag, avgränsad till myndighetens del;Dokumentera egen behörighet, gällande rätt och rättsligt avgränsad prövningsram.;"Sökandens processstrategi och rekonstruktion av tillstånd; materiella begränsningar får inte undanröjas för att effektivisera.";
MPM-02__R-B30-GO130-01:trigger:03;MPM-02;Tidig kontroll av behörighet och prövningsram;S1_beslutat_uppdrag;R-B30-GO130-01;Instansvalet följer en tillståndskedja ingen längre överblickar;B30;B30 – Miljöfarlig verksamhet;B30-GO130;Behörig omprövningsinstans?;R-B30-GO130-01:trigger:03;utlösande faktor;3;MPF:s sektorskapitel har reviderats flera gånger sedan tillståndet meddelades, vilket skapar potentiella behörighetsglapp.;Direkt;Behörighetsbedömningen görs mot äldre tillstånd och nuvarande regler, inte enbart aktuell verksamhetskod.;Kontrollera verksamhetsslag, ärendetyp, datum, tidigare tillstånd och tillämplig instansordning vid mottagning. Dokumentera bedömningen och hantera fel mottagare skyndsamt enligt tillämpliga regler.;Ingen rätt att behålla domstolsmål eller överta annan myndighets beslut utan lagstöd. Sökanden ansvarar för korrekta verksamhetsuppgifter.;"MB 19 kap. 1–2 a §§; MPD-förordningen 3 §; FL 5–6 och 20 §§";"Dagar från mottagning till upptäckt behörighetsfel; antal sena instansbyten";Mottagningskontroll, ärendehistorik och överlämnandebeslut;"Behörighetskontroll finns i S0. Nationellt samlad rutin kan minska administrativa skillnader; rättsosäkerhet kvarstår.";Löpande inom egen behörighet;Miljöprövningsmyndigheten;Sökande/behörig myndighet;source;EXT: SOU 2022:33 Om prövning och omprövning https://www.riksdagen.se/sv/dokument-och-lagar/dokument/statens-offentliga-utredningar/om-provning-och-omprovning_hab333/;Endast egen behörig prövning av övertagna MPD-ärenden eller service knuten till denna. Övriga delar av riskpostens population kvarstår.;Minskad sannolikhet för den påverkbara delen;"Ej skattad; kräver mätning mot S0";"Samma normaliserade typårsportfölj i S0 och S1; särredovisa den andel där myndigheten har befogenhet";Kopplingsrader är inte additiva effekter. Gemensamma kostnader och överlappande kontroller ska räknas en gång.;"Beslutad organisationsinriktning och lagändringar för start 2027-07-01; detaljerad kontrollutformning är analysförslag";"Föreslagen kontroll; genomförande och effekt inte verifierade";"Käll- och strukturkontrollerad; inbyggd adversarial review ej tillgänglig";https://www.riksdagen.se/sv/dokument-och-lagar/dokument/kommittedirektiv/inrattande-av-en-ny-myndighet-for-miljoprovning_heb113/ | https://www.riksdagen.se/sv/dokument-och-lagar/dokument/svensk-forfattningssamling/miljobalk-1998808_sfs-1998-808/ | https://www.riksdagen.se/sv/dokument-och-lagar/dokument/svensk-forfattningssamling/forvaltningslag-2017900_sfs-2017-900/ | https://www.riksdagen.se/sv/dokument-och-lagar/dokument/svensk-forfattningssamling/forordning-20111237-om_sfs-2011-1237/;2.2.0;https://nic-esp.github.io/miljotillstandsrisker/data/riskregister-items.csv;2026-09-30;R-B30-GO130-01:mitigation;Gör en uttrycklig 'motsvarighetsanalys' som översätter det ursprungliga tillståndsslaget till dagens MPF-koder, och begär rådgivande behörighetsbesked från aktuella instanser före inlämning.;Delvis inom mandat efter avgränsning;Anpassning av befintligt förslag, avgränsad till myndighetens del;Dokumentera egen behörighet, gällande rätt och rättsligt avgränsad prövningsram.;"Sökandens processstrategi och rekonstruktion av tillstånd; materiella begränsningar får inte undanröjas för att effektivisera.";
MPM-02__R-B60-G020-01:trigger:01;MPM-02;Tidig kontroll av behörighet och prövningsram;S1_beslutat_uppdrag;R-B60-G020-01;Fel första instans leder till överlämnande eller avvisning;B60;B60 – Ansökan, beslut och överprövning;B60-G020;Är instansen och prövningsramen rätt?;R-B60-G020-01:trigger:01;utlösande faktor;1;Ansökan lämnas till en instans som saknar behörighet för den aktuella verksamhets- eller måltypen.;Direkt;Kontroll vid mottagning upptäcker fel första instans innan omfattande egen beredning.;Kontrollera verksamhetsslag, ärendetyp, datum, tidigare tillstånd och tillämplig instansordning vid mottagning. Dokumentera bedömningen och hantera fel mottagare skyndsamt enligt tillämpliga regler.;Ingen rätt att behålla domstolsmål eller överta annan myndighets beslut utan lagstöd. Sökanden ansvarar för korrekta verksamhetsuppgifter.;"MB 19 kap. 1–2 a §§; MPD-förordningen 3 §; FL 5–6 och 20 §§";"Dagar från mottagning till upptäckt behörighetsfel; antal sena instansbyten";Mottagningskontroll, ärendehistorik och överlämnandebeslut;"Behörighetskontroll finns i S0. Nationellt samlad rutin kan minska administrativa skillnader; rättsosäkerhet kvarstår.";Löpande inom egen behörighet;Miljöprövningsmyndigheten;Första instans;source;MB | MMDL;Endast egen behörig prövning av övertagna MPD-ärenden eller service knuten till denna. Övriga delar av riskpostens population kvarstår.;Minskad sannolikhet för den påverkbara delen;"Ej skattad; kräver mätning mot S0";"Samma normaliserade typårsportfölj i S0 och S1; särredovisa den andel där myndigheten har befogenhet";Kopplingsrader är inte additiva effekter. Gemensamma kostnader och överlappande kontroller ska räknas en gång.;"Beslutad organisationsinriktning och lagändringar för start 2027-07-01; detaljerad kontrollutformning är analysförslag";"Föreslagen kontroll; genomförande och effekt inte verifierade";"Käll- och strukturkontrollerad; inbyggd adversarial review ej tillgänglig";https://www.riksdagen.se/sv/dokument-och-lagar/dokument/kommittedirektiv/inrattande-av-en-ny-myndighet-for-miljoprovning_heb113/ | https://www.riksdagen.se/sv/dokument-och-lagar/dokument/svensk-forfattningssamling/miljobalk-1998808_sfs-1998-808/ | https://www.riksdagen.se/sv/dokument-och-lagar/dokument/svensk-forfattningssamling/forvaltningslag-2017900_sfs-2017-900/ | https://www.riksdagen.se/sv/dokument-och-lagar/dokument/svensk-forfattningssamling/forordning-20111237-om_sfs-2011-1237/;2.2.0;https://nic-esp.github.io/miljotillstandsrisker/data/riskregister-items.csv;2026-09-30;R-B60-G020-01:mitigation;"Låt juridisk sakkunskap verifiera instanskarta och sambandsprövningsmöjligheter innan ingivning (jfr B10-080); begär förhandsbesked från tänkt instans om behörigheten är tveksam; dokumentera behörighetsanalysen i ansökan.";Delvis inom mandat efter avgränsning;Anpassning av befintligt förslag, avgränsad till myndighetens del;Kontrollera egen behörighet och ge dokumenterad processinformation.;Sökandens juridiska analys och bindande förhandsbesked utan stöd.;
MPM-02__R-B60-G020-01:trigger:02;MPM-02;Tidig kontroll av behörighet och prövningsram;S1_beslutat_uppdrag;R-B60-G020-01;Fel första instans leder till överlämnande eller avvisning;B60;B60 – Ansökan, beslut och överprövning;B60-G020;Är instansen och prövningsramen rätt?;R-B60-G020-01:trigger:02;utlösande faktor;2;Verksamheten kombinerar miljöfarlig verksamhet och vattenverksamhet på ett sätt som gör behörigheten svårbedömd.;Direkt;Kontroll vid mottagning upptäcker fel första instans innan omfattande egen beredning.;Kontrollera verksamhetsslag, ärendetyp, datum, tidigare tillstånd och tillämplig instansordning vid mottagning. Dokumentera bedömningen och hantera fel mottagare skyndsamt enligt tillämpliga regler.;Ingen rätt att behålla domstolsmål eller överta annan myndighets beslut utan lagstöd. Sökanden ansvarar för korrekta verksamhetsuppgifter.;"MB 19 kap. 1–2 a §§; MPD-förordningen 3 §; FL 5–6 och 20 §§";"Dagar från mottagning till upptäckt behörighetsfel; antal sena instansbyten";Mottagningskontroll, ärendehistorik och överlämnandebeslut;"Behörighetskontroll finns i S0. Nationellt samlad rutin kan minska administrativa skillnader; rättsosäkerhet kvarstår.";Löpande inom egen behörighet;Miljöprövningsmyndigheten;Första instans;analysis;;Endast egen behörig prövning av övertagna MPD-ärenden eller service knuten till denna. Övriga delar av riskpostens population kvarstår.;Minskad sannolikhet för den påverkbara delen;"Ej skattad; kräver mätning mot S0";"Samma normaliserade typårsportfölj i S0 och S1; särredovisa den andel där myndigheten har befogenhet";Kopplingsrader är inte additiva effekter. Gemensamma kostnader och överlappande kontroller ska räknas en gång.;"Beslutad organisationsinriktning och lagändringar för start 2027-07-01; detaljerad kontrollutformning är analysförslag";"Föreslagen kontroll; genomförande och effekt inte verifierade";"Käll- och strukturkontrollerad; inbyggd adversarial review ej tillgänglig";https://www.riksdagen.se/sv/dokument-och-lagar/dokument/kommittedirektiv/inrattande-av-en-ny-myndighet-for-miljoprovning_heb113/ | https://www.riksdagen.se/sv/dokument-och-lagar/dokument/svensk-forfattningssamling/miljobalk-1998808_sfs-1998-808/ | https://www.riksdagen.se/sv/dokument-och-lagar/dokument/svensk-forfattningssamling/forvaltningslag-2017900_sfs-2017-900/ | https://www.riksdagen.se/sv/dokument-och-lagar/dokument/svensk-forfattningssamling/forordning-20111237-om_sfs-2011-1237/;2.2.0;https://nic-esp.github.io/miljotillstandsrisker/data/riskregister-items.csv;2026-09-30;R-B60-G020-01:mitigation;"Låt juridisk sakkunskap verifiera instanskarta och sambandsprövningsmöjligheter innan ingivning (jfr B10-080); begär förhandsbesked från tänkt instans om behörigheten är tveksam; dokumentera behörighetsanalysen i ansökan.";Delvis inom mandat efter avgränsning;Anpassning av befintligt förslag, avgränsad till myndighetens del;Kontrollera egen behörighet och ge dokumenterad processinformation.;Sökandens juridiska analys och bindande förhandsbesked utan stöd.;
MPM-02__R-B60-G020-01:trigger:04;MPM-02;Tidig kontroll av behörighet och prövningsram;S1_beslutat_uppdrag;R-B60-G020-01;Fel första instans leder till överlämnande eller avvisning;B60;B60 – Ansökan, beslut och överprövning;B60-G020;Är instansen och prövningsramen rätt?;R-B60-G020-01:trigger:04;utlösande faktor;4;Övergångsreglerna för den nya Miljöprövningsmyndigheten tillämpas på fel ärendekategori.;Direkt;Kontroll vid mottagning upptäcker fel första instans innan omfattande egen beredning.;Kontrollera verksamhetsslag, ärendetyp, datum, tidigare tillstånd och tillämplig instansordning vid mottagning. Dokumentera bedömningen och hantera fel mottagare skyndsamt enligt tillämpliga regler.;Ingen rätt att behålla domstolsmål eller överta annan myndighets beslut utan lagstöd. Sökanden ansvarar för korrekta verksamhetsuppgifter.;"MB 19 kap. 1–2 a §§; MPD-förordningen 3 §; FL 5–6 och 20 §§";"Dagar från mottagning till upptäckt behörighetsfel; antal sena instansbyten";Mottagningskontroll, ärendehistorik och överlämnandebeslut;"Behörighetskontroll finns i S0. Nationellt samlad rutin kan minska administrativa skillnader; rättsosäkerhet kvarstår.";Löpande inom egen behörighet;Miljöprövningsmyndigheten;Första instans;analysis;;Endast egen behörig prövning av övertagna MPD-ärenden eller service knuten till denna. Övriga delar av riskpostens population kvarstår.;Minskad sannolikhet för den påverkbara delen;"Ej skattad; kräver mätning mot S0";"Samma normaliserade typårsportfölj i S0 och S1; särredovisa den andel där myndigheten har befogenhet";Kopplingsrader är inte additiva effekter. Gemensamma kostnader och överlappande kontroller ska räknas en gång.;"Beslutad organisationsinriktning och lagändringar för start 2027-07-01; detaljerad kontrollutformning är analysförslag";"Föreslagen kontroll; genomförande och effekt inte verifierade";"Käll- och strukturkontrollerad; inbyggd adversarial review ej tillgänglig";https://www.riksdagen.se/sv/dokument-och-lagar/dokument/kommittedirektiv/inrattande-av-en-ny-myndighet-for-miljoprovning_heb113/ | https://www.riksdagen.se/sv/dokument-och-lagar/dokument/svensk-forfattningssamling/miljobalk-1998808_sfs-1998-808/ | https://www.riksdagen.se/sv/dokument-och-lagar/dokument/svensk-forfattningssamling/forvaltningslag-2017900_sfs-2017-900/ | https://www.riksdagen.se/sv/dokument-och-lagar/dokument/svensk-forfattningssamling/forordning-20111237-om_sfs-2011-1237/;2.2.0;https://nic-esp.github.io/miljotillstandsrisker/data/riskregister-items.csv;2026-09-30;R-B60-G020-01:mitigation;"Låt juridisk sakkunskap verifiera instanskarta och sambandsprövningsmöjligheter innan ingivning (jfr B10-080); begär förhandsbesked från tänkt instans om behörigheten är tveksam; dokumentera behörighetsanalysen i ansökan.";Delvis inom mandat efter avgränsning;Anpassning av befintligt förslag, avgränsad till myndighetens del;Kontrollera egen behörighet och ge dokumenterad processinformation.;Sökandens juridiska analys och bindande förhandsbesked utan stöd.;
MPM-02__R-B50-GN040-03:trigger:01;MPM-02;Tidig kontroll av behörighet och prövningsram;S1_beslutat_uppdrag;R-B50-GN040-03;Behörighetsregeln för Natura 2000 tillämpas fel i gräns- eller kombinationsfall;B50;B50 – Tvärgående och sektorsspecifika spår;B50-GN040;Kan tillstånd lämnas utan skada eller betydande störning?;R-B50-GN040-03:trigger:01;utlösande faktor;1;Natura 2000-ansökan lämnas till en annan instans än den som är behörig enligt 7 kap. 29 b eller 32 § miljöbalken.;Direkt;Korrekt behörighetsprövning fångar felaktig uppdelning mellan Natura och eget huvudärende.;Kontrollera verksamhetsslag, ärendetyp, datum, tidigare tillstånd och tillämplig instansordning vid mottagning. Dokumentera bedömningen och hantera fel mottagare skyndsamt enligt tillämpliga regler.;Ingen rätt att behålla domstolsmål eller överta annan myndighets beslut utan lagstöd. Sökanden ansvarar för korrekta verksamhetsuppgifter.;"MB 19 kap. 1–2 a §§; MPD-förordningen 3 §; FL 5–6 och 20 §§";"Dagar från mottagning till upptäckt behörighetsfel; antal sena instansbyten";Mottagningskontroll, ärendehistorik och överlämnandebeslut;"Behörighetskontroll finns i S0. Nationellt samlad rutin kan minska administrativa skillnader; rättsosäkerhet kvarstår.";Löpande inom egen behörighet;Miljöprövningsmyndigheten;Prövningsmyndighet;source;MB;Endast Natura-frågor knutna till myndighetens egen behöriga prövning.;Minskad sannolikhet för den påverkbara delen;"Ej skattad; kräver mätning mot S0";"Samma normaliserade typårsportfölj i S0 och S1; särredovisa den andel där myndigheten har befogenhet";Kopplingsrader är inte additiva effekter. Gemensamma kostnader och överlappande kontroller ska räknas en gång.;"Beslutad organisationsinriktning och lagändringar för start 2027-07-01; detaljerad kontrollutformning är analysförslag";"Föreslagen kontroll; genomförande och effekt inte verifierade";"Käll- och strukturkontrollerad; inbyggd adversarial review ej tillgänglig";https://www.riksdagen.se/sv/dokument-och-lagar/dokument/kommittedirektiv/inrattande-av-en-ny-myndighet-for-miljoprovning_heb113/ | https://www.riksdagen.se/sv/dokument-och-lagar/dokument/svensk-forfattningssamling/miljobalk-1998808_sfs-1998-808/ | https://www.riksdagen.se/sv/dokument-och-lagar/dokument/svensk-forfattningssamling/forvaltningslag-2017900_sfs-2017-900/ | https://www.riksdagen.se/sv/dokument-och-lagar/dokument/svensk-forfattningssamling/forordning-20111237-om_sfs-2011-1237/;2.2.0;https://nic-esp.github.io/miljotillstandsrisker/data/riskregister-items.csv;2026-09-30;R-B50-GN040-03:mitigation;Verifiera behörigheten skriftligt med berörda myndigheter före inlämning och bevaka pågående lagstiftning om Natura-instanserna. Vid osäkerhet, välj den instans som etablerad praxis pekar på och dokumentera ställningstagandet.;Delvis inom mandat efter avgränsning;Anpassning av befintligt förslag, avgränsad till myndighetens del;Pröva egen Natura-/dispensbehörighet och tydliggöra ärendenas gränser.;"Val av projektets instansstrategi och garantier om förhandsutfall; andra skyddsformers kvarvarande beslutande organ.";
MPM-02__R-B50-GN040-03:trigger:02;MPM-02;Tidig kontroll av behörighet och prövningsram;S1_beslutat_uppdrag;R-B50-GN040-03;Behörighetsregeln för Natura 2000 tillämpas fel i gräns- eller kombinationsfall;B50;B50 – Tvärgående och sektorsspecifika spår;B50-GN040;Kan tillstånd lämnas utan skada eller betydande störning?;R-B50-GN040-03:trigger:02;utlösande faktor;2;Projektet skiljer felaktigt Natura-frågan från en samtidig miljöbalksprövning.;Direkt;Korrekt behörighetsprövning fångar felaktig uppdelning mellan Natura och eget huvudärende.;Kontrollera verksamhetsslag, ärendetyp, datum, tidigare tillstånd och tillämplig instansordning vid mottagning. Dokumentera bedömningen och hantera fel mottagare skyndsamt enligt tillämpliga regler.;Ingen rätt att behålla domstolsmål eller överta annan myndighets beslut utan lagstöd. Sökanden ansvarar för korrekta verksamhetsuppgifter.;"MB 19 kap. 1–2 a §§; MPD-förordningen 3 §; FL 5–6 och 20 §§";"Dagar från mottagning till upptäckt behörighetsfel; antal sena instansbyten";Mottagningskontroll, ärendehistorik och överlämnandebeslut;"Behörighetskontroll finns i S0. Nationellt samlad rutin kan minska administrativa skillnader; rättsosäkerhet kvarstår.";Löpande inom egen behörighet;Miljöprövningsmyndigheten;Prövningsmyndighet;analysis;;Endast Natura-frågor knutna till myndighetens egen behöriga prövning.;Minskad sannolikhet för den påverkbara delen;"Ej skattad; kräver mätning mot S0";"Samma normaliserade typårsportfölj i S0 och S1; särredovisa den andel där myndigheten har befogenhet";Kopplingsrader är inte additiva effekter. Gemensamma kostnader och överlappande kontroller ska räknas en gång.;"Beslutad organisationsinriktning och lagändringar för start 2027-07-01; detaljerad kontrollutformning är analysförslag";"Föreslagen kontroll; genomförande och effekt inte verifierade";"Käll- och strukturkontrollerad; inbyggd adversarial review ej tillgänglig";https://www.riksdagen.se/sv/dokument-och-lagar/dokument/kommittedirektiv/inrattande-av-en-ny-myndighet-for-miljoprovning_heb113/ | https://www.riksdagen.se/sv/dokument-och-lagar/dokument/svensk-forfattningssamling/miljobalk-1998808_sfs-1998-808/ | https://www.riksdagen.se/sv/dokument-och-lagar/dokument/svensk-forfattningssamling/forvaltningslag-2017900_sfs-2017-900/ | https://www.riksdagen.se/sv/dokument-och-lagar/dokument/svensk-forfattningssamling/forordning-20111237-om_sfs-2011-1237/;2.2.0;https://nic-esp.github.io/miljotillstandsrisker/data/riskregister-items.csv;2026-09-30;R-B50-GN040-03:mitigation;Verifiera behörigheten skriftligt med berörda myndigheter före inlämning och bevaka pågående lagstiftning om Natura-instanserna. Vid osäkerhet, välj den instans som etablerad praxis pekar på och dokumentera ställningstagandet.;Delvis inom mandat efter avgränsning;Anpassning av befintligt förslag, avgränsad till myndighetens del;Pröva egen Natura-/dispensbehörighet och tydliggöra ärendenas gränser.;"Val av projektets instansstrategi och garantier om förhandsutfall; andra skyddsformers kvarvarande beslutande organ.";
MPM-02__R-B50-GN040-03:trigger:03;MPM-02;Tidig kontroll av behörighet och prövningsram;S1_beslutat_uppdrag;R-B50-GN040-03;Behörighetsregeln för Natura 2000 tillämpas fel i gräns- eller kombinationsfall;B50;B50 – Tvärgående och sektorsspecifika spår;B50-GN040;Kan tillstånd lämnas utan skada eller betydande störning?;R-B50-GN040-03:trigger:03;utlösande faktor;3;Verksamhetens geografiska läge eller kombination av prövningar bedöms mot fel behörighetsregel.;Direkt;Korrekt behörighetsprövning fångar felaktig uppdelning mellan Natura och eget huvudärende.;Kontrollera verksamhetsslag, ärendetyp, datum, tidigare tillstånd och tillämplig instansordning vid mottagning. Dokumentera bedömningen och hantera fel mottagare skyndsamt enligt tillämpliga regler.;Ingen rätt att behålla domstolsmål eller överta annan myndighets beslut utan lagstöd. Sökanden ansvarar för korrekta verksamhetsuppgifter.;"MB 19 kap. 1–2 a §§; MPD-förordningen 3 §; FL 5–6 och 20 §§";"Dagar från mottagning till upptäckt behörighetsfel; antal sena instansbyten";Mottagningskontroll, ärendehistorik och överlämnandebeslut;"Behörighetskontroll finns i S0. Nationellt samlad rutin kan minska administrativa skillnader; rättsosäkerhet kvarstår.";Löpande inom egen behörighet;Miljöprövningsmyndigheten;Prövningsmyndighet;analysis;;Endast Natura-frågor knutna till myndighetens egen behöriga prövning.;Minskad sannolikhet för den påverkbara delen;"Ej skattad; kräver mätning mot S0";"Samma normaliserade typårsportfölj i S0 och S1; särredovisa den andel där myndigheten har befogenhet";Kopplingsrader är inte additiva effekter. Gemensamma kostnader och överlappande kontroller ska räknas en gång.;"Beslutad organisationsinriktning och lagändringar för start 2027-07-01; detaljerad kontrollutformning är analysförslag";"Föreslagen kontroll; genomförande och effekt inte verifierade";"Käll- och strukturkontrollerad; inbyggd adversarial review ej tillgänglig";https://www.riksdagen.se/sv/dokument-och-lagar/dokument/kommittedirektiv/inrattande-av-en-ny-myndighet-for-miljoprovning_heb113/ | https://www.riksdagen.se/sv/dokument-och-lagar/dokument/svensk-forfattningssamling/miljobalk-1998808_sfs-1998-808/ | https://www.riksdagen.se/sv/dokument-och-lagar/dokument/svensk-forfattningssamling/forvaltningslag-2017900_sfs-2017-900/ | https://www.riksdagen.se/sv/dokument-och-lagar/dokument/svensk-forfattningssamling/forordning-20111237-om_sfs-2011-1237/;2.2.0;https://nic-esp.github.io/miljotillstandsrisker/data/riskregister-items.csv;2026-09-30;R-B50-GN040-03:mitigation;Verifiera behörigheten skriftligt med berörda myndigheter före inlämning och bevaka pågående lagstiftning om Natura-instanserna. Vid osäkerhet, välj den instans som etablerad praxis pekar på och dokumentera ställningstagandet.;Delvis inom mandat efter avgränsning;Anpassning av befintligt förslag, avgränsad till myndighetens del;Pröva egen Natura-/dispensbehörighet och tydliggöra ärendenas gränser.;"Val av projektets instansstrategi och garantier om förhandsutfall; andra skyddsformers kvarvarande beslutande organ.";
MPM-03__R-B50-N030-01:trigger:01;MPM-03;Samordnad handläggning när sambandsregeln medger det;S1_beslutat_uppdrag;R-B50-N030-01;Natura 2000-frågan lämnas till fel instans eller samordnas inte med huvudprövningen;B50;B50 – Tvärgående och sektorsspecifika spår;B50-N030;Lämna och komplettera Natura 2000-ansökan;R-B50-N030-01:trigger:01;utlösande faktor;1;Natura 2000-ansökan lämnas till länsstyrelsen trots att en annan miljöbalksprövning enligt 7 kap. 29 b § ska omfatta frågan.;Direkt;Lagligen samlad prövning kan undvika separata och felriktade Natura-spår.;Pröva uttryckligen om sammanhängande miljöbalksärenden kan handläggas tillsammans. Dokumentera samband, samma verksamhetsutövare, undantag och underrättelse till tidigare ansvarig instans. Upprätta gemensam fråge- och tidsplan för de ärenden som tas om hand.;MB 19 kap. 2 a § gäller ansökningar eller anmälningar annars hos kommun eller annan förvaltningsmyndighet. Den ger inget generellt övertagande av domstolsmål, PBL, KML, koncessioner eller regeringsöverklagade frågor.;MB 19 kap. 2 a §, lydelse 2027-07-01 (SFS 2026:1442);"Andel behöriga sambandsfall prövade för samordning; dubbelbegärda uppgifter; motstridiga villkor";Dokumenterad behörighetsbedömning, underrättelser och gemensam ärendeplan;S0 har redan viss sambandsprövning. Jämför den nya samordningen med faktiskt tillämpliga S0-möjligheter, inte med antagen total fragmentering.;Vid mottagning och när nytt samband upptäcks;Miljöprövningsmyndigheten;Projektägare → prövningsmyndighet;source;MB;Samband med eget tillståndsärende och tillämplig Natura-behörighet måste styrkas.;Minskad sannolikhet för den påverkbara delen;"Ej skattad; kräver mätning mot S0";"Samma normaliserade typårsportfölj i S0 och S1; särredovisa den andel där myndigheten har befogenhet";Kopplingsrader är inte additiva effekter. Gemensamma kostnader och överlappande kontroller ska räknas en gång.;"Beslutad organisationsinriktning och lagändringar för start 2027-07-01; detaljerad kontrollutformning är analysförslag";"Föreslagen kontroll; genomförande och effekt inte verifierade";"Käll- och strukturkontrollerad; inbyggd adversarial review ej tillgänglig";https://www.riksdagen.se/sv/dokument-och-lagar/dokument/kommittedirektiv/inrattande-av-en-ny-myndighet-for-miljoprovning_heb113/ | https://www.riksdagen.se/sv/dokument-och-lagar/dokument/svensk-forfattningssamling/miljobalk-1998808_sfs-1998-808/ | https://www.riksdagen.se/sv/dokument-och-lagar/dokument/svensk-forfattningssamling/forvaltningslag-2017900_sfs-2017-900/;2.2.0;https://nic-esp.github.io/miljotillstandsrisker/data/riskregister-items.csv;2026-09-30;R-B50-N030-01:mitigation;Välj samordnad prövning när det är möjligt och begär det uttryckligen i ansökan. Synkronisera bevisningen mellan spåren så att samma Natura-MKB ligger till grund, och upprätta en gemensam tidsplan med alla berörda myndigheter och domstolar.;Delvis inom mandat efter avgränsning;Anpassning av befintligt förslag, avgränsad till myndighetens del;Pröva laglig samordning inom egen behörighet och överenskomma informationsgränssnitt.;Sökandens Natura-underlag och en gemensam bindande tidplan för självständiga domstolar/myndigheter.;
MPM-03__R-B50-N030-01:trigger:02;MPM-03;Samordnad handläggning när sambandsregeln medger det;S1_beslutat_uppdrag;R-B50-N030-01;Natura 2000-frågan lämnas till fel instans eller samordnas inte med huvudprövningen;B50;B50 – Tvärgående och sektorsspecifika spår;B50-N030;Lämna och komplettera Natura 2000-ansökan;R-B50-N030-01:trigger:02;utlösande faktor;2;Projektet utgår från organisatorisk närhet i stället för den konkreta behörighetsregeln.;Direkt;Lagligen samlad prövning kan undvika separata och felriktade Natura-spår.;Pröva uttryckligen om sammanhängande miljöbalksärenden kan handläggas tillsammans. Dokumentera samband, samma verksamhetsutövare, undantag och underrättelse till tidigare ansvarig instans. Upprätta gemensam fråge- och tidsplan för de ärenden som tas om hand.;MB 19 kap. 2 a § gäller ansökningar eller anmälningar annars hos kommun eller annan förvaltningsmyndighet. Den ger inget generellt övertagande av domstolsmål, PBL, KML, koncessioner eller regeringsöverklagade frågor.;MB 19 kap. 2 a §, lydelse 2027-07-01 (SFS 2026:1442);"Andel behöriga sambandsfall prövade för samordning; dubbelbegärda uppgifter; motstridiga villkor";Dokumenterad behörighetsbedömning, underrättelser och gemensam ärendeplan;S0 har redan viss sambandsprövning. Jämför den nya samordningen med faktiskt tillämpliga S0-möjligheter, inte med antagen total fragmentering.;Vid mottagning och när nytt samband upptäcks;Miljöprövningsmyndigheten;Projektägare → prövningsmyndighet;analysis;;Samband med eget tillståndsärende och tillämplig Natura-behörighet måste styrkas.;Minskad sannolikhet för den påverkbara delen;"Ej skattad; kräver mätning mot S0";"Samma normaliserade typårsportfölj i S0 och S1; särredovisa den andel där myndigheten har befogenhet";Kopplingsrader är inte additiva effekter. Gemensamma kostnader och överlappande kontroller ska räknas en gång.;"Beslutad organisationsinriktning och lagändringar för start 2027-07-01; detaljerad kontrollutformning är analysförslag";"Föreslagen kontroll; genomförande och effekt inte verifierade";"Käll- och strukturkontrollerad; inbyggd adversarial review ej tillgänglig";https://www.riksdagen.se/sv/dokument-och-lagar/dokument/kommittedirektiv/inrattande-av-en-ny-myndighet-for-miljoprovning_heb113/ | https://www.riksdagen.se/sv/dokument-och-lagar/dokument/svensk-forfattningssamling/miljobalk-1998808_sfs-1998-808/ | https://www.riksdagen.se/sv/dokument-och-lagar/dokument/svensk-forfattningssamling/forvaltningslag-2017900_sfs-2017-900/;2.2.0;https://nic-esp.github.io/miljotillstandsrisker/data/riskregister-items.csv;2026-09-30;R-B50-N030-01:mitigation;Välj samordnad prövning när det är möjligt och begär det uttryckligen i ansökan. Synkronisera bevisningen mellan spåren så att samma Natura-MKB ligger till grund, och upprätta en gemensam tidsplan med alla berörda myndigheter och domstolar.;Delvis inom mandat efter avgränsning;Anpassning av befintligt förslag, avgränsad till myndighetens del;Pröva laglig samordning inom egen behörighet och överenskomma informationsgränssnitt.;Sökandens Natura-underlag och en gemensam bindande tidplan för självständiga domstolar/myndigheter.;
MPM-03__R-B50-N030-01:trigger:03;MPM-03;Samordnad handläggning när sambandsregeln medger det;S1_beslutat_uppdrag;R-B50-N030-01;Natura 2000-frågan lämnas till fel instans eller samordnas inte med huvudprövningen;B50;B50 – Tvärgående och sektorsspecifika spår;B50-N030;Lämna och komplettera Natura 2000-ansökan;R-B50-N030-01:trigger:03;utlösande faktor;3;Huvud- och Natura-underlagen ges in parallellt utan gemensam avgränsning eller beslutsstrategi.;Direkt;Lagligen samlad prövning kan undvika separata och felriktade Natura-spår.;Pröva uttryckligen om sammanhängande miljöbalksärenden kan handläggas tillsammans. Dokumentera samband, samma verksamhetsutövare, undantag och underrättelse till tidigare ansvarig instans. Upprätta gemensam fråge- och tidsplan för de ärenden som tas om hand.;MB 19 kap. 2 a § gäller ansökningar eller anmälningar annars hos kommun eller annan förvaltningsmyndighet. Den ger inget generellt övertagande av domstolsmål, PBL, KML, koncessioner eller regeringsöverklagade frågor.;MB 19 kap. 2 a §, lydelse 2027-07-01 (SFS 2026:1442);"Andel behöriga sambandsfall prövade för samordning; dubbelbegärda uppgifter; motstridiga villkor";Dokumenterad behörighetsbedömning, underrättelser och gemensam ärendeplan;S0 har redan viss sambandsprövning. Jämför den nya samordningen med faktiskt tillämpliga S0-möjligheter, inte med antagen total fragmentering.;Vid mottagning och när nytt samband upptäcks;Miljöprövningsmyndigheten;Projektägare → prövningsmyndighet;analysis;;Samband med eget tillståndsärende och tillämplig Natura-behörighet måste styrkas.;Minskad sannolikhet för den påverkbara delen;"Ej skattad; kräver mätning mot S0";"Samma normaliserade typårsportfölj i S0 och S1; särredovisa den andel där myndigheten har befogenhet";Kopplingsrader är inte additiva effekter. Gemensamma kostnader och överlappande kontroller ska räknas en gång.;"Beslutad organisationsinriktning och lagändringar för start 2027-07-01; detaljerad kontrollutformning är analysförslag";"Föreslagen kontroll; genomförande och effekt inte verifierade";"Käll- och strukturkontrollerad; inbyggd adversarial review ej tillgänglig";https://www.riksdagen.se/sv/dokument-och-lagar/dokument/kommittedirektiv/inrattande-av-en-ny-myndighet-for-miljoprovning_heb113/ | https://www.riksdagen.se/sv/dokument-och-lagar/dokument/svensk-forfattningssamling/miljobalk-1998808_sfs-1998-808/ | https://www.riksdagen.se/sv/dokument-och-lagar/dokument/svensk-forfattningssamling/forvaltningslag-2017900_sfs-2017-900/;2.2.0;https://nic-esp.github.io/miljotillstandsrisker/data/riskregister-items.csv;2026-09-30;R-B50-N030-01:mitigation;Välj samordnad prövning när det är möjligt och begär det uttryckligen i ansökan. Synkronisera bevisningen mellan spåren så att samma Natura-MKB ligger till grund, och upprätta en gemensam tidsplan med alla berörda myndigheter och domstolar.;Delvis inom mandat efter avgränsning;Anpassning av befintligt förslag, avgränsad till myndighetens del;Pröva laglig samordning inom egen behörighet och överenskomma informationsgränssnitt.;Sökandens Natura-underlag och en gemensam bindande tidplan för självständiga domstolar/myndigheter.;
MPM-03__R-B10-080-01:trigger:02;MPM-03;Samordnad handläggning när sambandsregeln medger det;S1_beslutat_uppdrag;R-B10-080-01;Samordningsmöjligheten missas och prövningarna körs isolerat med motstridiga utfall;B10;B10 – Förstudie och prövningsväg;B10-080;Kan prövningarna samordnas eller sambandsprövas?;R-B10-080-01:trigger:02;utlösande faktor;2;De olika prövningsinstanserna utgår från skilda antaganden om anläggningens driftsituation när de fastställer villkoren.;Direkt;Gemensam prövning av behöriga delärenden gör det möjligt att använda samma antaganden och underlagsversion.;Pröva uttryckligen om sammanhängande miljöbalksärenden kan handläggas tillsammans. Dokumentera samband, samma verksamhetsutövare, undantag och underrättelse till tidigare ansvarig instans. Upprätta gemensam fråge- och tidsplan för de ärenden som tas om hand.;MB 19 kap. 2 a § gäller ansökningar eller anmälningar annars hos kommun eller annan förvaltningsmyndighet. Den ger inget generellt övertagande av domstolsmål, PBL, KML, koncessioner eller regeringsöverklagade frågor.;MB 19 kap. 2 a §, lydelse 2027-07-01 (SFS 2026:1442);"Andel behöriga sambandsfall prövade för samordning; dubbelbegärda uppgifter; motstridiga villkor";Dokumenterad behörighetsbedömning, underrättelser och gemensam ärendeplan;S0 har redan viss sambandsprövning. Jämför den nya samordningen med faktiskt tillämpliga S0-möjligheter, inte med antagen total fragmentering.;Vid mottagning och när nytt samband upptäcks;Miljöprövningsmyndigheten;Projektägare och berörda prövningsinstanser;analysis;;"Endast samordning inom MB 19 kap. 2 a §; inte all vattenverksamhet.";Minskad sannolikhet för den påverkbara delen;"Ej skattad; kräver mätning mot S0";"Samma normaliserade typårsportfölj i S0 och S1; särredovisa den andel där myndigheten har befogenhet";Kopplingsrader är inte additiva effekter. Gemensamma kostnader och överlappande kontroller ska räknas en gång.;"Beslutad organisationsinriktning och lagändringar för start 2027-07-01; detaljerad kontrollutformning är analysförslag";"Föreslagen kontroll; genomförande och effekt inte verifierade";"Käll- och strukturkontrollerad; inbyggd adversarial review ej tillgänglig";https://www.riksdagen.se/sv/dokument-och-lagar/dokument/kommittedirektiv/inrattande-av-en-ny-myndighet-for-miljoprovning_heb113/ | https://www.riksdagen.se/sv/dokument-och-lagar/dokument/svensk-forfattningssamling/miljobalk-1998808_sfs-1998-808/ | https://www.riksdagen.se/sv/dokument-och-lagar/dokument/svensk-forfattningssamling/forvaltningslag-2017900_sfs-2017-900/;2.2.0;https://nic-esp.github.io/miljotillstandsrisker/data/riskregister-items.csv;2026-09-30;R-B10-080-01:mitigation;Pröva alltid uttryckligen sambandsprövning enligt MB 21 kap. 3 § i denna nod, dokumentera skälen vid avstående, och upprätta en gemensam effekt- och antagandebas (baseline) som alla separata prövningar måste utgå ifrån om samordning inte görs.;Delvis inom mandat efter avgränsning;Anpassning av befintligt förslag, avgränsad till myndighetens del;Pröva möjligheten att lagligen samla egna anknutna ärenden enligt MB 19 kap. 2 a §.;Förslagets domstolssamordning enligt MB 21 kap. 3 § ger inte myndigheten domstolens befogenheter. Sökanden tar fram gemensamt underlag.;
MPM-03__R-B10-080-01:trigger:04;MPM-03;Samordnad handläggning när sambandsregeln medger det;S1_beslutat_uppdrag;R-B10-080-01;Samordningsmöjligheten missas och prövningarna körs isolerat med motstridiga utfall;B10;B10 – Förstudie och prövningsväg;B10-080;Kan prövningarna samordnas eller sambandsprövas?;R-B10-080-01:trigger:04;utlösande faktor;4;Den samlade miljökonsekvensbedömningen (MKB) bryts ner i delutredningar med olika metodik för samma effekter.;Direkt;Gemensam prövning av behöriga delärenden gör det möjligt att använda samma antaganden och underlagsversion.;Pröva uttryckligen om sammanhängande miljöbalksärenden kan handläggas tillsammans. Dokumentera samband, samma verksamhetsutövare, undantag och underrättelse till tidigare ansvarig instans. Upprätta gemensam fråge- och tidsplan för de ärenden som tas om hand.;MB 19 kap. 2 a § gäller ansökningar eller anmälningar annars hos kommun eller annan förvaltningsmyndighet. Den ger inget generellt övertagande av domstolsmål, PBL, KML, koncessioner eller regeringsöverklagade frågor.;MB 19 kap. 2 a §, lydelse 2027-07-01 (SFS 2026:1442);"Andel behöriga sambandsfall prövade för samordning; dubbelbegärda uppgifter; motstridiga villkor";Dokumenterad behörighetsbedömning, underrättelser och gemensam ärendeplan;S0 har redan viss sambandsprövning. Jämför den nya samordningen med faktiskt tillämpliga S0-möjligheter, inte med antagen total fragmentering.;Vid mottagning och när nytt samband upptäcks;Miljöprövningsmyndigheten;Projektägare och berörda prövningsinstanser;analysis;;"Endast samordning inom MB 19 kap. 2 a §; inte all vattenverksamhet.";Minskad sannolikhet för den påverkbara delen;"Ej skattad; kräver mätning mot S0";"Samma normaliserade typårsportfölj i S0 och S1; särredovisa den andel där myndigheten har befogenhet";Kopplingsrader är inte additiva effekter. Gemensamma kostnader och överlappande kontroller ska räknas en gång.;"Beslutad organisationsinriktning och lagändringar för start 2027-07-01; detaljerad kontrollutformning är analysförslag";"Föreslagen kontroll; genomförande och effekt inte verifierade";"Käll- och strukturkontrollerad; inbyggd adversarial review ej tillgänglig";https://www.riksdagen.se/sv/dokument-och-lagar/dokument/kommittedirektiv/inrattande-av-en-ny-myndighet-for-miljoprovning_heb113/ | https://www.riksdagen.se/sv/dokument-och-lagar/dokument/svensk-forfattningssamling/miljobalk-1998808_sfs-1998-808/ | https://www.riksdagen.se/sv/dokument-och-lagar/dokument/svensk-forfattningssamling/forvaltningslag-2017900_sfs-2017-900/;2.2.0;https://nic-esp.github.io/miljotillstandsrisker/data/riskregister-items.csv;2026-09-30;R-B10-080-01:mitigation;Pröva alltid uttryckligen sambandsprövning enligt MB 21 kap. 3 § i denna nod, dokumentera skälen vid avstående, och upprätta en gemensam effekt- och antagandebas (baseline) som alla separata prövningar måste utgå ifrån om samordning inte görs.;Delvis inom mandat efter avgränsning;Anpassning av befintligt förslag, avgränsad till myndighetens del;Pröva möjligheten att lagligen samla egna anknutna ärenden enligt MB 19 kap. 2 a §.;Förslagets domstolssamordning enligt MB 21 kap. 3 § ger inte myndigheten domstolens befogenheter. Sökanden tar fram gemensamt underlag.;
MPM-04__R-B10-080-03:trigger:03;MPM-04;Överenskomna gränssnitt med andra beslutsorgan;S1_beslutat_uppdrag;R-B10-080-03;Prövningsinstanserna kan inte enas om samordning och handoff;B10;B10 – Förstudie och prövningsväg;B10-080;Kan prövningarna samordnas eller sambandsprövas?;R-B10-080-03:trigger:03;utlösande faktor;3;Ansvar för kungörelse, yttranden och beslut inte förankras operativt mellan de berörda organisationerna.;Direkt;"Överenskomna gränssnitt minskar oklart ansvar för administrativa överlämnanden; ingen överordnad beslutanderätt skapas.";Klargör kontaktperson, underlagsversion, ansvar för remiss och nästa överlämnande. Samordna informationsinhämtning och tidpunkter där detta är rättsligt och praktiskt möjligt. Dokumentera kvarstående mål- och tidplanskonflikter.;"Samverkan inom eget verksamhetsområde. Ingen styrning av andra organs prioritering, prövningsutfall eller lagstadgade tidsfrister; sekretess och självständighet gäller.";"FL 5 och 8 §§; Dir. 2026:13 avsnitt Informationsutbyte, digitalisering och samverkan";"Dagar i väntan på identifierad gränssnittsfråga; andel överlämnanden med mottagarkvittens";Samverkansanteckningar, ansvarsfördelning, mottagningskvittenser;"Samverkan finns i S0. Räkna endast minskade informations- och överlämningsglapp; andra aktörers materiella hinder kvarstår.";Löpande inom egen behörighet;Miljöprövningsmyndigheten;Projektägare och berörda prövningsinstanser;analysis;;Endast egen behörig prövning av övertagna MPD-ärenden eller service knuten till denna. Övriga delar av riskpostens population kvarstår.;Minskad sannolikhet för den påverkbara delen;"Ej skattad; kräver mätning mot S0";"Samma normaliserade typårsportfölj i S0 och S1; särredovisa den andel där myndigheten har befogenhet";Kopplingsrader är inte additiva effekter. Gemensamma kostnader och överlappande kontroller ska räknas en gång.;"Beslutad organisationsinriktning och lagändringar för start 2027-07-01; detaljerad kontrollutformning är analysförslag";"Föreslagen kontroll; genomförande och effekt inte verifierade";"Käll- och strukturkontrollerad; inbyggd adversarial review ej tillgänglig";https://www.riksdagen.se/sv/dokument-och-lagar/dokument/kommittedirektiv/inrattande-av-en-ny-myndighet-for-miljoprovning_heb113/ | https://www.riksdagen.se/sv/dokument-och-lagar/dokument/svensk-forfattningssamling/miljobalk-1998808_sfs-1998-808/ | https://www.riksdagen.se/sv/dokument-och-lagar/dokument/svensk-forfattningssamling/forvaltningslag-2017900_sfs-2017-900/;2.2.0;https://nic-esp.github.io/miljotillstandsrisker/data/riskregister-items.csv;2026-09-30;R-B10-080-03:mitigation;"Upprätta en skriftlig samordningsöverenskommelse med namngivna kontaktpersoner, gemensam milstolpsplan och eskaleringsväg; bekräfta varje instans kapacitetsläge vid beslutet; och återbesök samordningsbeslutet vid varje reform- eller organisationsbesked som påverkar någon av instanserna.";Delvis inom mandat efter avgränsning;Anpassning av befintligt förslag, avgränsad till myndighetens del;Dokumentera kontaktvägar, beroenden och överenskomna överlämnanden med andra organ.;"Sökandens projektledning och kritiska linje; ingen överordnad koordinator eller rätt att kräva beslut från andra organ.";
MPM-04__R-B10-080-02:trigger:03;MPM-04;Överenskomna gränssnitt med andra beslutsorgan;S1_beslutat_uppdrag;R-B10-080-02;Sambandsprövning kopplar ihop spåren till en gemensam kritisk linje;B10;B10 – Förstudie och prövningsväg;B10-080;Kan prövningarna samordnas eller sambandsprövas?;R-B10-080-02:trigger:03;utlösande faktor;3;Momenten i de olika spåren kan behöva samordnas operativt för att möjliggöra en samlad bedömning.;Direkt;En överenskommen plan begränsar onödig väntan inom den redan gemensamma kritiska linjen.;Klargör kontaktperson, underlagsversion, ansvar för remiss och nästa överlämnande. Samordna informationsinhämtning och tidpunkter där detta är rättsligt och praktiskt möjligt. Dokumentera kvarstående mål- och tidplanskonflikter.;"Samverkan inom eget verksamhetsområde. Ingen styrning av andra organs prioritering, prövningsutfall eller lagstadgade tidsfrister; sekretess och självständighet gäller.";"FL 5 och 8 §§; Dir. 2026:13 avsnitt Informationsutbyte, digitalisering och samverkan";"Dagar i väntan på identifierad gränssnittsfråga; andel överlämnanden med mottagarkvittens";Samverkansanteckningar, ansvarsfördelning, mottagningskvittenser;"Samverkan finns i S0. Räkna endast minskade informations- och överlämningsglapp; andra aktörers materiella hinder kvarstår.";Löpande inom egen behörighet;Miljöprövningsmyndigheten;Projektägare och berörda prövningsinstanser;analysis;;Endast egen behörig prövning av övertagna MPD-ärenden eller service knuten till denna. Övriga delar av riskpostens population kvarstår.;Minskad sannolikhet för den påverkbara delen;"Ej skattad; kräver mätning mot S0";"Samma normaliserade typårsportfölj i S0 och S1; särredovisa den andel där myndigheten har befogenhet";Kopplingsrader är inte additiva effekter. Gemensamma kostnader och överlappande kontroller ska räknas en gång.;"Beslutad organisationsinriktning och lagändringar för start 2027-07-01; detaljerad kontrollutformning är analysförslag";"Föreslagen kontroll; genomförande och effekt inte verifierade";"Käll- och strukturkontrollerad; inbyggd adversarial review ej tillgänglig";https://www.riksdagen.se/sv/dokument-och-lagar/dokument/kommittedirektiv/inrattande-av-en-ny-myndighet-for-miljoprovning_heb113/ | https://www.riksdagen.se/sv/dokument-och-lagar/dokument/svensk-forfattningssamling/miljobalk-1998808_sfs-1998-808/ | https://www.riksdagen.se/sv/dokument-och-lagar/dokument/svensk-forfattningssamling/forvaltningslag-2017900_sfs-2017-900/;2.2.0;https://nic-esp.github.io/miljotillstandsrisker/data/riskregister-items.csv;2026-09-30;R-B10-080-02:mitigation;Gör en realistisk kritisk-linje-analys per delspår innan sambandsbeslutet, överväg parallella men separata ärenden med gemensam baseline där tidsskillnaderna är stora, och sätt upp en samordningsledare med mandat att eskalera spår som halkar efter.;Delvis inom mandat efter avgränsning;Anpassning av befintligt förslag, avgränsad till myndighetens del;Dokumentera kontaktvägar, beroenden och överenskomna överlämnanden med andra organ.;"Sökandens projektledning och kritiska linje; ingen överordnad koordinator eller rätt att kräva beslut från andra organ.";
MPM-04__R-B60-G020-02:consequence:02;MPM-04;Överenskomna gränssnitt med andra beslutsorgan;S1_beslutat_uppdrag;R-B60-G020-02;Utesluten sambandsprövning splittrar målet i parallella processer;B60;B60 – Ansökan, beslut och överprövning;B60-G020;Är instansen och prövningsramen rätt?;R-B60-G020-02:consequence:02;konsekvens;2;Liknande underlag behöver lämnas och kommuniceras i flera ärenden.;Begränsar följd;När sambandsprövning inte går kan informationssamverkan ändå minska dubbelarbete och tidplansglapp.;Klargör kontaktperson, underlagsversion, ansvar för remiss och nästa överlämnande. Samordna informationsinhämtning och tidpunkter där detta är rättsligt och praktiskt möjligt. Dokumentera kvarstående mål- och tidplanskonflikter.;"Samverkan inom eget verksamhetsområde. Ingen styrning av andra organs prioritering, prövningsutfall eller lagstadgade tidsfrister; sekretess och självständighet gäller.";"FL 5 och 8 §§; Dir. 2026:13 avsnitt Informationsutbyte, digitalisering och samverkan";"Dagar i väntan på identifierad gränssnittsfråga; andel överlämnanden med mottagarkvittens";Samverkansanteckningar, ansvarsfördelning, mottagningskvittenser;"Samverkan finns i S0. Räkna endast minskade informations- och överlämningsglapp; andra aktörers materiella hinder kvarstår.";Löpande inom egen behörighet;Miljöprövningsmyndigheten;Första instans;analysis;;"Bara myndighetens bidrag till gränssnittet; andra beslutsorgan behåller sin behörighet.";Minskad villkorad konsekvens för den påverkbara delen;"Ej skattad; kräver mätning mot S0";"Samma normaliserade typårsportfölj i S0 och S1; särredovisa den andel där myndigheten har befogenhet";Kopplingsrader är inte additiva effekter. Gemensamma kostnader och överlappande kontroller ska räknas en gång.;"Beslutad organisationsinriktning och lagändringar för start 2027-07-01; detaljerad kontrollutformning är analysförslag";"Föreslagen kontroll; genomförande och effekt inte verifierade";"Käll- och strukturkontrollerad; inbyggd adversarial review ej tillgänglig";https://www.riksdagen.se/sv/dokument-och-lagar/dokument/kommittedirektiv/inrattande-av-en-ny-myndighet-for-miljoprovning_heb113/ | https://www.riksdagen.se/sv/dokument-och-lagar/dokument/svensk-forfattningssamling/miljobalk-1998808_sfs-1998-808/ | https://www.riksdagen.se/sv/dokument-och-lagar/dokument/svensk-forfattningssamling/forvaltningslag-2017900_sfs-2017-900/;2.2.0;https://nic-esp.github.io/miljotillstandsrisker/data/riskregister-items.csv;2026-09-30;R-B60-G020-02:mitigation;"Ansök uttryckligen om sambandsprövning med motivering; samordna tidplaner med berörda instanser via tidig dialog; håll tekniska beskrivningar identiska mellan spåren så att villkor inte kolliderar.";Delvis inom mandat efter avgränsning;Anpassning av befintligt förslag, avgränsad till myndighetens del;Pröva sambandsprövning inom rättslig behörighet och överenskomma kontakter.;Sökandens identiska tekniska beskrivningar och en tidplan som binder självständiga organ.;
MPM-04__R-B60-G020-02:consequence:03;MPM-04;Överenskomna gränssnitt med andra beslutsorgan;S1_beslutat_uppdrag;R-B60-G020-02;Utesluten sambandsprövning splittrar målet i parallella processer;B60;B60 – Ansökan, beslut och överprövning;B60-G020;Är instansen och prövningsramen rätt?;R-B60-G020-02:consequence:03;konsekvens;3;Besluten kan få olika tidplaner och därmed förskjuta den samlade byggberedskapen.;Begränsar följd;När sambandsprövning inte går kan informationssamverkan ändå minska dubbelarbete och tidplansglapp.;Klargör kontaktperson, underlagsversion, ansvar för remiss och nästa överlämnande. Samordna informationsinhämtning och tidpunkter där detta är rättsligt och praktiskt möjligt. Dokumentera kvarstående mål- och tidplanskonflikter.;"Samverkan inom eget verksamhetsområde. Ingen styrning av andra organs prioritering, prövningsutfall eller lagstadgade tidsfrister; sekretess och självständighet gäller.";"FL 5 och 8 §§; Dir. 2026:13 avsnitt Informationsutbyte, digitalisering och samverkan";"Dagar i väntan på identifierad gränssnittsfråga; andel överlämnanden med mottagarkvittens";Samverkansanteckningar, ansvarsfördelning, mottagningskvittenser;"Samverkan finns i S0. Räkna endast minskade informations- och överlämningsglapp; andra aktörers materiella hinder kvarstår.";Löpande inom egen behörighet;Miljöprövningsmyndigheten;Första instans;analysis;;"Bara myndighetens bidrag till gränssnittet; andra beslutsorgan behåller sin behörighet.";Minskad villkorad konsekvens för den påverkbara delen;"Ej skattad; kräver mätning mot S0";"Samma normaliserade typårsportfölj i S0 och S1; särredovisa den andel där myndigheten har befogenhet";Kopplingsrader är inte additiva effekter. Gemensamma kostnader och överlappande kontroller ska räknas en gång.;"Beslutad organisationsinriktning och lagändringar för start 2027-07-01; detaljerad kontrollutformning är analysförslag";"Föreslagen kontroll; genomförande och effekt inte verifierade";"Käll- och strukturkontrollerad; inbyggd adversarial review ej tillgänglig";https://www.riksdagen.se/sv/dokument-och-lagar/dokument/kommittedirektiv/inrattande-av-en-ny-myndighet-for-miljoprovning_heb113/ | https://www.riksdagen.se/sv/dokument-och-lagar/dokument/svensk-forfattningssamling/miljobalk-1998808_sfs-1998-808/ | https://www.riksdagen.se/sv/dokument-och-lagar/dokument/svensk-forfattningssamling/forvaltningslag-2017900_sfs-2017-900/;2.2.0;https://nic-esp.github.io/miljotillstandsrisker/data/riskregister-items.csv;2026-09-30;R-B60-G020-02:mitigation;"Ansök uttryckligen om sambandsprövning med motivering; samordna tidplaner med berörda instanser via tidig dialog; håll tekniska beskrivningar identiska mellan spåren så att villkor inte kolliderar.";Delvis inom mandat efter avgränsning;Anpassning av befintligt förslag, avgränsad till myndighetens del;Pröva sambandsprövning inom rättslig behörighet och överenskomma kontakter.;Sökandens identiska tekniska beskrivningar och en tidplan som binder självständiga organ.;
MPM-04__R-B60-G020-02:consequence:04;MPM-04;Överenskomna gränssnitt med andra beslutsorgan;S1_beslutat_uppdrag;R-B60-G020-02;Utesluten sambandsprövning splittrar målet i parallella processer;B60;B60 – Ansökan, beslut och överprövning;B60-G020;Är instansen och prövningsramen rätt?;R-B60-G020-02:consequence:04;konsekvens;4;Villkor eller geografiska avgränsningar kan bli svåra att förena mellan besluten.;Begränsar följd;När sambandsprövning inte går kan informationssamverkan ändå minska dubbelarbete och tidplansglapp.;Klargör kontaktperson, underlagsversion, ansvar för remiss och nästa överlämnande. Samordna informationsinhämtning och tidpunkter där detta är rättsligt och praktiskt möjligt. Dokumentera kvarstående mål- och tidplanskonflikter.;"Samverkan inom eget verksamhetsområde. Ingen styrning av andra organs prioritering, prövningsutfall eller lagstadgade tidsfrister; sekretess och självständighet gäller.";"FL 5 och 8 §§; Dir. 2026:13 avsnitt Informationsutbyte, digitalisering och samverkan";"Dagar i väntan på identifierad gränssnittsfråga; andel överlämnanden med mottagarkvittens";Samverkansanteckningar, ansvarsfördelning, mottagningskvittenser;"Samverkan finns i S0. Räkna endast minskade informations- och överlämningsglapp; andra aktörers materiella hinder kvarstår.";Löpande inom egen behörighet;Miljöprövningsmyndigheten;Första instans;analysis;;"Bara myndighetens bidrag till gränssnittet; andra beslutsorgan behåller sin behörighet.";Minskad villkorad konsekvens för den påverkbara delen;"Ej skattad; kräver mätning mot S0";"Samma normaliserade typårsportfölj i S0 och S1; särredovisa den andel där myndigheten har befogenhet";Kopplingsrader är inte additiva effekter. Gemensamma kostnader och överlappande kontroller ska räknas en gång.;"Beslutad organisationsinriktning och lagändringar för start 2027-07-01; detaljerad kontrollutformning är analysförslag";"Föreslagen kontroll; genomförande och effekt inte verifierade";"Käll- och strukturkontrollerad; inbyggd adversarial review ej tillgänglig";https://www.riksdagen.se/sv/dokument-och-lagar/dokument/kommittedirektiv/inrattande-av-en-ny-myndighet-for-miljoprovning_heb113/ | https://www.riksdagen.se/sv/dokument-och-lagar/dokument/svensk-forfattningssamling/miljobalk-1998808_sfs-1998-808/ | https://www.riksdagen.se/sv/dokument-och-lagar/dokument/svensk-forfattningssamling/forvaltningslag-2017900_sfs-2017-900/;2.2.0;https://nic-esp.github.io/miljotillstandsrisker/data/riskregister-items.csv;2026-09-30;R-B60-G020-02:mitigation;"Ansök uttryckligen om sambandsprövning med motivering; samordna tidplaner med berörda instanser via tidig dialog; håll tekniska beskrivningar identiska mellan spåren så att villkor inte kolliderar.";Delvis inom mandat efter avgränsning;Anpassning av befintligt förslag, avgränsad till myndighetens del;Pröva sambandsprövning inom rättslig behörighet och överenskomma kontakter.;Sökandens identiska tekniska beskrivningar och en tidplan som binder självständiga organ.;
MPM-05__R-B30-070-02:trigger:03;MPM-05;Samlad och preciserad fullständighetsgranskning;S1_beslutat_uppdrag;R-B30-070-02;Förenklat underlag ifrågasätts vid ändring;B30;B30 – Miljöfarlig verksamhet;B30-070;Verifiera miljöbedömning och samråd;R-B30-070-02:trigger:03;utlösande faktor;3;Frågan om omfattningen aktualiseras först vid avgörandet eller överklagande, där det framkommer att bedömningens omfattning inte anpassats till verksamheten.;Direkt;Tidigare identifiering av underlagets omfattning kan undvika att bristen upptäcks först vid avgörandet.;Granska ansökan tvärdisciplinärt tidigt. Sammanställ identifierade brister med rättslig relevans, vilken uppgift som behövs, varför den behövs och rimlig svarstid. Motivera senare nytillkomna krav.;"Sökanden tar fram MKB, data, yrkanden och skyddsåtgärder. Nya relevanta krav får inte avvisas för att en första checklista är avklarad; fullständighetskontroll garanterar inte bifall.";"MB 19 kap. 5–5 a §§ och där angivna delar av 22 kap.; FL 20 och 23 §§";"Kompletteringsomgångar; andel senare krav som var möjliga att identifiera i första granskningen";Versionssatt bristlista, förelägganden och sakkunniggranskning;Fullständighetsgranskning finns i S0. Mät färre undvikbara omtag genom gemensam rutin och specialiststöd.;Vid mottagning, komplettering och väsentlig projektändring;Miljöprövningsmyndigheten;Verksamhetsutövare;analysis;;Endast egen behörig prövning av övertagna MPD-ärenden eller service knuten till denna. Övriga delar av riskpostens population kvarstår.;Minskad sannolikhet för den påverkbara delen;"Ej skattad; kräver mätning mot S0";"Samma normaliserade typårsportfölj i S0 och S1; särredovisa den andel där myndigheten har befogenhet";Kopplingsrader är inte additiva effekter. Gemensamma kostnader och överlappande kontroller ska räknas en gång.;"Beslutad organisationsinriktning och lagändringar för start 2027-07-01; detaljerad kontrollutformning är analysförslag";"Föreslagen kontroll; genomförande och effekt inte verifierade";"Käll- och strukturkontrollerad; inbyggd adversarial review ej tillgänglig";https://www.riksdagen.se/sv/dokument-och-lagar/dokument/kommittedirektiv/inrattande-av-en-ny-myndighet-for-miljoprovning_heb113/ | https://www.riksdagen.se/sv/dokument-och-lagar/dokument/svensk-forfattningssamling/miljobalk-1998808_sfs-1998-808/ | https://www.riksdagen.se/sv/dokument-och-lagar/dokument/svensk-forfattningssamling/forvaltningslag-2017900_sfs-2017-900/;2.2.0;https://nic-esp.github.io/miljotillstandsrisker/data/riskregister-items.csv;2026-09-30;R-B30-070-02:mitigation;Dokumentera motiveringen för förenklat underlag med utsläpps- och effektjämförelse mot gällande tillstånd, stäm av omfattningen med prövningsinstansen före inlämning, och förbered data så att underlaget snabbt kan kompletteras om kravet höjs.;Delvis inom mandat efter avgränsning;Anpassning av befintligt förslag, avgränsad till myndighetens del;Ge begripliga krav och samlad återkoppling på brister i eget ärende.;Sökandens redaktörsarbete, egen kvalitetsgranskning och framställning av ansökan.;
MPM-05__R-B30-100-01:trigger:01;MPM-05;Samlad och preciserad fullständighetsgranskning;S1_beslutat_uppdrag;R-B30-100-01;Oprecisa yrkanden stjälper handläggningen;B30;B30 – Miljöfarlig verksamhet;B30-100;Sammanställ 9 kap.-ansökan;R-B30-100-01:trigger:01;utlösande faktor;1;Ansökan sammanställs utan preciserade yrkanden om verksamhetens omfattning, utsläppsnivåer och villkor enligt 22 kap. 1–1 g §§ miljöbalken.;Indirekt via krav och återkoppling;Preciserad begäran om förtydligande gör att identifierade yrkande- och versionsbrister kan rättas före fortsatt prövning.;Granska ansökan tvärdisciplinärt tidigt. Sammanställ identifierade brister med rättslig relevans, vilken uppgift som behövs, varför den behövs och rimlig svarstid. Motivera senare nytillkomna krav.;"Sökanden tar fram MKB, data, yrkanden och skyddsåtgärder. Nya relevanta krav får inte avvisas för att en första checklista är avklarad; fullständighetskontroll garanterar inte bifall.";"MB 19 kap. 5–5 a §§ och där angivna delar av 22 kap.; FL 20 och 23 §§";"Kompletteringsomgångar; andel senare krav som var möjliga att identifiera i första granskningen";Versionssatt bristlista, förelägganden och sakkunniggranskning;Fullständighetsgranskning finns i S0. Mät färre undvikbara omtag genom gemensam rutin och specialiststöd.;Vid mottagning, komplettering och väsentlig projektändring;Miljöprövningsmyndigheten;Verksamhetsutövare;source;MB;Endast egen behörig prövning av övertagna MPD-ärenden eller service knuten till denna. Övriga delar av riskpostens population kvarstår.;Minskad sannolikhet för den påverkbara delen;"Ej skattad; kräver mätning mot S0";"Samma normaliserade typårsportfölj i S0 och S1; särredovisa den andel där myndigheten har befogenhet";Kopplingsrader är inte additiva effekter. Gemensamma kostnader och överlappande kontroller ska räknas en gång.;"Beslutad organisationsinriktning och lagändringar för start 2027-07-01; detaljerad kontrollutformning är analysförslag";"Föreslagen kontroll; genomförande och effekt inte verifierade";"Käll- och strukturkontrollerad; inbyggd adversarial review ej tillgänglig";https://www.riksdagen.se/sv/dokument-och-lagar/dokument/kommittedirektiv/inrattande-av-en-ny-myndighet-for-miljoprovning_heb113/ | https://www.riksdagen.se/sv/dokument-och-lagar/dokument/svensk-forfattningssamling/miljobalk-1998808_sfs-1998-808/ | https://www.riksdagen.se/sv/dokument-och-lagar/dokument/svensk-forfattningssamling/forvaltningslag-2017900_sfs-2017-900/;2.2.0;https://nic-esp.github.io/miljotillstandsrisker/data/riskregister-items.csv;2026-09-30;R-B30-100-01:mitigation;Låt en dedikerad redaktör granska ansökan för inre konsistens, verifiera att varje yrkande är mätbart och villkorsbart, och använd domstolens och delegationens checklistor för ansökningshandlingar före inlämning.;Delvis inom mandat efter avgränsning;Anpassning av befintligt förslag, avgränsad till myndighetens del;Ge begripliga krav och samlad återkoppling på brister i eget ärende.;Sökandens redaktörsarbete, egen kvalitetsgranskning och framställning av ansökan.;
MPM-05__R-B30-100-01:trigger:02;MPM-05;Samlad och preciserad fullständighetsgranskning;S1_beslutat_uppdrag;R-B30-100-01;Oprecisa yrkanden stjälper handläggningen;B30;B30 – Miljöfarlig verksamhet;B30-100;Sammanställ 9 kap.-ansökan;R-B30-100-01:trigger:02;utlösande faktor;2;Det finns inbördes motsägelser mellan den tekniska beskrivningen, miljöbedömningen och villkorsförslaget i ansökan.;Indirekt via krav och återkoppling;Preciserad begäran om förtydligande gör att identifierade yrkande- och versionsbrister kan rättas före fortsatt prövning.;Granska ansökan tvärdisciplinärt tidigt. Sammanställ identifierade brister med rättslig relevans, vilken uppgift som behövs, varför den behövs och rimlig svarstid. Motivera senare nytillkomna krav.;"Sökanden tar fram MKB, data, yrkanden och skyddsåtgärder. Nya relevanta krav får inte avvisas för att en första checklista är avklarad; fullständighetskontroll garanterar inte bifall.";"MB 19 kap. 5–5 a §§ och där angivna delar av 22 kap.; FL 20 och 23 §§";"Kompletteringsomgångar; andel senare krav som var möjliga att identifiera i första granskningen";Versionssatt bristlista, förelägganden och sakkunniggranskning;Fullständighetsgranskning finns i S0. Mät färre undvikbara omtag genom gemensam rutin och specialiststöd.;Vid mottagning, komplettering och väsentlig projektändring;Miljöprövningsmyndigheten;Verksamhetsutövare;analysis;;Endast egen behörig prövning av övertagna MPD-ärenden eller service knuten till denna. Övriga delar av riskpostens population kvarstår.;Minskad sannolikhet för den påverkbara delen;"Ej skattad; kräver mätning mot S0";"Samma normaliserade typårsportfölj i S0 och S1; särredovisa den andel där myndigheten har befogenhet";Kopplingsrader är inte additiva effekter. Gemensamma kostnader och överlappande kontroller ska räknas en gång.;"Beslutad organisationsinriktning och lagändringar för start 2027-07-01; detaljerad kontrollutformning är analysförslag";"Föreslagen kontroll; genomförande och effekt inte verifierade";"Käll- och strukturkontrollerad; inbyggd adversarial review ej tillgänglig";https://www.riksdagen.se/sv/dokument-och-lagar/dokument/kommittedirektiv/inrattande-av-en-ny-myndighet-for-miljoprovning_heb113/ | https://www.riksdagen.se/sv/dokument-och-lagar/dokument/svensk-forfattningssamling/miljobalk-1998808_sfs-1998-808/ | https://www.riksdagen.se/sv/dokument-och-lagar/dokument/svensk-forfattningssamling/forvaltningslag-2017900_sfs-2017-900/;2.2.0;https://nic-esp.github.io/miljotillstandsrisker/data/riskregister-items.csv;2026-09-30;R-B30-100-01:mitigation;Låt en dedikerad redaktör granska ansökan för inre konsistens, verifiera att varje yrkande är mätbart och villkorsbart, och använd domstolens och delegationens checklistor för ansökningshandlingar före inlämning.;Delvis inom mandat efter avgränsning;Anpassning av befintligt förslag, avgränsad till myndighetens del;Ge begripliga krav och samlad återkoppling på brister i eget ärende.;Sökandens redaktörsarbete, egen kvalitetsgranskning och framställning av ansökan.;
MPM-05__R-B30-100-01:trigger:04;MPM-05;Samlad och preciserad fullständighetsgranskning;S1_beslutat_uppdrag;R-B30-100-01;Oprecisa yrkanden stjälper handläggningen;B30;B30 – Miljöfarlig verksamhet;B30-100;Sammanställ 9 kap.-ansökan;R-B30-100-01:trigger:04;utlösande faktor;4;Yrkandena hänvisar till framtida detaljprojektering eller senare överenskommelser i stället för att ange den ram som ska prövas.;Indirekt via krav och återkoppling;Preciserad begäran om förtydligande gör att identifierade yrkande- och versionsbrister kan rättas före fortsatt prövning.;Granska ansökan tvärdisciplinärt tidigt. Sammanställ identifierade brister med rättslig relevans, vilken uppgift som behövs, varför den behövs och rimlig svarstid. Motivera senare nytillkomna krav.;"Sökanden tar fram MKB, data, yrkanden och skyddsåtgärder. Nya relevanta krav får inte avvisas för att en första checklista är avklarad; fullständighetskontroll garanterar inte bifall.";"MB 19 kap. 5–5 a §§ och där angivna delar av 22 kap.; FL 20 och 23 §§";"Kompletteringsomgångar; andel senare krav som var möjliga att identifiera i första granskningen";Versionssatt bristlista, förelägganden och sakkunniggranskning;Fullständighetsgranskning finns i S0. Mät färre undvikbara omtag genom gemensam rutin och specialiststöd.;Vid mottagning, komplettering och väsentlig projektändring;Miljöprövningsmyndigheten;Verksamhetsutövare;analysis;;Endast egen behörig prövning av övertagna MPD-ärenden eller service knuten till denna. Övriga delar av riskpostens population kvarstår.;Minskad sannolikhet för den påverkbara delen;"Ej skattad; kräver mätning mot S0";"Samma normaliserade typårsportfölj i S0 och S1; särredovisa den andel där myndigheten har befogenhet";Kopplingsrader är inte additiva effekter. Gemensamma kostnader och överlappande kontroller ska räknas en gång.;"Beslutad organisationsinriktning och lagändringar för start 2027-07-01; detaljerad kontrollutformning är analysförslag";"Föreslagen kontroll; genomförande och effekt inte verifierade";"Käll- och strukturkontrollerad; inbyggd adversarial review ej tillgänglig";https://www.riksdagen.se/sv/dokument-och-lagar/dokument/kommittedirektiv/inrattande-av-en-ny-myndighet-for-miljoprovning_heb113/ | https://www.riksdagen.se/sv/dokument-och-lagar/dokument/svensk-forfattningssamling/miljobalk-1998808_sfs-1998-808/ | https://www.riksdagen.se/sv/dokument-och-lagar/dokument/svensk-forfattningssamling/forvaltningslag-2017900_sfs-2017-900/;2.2.0;https://nic-esp.github.io/miljotillstandsrisker/data/riskregister-items.csv;2026-09-30;R-B30-100-01:mitigation;Låt en dedikerad redaktör granska ansökan för inre konsistens, verifiera att varje yrkande är mätbart och villkorsbart, och använd domstolens och delegationens checklistor för ansökningshandlingar före inlämning.;Delvis inom mandat efter avgränsning;Anpassning av befintligt förslag, avgränsad till myndighetens del;Ge begripliga krav och samlad återkoppling på brister i eget ärende.;Sökandens redaktörsarbete, egen kvalitetsgranskning och framställning av ansökan.;
MPM-05__R-B30-100-02:trigger:02;MPM-05;Samlad och preciserad fullständighetsgranskning;S1_beslutat_uppdrag;R-B30-100-02;Villkorsförslagen krockar med tillståndshistoriken;B30;B30 – Miljöfarlig verksamhet;B30-100;Sammanställ 9 kap.-ansökan;R-B30-100-02:trigger:02;utlösande faktor;2;Prövningen avser en ändring eller sammanställning där det saknas en tydlig redovisning i ansökan om hur de föreslagna villkoren förhåller sig till tidigare meddelade beslut.;Indirekt via krav och återkoppling;Samlad begäran om relationen mellan nya och äldre villkor minskar oklarhet i ansökan.;Granska ansökan tvärdisciplinärt tidigt. Sammanställ identifierade brister med rättslig relevans, vilken uppgift som behövs, varför den behövs och rimlig svarstid. Motivera senare nytillkomna krav.;"Sökanden tar fram MKB, data, yrkanden och skyddsåtgärder. Nya relevanta krav får inte avvisas för att en första checklista är avklarad; fullständighetskontroll garanterar inte bifall.";"MB 19 kap. 5–5 a §§ och där angivna delar av 22 kap.; FL 20 och 23 §§";"Kompletteringsomgångar; andel senare krav som var möjliga att identifiera i första granskningen";Versionssatt bristlista, förelägganden och sakkunniggranskning;Fullständighetsgranskning finns i S0. Mät färre undvikbara omtag genom gemensam rutin och specialiststöd.;Vid mottagning, komplettering och väsentlig projektändring;Miljöprövningsmyndigheten;Verksamhetsutövare;source;MB;Endast egen behörig prövning av övertagna MPD-ärenden eller service knuten till denna. Övriga delar av riskpostens population kvarstår.;Minskad sannolikhet för den påverkbara delen;"Ej skattad; kräver mätning mot S0";"Samma normaliserade typårsportfölj i S0 och S1; särredovisa den andel där myndigheten har befogenhet";Kopplingsrader är inte additiva effekter. Gemensamma kostnader och överlappande kontroller ska räknas en gång.;"Beslutad organisationsinriktning och lagändringar för start 2027-07-01; detaljerad kontrollutformning är analysförslag";"Föreslagen kontroll; genomförande och effekt inte verifierade";"Käll- och strukturkontrollerad; inbyggd adversarial review ej tillgänglig";https://www.riksdagen.se/sv/dokument-och-lagar/dokument/kommittedirektiv/inrattande-av-en-ny-myndighet-for-miljoprovning_heb113/ | https://www.riksdagen.se/sv/dokument-och-lagar/dokument/svensk-forfattningssamling/miljobalk-1998808_sfs-1998-808/ | https://www.riksdagen.se/sv/dokument-och-lagar/dokument/svensk-forfattningssamling/forvaltningslag-2017900_sfs-2017-900/;2.2.0;https://nic-esp.github.io/miljotillstandsrisker/data/riskregister-items.csv;2026-09-30;R-B30-100-02:mitigation;Bifoga en villkorsmatris till ansökan som villkor för villkor anger nytt villkor, ersatt villkor och motiv, och låt tillsynsmyndigheten granska matrisen innan inlämning.;Utanför myndighetens kontrollansvar;Självständigt kontrollförslag efter jämförelse med befintlig åtgärd;Originalförslaget har granskats men är inte grund för denna kontrollkoppling.;Originalets föreslagna åtgärd kvarstår hos angiven aktör.;
MPM-05__R-B30-100-02:trigger:04;MPM-05;Samlad och preciserad fullständighetsgranskning;S1_beslutat_uppdrag;R-B30-100-02;Villkorsförslagen krockar med tillståndshistoriken;B30;B30 – Miljöfarlig verksamhet;B30-100;Sammanställ 9 kap.-ansökan;R-B30-100-02:trigger:04;utlösande faktor;4;Ansökningsunderlaget lämnas in med bristande tydlighet kring vilka gamla villkor som ska ersättas, vilket skapar oklarhet om räckvidden av de nya förslagen.;Indirekt via krav och återkoppling;Samlad begäran om relationen mellan nya och äldre villkor minskar oklarhet i ansökan.;Granska ansökan tvärdisciplinärt tidigt. Sammanställ identifierade brister med rättslig relevans, vilken uppgift som behövs, varför den behövs och rimlig svarstid. Motivera senare nytillkomna krav.;"Sökanden tar fram MKB, data, yrkanden och skyddsåtgärder. Nya relevanta krav får inte avvisas för att en första checklista är avklarad; fullständighetskontroll garanterar inte bifall.";"MB 19 kap. 5–5 a §§ och där angivna delar av 22 kap.; FL 20 och 23 §§";"Kompletteringsomgångar; andel senare krav som var möjliga att identifiera i första granskningen";Versionssatt bristlista, förelägganden och sakkunniggranskning;Fullständighetsgranskning finns i S0. Mät färre undvikbara omtag genom gemensam rutin och specialiststöd.;Vid mottagning, komplettering och väsentlig projektändring;Miljöprövningsmyndigheten;Verksamhetsutövare;analysis;;Endast egen behörig prövning av övertagna MPD-ärenden eller service knuten till denna. Övriga delar av riskpostens population kvarstår.;Minskad sannolikhet för den påverkbara delen;"Ej skattad; kräver mätning mot S0";"Samma normaliserade typårsportfölj i S0 och S1; särredovisa den andel där myndigheten har befogenhet";Kopplingsrader är inte additiva effekter. Gemensamma kostnader och överlappande kontroller ska räknas en gång.;"Beslutad organisationsinriktning och lagändringar för start 2027-07-01; detaljerad kontrollutformning är analysförslag";"Föreslagen kontroll; genomförande och effekt inte verifierade";"Käll- och strukturkontrollerad; inbyggd adversarial review ej tillgänglig";https://www.riksdagen.se/sv/dokument-och-lagar/dokument/kommittedirektiv/inrattande-av-en-ny-myndighet-for-miljoprovning_heb113/ | https://www.riksdagen.se/sv/dokument-och-lagar/dokument/svensk-forfattningssamling/miljobalk-1998808_sfs-1998-808/ | https://www.riksdagen.se/sv/dokument-och-lagar/dokument/svensk-forfattningssamling/forvaltningslag-2017900_sfs-2017-900/;2.2.0;https://nic-esp.github.io/miljotillstandsrisker/data/riskregister-items.csv;2026-09-30;R-B30-100-02:mitigation;Bifoga en villkorsmatris till ansökan som villkor för villkor anger nytt villkor, ersatt villkor och motiv, och låt tillsynsmyndigheten granska matrisen innan inlämning.;Utanför myndighetens kontrollansvar;Självständigt kontrollförslag efter jämförelse med befintlig åtgärd;Originalförslaget har granskats men är inte grund för denna kontrollkoppling.;Originalets föreslagna åtgärd kvarstår hos angiven aktör.;
MPM-05__R-B60-030-01:consequence:02;MPM-05;Samlad och preciserad fullständighetsgranskning;S1_beslutat_uppdrag;R-B60-030-01;MKB-brister stjälper fullständighetsbedömningen;B60;B60 – Ansökan, beslut och överprövning;B60-030;Kontrollera materiell fullständighet;R-B60-030-01:consequence:02;konsekvens;2;Flera kompletteringsomgångar förlänger tiden innan ansökan kan kungöras eller avgöras.;Begränsar följd;Efter konstaterad MKB-brist begränsar en samlad kravlista upprepade kompletteringar och nya omtag.;Granska ansökan tvärdisciplinärt tidigt. Sammanställ identifierade brister med rättslig relevans, vilken uppgift som behövs, varför den behövs och rimlig svarstid. Motivera senare nytillkomna krav.;"Sökanden tar fram MKB, data, yrkanden och skyddsåtgärder. Nya relevanta krav får inte avvisas för att en första checklista är avklarad; fullständighetskontroll garanterar inte bifall.";"MB 19 kap. 5–5 a §§ och där angivna delar av 22 kap.; FL 20 och 23 §§";"Kompletteringsomgångar; andel senare krav som var möjliga att identifiera i första granskningen";Versionssatt bristlista, förelägganden och sakkunniggranskning;Fullständighetsgranskning finns i S0. Mät färre undvikbara omtag genom gemensam rutin och specialiststöd.;Vid mottagning, komplettering och väsentlig projektändring;Miljöprövningsmyndigheten;Första instans;analysis;;Endast egen behörig prövning av övertagna MPD-ärenden eller service knuten till denna. Övriga delar av riskpostens population kvarstår.;Minskad villkorad konsekvens för den påverkbara delen;"Ej skattad; kräver mätning mot S0";"Samma normaliserade typårsportfölj i S0 och S1; särredovisa den andel där myndigheten har befogenhet";Kopplingsrader är inte additiva effekter. Gemensamma kostnader och överlappande kontroller ska räknas en gång.;"Beslutad organisationsinriktning och lagändringar för start 2027-07-01; detaljerad kontrollutformning är analysförslag";"Föreslagen kontroll; genomförande och effekt inte verifierade";"Käll- och strukturkontrollerad; inbyggd adversarial review ej tillgänglig";https://www.riksdagen.se/sv/dokument-och-lagar/dokument/kommittedirektiv/inrattande-av-en-ny-myndighet-for-miljoprovning_heb113/ | https://www.riksdagen.se/sv/dokument-och-lagar/dokument/svensk-forfattningssamling/miljobalk-1998808_sfs-1998-808/ | https://www.riksdagen.se/sv/dokument-och-lagar/dokument/svensk-forfattningssamling/forvaltningslag-2017900_sfs-2017-900/;2.2.0;https://nic-esp.github.io/miljotillstandsrisker/data/riskregister-items.csv;2026-09-30;R-B60-030-01:mitigation;"Kvalitetssäkra underlaget mot MB 22 kap. och MBD innan ingivning (jfr B20-090); använd instansens egna checklistor; håll samråds- och avgränsningsmaterial spårbart kopplat till MKB-kapitlen.";Utanför myndighetens kontrollansvar;Självständigt kontrollförslag efter jämförelse med befintlig åtgärd;Originalförslaget har granskats men är inte grund för denna kontrollkoppling.;Originalets föreslagna åtgärd kvarstår hos angiven aktör.;
MPM-05__R-B60-030-01:consequence:03;MPM-05;Samlad och preciserad fullständighetsgranskning;S1_beslutat_uppdrag;R-B60-030-01;MKB-brister stjälper fullständighetsbedömningen;B60;B60 – Ansökan, beslut och överprövning;B60-030;Kontrollera materiell fullständighet;R-B60-030-01:consequence:03;konsekvens;3;Nya utredningar ökar kostnaderna och kan göra äldre underlag inaktuellt.;Begränsar följd;Efter konstaterad MKB-brist begränsar en samlad kravlista upprepade kompletteringar och nya omtag.;Granska ansökan tvärdisciplinärt tidigt. Sammanställ identifierade brister med rättslig relevans, vilken uppgift som behövs, varför den behövs och rimlig svarstid. Motivera senare nytillkomna krav.;"Sökanden tar fram MKB, data, yrkanden och skyddsåtgärder. Nya relevanta krav får inte avvisas för att en första checklista är avklarad; fullständighetskontroll garanterar inte bifall.";"MB 19 kap. 5–5 a §§ och där angivna delar av 22 kap.; FL 20 och 23 §§";"Kompletteringsomgångar; andel senare krav som var möjliga att identifiera i första granskningen";Versionssatt bristlista, förelägganden och sakkunniggranskning;Fullständighetsgranskning finns i S0. Mät färre undvikbara omtag genom gemensam rutin och specialiststöd.;Vid mottagning, komplettering och väsentlig projektändring;Miljöprövningsmyndigheten;Första instans;analysis;;Endast egen behörig prövning av övertagna MPD-ärenden eller service knuten till denna. Övriga delar av riskpostens population kvarstår.;Minskad villkorad konsekvens för den påverkbara delen;"Ej skattad; kräver mätning mot S0";"Samma normaliserade typårsportfölj i S0 och S1; särredovisa den andel där myndigheten har befogenhet";Kopplingsrader är inte additiva effekter. Gemensamma kostnader och överlappande kontroller ska räknas en gång.;"Beslutad organisationsinriktning och lagändringar för start 2027-07-01; detaljerad kontrollutformning är analysförslag";"Föreslagen kontroll; genomförande och effekt inte verifierade";"Käll- och strukturkontrollerad; inbyggd adversarial review ej tillgänglig";https://www.riksdagen.se/sv/dokument-och-lagar/dokument/kommittedirektiv/inrattande-av-en-ny-myndighet-for-miljoprovning_heb113/ | https://www.riksdagen.se/sv/dokument-och-lagar/dokument/svensk-forfattningssamling/miljobalk-1998808_sfs-1998-808/ | https://www.riksdagen.se/sv/dokument-och-lagar/dokument/svensk-forfattningssamling/forvaltningslag-2017900_sfs-2017-900/;2.2.0;https://nic-esp.github.io/miljotillstandsrisker/data/riskregister-items.csv;2026-09-30;R-B60-030-01:mitigation;"Kvalitetssäkra underlaget mot MB 22 kap. och MBD innan ingivning (jfr B20-090); använd instansens egna checklistor; håll samråds- och avgränsningsmaterial spårbart kopplat till MKB-kapitlen.";Utanför myndighetens kontrollansvar;Självständigt kontrollförslag efter jämförelse med befintlig åtgärd;Originalförslaget har granskats men är inte grund för denna kontrollkoppling.;Originalets föreslagna åtgärd kvarstår hos angiven aktör.;
MPM-05__R-B60-G040-01:trigger:04;MPM-05;Samlad och preciserad fullständighetsgranskning;S1_beslutat_uppdrag;R-B60-G040-01;Kompletteringskraven blir en ändlös pingisrunda;B60;B60 – Ansökan, beslut och överprövning;B60-G040;Är ansökan tillräckligt komplett?;R-B60-G040-01:trigger:04;utlösande faktor;4;Föreläggandet anger inte tillräckligt tydligt vilken uppgift eller kvalitet som krävs för att frågan ska anses besvarad.;Direkt;Tydligt angiven uppgift, relevans och nödvändig kvalitet minskar ofullständiga svar på oklara förelägganden.;Granska ansökan tvärdisciplinärt tidigt. Sammanställ identifierade brister med rättslig relevans, vilken uppgift som behövs, varför den behövs och rimlig svarstid. Motivera senare nytillkomna krav.;"Sökanden tar fram MKB, data, yrkanden och skyddsåtgärder. Nya relevanta krav får inte avvisas för att en första checklista är avklarad; fullständighetskontroll garanterar inte bifall.";"MB 19 kap. 5–5 a §§ och där angivna delar av 22 kap.; FL 20 och 23 §§";"Kompletteringsomgångar; andel senare krav som var möjliga att identifiera i första granskningen";Versionssatt bristlista, förelägganden och sakkunniggranskning;Fullständighetsgranskning finns i S0. Mät färre undvikbara omtag genom gemensam rutin och specialiststöd.;Vid mottagning, komplettering och väsentlig projektändring;Miljöprövningsmyndigheten;Första instans;analysis;;Endast egen behörig prövning av övertagna MPD-ärenden eller service knuten till denna. Övriga delar av riskpostens population kvarstår.;Minskad sannolikhet för den påverkbara delen;"Ej skattad; kräver mätning mot S0";"Samma normaliserade typårsportfölj i S0 och S1; särredovisa den andel där myndigheten har befogenhet";Kopplingsrader är inte additiva effekter. Gemensamma kostnader och överlappande kontroller ska räknas en gång.;"Beslutad organisationsinriktning och lagändringar för start 2027-07-01; detaljerad kontrollutformning är analysförslag";"Föreslagen kontroll; genomförande och effekt inte verifierade";"Käll- och strukturkontrollerad; inbyggd adversarial review ej tillgänglig";https://www.riksdagen.se/sv/dokument-och-lagar/dokument/kommittedirektiv/inrattande-av-en-ny-myndighet-for-miljoprovning_heb113/ | https://www.riksdagen.se/sv/dokument-och-lagar/dokument/svensk-forfattningssamling/miljobalk-1998808_sfs-1998-808/ | https://www.riksdagen.se/sv/dokument-och-lagar/dokument/svensk-forfattningssamling/forvaltningslag-2017900_sfs-2017-900/;2.2.0;https://nic-esp.github.io/miljotillstandsrisker/data/riskregister-items.csv;2026-09-30;R-B60-G040-01:mitigation;"Begär skriftliga, specificerade kompletteringsförelägganden; genomför statusmöten med handläggaren efter varje inskick; sätt intern spärr: inga delvisa svar som skapar nya rundor utan samlad komplettering.";Delvis inom mandat efter avgränsning;Anpassning av befintligt förslag, avgränsad till myndighetens del;Lämna samlade preciserade kompletteringskrav och bedöma skäliga frister.;Sökandens kompletta svar och interna leveransplan. Nödvändiga nya frågor får inte förbjudas.;
MPM-05__R-B60-G040-02:trigger:03;MPM-05;Samlad och preciserad fullständighetsgranskning;S1_beslutat_uppdrag;R-B60-G040-02;Avvisning efter upprepade brister tvingar full omstart;B60;B60 – Ansökan, beslut och överprövning;B60-G040;Är ansökan tillräckligt komplett?;R-B60-G040-02:trigger:03;utlösande faktor;3;Kompletteringen ändrar inte den brist som föreläggandet uttryckligen avsåg.;Indirekt via krav och återkoppling;Preciserat kompletteringsbesked underlättar att sökanden rättar just den konstaterade bristen.;Granska ansökan tvärdisciplinärt tidigt. Sammanställ identifierade brister med rättslig relevans, vilken uppgift som behövs, varför den behövs och rimlig svarstid. Motivera senare nytillkomna krav.;"Sökanden tar fram MKB, data, yrkanden och skyddsåtgärder. Nya relevanta krav får inte avvisas för att en första checklista är avklarad; fullständighetskontroll garanterar inte bifall.";"MB 19 kap. 5–5 a §§ och där angivna delar av 22 kap.; FL 20 och 23 §§";"Kompletteringsomgångar; andel senare krav som var möjliga att identifiera i första granskningen";Versionssatt bristlista, förelägganden och sakkunniggranskning;Fullständighetsgranskning finns i S0. Mät färre undvikbara omtag genom gemensam rutin och specialiststöd.;Vid mottagning, komplettering och väsentlig projektändring;Miljöprövningsmyndigheten;Första instans;analysis;;Endast egen behörig prövning av övertagna MPD-ärenden eller service knuten till denna. Övriga delar av riskpostens population kvarstår.;Minskad sannolikhet för den påverkbara delen;"Ej skattad; kräver mätning mot S0";"Samma normaliserade typårsportfölj i S0 och S1; särredovisa den andel där myndigheten har befogenhet";Kopplingsrader är inte additiva effekter. Gemensamma kostnader och överlappande kontroller ska räknas en gång.;"Beslutad organisationsinriktning och lagändringar för start 2027-07-01; detaljerad kontrollutformning är analysförslag";"Föreslagen kontroll; genomförande och effekt inte verifierade";"Käll- och strukturkontrollerad; inbyggd adversarial review ej tillgänglig";https://www.riksdagen.se/sv/dokument-och-lagar/dokument/kommittedirektiv/inrattande-av-en-ny-myndighet-for-miljoprovning_heb113/ | https://www.riksdagen.se/sv/dokument-och-lagar/dokument/svensk-forfattningssamling/miljobalk-1998808_sfs-1998-808/ | https://www.riksdagen.se/sv/dokument-och-lagar/dokument/svensk-forfattningssamling/forvaltningslag-2017900_sfs-2017-900/;2.2.0;https://nic-esp.github.io/miljotillstandsrisker/data/riskregister-items.csv;2026-09-30;R-B60-G040-02:mitigation;"Hantera kompletteringsfrister som kritiska milstolpar med intern marginal; begär förlängning skriftligt i god tid om utredningar inte hinner slutföras; eskalera till instansens ledning vid otydliga krav.";Delvis inom mandat efter avgränsning;Anpassning av befintligt förslag, avgränsad till myndighetens del;Lämna samlade preciserade kompletteringskrav och bedöma skäliga frister.;Sökandens kompletta svar och interna leveransplan. Nödvändiga nya frågor får inte förbjudas.;
MPM-05__R-B50-N030-02:trigger:03;MPM-05;Samlad och preciserad fullständighetsgranskning;S1_beslutat_uppdrag;R-B50-N030-02;Kompletteringsloopar i Natura-ärendet återställer tidplanen;B50;B50 – Tvärgående och sektorsspecifika spår;B50-N030;Lämna och komplettera Natura 2000-ansökan;R-B50-N030-02:trigger:03;utlösande faktor;3;Varje svar lämnar kvar en annan kunskapslucka om påverkan eller skyddsåtgärd.;Indirekt via krav och återkoppling;Tvärdisciplinär granskning kan fånga flera kunskapsluckor samtidigt utan att minska beviskraven.;Granska ansökan tvärdisciplinärt tidigt. Sammanställ identifierade brister med rättslig relevans, vilken uppgift som behövs, varför den behövs och rimlig svarstid. Motivera senare nytillkomna krav.;"Sökanden tar fram MKB, data, yrkanden och skyddsåtgärder. Nya relevanta krav får inte avvisas för att en första checklista är avklarad; fullständighetskontroll garanterar inte bifall.";"MB 19 kap. 5–5 a §§ och där angivna delar av 22 kap.; FL 20 och 23 §§";"Kompletteringsomgångar; andel senare krav som var möjliga att identifiera i första granskningen";Versionssatt bristlista, förelägganden och sakkunniggranskning;Fullständighetsgranskning finns i S0. Mät färre undvikbara omtag genom gemensam rutin och specialiststöd.;Vid mottagning, komplettering och väsentlig projektändring;Miljöprövningsmyndigheten;Projektägare → prövningsmyndighet;analysis;;Endast Natura-ärende som myndigheten själv prövar.;Minskad sannolikhet för den påverkbara delen;"Ej skattad; kräver mätning mot S0";"Samma normaliserade typårsportfölj i S0 och S1; särredovisa den andel där myndigheten har befogenhet";Kopplingsrader är inte additiva effekter. Gemensamma kostnader och överlappande kontroller ska räknas en gång.;"Beslutad organisationsinriktning och lagändringar för start 2027-07-01; detaljerad kontrollutformning är analysförslag";"Föreslagen kontroll; genomförande och effekt inte verifierade";"Käll- och strukturkontrollerad; inbyggd adversarial review ej tillgänglig";https://www.riksdagen.se/sv/dokument-och-lagar/dokument/kommittedirektiv/inrattande-av-en-ny-myndighet-for-miljoprovning_heb113/ | https://www.riksdagen.se/sv/dokument-och-lagar/dokument/svensk-forfattningssamling/miljobalk-1998808_sfs-1998-808/ | https://www.riksdagen.se/sv/dokument-och-lagar/dokument/svensk-forfattningssamling/forvaltningslag-2017900_sfs-2017-900/;2.2.0;https://nic-esp.github.io/miljotillstandsrisker/data/riskregister-items.csv;2026-09-30;R-B50-N030-02:mitigation;Gör en egen kompletthetskontroll mot myndighetens checklista och prövningsrekvisiten innan inlämning. Förhandla om kompletteringsfrågornas omfattning vid kompletteringsmöte och begär att flera brister hanteras i en enda kompletteringsrunda.;Delvis inom mandat efter avgränsning;Anpassning av befintligt förslag, avgränsad till myndighetens del;Samla nödvändiga kompletteringsfrågor och förklara deras relevans i eget Natura-ärende.;Sökandens kompletthetsgranskning och förhandling bort från materiella beviskrav.;
MPM-06__R-B60-050-01:trigger:03;MPM-06;Tidig identifiering av säsongsberoende underlagsbehov;S1_beslutat_uppdrag;R-B60-050-01;Säsongsberoende kompletteringar missar fönstret;B60;B60 – Ansökan, beslut och överprövning;B60-050;Begär och lämna komplettering;R-B60-050-01:trigger:03;utlösande faktor;3;Föreläggandet meddelas efter att det relevanta fältfönstret har passerat.;Direkt;Kontrollen träffar sen myndighetsbeställning, inte själva behovet av rätt säsong eller väder.;Identifiera under första sakgranskningen om nödvändiga uppgifter kräver biologisk säsong eller särskilda flöden. Kommunicera behovet och planera den egna granskningen så att undvikbara sena krav begränsas.;Utför inte inventeringar och kontrollerar inte väder, ekologi eller konsultkapacitet. Kravnivån sänks inte för att ett säsongsfönster missats.;"MB 19 kap. 5–5 a §§; FL 9 och 23 §§";Antal fältsäsonger som missas på grund av undvikbart sent myndighetsbesked;Datum för identifierbart behov, granskningsstart och föreläggande;Mät myndighetsorsakad försening jämfört med S0, inte hela kostnaden för sökandens inventering eller naturens säsonger.;Löpande inom egen behörighet;Miljöprövningsmyndigheten;Första instans och sökande;analysis;;Endast egen behörig prövning av övertagna MPD-ärenden eller service knuten till denna. Övriga delar av riskpostens population kvarstår.;Minskad sannolikhet för den påverkbara delen;"Ej skattad; kräver mätning mot S0";"Samma normaliserade typårsportfölj i S0 och S1; särredovisa den andel där myndigheten har befogenhet";Kopplingsrader är inte additiva effekter. Gemensamma kostnader och överlappande kontroller ska räknas en gång.;"Beslutad organisationsinriktning och lagändringar för start 2027-07-01; detaljerad kontrollutformning är analysförslag";"Föreslagen kontroll; genomförande och effekt inte verifierade";"Käll- och strukturkontrollerad; inbyggd adversarial review ej tillgänglig";https://www.riksdagen.se/sv/dokument-och-lagar/dokument/kommittedirektiv/inrattande-av-en-ny-myndighet-for-miljoprovning_heb113/ | https://www.riksdagen.se/sv/dokument-och-lagar/dokument/svensk-forfattningssamling/miljobalk-1998808_sfs-1998-808/ | https://www.riksdagen.se/sv/dokument-och-lagar/dokument/svensk-forfattningssamling/forvaltningslag-2017900_sfs-2017-900/;2.2.0;https://nic-esp.github.io/miljotillstandsrisker/data/riskregister-items.csv;2026-09-30;R-B60-050-01:mitigation;"Förutse sannolika kompletteringsområden och samla in ett extra säsongsmarginal redan i B10-040/B20-planeringen; låt inventeringsprogrammet löpa under kompletteringsfasen; dokumentera metodavvikelser proaktivt om väder stoppar fältarbete.";Utanför myndighetens kontrollansvar;Självständigt kontrollförslag efter jämförelse med befintlig åtgärd;Originalförslaget har granskats men är inte grund för denna kontrollkoppling.;Originalets föreslagna åtgärd kvarstår hos angiven aktör.;
MPM-07__R-B60-070-01:trigger:01;MPM-07;Aktiv tidsplanering och bevakning av egen handläggning;S1_beslutat_uppdrag;R-B60-070-01;Utebliven eller slarvig tidsplan urholkar handläggningstempot;B60;B60 – Ansökan, beslut och överprövning;B60-070;Fastställ handläggningsplan och förbered deltagande;R-B60-070-01:trigger:01;utlösande faktor;1;Instansen fastställer ingen handläggningsplan trots att ärendets fortsatta beredning behöver struktureras.;Direkt;Plan med ansvar och uppdaterade beroenden minskar utebliven styrning av den egna beredningen.;Upprätta och följ upp ärendeplan med ansvar, beroenden och nästa steg. Följ avvikelser, omplanera och informera berörda. Gör bedömningen av vad som återstår före avgörande synlig.;Tidsplan är ingen bifallsgaranti. Rättssäker kommunicering och nödvändiga utredningar får inte hoppas över. Ingen kontroll över domstolens eller regeringens tidplan.;"MB 19 kap. 5 a § och 22 kap. 11 b §; FL 9 och 11 §§";"Median och P90 egen liggtid; andel milstolpar hållna; förseningar med underrättelse";Ärendeplaner, aktivitetsloggar, dokumenterad väntansvarig;Tidsplaner föreskrivs redan i S0. Isolera minskad egen liggtid från sökandens och remissinstansernas väntetider.;Vid planläggning och löpande avvikelseuppföljning;Miljöprövningsmyndigheten;Första instans;source;MB;Endast egen behörig prövning av övertagna MPD-ärenden eller service knuten till denna. Övriga delar av riskpostens population kvarstår.;Minskad sannolikhet för den påverkbara delen;"Ej skattad; kräver mätning mot S0";"Samma normaliserade typårsportfölj i S0 och S1; särredovisa den andel där myndigheten har befogenhet";Kopplingsrader är inte additiva effekter. Gemensamma kostnader och överlappande kontroller ska räknas en gång.;"Beslutad organisationsinriktning och lagändringar för start 2027-07-01; detaljerad kontrollutformning är analysförslag";"Föreslagen kontroll; genomförande och effekt inte verifierade";"Käll- och strukturkontrollerad; inbyggd adversarial review ej tillgänglig";https://www.riksdagen.se/sv/dokument-och-lagar/dokument/kommittedirektiv/inrattande-av-en-ny-myndighet-for-miljoprovning_heb113/ | https://www.riksdagen.se/sv/dokument-och-lagar/dokument/svensk-forfattningssamling/miljobalk-1998808_sfs-1998-808/ | https://www.riksdagen.se/sv/dokument-och-lagar/dokument/svensk-forfattningssamling/forvaltningslag-2017900_sfs-2017-900/;2.2.0;https://nic-esp.github.io/miljotillstandsrisker/data/riskregister-items.csv;2026-09-30;R-B60-070-01:mitigation;"Aktivera möjligheten till tidsplan enligt 22 kap. 11 b § MB i god tid; föreslå själv en realistisk tidsplan; eskalera via instansens ledning och följ upp avvikelser skriftligt.";Delvis inom mandat efter avgränsning;Anpassning av befintligt förslag, avgränsad till myndighetens del;Upprätta och följa en realistisk tidsplan i egen handläggning.;"Ingen styrning av domstolens plan; hänvisningen till MB 22 kap. 11 b § måste prövas mot tillämplig handläggningsordning.";
MPM-07__R-B60-070-01:trigger:02;MPM-07;Aktiv tidsplanering och bevakning av egen handläggning;S1_beslutat_uppdrag;R-B60-070-01;Utebliven eller slarvig tidsplan urholkar handläggningstempot;B60;B60 – Ansökan, beslut och överprövning;B60-070;Fastställ handläggningsplan och förbered deltagande;R-B60-070-01:trigger:02;utlösande faktor;2;Handläggningsplanen saknar ansvariga aktörer eller tydliga beroenden mellan processmomenten.;Direkt;Plan med ansvar och uppdaterade beroenden minskar utebliven styrning av den egna beredningen.;Upprätta och följ upp ärendeplan med ansvar, beroenden och nästa steg. Följ avvikelser, omplanera och informera berörda. Gör bedömningen av vad som återstår före avgörande synlig.;Tidsplan är ingen bifallsgaranti. Rättssäker kommunicering och nödvändiga utredningar får inte hoppas över. Ingen kontroll över domstolens eller regeringens tidplan.;"MB 19 kap. 5 a § och 22 kap. 11 b §; FL 9 och 11 §§";"Median och P90 egen liggtid; andel milstolpar hållna; förseningar med underrättelse";Ärendeplaner, aktivitetsloggar, dokumenterad väntansvarig;Tidsplaner föreskrivs redan i S0. Isolera minskad egen liggtid från sökandens och remissinstansernas väntetider.;Vid planläggning och löpande avvikelseuppföljning;Miljöprövningsmyndigheten;Första instans;analysis;;Endast egen behörig prövning av övertagna MPD-ärenden eller service knuten till denna. Övriga delar av riskpostens population kvarstår.;Minskad sannolikhet för den påverkbara delen;"Ej skattad; kräver mätning mot S0";"Samma normaliserade typårsportfölj i S0 och S1; särredovisa den andel där myndigheten har befogenhet";Kopplingsrader är inte additiva effekter. Gemensamma kostnader och överlappande kontroller ska räknas en gång.;"Beslutad organisationsinriktning och lagändringar för start 2027-07-01; detaljerad kontrollutformning är analysförslag";"Föreslagen kontroll; genomförande och effekt inte verifierade";"Käll- och strukturkontrollerad; inbyggd adversarial review ej tillgänglig";https://www.riksdagen.se/sv/dokument-och-lagar/dokument/kommittedirektiv/inrattande-av-en-ny-myndighet-for-miljoprovning_heb113/ | https://www.riksdagen.se/sv/dokument-och-lagar/dokument/svensk-forfattningssamling/miljobalk-1998808_sfs-1998-808/ | https://www.riksdagen.se/sv/dokument-och-lagar/dokument/svensk-forfattningssamling/forvaltningslag-2017900_sfs-2017-900/;2.2.0;https://nic-esp.github.io/miljotillstandsrisker/data/riskregister-items.csv;2026-09-30;R-B60-070-01:mitigation;"Aktivera möjligheten till tidsplan enligt 22 kap. 11 b § MB i god tid; föreslå själv en realistisk tidsplan; eskalera via instansens ledning och följ upp avvikelser skriftligt.";Delvis inom mandat efter avgränsning;Anpassning av befintligt förslag, avgränsad till myndighetens del;Upprätta och följa en realistisk tidsplan i egen handläggning.;"Ingen styrning av domstolens plan; hänvisningen till MB 22 kap. 11 b § måste prövas mot tillämplig handläggningsordning.";
MPM-07__R-B60-070-01:trigger:04;MPM-07;Aktiv tidsplanering och bevakning av egen handläggning;S1_beslutat_uppdrag;R-B60-070-01;Utebliven eller slarvig tidsplan urholkar handläggningstempot;B60;B60 – Ansökan, beslut och överprövning;B60-070;Fastställ handläggningsplan och förbered deltagande;R-B60-070-01:trigger:04;utlösande faktor;4;Nya kompletteringar eller remissbehov införs utan att tidsplanen revideras.;Direkt;Plan med ansvar och uppdaterade beroenden minskar utebliven styrning av den egna beredningen.;Upprätta och följ upp ärendeplan med ansvar, beroenden och nästa steg. Följ avvikelser, omplanera och informera berörda. Gör bedömningen av vad som återstår före avgörande synlig.;Tidsplan är ingen bifallsgaranti. Rättssäker kommunicering och nödvändiga utredningar får inte hoppas över. Ingen kontroll över domstolens eller regeringens tidplan.;"MB 19 kap. 5 a § och 22 kap. 11 b §; FL 9 och 11 §§";"Median och P90 egen liggtid; andel milstolpar hållna; förseningar med underrättelse";Ärendeplaner, aktivitetsloggar, dokumenterad väntansvarig;Tidsplaner föreskrivs redan i S0. Isolera minskad egen liggtid från sökandens och remissinstansernas väntetider.;Vid planläggning och löpande avvikelseuppföljning;Miljöprövningsmyndigheten;Första instans;analysis;;Endast egen behörig prövning av övertagna MPD-ärenden eller service knuten till denna. Övriga delar av riskpostens population kvarstår.;Minskad sannolikhet för den påverkbara delen;"Ej skattad; kräver mätning mot S0";"Samma normaliserade typårsportfölj i S0 och S1; särredovisa den andel där myndigheten har befogenhet";Kopplingsrader är inte additiva effekter. Gemensamma kostnader och överlappande kontroller ska räknas en gång.;"Beslutad organisationsinriktning och lagändringar för start 2027-07-01; detaljerad kontrollutformning är analysförslag";"Föreslagen kontroll; genomförande och effekt inte verifierade";"Käll- och strukturkontrollerad; inbyggd adversarial review ej tillgänglig";https://www.riksdagen.se/sv/dokument-och-lagar/dokument/kommittedirektiv/inrattande-av-en-ny-myndighet-for-miljoprovning_heb113/ | https://www.riksdagen.se/sv/dokument-och-lagar/dokument/svensk-forfattningssamling/miljobalk-1998808_sfs-1998-808/ | https://www.riksdagen.se/sv/dokument-och-lagar/dokument/svensk-forfattningssamling/forvaltningslag-2017900_sfs-2017-900/;2.2.0;https://nic-esp.github.io/miljotillstandsrisker/data/riskregister-items.csv;2026-09-30;R-B60-070-01:mitigation;"Aktivera möjligheten till tidsplan enligt 22 kap. 11 b § MB i god tid; föreslå själv en realistisk tidsplan; eskalera via instansens ledning och följ upp avvikelser skriftligt.";Delvis inom mandat efter avgränsning;Anpassning av befintligt förslag, avgränsad till myndighetens del;Upprätta och följa en realistisk tidsplan i egen handläggning.;"Ingen styrning av domstolens plan; hänvisningen till MB 22 kap. 11 b § måste prövas mot tillämplig handläggningsordning.";
MPM-07__R-B60-G110-01:trigger:04;MPM-07;Aktiv tidsplanering och bevakning av egen handläggning;S1_beslutat_uppdrag;R-B60-G110-01;Skriftväxlingsloopen etablerar sig som permanent beredningstillstånd;B60;B60 – Ansökan, beslut och överprövning;B60-G110;Behövs ytterligare skriftväxling?;R-B60-G110-01:trigger:04;utlösande faktor;4;Instansen avgränsar inte vilka frågor som är färdigberedda och vilka som fortfarande kräver kommunicering.;Direkt;Aktiv avgränsning av färdigberedda frågor begränsar onödig fortsatt skriftväxling utan att utesluta relevant nytt material.;Upprätta och följ upp ärendeplan med ansvar, beroenden och nästa steg. Följ avvikelser, omplanera och informera berörda. Gör bedömningen av vad som återstår före avgörande synlig.;Tidsplan är ingen bifallsgaranti. Rättssäker kommunicering och nödvändiga utredningar får inte hoppas över. Ingen kontroll över domstolens eller regeringens tidplan.;"MB 19 kap. 5 a § och 22 kap. 11 b §; FL 9 och 11 §§";"Median och P90 egen liggtid; andel milstolpar hållna; förseningar med underrättelse";Ärendeplaner, aktivitetsloggar, dokumenterad väntansvarig;Tidsplaner föreskrivs redan i S0. Isolera minskad egen liggtid från sökandens och remissinstansernas väntetider.;Vid planläggning och löpande avvikelseuppföljning;Miljöprövningsmyndigheten;Första instans;analysis;;Endast egen behörig prövning av övertagna MPD-ärenden eller service knuten till denna. Övriga delar av riskpostens population kvarstår.;Minskad sannolikhet för den påverkbara delen;"Ej skattad; kräver mätning mot S0";"Samma normaliserade typårsportfölj i S0 och S1; särredovisa den andel där myndigheten har befogenhet";Kopplingsrader är inte additiva effekter. Gemensamma kostnader och överlappande kontroller ska räknas en gång.;"Beslutad organisationsinriktning och lagändringar för start 2027-07-01; detaljerad kontrollutformning är analysförslag";"Föreslagen kontroll; genomförande och effekt inte verifierade";"Käll- och strukturkontrollerad; inbyggd adversarial review ej tillgänglig";https://www.riksdagen.se/sv/dokument-och-lagar/dokument/kommittedirektiv/inrattande-av-en-ny-myndighet-for-miljoprovning_heb113/ | https://www.riksdagen.se/sv/dokument-och-lagar/dokument/svensk-forfattningssamling/miljobalk-1998808_sfs-1998-808/ | https://www.riksdagen.se/sv/dokument-och-lagar/dokument/svensk-forfattningssamling/forvaltningslag-2017900_sfs-2017-900/;2.2.0;https://nic-esp.github.io/miljotillstandsrisker/data/riskregister-items.csv;2026-09-30;R-B60-G110-01:mitigation;"Begär att instansen fastställer en slutpunkt för skriftväxlingen i tidsplanen; lämna fullständiga samlade bemötanden i stället för delvisa svar; föreslå sammanträde för att samla upp kvarstående frågor muntligt.";Delvis inom mandat efter avgränsning;Anpassning av befintligt förslag, avgränsad till myndighetens del;Planera egen skriftväxling och pröva behovet av sammanträde.;"Ingen absolut stoppunkt som utesluter relevant material eller lagstadgad kommunicering; sökanden svarar fullständigt.";
MPM-08__R-B30-G110-03:trigger:01;MPM-08;Gemensam kapacitets- och specialistfördelning;S1_beslutat_uppdrag;R-B30-G110-03;Miljöprövningsdelegationens handläggningstid överskrider projektplanen;B30;B30 – Miljöfarlig verksamhet;B30-G110;Behörig första instans?;R-B30-G110-03:trigger:01;utlösande faktor;1;Den ansvariga miljöprövningsdelegationens aktuella kapacitet och arbetsbelastning begränsar möjligheten att hålla prognoserade handläggningstider.;Direkt;Gemensam resursfördelning kan minska kapacitetsköer och geografisk resursobalans inom övertagna MPD-ärenden.;Följ belastning och ärendekomplexitet, fördela ärenden efter relevant kompetens och säkra ersättare. För över ärendekunskap vid personalbyte och följ köernas ålder.;Arbetsledning inom egen organisation och beslutade resurser. Ingen förtur utifrån politisk önskvärdhet eller övertagande av andra myndigheters personal.;"Dir. 2026:13 Organisation och verksamhetsformer samt Bemanning; FL 5 och 9 §§";"Egen kötid per jämförbar ärendetyp; specialistväntan; ärenden med dokumenterad ersättare";Bemannings- och kompetensplan, ködata och överlämningsloggar;Samlad organisation möjliggör annan resursfördelning, men även S0 har samverkansmöjligheter. Ingen antagen ökning av total resursmängd.;Löpande inom egen behörighet;Miljöprövningsmyndigheten;Verksamhetsutövare;analysis;;Endast egen behörig prövning av övertagna MPD-ärenden eller service knuten till denna. Övriga delar av riskpostens population kvarstår.;Minskad sannolikhet för den påverkbara delen;"Ej skattad; kräver mätning mot S0";"Samma normaliserade typårsportfölj i S0 och S1; särredovisa den andel där myndigheten har befogenhet";Kopplingsrader är inte additiva effekter. Gemensamma kostnader och överlappande kontroller ska räknas en gång.;"Beslutad organisationsinriktning och lagändringar för start 2027-07-01; detaljerad kontrollutformning är analysförslag";"Föreslagen kontroll; genomförande och effekt inte verifierade";"Käll- och strukturkontrollerad; inbyggd adversarial review ej tillgänglig";https://www.riksdagen.se/sv/dokument-och-lagar/dokument/kommittedirektiv/inrattande-av-en-ny-myndighet-for-miljoprovning_heb113/ | https://www.riksdagen.se/sv/dokument-och-lagar/dokument/svensk-forfattningssamling/miljobalk-1998808_sfs-1998-808/ | https://www.riksdagen.se/sv/dokument-och-lagar/dokument/svensk-forfattningssamling/forvaltningslag-2017900_sfs-2017-900/;2.2.0;https://nic-esp.github.io/miljotillstandsrisker/data/riskregister-items.csv;2026-09-30;R-B30-G110-03:mitigation;Skicka in komplett ansökan för att undvika kompletteringsvarv, följ upp plats i delegationens sammanträdescykel, och väg in kötiden i projektets kritiska linje redan vid tidplaneringen.;Utanför myndighetens kontrollansvar;Självständigt kontrollförslag efter jämförelse med befintlig åtgärd;Originalförslaget har granskats men är inte grund för denna kontrollkoppling.;Originalets föreslagna åtgärd kvarstår hos angiven aktör.;
MPM-08__R-B30-G110-03:trigger:03;MPM-08;Gemensam kapacitets- och specialistfördelning;S1_beslutat_uppdrag;R-B30-G110-03;Miljöprövningsdelegationens handläggningstid överskrider projektplanen;B30;B30 – Miljöfarlig verksamhet;B30-G110;Behörig första instans?;R-B30-G110-03:trigger:03;utlösande faktor;3;Geografisk organisation där en delegation omfattar flera län kan leda till resurskonkurrens och varierande handläggningstider beroende på ärendets lokalisering.;Direkt;Gemensam resursfördelning kan minska kapacitetsköer och geografisk resursobalans inom övertagna MPD-ärenden.;Följ belastning och ärendekomplexitet, fördela ärenden efter relevant kompetens och säkra ersättare. För över ärendekunskap vid personalbyte och följ köernas ålder.;Arbetsledning inom egen organisation och beslutade resurser. Ingen förtur utifrån politisk önskvärdhet eller övertagande av andra myndigheters personal.;"Dir. 2026:13 Organisation och verksamhetsformer samt Bemanning; FL 5 och 9 §§";"Egen kötid per jämförbar ärendetyp; specialistväntan; ärenden med dokumenterad ersättare";Bemannings- och kompetensplan, ködata och överlämningsloggar;Samlad organisation möjliggör annan resursfördelning, men även S0 har samverkansmöjligheter. Ingen antagen ökning av total resursmängd.;Löpande inom egen behörighet;Miljöprövningsmyndigheten;Verksamhetsutövare;analysis;;Endast egen behörig prövning av övertagna MPD-ärenden eller service knuten till denna. Övriga delar av riskpostens population kvarstår.;Minskad sannolikhet för den påverkbara delen;"Ej skattad; kräver mätning mot S0";"Samma normaliserade typårsportfölj i S0 och S1; särredovisa den andel där myndigheten har befogenhet";Kopplingsrader är inte additiva effekter. Gemensamma kostnader och överlappande kontroller ska räknas en gång.;"Beslutad organisationsinriktning och lagändringar för start 2027-07-01; detaljerad kontrollutformning är analysförslag";"Föreslagen kontroll; genomförande och effekt inte verifierade";"Käll- och strukturkontrollerad; inbyggd adversarial review ej tillgänglig";https://www.riksdagen.se/sv/dokument-och-lagar/dokument/kommittedirektiv/inrattande-av-en-ny-myndighet-for-miljoprovning_heb113/ | https://www.riksdagen.se/sv/dokument-och-lagar/dokument/svensk-forfattningssamling/miljobalk-1998808_sfs-1998-808/ | https://www.riksdagen.se/sv/dokument-och-lagar/dokument/svensk-forfattningssamling/forvaltningslag-2017900_sfs-2017-900/;2.2.0;https://nic-esp.github.io/miljotillstandsrisker/data/riskregister-items.csv;2026-09-30;R-B30-G110-03:mitigation;Skicka in komplett ansökan för att undvika kompletteringsvarv, följ upp plats i delegationens sammanträdescykel, och väg in kötiden i projektets kritiska linje redan vid tidplaneringen.;Utanför myndighetens kontrollansvar;Självständigt kontrollförslag efter jämförelse med befintlig åtgärd;Originalförslaget har granskats men är inte grund för denna kontrollkoppling.;Originalets föreslagna åtgärd kvarstår hos angiven aktör.;
MPM-08__R-B60-070-01:trigger:03;MPM-08;Gemensam kapacitets- och specialistfördelning;S1_beslutat_uppdrag;R-B60-070-01;Utebliven eller slarvig tidsplan urholkar handläggningstempot;B60;B60 – Ansökan, beslut och överprövning;B60-070;Fastställ handläggningsplan och förbered deltagande;R-B60-070-01:trigger:03;utlösande faktor;3;Myndighets- eller domstolsresurser räcker inte för att hålla den kommunicerade planen.;Direkt;Relevant bemanning kan minska avvikelser från myndighetens egen plan.;Följ belastning och ärendekomplexitet, fördela ärenden efter relevant kompetens och säkra ersättare. För över ärendekunskap vid personalbyte och följ köernas ålder.;Arbetsledning inom egen organisation och beslutade resurser. Ingen förtur utifrån politisk önskvärdhet eller övertagande av andra myndigheters personal.;"Dir. 2026:13 Organisation och verksamhetsformer samt Bemanning; FL 5 och 9 §§";"Egen kötid per jämförbar ärendetyp; specialistväntan; ärenden med dokumenterad ersättare";Bemannings- och kompetensplan, ködata och överlämningsloggar;Samlad organisation möjliggör annan resursfördelning, men även S0 har samverkansmöjligheter. Ingen antagen ökning av total resursmängd.;Löpande inom egen behörighet;Miljöprövningsmyndigheten;Första instans;analysis;;"Bara myndighetsdelen av posten; domstolsresurser påverkas inte.";Minskad sannolikhet för den påverkbara delen;"Ej skattad; kräver mätning mot S0";"Samma normaliserade typårsportfölj i S0 och S1; särredovisa den andel där myndigheten har befogenhet";Kopplingsrader är inte additiva effekter. Gemensamma kostnader och överlappande kontroller ska räknas en gång.;"Beslutad organisationsinriktning och lagändringar för start 2027-07-01; detaljerad kontrollutformning är analysförslag";"Föreslagen kontroll; genomförande och effekt inte verifierade";"Käll- och strukturkontrollerad; inbyggd adversarial review ej tillgänglig";https://www.riksdagen.se/sv/dokument-och-lagar/dokument/kommittedirektiv/inrattande-av-en-ny-myndighet-for-miljoprovning_heb113/ | https://www.riksdagen.se/sv/dokument-och-lagar/dokument/svensk-forfattningssamling/miljobalk-1998808_sfs-1998-808/ | https://www.riksdagen.se/sv/dokument-och-lagar/dokument/svensk-forfattningssamling/forvaltningslag-2017900_sfs-2017-900/;2.2.0;https://nic-esp.github.io/miljotillstandsrisker/data/riskregister-items.csv;2026-09-30;R-B60-070-01:mitigation;"Aktivera möjligheten till tidsplan enligt 22 kap. 11 b § MB i god tid; föreslå själv en realistisk tidsplan; eskalera via instansens ledning och följ upp avvikelser skriftligt.";Delvis inom mandat efter avgränsning;Självständigt kontrollförslag efter jämförelse med befintlig åtgärd;Originalförslaget har granskats men är inte grund för denna kontrollkoppling.;"Ingen styrning av domstolens plan; hänvisningen till MB 22 kap. 11 b § måste prövas mot tillämplig handläggningsordning.";
MPM-09__R-B60-080-02:trigger:01;MPM-09;Strukturerad remiss och kommunicering;S1_beslutat_uppdrag;R-B60-080-02;Remissinstansernas kapacitet sätter takten, inte instansens plan;B60;B60 – Ansökan, beslut och överprövning;B60-080;Kungör och remittera ansökan;R-B60-080-02:trigger:01;utlösande faktor;1;En remissinstans lämnar inte sitt yttrande inom den remisstid som prövningsinstansen har satt ut.;Delvis genom samverkan;Tydlig remiss, tidig kontakt och uppföljning kan begränsa väntan men kan inte skapa kapacitet hos remissinstansen.;Skicka samordnade och preciserade remisser med gemensam underlagsversion och skälig svarstid. Följ upp uteblivna svar och dokumentera vilka frågor som är färdigberedda. Kommunicera nytt material av betydelse.;Kan inte tvinga fram positivt yttrande, enighet eller resurstillskott hos remissinstans. Nödvändig kommunicering får inte tas bort.;"FL 23, 25–27 §§; MB 19 kap. 4–5 a §§";"Remissomtag orsakade av otydlig fråga eller fel version; egen väntetid mellan svar och nästa åtgärd";Remissplan, sändlista, inkomna svar och kommuniceringslogg;Remiss och kommunicering finns i S0. Mät bara den undvikbara administration som bättre samordning minskar.;Löpande inom egen behörighet;Miljöprövningsmyndigheten;Första instans;source;MB | NV_PERMIT;Endast egen behörig prövning av övertagna MPD-ärenden eller service knuten till denna. Övriga delar av riskpostens population kvarstår.;Minskad sannolikhet för den påverkbara delen;"Ej skattad; kräver mätning mot S0";"Samma normaliserade typårsportfölj i S0 och S1; särredovisa den andel där myndigheten har befogenhet";Kopplingsrader är inte additiva effekter. Gemensamma kostnader och överlappande kontroller ska räknas en gång.;"Beslutad organisationsinriktning och lagändringar för start 2027-07-01; detaljerad kontrollutformning är analysförslag";"Föreslagen kontroll; genomförande och effekt inte verifierade";"Käll- och strukturkontrollerad; inbyggd adversarial review ej tillgänglig";https://www.riksdagen.se/sv/dokument-och-lagar/dokument/kommittedirektiv/inrattande-av-en-ny-myndighet-for-miljoprovning_heb113/ | https://www.riksdagen.se/sv/dokument-och-lagar/dokument/svensk-forfattningssamling/miljobalk-1998808_sfs-1998-808/ | https://www.riksdagen.se/sv/dokument-och-lagar/dokument/svensk-forfattningssamling/forvaltningslag-2017900_sfs-2017-900/;2.2.0;https://nic-esp.github.io/miljotillstandsrisker/data/riskregister-items.csv;2026-09-30;R-B60-080-02:mitigation;"Bedriv förhandsdialog med nyckelremissinstanser före kungörandet så att yttrandena är förberedda; håll ansökningsunderlaget direkt svarbart för myndigheternas frågeställningar; bevaka remisstider och påminn via instansen.";Delvis inom mandat efter avgränsning;Anpassning av befintligt förslag, avgränsad till myndighetens del;Precisera remissfrågor, följa svar och bereda sakligt motstridiga yttranden.;"Sökandens kompromissförslag, förhandsförankring och egna utredningar; ingen rätt att kräva samsyn eller positivt yttrande.";
MPM-09__R-B60-080-02:trigger:03;MPM-09;Strukturerad remiss och kommunicering;S1_beslutat_uppdrag;R-B60-080-02;Remissinstansernas kapacitet sätter takten, inte instansens plan;B60;B60 – Ansökan, beslut och överprövning;B60-080;Kungör och remittera ansökan;R-B60-080-02:trigger:03;utlösande faktor;3;Flera remissinstanser behöver samordna ett gemensamt eller beroende svar.;Delvis genom samverkan;Tydlig remiss, tidig kontakt och uppföljning kan begränsa väntan men kan inte skapa kapacitet hos remissinstansen.;Skicka samordnade och preciserade remisser med gemensam underlagsversion och skälig svarstid. Följ upp uteblivna svar och dokumentera vilka frågor som är färdigberedda. Kommunicera nytt material av betydelse.;Kan inte tvinga fram positivt yttrande, enighet eller resurstillskott hos remissinstans. Nödvändig kommunicering får inte tas bort.;"FL 23, 25–27 §§; MB 19 kap. 4–5 a §§";"Remissomtag orsakade av otydlig fråga eller fel version; egen väntetid mellan svar och nästa åtgärd";Remissplan, sändlista, inkomna svar och kommuniceringslogg;Remiss och kommunicering finns i S0. Mät bara den undvikbara administration som bättre samordning minskar.;Löpande inom egen behörighet;Miljöprövningsmyndigheten;Första instans;analysis;;Endast egen behörig prövning av övertagna MPD-ärenden eller service knuten till denna. Övriga delar av riskpostens population kvarstår.;Minskad sannolikhet för den påverkbara delen;"Ej skattad; kräver mätning mot S0";"Samma normaliserade typårsportfölj i S0 och S1; särredovisa den andel där myndigheten har befogenhet";Kopplingsrader är inte additiva effekter. Gemensamma kostnader och överlappande kontroller ska räknas en gång.;"Beslutad organisationsinriktning och lagändringar för start 2027-07-01; detaljerad kontrollutformning är analysförslag";"Föreslagen kontroll; genomförande och effekt inte verifierade";"Käll- och strukturkontrollerad; inbyggd adversarial review ej tillgänglig";https://www.riksdagen.se/sv/dokument-och-lagar/dokument/kommittedirektiv/inrattande-av-en-ny-myndighet-for-miljoprovning_heb113/ | https://www.riksdagen.se/sv/dokument-och-lagar/dokument/svensk-forfattningssamling/miljobalk-1998808_sfs-1998-808/ | https://www.riksdagen.se/sv/dokument-och-lagar/dokument/svensk-forfattningssamling/forvaltningslag-2017900_sfs-2017-900/;2.2.0;https://nic-esp.github.io/miljotillstandsrisker/data/riskregister-items.csv;2026-09-30;R-B60-080-02:mitigation;"Bedriv förhandsdialog med nyckelremissinstanser före kungörandet så att yttrandena är förberedda; håll ansökningsunderlaget direkt svarbart för myndigheternas frågeställningar; bevaka remisstider och påminn via instansen.";Delvis inom mandat efter avgränsning;Anpassning av befintligt förslag, avgränsad till myndighetens del;Precisera remissfrågor, följa svar och bereda sakligt motstridiga yttranden.;"Sökandens kompromissförslag, förhandsförankring och egna utredningar; ingen rätt att kräva samsyn eller positivt yttrande.";
MPM-09__R-B60-080-02:trigger:04;MPM-09;Strukturerad remiss och kommunicering;S1_beslutat_uppdrag;R-B60-080-02;Remissinstansernas kapacitet sätter takten, inte instansens plan;B60;B60 – Ansökan, beslut och överprövning;B60-080;Kungör och remittera ansökan;R-B60-080-02:trigger:04;utlösande faktor;4;Remissinstansen begär förlängd svarstid för att inhämta internt beslutsunderlag.;Delvis genom samverkan;Tydlig remiss, tidig kontakt och uppföljning kan begränsa väntan men kan inte skapa kapacitet hos remissinstansen.;Skicka samordnade och preciserade remisser med gemensam underlagsversion och skälig svarstid. Följ upp uteblivna svar och dokumentera vilka frågor som är färdigberedda. Kommunicera nytt material av betydelse.;Kan inte tvinga fram positivt yttrande, enighet eller resurstillskott hos remissinstans. Nödvändig kommunicering får inte tas bort.;"FL 23, 25–27 §§; MB 19 kap. 4–5 a §§";"Remissomtag orsakade av otydlig fråga eller fel version; egen väntetid mellan svar och nästa åtgärd";Remissplan, sändlista, inkomna svar och kommuniceringslogg;Remiss och kommunicering finns i S0. Mät bara den undvikbara administration som bättre samordning minskar.;Löpande inom egen behörighet;Miljöprövningsmyndigheten;Första instans;analysis;;Endast egen behörig prövning av övertagna MPD-ärenden eller service knuten till denna. Övriga delar av riskpostens population kvarstår.;Minskad sannolikhet för den påverkbara delen;"Ej skattad; kräver mätning mot S0";"Samma normaliserade typårsportfölj i S0 och S1; särredovisa den andel där myndigheten har befogenhet";Kopplingsrader är inte additiva effekter. Gemensamma kostnader och överlappande kontroller ska räknas en gång.;"Beslutad organisationsinriktning och lagändringar för start 2027-07-01; detaljerad kontrollutformning är analysförslag";"Föreslagen kontroll; genomförande och effekt inte verifierade";"Käll- och strukturkontrollerad; inbyggd adversarial review ej tillgänglig";https://www.riksdagen.se/sv/dokument-och-lagar/dokument/kommittedirektiv/inrattande-av-en-ny-myndighet-for-miljoprovning_heb113/ | https://www.riksdagen.se/sv/dokument-och-lagar/dokument/svensk-forfattningssamling/miljobalk-1998808_sfs-1998-808/ | https://www.riksdagen.se/sv/dokument-och-lagar/dokument/svensk-forfattningssamling/forvaltningslag-2017900_sfs-2017-900/;2.2.0;https://nic-esp.github.io/miljotillstandsrisker/data/riskregister-items.csv;2026-09-30;R-B60-080-02:mitigation;"Bedriv förhandsdialog med nyckelremissinstanser före kungörandet så att yttrandena är förberedda; håll ansökningsunderlaget direkt svarbart för myndigheternas frågeställningar; bevaka remisstider och påminn via instansen.";Delvis inom mandat efter avgränsning;Anpassning av befintligt förslag, avgränsad till myndighetens del;Precisera remissfrågor, följa svar och bereda sakligt motstridiga yttranden.;"Sökandens kompromissförslag, förhandsförankring och egna utredningar; ingen rätt att kräva samsyn eller positivt yttrande.";
MPM-09__R-B60-090-01:trigger:02;MPM-09;Strukturerad remiss och kommunicering;S1_beslutat_uppdrag;R-B60-090-01;Motstridiga myndighetsyttranden låser beredningen;B60;B60 – Ansökan, beslut och överprövning;B60-090;Inhämta yttranden och invändningar;R-B60-090-01:trigger:02;utlösande faktor;2;Två myndigheter föreslår villkor som inte kan uppfyllas samtidigt i den sökta utformningen.;Delvis genom egen beredning;"Klargör motstridiga krav och deras sakliga underlag så att den egna prövningen kan avgöra dem; enighet garanteras inte.";Skicka samordnade och preciserade remisser med gemensam underlagsversion och skälig svarstid. Följ upp uteblivna svar och dokumentera vilka frågor som är färdigberedda. Kommunicera nytt material av betydelse.;Kan inte tvinga fram positivt yttrande, enighet eller resurstillskott hos remissinstans. Nödvändig kommunicering får inte tas bort.;"FL 23, 25–27 §§; MB 19 kap. 4–5 a §§";"Remissomtag orsakade av otydlig fråga eller fel version; egen väntetid mellan svar och nästa åtgärd";Remissplan, sändlista, inkomna svar och kommuniceringslogg;Remiss och kommunicering finns i S0. Mät bara den undvikbara administration som bättre samordning minskar.;Löpande inom egen behörighet;Miljöprövningsmyndigheten;Remissinstanser, sakägare och allmänhet;analysis;;Endast egen behörig prövning av övertagna MPD-ärenden eller service knuten till denna. Övriga delar av riskpostens population kvarstår.;Minskad sannolikhet för den påverkbara delen;"Ej skattad; kräver mätning mot S0";"Samma normaliserade typårsportfölj i S0 och S1; särredovisa den andel där myndigheten har befogenhet";Kopplingsrader är inte additiva effekter. Gemensamma kostnader och överlappande kontroller ska räknas en gång.;"Beslutad organisationsinriktning och lagändringar för start 2027-07-01; detaljerad kontrollutformning är analysförslag";"Föreslagen kontroll; genomförande och effekt inte verifierade";"Käll- och strukturkontrollerad; inbyggd adversarial review ej tillgänglig";https://www.riksdagen.se/sv/dokument-och-lagar/dokument/kommittedirektiv/inrattande-av-en-ny-myndighet-for-miljoprovning_heb113/ | https://www.riksdagen.se/sv/dokument-och-lagar/dokument/svensk-forfattningssamling/miljobalk-1998808_sfs-1998-808/ | https://www.riksdagen.se/sv/dokument-och-lagar/dokument/svensk-forfattningssamling/forvaltningslag-2017900_sfs-2017-900/;2.2.0;https://nic-esp.github.io/miljotillstandsrisker/data/riskregister-items.csv;2026-09-30;R-B60-090-01:mitigation;"Identifiera konfliktlinjerna redan i samrådsfasen (B20) och arbeta fram kompromissvillkor i förväg; begär särskilda sammanträden mellan motstridiga myndigheter; dokumentera egen avvägningsanalys som stöd för instansen.";Delvis inom mandat efter avgränsning;Anpassning av befintligt förslag, avgränsad till myndighetens del;Precisera remissfrågor, följa svar och bereda sakligt motstridiga yttranden.;"Sökandens kompromissförslag, förhandsförankring och egna utredningar; ingen rätt att kräva samsyn eller positivt yttrande.";
MPM-09__R-B60-090-01:trigger:03;MPM-09;Strukturerad remiss och kommunicering;S1_beslutat_uppdrag;R-B60-090-01;Motstridiga myndighetsyttranden låser beredningen;B60;B60 – Ansökan, beslut och överprövning;B60-090;Inhämta yttranden och invändningar;R-B60-090-01:trigger:03;utlösande faktor;3;Underlaget ger utrymme för skilda expertbedömningar av samma miljöeffekt.;Delvis genom egen beredning;"Klargör motstridiga krav och deras sakliga underlag så att den egna prövningen kan avgöra dem; enighet garanteras inte.";Skicka samordnade och preciserade remisser med gemensam underlagsversion och skälig svarstid. Följ upp uteblivna svar och dokumentera vilka frågor som är färdigberedda. Kommunicera nytt material av betydelse.;Kan inte tvinga fram positivt yttrande, enighet eller resurstillskott hos remissinstans. Nödvändig kommunicering får inte tas bort.;"FL 23, 25–27 §§; MB 19 kap. 4–5 a §§";"Remissomtag orsakade av otydlig fråga eller fel version; egen väntetid mellan svar och nästa åtgärd";Remissplan, sändlista, inkomna svar och kommuniceringslogg;Remiss och kommunicering finns i S0. Mät bara den undvikbara administration som bättre samordning minskar.;Löpande inom egen behörighet;Miljöprövningsmyndigheten;Remissinstanser, sakägare och allmänhet;analysis;;Endast egen behörig prövning av övertagna MPD-ärenden eller service knuten till denna. Övriga delar av riskpostens population kvarstår.;Minskad sannolikhet för den påverkbara delen;"Ej skattad; kräver mätning mot S0";"Samma normaliserade typårsportfölj i S0 och S1; särredovisa den andel där myndigheten har befogenhet";Kopplingsrader är inte additiva effekter. Gemensamma kostnader och överlappande kontroller ska räknas en gång.;"Beslutad organisationsinriktning och lagändringar för start 2027-07-01; detaljerad kontrollutformning är analysförslag";"Föreslagen kontroll; genomförande och effekt inte verifierade";"Käll- och strukturkontrollerad; inbyggd adversarial review ej tillgänglig";https://www.riksdagen.se/sv/dokument-och-lagar/dokument/kommittedirektiv/inrattande-av-en-ny-myndighet-for-miljoprovning_heb113/ | https://www.riksdagen.se/sv/dokument-och-lagar/dokument/svensk-forfattningssamling/miljobalk-1998808_sfs-1998-808/ | https://www.riksdagen.se/sv/dokument-och-lagar/dokument/svensk-forfattningssamling/forvaltningslag-2017900_sfs-2017-900/;2.2.0;https://nic-esp.github.io/miljotillstandsrisker/data/riskregister-items.csv;2026-09-30;R-B60-090-01:mitigation;"Identifiera konfliktlinjerna redan i samrådsfasen (B20) och arbeta fram kompromissvillkor i förväg; begär särskilda sammanträden mellan motstridiga myndigheter; dokumentera egen avvägningsanalys som stöd för instansen.";Delvis inom mandat efter avgränsning;Anpassning av befintligt förslag, avgränsad till myndighetens del;Precisera remissfrågor, följa svar och bereda sakligt motstridiga yttranden.;"Sökandens kompromissförslag, förhandsförankring och egna utredningar; ingen rätt att kräva samsyn eller positivt yttrande.";
MPM-09__R-B60-090-02:trigger:04;MPM-09;Strukturerad remiss och kommunicering;S1_beslutat_uppdrag;R-B60-090-02;Många synpunkter kräver strukturerad kommunicering och bedömning;B60;B60 – Ansökan, beslut och överprövning;B60-090;Inhämta yttranden och invändningar;R-B60-090-02:trigger:04;utlösande faktor;4;Likartade synpunkter lämnas i olika format utan gemensam struktur eller hänvisning.;Direkt;Gemensam struktur och hänvisningar gör likartade synpunkter hanterbara utan att begränsa deltagandet.;Skicka samordnade och preciserade remisser med gemensam underlagsversion och skälig svarstid. Följ upp uteblivna svar och dokumentera vilka frågor som är färdigberedda. Kommunicera nytt material av betydelse.;Kan inte tvinga fram positivt yttrande, enighet eller resurstillskott hos remissinstans. Nödvändig kommunicering får inte tas bort.;"FL 23, 25–27 §§; MB 19 kap. 4–5 a §§";"Remissomtag orsakade av otydlig fråga eller fel version; egen väntetid mellan svar och nästa åtgärd";Remissplan, sändlista, inkomna svar och kommuniceringslogg;Remiss och kommunicering finns i S0. Mät bara den undvikbara administration som bättre samordning minskar.;Löpande inom egen behörighet;Miljöprövningsmyndigheten;Remissinstanser, sakägare och allmänhet;analysis;;Endast egen behörig prövning av övertagna MPD-ärenden eller service knuten till denna. Övriga delar av riskpostens population kvarstår.;Minskad sannolikhet för den påverkbara delen;"Ej skattad; kräver mätning mot S0";"Samma normaliserade typårsportfölj i S0 och S1; särredovisa den andel där myndigheten har befogenhet";Kopplingsrader är inte additiva effekter. Gemensamma kostnader och överlappande kontroller ska räknas en gång.;"Beslutad organisationsinriktning och lagändringar för start 2027-07-01; detaljerad kontrollutformning är analysförslag";"Föreslagen kontroll; genomförande och effekt inte verifierade";"Käll- och strukturkontrollerad; inbyggd adversarial review ej tillgänglig";https://www.riksdagen.se/sv/dokument-och-lagar/dokument/kommittedirektiv/inrattande-av-en-ny-myndighet-for-miljoprovning_heb113/ | https://www.riksdagen.se/sv/dokument-och-lagar/dokument/svensk-forfattningssamling/miljobalk-1998808_sfs-1998-808/ | https://www.riksdagen.se/sv/dokument-och-lagar/dokument/svensk-forfattningssamling/forvaltningslag-2017900_sfs-2017-900/;2.2.0;https://nic-esp.github.io/miljotillstandsrisker/data/riskregister-items.csv;2026-09-30;R-B60-090-02:mitigation;"Ta opinionen på allvar redan i samrådet; etablera löpande dialog med nyckelorganisationer; förbered bemötandestruktur och expertresurser innan kungörelsen går ut.";Utanför myndighetens kontrollansvar;Självständigt kontrollförslag efter jämförelse med befintlig åtgärd;Originalförslaget har granskats men är inte grund för denna kontrollkoppling.;Originalets föreslagna åtgärd kvarstår hos angiven aktör.;
MPM-09__R-B60-140-02:trigger:04;MPM-09;Strukturerad remiss och kommunicering;S1_beslutat_uppdrag;R-B60-140-02;Nya yrkanden och bevis vid förhandlingen spränger ramen;B60;B60 – Ansökan, beslut och överprövning;B60-140;Håll huvudförhandling eller sammanträde;R-B60-140-02:trigger:04;utlösande faktor;4;Ett sent myndighetsyttrande förändrar vilka frågor som behöver behandlas vid förhandlingen.;Delvis genom samverkan;Tidig remissplanering kan begränsa sena myndighetsyttranden inför eget sammanträde.;Skicka samordnade och preciserade remisser med gemensam underlagsversion och skälig svarstid. Följ upp uteblivna svar och dokumentera vilka frågor som är färdigberedda. Kommunicera nytt material av betydelse.;Kan inte tvinga fram positivt yttrande, enighet eller resurstillskott hos remissinstans. Nödvändig kommunicering får inte tas bort.;"FL 23, 25–27 §§; MB 19 kap. 4–5 a §§";"Remissomtag orsakade av otydlig fråga eller fel version; egen väntetid mellan svar och nästa åtgärd";Remissplan, sändlista, inkomna svar och kommuniceringslogg;Remiss och kommunicering finns i S0. Mät bara den undvikbara administration som bättre samordning minskar.;Löpande inom egen behörighet;Miljöprövningsmyndigheten;Första instans och parter;analysis;;"Eget sammanträde; ingen påverkan på domstolens förhandling.";Minskad sannolikhet för den påverkbara delen;"Ej skattad; kräver mätning mot S0";"Samma normaliserade typårsportfölj i S0 och S1; särredovisa den andel där myndigheten har befogenhet";Kopplingsrader är inte additiva effekter. Gemensamma kostnader och överlappande kontroller ska räknas en gång.;"Beslutad organisationsinriktning och lagändringar för start 2027-07-01; detaljerad kontrollutformning är analysförslag";"Föreslagen kontroll; genomförande och effekt inte verifierade";"Käll- och strukturkontrollerad; inbyggd adversarial review ej tillgänglig";https://www.riksdagen.se/sv/dokument-och-lagar/dokument/kommittedirektiv/inrattande-av-en-ny-myndighet-for-miljoprovning_heb113/ | https://www.riksdagen.se/sv/dokument-och-lagar/dokument/svensk-forfattningssamling/miljobalk-1998808_sfs-1998-808/ | https://www.riksdagen.se/sv/dokument-och-lagar/dokument/svensk-forfattningssamling/forvaltningslag-2017900_sfs-2017-900/;2.2.0;https://nic-esp.github.io/miljotillstandsrisker/data/riskregister-items.csv;2026-09-30;R-B60-140-02:mitigation;"Begär att domstolen sätter en sista tidpunkt för nytt material före förhandlingen; förbered bemötanden även för tänkbara nya invändningar; dokumentera invändningar mot sent material direkt på protokollet.";Utanför myndighetens kontrollansvar;Självständigt kontrollförslag efter jämförelse med befintlig åtgärd;Originalförslaget har granskats men är inte grund för denna kontrollkoppling.;Originalets föreslagna åtgärd kvarstår hos angiven aktör.;
MPM-10__R-B60-010-01:trigger:03;MPM-10;Spårbar ärendeakt och versionskontroll;S1_beslutat_uppdrag;R-B60-010-01;Avgifts- och formaliafel lägger ärendet på is innan prövning startat;B60;B60 – Ansökan, beslut och överprövning;B60-010;Ge in, registrera och avgiftslägg ansökan;R-B60-010-01:trigger:03;utlösande faktor;3;Handlingar eller betalningsuppgifter förlorar sin koppling till ärendet mellan e-tjänsten och diariet.;Direkt;Mottagningskontroll bevarar kopplingen mellan handling, betalningsuppgift och ärende.;Håll ihop handlingar, bilagor, projektversioner, beslut och delgivningsuppgifter med beständiga referenser. Kontrollera mottagning och fullständighet vid överlämnande. Tillgängliggör rätt version enligt offentlighets- och sekretessregler.;"Myndigheten förvaltar sin akt; sökanden ansvarar för sin projektdokumentation och fullständiga tillståndsmatris. Skapar inga rättsverkningar genom registerstatus.";"Dir. 2026:13 Informationsutbyte samt Riskanalyser och skyddsåtgärder; FL 27 och 31 §§";"Saknade bilagor vid överlämnande; felversionsincidenter; tid att återfinna beslut";Aktförteckning, versionshistorik, mottagningskontroll och stickprov;Diarier finns i S0. Mät faktiskt minskade informationsfel med gemensamma och interoperabla rutiner.;Löpande inom egen behörighet;Miljöprövningsmyndigheten;Sökande och första instans;analysis;;Endast egen behörig prövning av övertagna MPD-ärenden eller service knuten till denna. Övriga delar av riskpostens population kvarstår.;Minskad sannolikhet för den påverkbara delen;"Ej skattad; kräver mätning mot S0";"Samma normaliserade typårsportfölj i S0 och S1; särredovisa den andel där myndigheten har befogenhet";Kopplingsrader är inte additiva effekter. Gemensamma kostnader och överlappande kontroller ska räknas en gång.;"Beslutad organisationsinriktning och lagändringar för start 2027-07-01; detaljerad kontrollutformning är analysförslag";"Föreslagen kontroll; genomförande och effekt inte verifierade";"Käll- och strukturkontrollerad; inbyggd adversarial review ej tillgänglig";https://www.riksdagen.se/sv/dokument-och-lagar/dokument/kommittedirektiv/inrattande-av-en-ny-myndighet-for-miljoprovning_heb113/ | https://www.riksdagen.se/sv/dokument-och-lagar/dokument/svensk-forfattningssamling/miljobalk-1998808_sfs-1998-808/ | https://www.riksdagen.se/sv/dokument-och-lagar/dokument/svensk-forfattningssamling/forvaltningslag-2017900_sfs-2017-900/;2.2.0;https://nic-esp.github.io/miljotillstandsrisker/data/riskregister-items.csv;2026-09-30;R-B60-010-01:mitigation;"Verifiera avgiftsklass och ingivningsväg mot aktuell instans före ingivning; begär skriftlig bekräftelse på diarieföring och registreringsdatum; dokumentera ingivningskvitton för senare fristberäkning.";Delvis inom mandat efter avgränsning;Anpassning av befintligt förslag, avgränsad till myndighetens del;Ge korrekt ingivningsinformation och bekräfta registrering i egen akt.;Sökandens avgiftsbetalning och ingivning till andra instanser.;
MPM-10__R-B30-010-02:trigger:03;MPM-10;Spårbar ärendeakt och versionskontroll;S1_beslutat_uppdrag;R-B30-010-02;Äldre beslut saknas i arkiv;B30;B30 – Miljöfarlig verksamhet;B30-010;Inventera tillstånds- och ändringshistorik;R-B30-010-02:trigger:03;utlösande faktor;3;Det saknas tydliga kopplingar i myndighetsregister mellan äldre tillståndsbeslut och dagens organisationsnummer, vilket försvårar identifieringen av rätt beslutsmyndighet.;Direkt;Sökbara korsreferenser till äldre egna eller övertagna beslut minskar identifieringsfel.;Håll ihop handlingar, bilagor, projektversioner, beslut och delgivningsuppgifter med beständiga referenser. Kontrollera mottagning och fullständighet vid överlämnande. Tillgängliggör rätt version enligt offentlighets- och sekretessregler.;"Myndigheten förvaltar sin akt; sökanden ansvarar för sin projektdokumentation och fullständiga tillståndsmatris. Skapar inga rättsverkningar genom registerstatus.";"Dir. 2026:13 Informationsutbyte samt Riskanalyser och skyddsåtgärder; FL 27 och 31 §§";"Saknade bilagor vid överlämnande; felversionsincidenter; tid att återfinna beslut";Aktförteckning, versionshistorik, mottagningskontroll och stickprov;Diarier finns i S0. Mät faktiskt minskade informationsfel med gemensamma och interoperabla rutiner.;Löpande inom egen behörighet;Miljöprövningsmyndigheten;Verksamhetsutövare;analysis;;"Endast myndighetens förvaltade arkiv; inga garantier om komplett bolagsarkiv.";Minskad sannolikhet för den påverkbara delen;"Ej skattad; kräver mätning mot S0";"Samma normaliserade typårsportfölj i S0 och S1; särredovisa den andel där myndigheten har befogenhet";Kopplingsrader är inte additiva effekter. Gemensamma kostnader och överlappande kontroller ska räknas en gång.;"Beslutad organisationsinriktning och lagändringar för start 2027-07-01; detaljerad kontrollutformning är analysförslag";"Föreslagen kontroll; genomförande och effekt inte verifierade";"Käll- och strukturkontrollerad; inbyggd adversarial review ej tillgänglig";https://www.riksdagen.se/sv/dokument-och-lagar/dokument/kommittedirektiv/inrattande-av-en-ny-myndighet-for-miljoprovning_heb113/ | https://www.riksdagen.se/sv/dokument-och-lagar/dokument/svensk-forfattningssamling/miljobalk-1998808_sfs-1998-808/ | https://www.riksdagen.se/sv/dokument-och-lagar/dokument/svensk-forfattningssamling/forvaltningslag-2017900_sfs-2017-900/;2.2.0;https://nic-esp.github.io/miljotillstandsrisker/data/riskregister-items.csv;2026-09-30;R-B30-010-02:mitigation;Rekvirera tidigt handlingar från länsstyrelsens, domstolens och kommunens arkiv, kartlägg ägarkedjan för verksamheten, och låt dokumentera vilka beslut som inte kunnat återfinnas med en juridisk bedömning av konsekvenserna.;Delvis inom mandat efter avgränsning;Anpassning av befintligt förslag, avgränsad till myndighetens del;Tillgängliggöra och korsreferera egna eller övertagna historiska beslut.;Sökandens fullständiga arkiv- och tillståndsinventering samt andra organs arkiv.;
MPM-10__R-B60-G040-01:trigger:03;MPM-10;Spårbar ärendeakt och versionskontroll;S1_beslutat_uppdrag;R-B60-G040-01;Kompletteringskraven blir en ändlös pingisrunda;B60;B60 – Ansökan, beslut och överprövning;B60-G040;Är ansökan tillräckligt komplett?;R-B60-G040-01:trigger:03;utlösande faktor;3;Kompletteringarna utgår från olika projektversioner och skapar nya inkonsekvenser.;Indirekt via upptäckt och återkoppling;"Versionskontroll upptäcker att kompletteringar avser olika utformningar; sökanden måste rätta dem.";Håll ihop handlingar, bilagor, projektversioner, beslut och delgivningsuppgifter med beständiga referenser. Kontrollera mottagning och fullständighet vid överlämnande. Tillgängliggör rätt version enligt offentlighets- och sekretessregler.;"Myndigheten förvaltar sin akt; sökanden ansvarar för sin projektdokumentation och fullständiga tillståndsmatris. Skapar inga rättsverkningar genom registerstatus.";"Dir. 2026:13 Informationsutbyte samt Riskanalyser och skyddsåtgärder; FL 27 och 31 §§";"Saknade bilagor vid överlämnande; felversionsincidenter; tid att återfinna beslut";Aktförteckning, versionshistorik, mottagningskontroll och stickprov;Diarier finns i S0. Mät faktiskt minskade informationsfel med gemensamma och interoperabla rutiner.;Löpande inom egen behörighet;Miljöprövningsmyndigheten;Första instans;analysis;;Endast egen behörig prövning av övertagna MPD-ärenden eller service knuten till denna. Övriga delar av riskpostens population kvarstår.;Minskad sannolikhet för den påverkbara delen;"Ej skattad; kräver mätning mot S0";"Samma normaliserade typårsportfölj i S0 och S1; särredovisa den andel där myndigheten har befogenhet";Kopplingsrader är inte additiva effekter. Gemensamma kostnader och överlappande kontroller ska räknas en gång.;"Beslutad organisationsinriktning och lagändringar för start 2027-07-01; detaljerad kontrollutformning är analysförslag";"Föreslagen kontroll; genomförande och effekt inte verifierade";"Käll- och strukturkontrollerad; inbyggd adversarial review ej tillgänglig";https://www.riksdagen.se/sv/dokument-och-lagar/dokument/kommittedirektiv/inrattande-av-en-ny-myndighet-for-miljoprovning_heb113/ | https://www.riksdagen.se/sv/dokument-och-lagar/dokument/svensk-forfattningssamling/miljobalk-1998808_sfs-1998-808/ | https://www.riksdagen.se/sv/dokument-och-lagar/dokument/svensk-forfattningssamling/forvaltningslag-2017900_sfs-2017-900/;2.2.0;https://nic-esp.github.io/miljotillstandsrisker/data/riskregister-items.csv;2026-09-30;R-B60-G040-01:mitigation;"Begär skriftliga, specificerade kompletteringsförelägganden; genomför statusmöten med handläggaren efter varje inskick; sätt intern spärr: inga delvisa svar som skapar nya rundor utan samlad komplettering.";Delvis inom mandat efter avgränsning;Självständigt kontrollförslag efter jämförelse med befintlig åtgärd;Originalförslaget har granskats men är inte grund för denna kontrollkoppling.;Sökandens kompletta svar och interna leveransplan. Nödvändiga nya frågor får inte förbjudas.;
MPM-10__R-B60-START-01:trigger:03;MPM-10;Spårbar ärendeakt och versionskontroll;S1_beslutat_uppdrag;R-B60-START-01;Inkonsistent handoff från variantprocesserna stoppar den fortsatta beredningen;B60;B60 – Ansökan, beslut och överprövning;B60-START;Ansökan eller överprövningsbart ärende initierat;R-B60-START-01:trigger:03;utlösande faktor;3;Diarie- och referensuppgifter räcker inte för att koppla ihop de parallella delarna.;Direkt;Verifierad mottagning och korsreferens minskar ärendets administrativa spårbarhetsglapp.;Håll ihop handlingar, bilagor, projektversioner, beslut och delgivningsuppgifter med beständiga referenser. Kontrollera mottagning och fullständighet vid överlämnande. Tillgängliggör rätt version enligt offentlighets- och sekretessregler.;"Myndigheten förvaltar sin akt; sökanden ansvarar för sin projektdokumentation och fullständiga tillståndsmatris. Skapar inga rättsverkningar genom registerstatus.";"Dir. 2026:13 Informationsutbyte samt Riskanalyser och skyddsåtgärder; FL 27 och 31 §§";"Saknade bilagor vid överlämnande; felversionsincidenter; tid att återfinna beslut";Aktförteckning, versionshistorik, mottagningskontroll och stickprov;Diarier finns i S0. Mät faktiskt minskade informationsfel med gemensamma och interoperabla rutiner.;Löpande inom egen behörighet;Miljöprövningsmyndigheten;Sökande/prövningsinstans;analysis;;Endast egen behörig prövning av övertagna MPD-ärenden eller service knuten till denna. Övriga delar av riskpostens population kvarstår.;Minskad sannolikhet för den påverkbara delen;"Ej skattad; kräver mätning mot S0";"Samma normaliserade typårsportfölj i S0 och S1; särredovisa den andel där myndigheten har befogenhet";Kopplingsrader är inte additiva effekter. Gemensamma kostnader och överlappande kontroller ska räknas en gång.;"Beslutad organisationsinriktning och lagändringar för start 2027-07-01; detaljerad kontrollutformning är analysförslag";"Föreslagen kontroll; genomförande och effekt inte verifierade";"Käll- och strukturkontrollerad; inbyggd adversarial review ej tillgänglig";https://www.riksdagen.se/sv/dokument-och-lagar/dokument/kommittedirektiv/inrattande-av-en-ny-myndighet-for-miljoprovning_heb113/ | https://www.riksdagen.se/sv/dokument-och-lagar/dokument/svensk-forfattningssamling/miljobalk-1998808_sfs-1998-808/ | https://www.riksdagen.se/sv/dokument-och-lagar/dokument/svensk-forfattningssamling/forvaltningslag-2017900_sfs-2017-900/;2.2.0;https://nic-esp.github.io/miljotillstandsrisker/data/riskregister-items.csv;2026-09-30;R-B60-START-01:mitigation;"Konsolidera en gemensam yrkandematris över alla spår före ingivning; genomför förhandsdialog med tänkbar första instans om ärendets upplägg; använd processkartans tillståndsmatris (B10-070) som checklista vid handoff.";Delvis inom mandat efter avgränsning;Självständigt kontrollförslag efter jämförelse med befintlig åtgärd;Originalförslaget har granskats men är inte grund för denna kontrollkoppling.;Sökandens yrkandematris, underlag och samordning av alla spår.;
MPM-10__R-B60-START-01:trigger:04;MPM-10;Spårbar ärendeakt och versionskontroll;S1_beslutat_uppdrag;R-B60-START-01;Inkonsistent handoff från variantprocesserna stoppar den fortsatta beredningen;B60;B60 – Ansökan, beslut och överprövning;B60-START;Ansökan eller överprövningsbart ärende initierat;R-B60-START-01:trigger:04;utlösande faktor;4;En underliggande behörighet, fullmakt eller signering har inte följt med i överlämnandet.;Direkt;Verifierad mottagning och korsreferens minskar ärendets administrativa spårbarhetsglapp.;Håll ihop handlingar, bilagor, projektversioner, beslut och delgivningsuppgifter med beständiga referenser. Kontrollera mottagning och fullständighet vid överlämnande. Tillgängliggör rätt version enligt offentlighets- och sekretessregler.;"Myndigheten förvaltar sin akt; sökanden ansvarar för sin projektdokumentation och fullständiga tillståndsmatris. Skapar inga rättsverkningar genom registerstatus.";"Dir. 2026:13 Informationsutbyte samt Riskanalyser och skyddsåtgärder; FL 27 och 31 §§";"Saknade bilagor vid överlämnande; felversionsincidenter; tid att återfinna beslut";Aktförteckning, versionshistorik, mottagningskontroll och stickprov;Diarier finns i S0. Mät faktiskt minskade informationsfel med gemensamma och interoperabla rutiner.;Löpande inom egen behörighet;Miljöprövningsmyndigheten;Sökande/prövningsinstans;analysis;;Endast egen behörig prövning av övertagna MPD-ärenden eller service knuten till denna. Övriga delar av riskpostens population kvarstår.;Minskad sannolikhet för den påverkbara delen;"Ej skattad; kräver mätning mot S0";"Samma normaliserade typårsportfölj i S0 och S1; särredovisa den andel där myndigheten har befogenhet";Kopplingsrader är inte additiva effekter. Gemensamma kostnader och överlappande kontroller ska räknas en gång.;"Beslutad organisationsinriktning och lagändringar för start 2027-07-01; detaljerad kontrollutformning är analysförslag";"Föreslagen kontroll; genomförande och effekt inte verifierade";"Käll- och strukturkontrollerad; inbyggd adversarial review ej tillgänglig";https://www.riksdagen.se/sv/dokument-och-lagar/dokument/kommittedirektiv/inrattande-av-en-ny-myndighet-for-miljoprovning_heb113/ | https://www.riksdagen.se/sv/dokument-och-lagar/dokument/svensk-forfattningssamling/miljobalk-1998808_sfs-1998-808/ | https://www.riksdagen.se/sv/dokument-och-lagar/dokument/svensk-forfattningssamling/forvaltningslag-2017900_sfs-2017-900/;2.2.0;https://nic-esp.github.io/miljotillstandsrisker/data/riskregister-items.csv;2026-09-30;R-B60-START-01:mitigation;"Konsolidera en gemensam yrkandematris över alla spår före ingivning; genomför förhandsdialog med tänkbar första instans om ärendets upplägg; använd processkartans tillståndsmatris (B10-070) som checklista vid handoff.";Delvis inom mandat efter avgränsning;Självständigt kontrollförslag efter jämförelse med befintlig åtgärd;Originalförslaget har granskats men är inte grund för denna kontrollkoppling.;Sökandens yrkandematris, underlag och samordning av alla spår.;
MPM-10__R-B70-010-01:trigger:03;MPM-10;Spårbar ärendeakt och versionskontroll;S1_beslutat_uppdrag;R-B70-010-01;Beslutsmatrisen bygger på inaktuella versioner av beslut och villkor;B70;B70 – Laga kraft och byggberedskap;B70-010;Konsolidera beslut, planer, rättigheter och villkor;R-B70-010-01:trigger:03;utlösande faktor;3;En senare bilaga eller villkorsändring lagras i ett annat diarium än huvudavgörandet.;Indirekt via information;Tillgängliga och korsrefererade egna avgöranden hjälper projektet att använda rätt version.;Håll ihop handlingar, bilagor, projektversioner, beslut och delgivningsuppgifter med beständiga referenser. Kontrollera mottagning och fullständighet vid överlämnande. Tillgängliggör rätt version enligt offentlighets- och sekretessregler.;"Myndigheten förvaltar sin akt; sökanden ansvarar för sin projektdokumentation och fullständiga tillståndsmatris. Skapar inga rättsverkningar genom registerstatus.";"Dir. 2026:13 Informationsutbyte samt Riskanalyser och skyddsåtgärder; FL 27 och 31 §§";"Saknade bilagor vid överlämnande; felversionsincidenter; tid att återfinna beslut";Aktförteckning, versionshistorik, mottagningskontroll och stickprov;Diarier finns i S0. Mät faktiskt minskade informationsfel med gemensamma och interoperabla rutiner.;Löpande inom egen behörighet;Miljöprövningsmyndigheten;Projektägare;analysis;;Endast egen behörig prövning av övertagna MPD-ärenden eller service knuten till denna. Övriga delar av riskpostens population kvarstår.;Minskad sannolikhet för den påverkbara delen;"Ej skattad; kräver mätning mot S0";"Samma normaliserade typårsportfölj i S0 och S1; särredovisa den andel där myndigheten har befogenhet";Kopplingsrader är inte additiva effekter. Gemensamma kostnader och överlappande kontroller ska räknas en gång.;"Beslutad organisationsinriktning och lagändringar för start 2027-07-01; detaljerad kontrollutformning är analysförslag";"Föreslagen kontroll; genomförande och effekt inte verifierade";"Käll- och strukturkontrollerad; inbyggd adversarial review ej tillgänglig";https://www.riksdagen.se/sv/dokument-och-lagar/dokument/kommittedirektiv/inrattande-av-en-ny-myndighet-for-miljoprovning_heb113/ | https://www.riksdagen.se/sv/dokument-och-lagar/dokument/svensk-forfattningssamling/miljobalk-1998808_sfs-1998-808/ | https://www.riksdagen.se/sv/dokument-och-lagar/dokument/svensk-forfattningssamling/forvaltningslag-2017900_sfs-2017-900/;2.2.0;https://nic-esp.github.io/miljotillstandsrisker/data/riskregister-items.csv;2026-09-30;R-B70-010-01:mitigation;Upprätta strikt versionshantering med en enda auktoritativ källa per beslut och med ändringslogg. Schemalägg obligatorisk omverifiering av matrisen mot diarier och domstolsutdrag vid varje gate i B70. Utse en ansvarig beslutsförvaltare för hela projektets tillståndspaket.;Delvis inom mandat efter avgränsning;Anpassning av befintligt förslag, avgränsad till myndighetens del;Göra rätt version av egna avgöranden tillgänglig och spårbar.;Sökandens gemensamma beslutsförvaltare och omverifiering av hela beslutspaketet.;
MPM-10__R-B70-010-01:trigger:04;MPM-10;Spårbar ärendeakt och versionskontroll;S1_beslutat_uppdrag;R-B70-010-01;Beslutsmatrisen bygger på inaktuella versioner av beslut och villkor;B70;B70 – Laga kraft och byggberedskap;B70-010;Konsolidera beslut, planer, rättigheter och villkor;R-B70-010-01:trigger:04;utlösande faktor;4;Projektet använder en lokal kopia i stället för att kontrollera den senaste expedierade versionen.;Indirekt via information;Tillgängliga och korsrefererade egna avgöranden hjälper projektet att använda rätt version.;Håll ihop handlingar, bilagor, projektversioner, beslut och delgivningsuppgifter med beständiga referenser. Kontrollera mottagning och fullständighet vid överlämnande. Tillgängliggör rätt version enligt offentlighets- och sekretessregler.;"Myndigheten förvaltar sin akt; sökanden ansvarar för sin projektdokumentation och fullständiga tillståndsmatris. Skapar inga rättsverkningar genom registerstatus.";"Dir. 2026:13 Informationsutbyte samt Riskanalyser och skyddsåtgärder; FL 27 och 31 §§";"Saknade bilagor vid överlämnande; felversionsincidenter; tid att återfinna beslut";Aktförteckning, versionshistorik, mottagningskontroll och stickprov;Diarier finns i S0. Mät faktiskt minskade informationsfel med gemensamma och interoperabla rutiner.;Löpande inom egen behörighet;Miljöprövningsmyndigheten;Projektägare;analysis;;Endast egen behörig prövning av övertagna MPD-ärenden eller service knuten till denna. Övriga delar av riskpostens population kvarstår.;Minskad sannolikhet för den påverkbara delen;"Ej skattad; kräver mätning mot S0";"Samma normaliserade typårsportfölj i S0 och S1; särredovisa den andel där myndigheten har befogenhet";Kopplingsrader är inte additiva effekter. Gemensamma kostnader och överlappande kontroller ska räknas en gång.;"Beslutad organisationsinriktning och lagändringar för start 2027-07-01; detaljerad kontrollutformning är analysförslag";"Föreslagen kontroll; genomförande och effekt inte verifierade";"Käll- och strukturkontrollerad; inbyggd adversarial review ej tillgänglig";https://www.riksdagen.se/sv/dokument-och-lagar/dokument/kommittedirektiv/inrattande-av-en-ny-myndighet-for-miljoprovning_heb113/ | https://www.riksdagen.se/sv/dokument-och-lagar/dokument/svensk-forfattningssamling/miljobalk-1998808_sfs-1998-808/ | https://www.riksdagen.se/sv/dokument-och-lagar/dokument/svensk-forfattningssamling/forvaltningslag-2017900_sfs-2017-900/;2.2.0;https://nic-esp.github.io/miljotillstandsrisker/data/riskregister-items.csv;2026-09-30;R-B70-010-01:mitigation;Upprätta strikt versionshantering med en enda auktoritativ källa per beslut och med ändringslogg. Schemalägg obligatorisk omverifiering av matrisen mot diarier och domstolsutdrag vid varje gate i B70. Utse en ansvarig beslutsförvaltare för hela projektets tillståndspaket.;Delvis inom mandat efter avgränsning;Anpassning av befintligt förslag, avgränsad till myndighetens del;Göra rätt version av egna avgöranden tillgänglig och spårbar.;Sökandens gemensamma beslutsförvaltare och omverifiering av hela beslutspaketet.;
MPM-11__R-B60-170-02:trigger:01;MPM-11;Juridisk och teknisk kvalitetssäkring av egna beslut;S1_beslutat_uppdrag;R-B60-170-02;Samrådsresultatet beaktas inte dokumenterbart i avgörandet;B60;B60 – Ansökan, beslut och överprövning;B60-170;Slutför och godkänn miljöbedömningen;R-B60-170-02:trigger:01;utlösande faktor;1;Avgörandet redovisar inte hur relevanta samrådssynpunkter har beaktats i miljöbedömningen.;Direkt;Spårbar beslutsmotivering visar hur samråd och senare förändringar har beaktats.;Kontrollera individuell bevisvärdering, att relevanta invändningar behandlats, korrekt rättsregel och att avgörandet följer av underlaget. Dokumentera avvikande bedömningar och uppdatera internt stöd efter praxis.;Gemensamt stöd ersätter inte individuell prövning. Myndigheten kan inte garantera utfall i överinstans eller undanröja materiella miljökrav.;"FL 5, 23 och 32 §§; MB 19 kap. 4–5 a §§; MB 6 kap. om miljöbedömning";Andel egna beslut undanröjda på grund av påverkbara handläggnings- eller motiveringsfel;Granskningsprotokoll, beslut och överinstansens angivna ändringsskäl;"Rättssäker prövning finns i S0. Mät förändrad felfrekvens; legitimt avslag räknas inte som kontrollmisslyckande.";Löpande inom egen behörighet;Miljöprövningsmyndigheten;Första instans;source;MB;Endast egen behörig prövning av övertagna MPD-ärenden eller service knuten till denna. Övriga delar av riskpostens population kvarstår.;Minskad sannolikhet för den påverkbara delen;"Ej skattad; kräver mätning mot S0";"Samma normaliserade typårsportfölj i S0 och S1; särredovisa den andel där myndigheten har befogenhet";Kopplingsrader är inte additiva effekter. Gemensamma kostnader och överlappande kontroller ska räknas en gång.;"Beslutad organisationsinriktning och lagändringar för start 2027-07-01; detaljerad kontrollutformning är analysförslag";"Föreslagen kontroll; genomförande och effekt inte verifierade";"Käll- och strukturkontrollerad; inbyggd adversarial review ej tillgänglig";https://www.riksdagen.se/sv/dokument-och-lagar/dokument/kommittedirektiv/inrattande-av-en-ny-myndighet-for-miljoprovning_heb113/ | https://www.riksdagen.se/sv/dokument-och-lagar/dokument/svensk-forfattningssamling/miljobalk-1998808_sfs-1998-808/ | https://www.riksdagen.se/sv/dokument-och-lagar/dokument/svensk-forfattningssamling/forvaltningslag-2017900_sfs-2017-900/;2.2.0;https://nic-esp.github.io/miljotillstandsrisker/data/riskregister-items.csv;2026-09-30;R-B60-170-02:mitigation;"Bygg en synpunktsmatris som spårar varje väsentlig invändning till avgörandets resonemang; kräv att förslaget till avgörande refererar samrådsredogörelsen uttryckligen; kvalitetssäkra motiveringen före beslut.";Delvis inom mandat efter avgränsning;Anpassning av befintligt förslag, avgränsad till myndighetens del;Spåra väsentliga invändningar till egen saklig beslutsmotivering.;"Sökandens rätt att kräva eller styra ett beslutsutkast; inget godkännande av myndighetens motivering från sökanden behövs.";"Beslutets motivering ägs av myndigheten och ska vara självständig; sökanden har ingen generell rätt att godkänna utkast."
MPM-11__R-B60-170-02:trigger:02;MPM-11;Juridisk och teknisk kvalitetssäkring av egna beslut;S1_beslutat_uppdrag;R-B60-170-02;Samrådsresultatet beaktas inte dokumenterbart i avgörandet;B60;B60 – Ansökan, beslut och överprövning;B60-170;Slutför och godkänn miljöbedömningen;R-B60-170-02:trigger:02;utlösande faktor;2;Samrådsredogörelsen och beslutsmotiveringen använder olika kategorier så att spårbarheten bryts.;Direkt;Spårbar beslutsmotivering visar hur samråd och senare förändringar har beaktats.;Kontrollera individuell bevisvärdering, att relevanta invändningar behandlats, korrekt rättsregel och att avgörandet följer av underlaget. Dokumentera avvikande bedömningar och uppdatera internt stöd efter praxis.;Gemensamt stöd ersätter inte individuell prövning. Myndigheten kan inte garantera utfall i överinstans eller undanröja materiella miljökrav.;"FL 5, 23 och 32 §§; MB 19 kap. 4–5 a §§; MB 6 kap. om miljöbedömning";Andel egna beslut undanröjda på grund av påverkbara handläggnings- eller motiveringsfel;Granskningsprotokoll, beslut och överinstansens angivna ändringsskäl;"Rättssäker prövning finns i S0. Mät förändrad felfrekvens; legitimt avslag räknas inte som kontrollmisslyckande.";Löpande inom egen behörighet;Miljöprövningsmyndigheten;Första instans;analysis;;Endast egen behörig prövning av övertagna MPD-ärenden eller service knuten till denna. Övriga delar av riskpostens population kvarstår.;Minskad sannolikhet för den påverkbara delen;"Ej skattad; kräver mätning mot S0";"Samma normaliserade typårsportfölj i S0 och S1; särredovisa den andel där myndigheten har befogenhet";Kopplingsrader är inte additiva effekter. Gemensamma kostnader och överlappande kontroller ska räknas en gång.;"Beslutad organisationsinriktning och lagändringar för start 2027-07-01; detaljerad kontrollutformning är analysförslag";"Föreslagen kontroll; genomförande och effekt inte verifierade";"Käll- och strukturkontrollerad; inbyggd adversarial review ej tillgänglig";https://www.riksdagen.se/sv/dokument-och-lagar/dokument/kommittedirektiv/inrattande-av-en-ny-myndighet-for-miljoprovning_heb113/ | https://www.riksdagen.se/sv/dokument-och-lagar/dokument/svensk-forfattningssamling/miljobalk-1998808_sfs-1998-808/ | https://www.riksdagen.se/sv/dokument-och-lagar/dokument/svensk-forfattningssamling/forvaltningslag-2017900_sfs-2017-900/;2.2.0;https://nic-esp.github.io/miljotillstandsrisker/data/riskregister-items.csv;2026-09-30;R-B60-170-02:mitigation;"Bygg en synpunktsmatris som spårar varje väsentlig invändning till avgörandets resonemang; kräv att förslaget till avgörande refererar samrådsredogörelsen uttryckligen; kvalitetssäkra motiveringen före beslut.";Delvis inom mandat efter avgränsning;Anpassning av befintligt förslag, avgränsad till myndighetens del;Spåra väsentliga invändningar till egen saklig beslutsmotivering.;"Sökandens rätt att kräva eller styra ett beslutsutkast; inget godkännande av myndighetens motivering från sökanden behövs.";"Beslutets motivering ägs av myndigheten och ska vara självständig; sökanden har ingen generell rätt att godkänna utkast."
MPM-11__R-B60-170-02:trigger:03;MPM-11;Juridisk och teknisk kvalitetssäkring av egna beslut;S1_beslutat_uppdrag;R-B60-170-02;Samrådsresultatet beaktas inte dokumenterbart i avgörandet;B60;B60 – Ansökan, beslut och överprövning;B60-170;Slutför och godkänn miljöbedömningen;R-B60-170-02:trigger:03;utlösande faktor;3;En väsentlig invändning behandlas endast i akten men inte i den redovisade bedömningen.;Direkt;Spårbar beslutsmotivering visar hur samråd och senare förändringar har beaktats.;Kontrollera individuell bevisvärdering, att relevanta invändningar behandlats, korrekt rättsregel och att avgörandet följer av underlaget. Dokumentera avvikande bedömningar och uppdatera internt stöd efter praxis.;Gemensamt stöd ersätter inte individuell prövning. Myndigheten kan inte garantera utfall i överinstans eller undanröja materiella miljökrav.;"FL 5, 23 och 32 §§; MB 19 kap. 4–5 a §§; MB 6 kap. om miljöbedömning";Andel egna beslut undanröjda på grund av påverkbara handläggnings- eller motiveringsfel;Granskningsprotokoll, beslut och överinstansens angivna ändringsskäl;"Rättssäker prövning finns i S0. Mät förändrad felfrekvens; legitimt avslag räknas inte som kontrollmisslyckande.";Löpande inom egen behörighet;Miljöprövningsmyndigheten;Första instans;analysis;;Endast egen behörig prövning av övertagna MPD-ärenden eller service knuten till denna. Övriga delar av riskpostens population kvarstår.;Minskad sannolikhet för den påverkbara delen;"Ej skattad; kräver mätning mot S0";"Samma normaliserade typårsportfölj i S0 och S1; särredovisa den andel där myndigheten har befogenhet";Kopplingsrader är inte additiva effekter. Gemensamma kostnader och överlappande kontroller ska räknas en gång.;"Beslutad organisationsinriktning och lagändringar för start 2027-07-01; detaljerad kontrollutformning är analysförslag";"Föreslagen kontroll; genomförande och effekt inte verifierade";"Käll- och strukturkontrollerad; inbyggd adversarial review ej tillgänglig";https://www.riksdagen.se/sv/dokument-och-lagar/dokument/kommittedirektiv/inrattande-av-en-ny-myndighet-for-miljoprovning_heb113/ | https://www.riksdagen.se/sv/dokument-och-lagar/dokument/svensk-forfattningssamling/miljobalk-1998808_sfs-1998-808/ | https://www.riksdagen.se/sv/dokument-och-lagar/dokument/svensk-forfattningssamling/forvaltningslag-2017900_sfs-2017-900/;2.2.0;https://nic-esp.github.io/miljotillstandsrisker/data/riskregister-items.csv;2026-09-30;R-B60-170-02:mitigation;"Bygg en synpunktsmatris som spårar varje väsentlig invändning till avgörandets resonemang; kräv att förslaget till avgörande refererar samrådsredogörelsen uttryckligen; kvalitetssäkra motiveringen före beslut.";Delvis inom mandat efter avgränsning;Anpassning av befintligt förslag, avgränsad till myndighetens del;Spåra väsentliga invändningar till egen saklig beslutsmotivering.;"Sökandens rätt att kräva eller styra ett beslutsutkast; inget godkännande av myndighetens motivering från sökanden behövs.";"Beslutets motivering ägs av myndigheten och ska vara självständig; sökanden har ingen generell rätt att godkänna utkast."
MPM-11__R-B60-170-02:trigger:04;MPM-11;Juridisk och teknisk kvalitetssäkring av egna beslut;S1_beslutat_uppdrag;R-B60-170-02;Samrådsresultatet beaktas inte dokumenterbart i avgörandet;B60;B60 – Ansökan, beslut och överprövning;B60-170;Slutför och godkänn miljöbedömningen;R-B60-170-02:trigger:04;utlösande faktor;4;Projektet har förändrats efter samrådet utan att beslutet förklarar hur tidigare synpunkter förhåller sig till ändringen.;Direkt;Spårbar beslutsmotivering visar hur samråd och senare förändringar har beaktats.;Kontrollera individuell bevisvärdering, att relevanta invändningar behandlats, korrekt rättsregel och att avgörandet följer av underlaget. Dokumentera avvikande bedömningar och uppdatera internt stöd efter praxis.;Gemensamt stöd ersätter inte individuell prövning. Myndigheten kan inte garantera utfall i överinstans eller undanröja materiella miljökrav.;"FL 5, 23 och 32 §§; MB 19 kap. 4–5 a §§; MB 6 kap. om miljöbedömning";Andel egna beslut undanröjda på grund av påverkbara handläggnings- eller motiveringsfel;Granskningsprotokoll, beslut och överinstansens angivna ändringsskäl;"Rättssäker prövning finns i S0. Mät förändrad felfrekvens; legitimt avslag räknas inte som kontrollmisslyckande.";Löpande inom egen behörighet;Miljöprövningsmyndigheten;Första instans;analysis;;Endast egen behörig prövning av övertagna MPD-ärenden eller service knuten till denna. Övriga delar av riskpostens population kvarstår.;Minskad sannolikhet för den påverkbara delen;"Ej skattad; kräver mätning mot S0";"Samma normaliserade typårsportfölj i S0 och S1; särredovisa den andel där myndigheten har befogenhet";Kopplingsrader är inte additiva effekter. Gemensamma kostnader och överlappande kontroller ska räknas en gång.;"Beslutad organisationsinriktning och lagändringar för start 2027-07-01; detaljerad kontrollutformning är analysförslag";"Föreslagen kontroll; genomförande och effekt inte verifierade";"Käll- och strukturkontrollerad; inbyggd adversarial review ej tillgänglig";https://www.riksdagen.se/sv/dokument-och-lagar/dokument/kommittedirektiv/inrattande-av-en-ny-myndighet-for-miljoprovning_heb113/ | https://www.riksdagen.se/sv/dokument-och-lagar/dokument/svensk-forfattningssamling/miljobalk-1998808_sfs-1998-808/ | https://www.riksdagen.se/sv/dokument-och-lagar/dokument/svensk-forfattningssamling/forvaltningslag-2017900_sfs-2017-900/;2.2.0;https://nic-esp.github.io/miljotillstandsrisker/data/riskregister-items.csv;2026-09-30;R-B60-170-02:mitigation;"Bygg en synpunktsmatris som spårar varje väsentlig invändning till avgörandets resonemang; kräv att förslaget till avgörande refererar samrådsredogörelsen uttryckligen; kvalitetssäkra motiveringen före beslut.";Delvis inom mandat efter avgränsning;Anpassning av befintligt förslag, avgränsad till myndighetens del;Spåra väsentliga invändningar till egen saklig beslutsmotivering.;"Sökandens rätt att kräva eller styra ett beslutsutkast; inget godkännande av myndighetens motivering från sökanden behövs.";"Beslutets motivering ägs av myndigheten och ska vara självständig; sökanden har ingen generell rätt att godkänna utkast."
MPM-11__R-B50-GN040-02:trigger:03;MPM-11;Juridisk och teknisk kvalitetssäkring av egna beslut;S1_beslutat_uppdrag;R-B50-GN040-02;Instanserna landar i olika bedömningar av samma bevisning;B50;B50 – Tvärgående och sektorsspecifika spår;B50-GN040;Kan tillstånd lämnas utan skada eller betydande störning?;R-B50-GN040-02:trigger:03;utlösande faktor;3;Underinstansens bevisvärdering lämnar en rättslig eller vetenskaplig fråga öppen för överprövning.;Direkt;Uttrycklig rättslig och vetenskaplig bedömning minskar onödiga öppna frågor i eget avgörande.;Kontrollera individuell bevisvärdering, att relevanta invändningar behandlats, korrekt rättsregel och att avgörandet följer av underlaget. Dokumentera avvikande bedömningar och uppdatera internt stöd efter praxis.;Gemensamt stöd ersätter inte individuell prövning. Myndigheten kan inte garantera utfall i överinstans eller undanröja materiella miljökrav.;"FL 5, 23 och 32 §§; MB 19 kap. 4–5 a §§; MB 6 kap. om miljöbedömning";Andel egna beslut undanröjda på grund av påverkbara handläggnings- eller motiveringsfel;Granskningsprotokoll, beslut och överinstansens angivna ändringsskäl;"Rättssäker prövning finns i S0. Mät förändrad felfrekvens; legitimt avslag räknas inte som kontrollmisslyckande.";Löpande inom egen behörighet;Miljöprövningsmyndigheten;Prövningsmyndighet;analysis;;Endast myndighetens egna Natura-avgöranden. Legitima vetenskapliga tvivel får inte bortförklaras.;Minskad sannolikhet för den påverkbara delen;"Ej skattad; kräver mätning mot S0";"Samma normaliserade typårsportfölj i S0 och S1; särredovisa den andel där myndigheten har befogenhet";Kopplingsrader är inte additiva effekter. Gemensamma kostnader och överlappande kontroller ska räknas en gång.;"Beslutad organisationsinriktning och lagändringar för start 2027-07-01; detaljerad kontrollutformning är analysförslag";"Föreslagen kontroll; genomförande och effekt inte verifierade";"Käll- och strukturkontrollerad; inbyggd adversarial review ej tillgänglig";https://www.riksdagen.se/sv/dokument-och-lagar/dokument/kommittedirektiv/inrattande-av-en-ny-myndighet-for-miljoprovning_heb113/ | https://www.riksdagen.se/sv/dokument-och-lagar/dokument/svensk-forfattningssamling/miljobalk-1998808_sfs-1998-808/ | https://www.riksdagen.se/sv/dokument-och-lagar/dokument/svensk-forfattningssamling/forvaltningslag-2017900_sfs-2017-900/;2.2.0;https://nic-esp.github.io/miljotillstandsrisker/data/riskregister-items.csv;2026-09-30;R-B50-GN040-02:mitigation;Skriv underlaget så att det är 'appell-säkert': adressera motargumenten explicit, redovisa expertmetodik och osäkerhetsintervall, och låt oberoende experter granska innan inlämning. Ta höjd för överklagande i projektets tids- och finansieringsplan.;Utanför myndighetens kontrollansvar;Självständigt kontrollförslag efter jämförelse med befintlig åtgärd;Originalförslaget har granskats men är inte grund för denna kontrollkoppling.;Originalets föreslagna åtgärd kvarstår hos angiven aktör.;
MPM-11__R-B60-G210-01:trigger:04;MPM-11;Juridisk och teknisk kvalitetssäkring av egna beslut;S1_beslutat_uppdrag;R-B60-G210-01;Ett överklagande startar en separat överprövningskedja;B60;B60 – Ansökan, beslut och överprövning;B60-G210;Överklagas avgörandet i tid?;R-B60-G210-01:trigger:04;utlösande faktor;4;Avgörandets villkor eller motivering lämnar en central invändning olöst och driver fram överklagandet.;Indirekt via beslutskvalitet;Tydlig motivering och hanterade invändningar kan minska överklaganden som enbart orsakas av beslutsbrister.;Kontrollera individuell bevisvärdering, att relevanta invändningar behandlats, korrekt rättsregel och att avgörandet följer av underlaget. Dokumentera avvikande bedömningar och uppdatera internt stöd efter praxis.;Gemensamt stöd ersätter inte individuell prövning. Myndigheten kan inte garantera utfall i överinstans eller undanröja materiella miljökrav.;"FL 5, 23 och 32 §§; MB 19 kap. 4–5 a §§; MB 6 kap. om miljöbedömning";Andel egna beslut undanröjda på grund av påverkbara handläggnings- eller motiveringsfel;Granskningsprotokoll, beslut och överinstansens angivna ändringsskäl;"Rättssäker prövning finns i S0. Mät förändrad felfrekvens; legitimt avslag räknas inte som kontrollmisslyckande.";Löpande inom egen behörighet;Miljöprövningsmyndigheten;Första instans och taleberättigade;analysis;;Endast egen behörig prövning av övertagna MPD-ärenden eller service knuten till denna. Övriga delar av riskpostens population kvarstår.;Minskad sannolikhet för den påverkbara delen;"Ej skattad; kräver mätning mot S0";"Samma normaliserade typårsportfölj i S0 och S1; särredovisa den andel där myndigheten har befogenhet";Kopplingsrader är inte additiva effekter. Gemensamma kostnader och överlappande kontroller ska räknas en gång.;"Beslutad organisationsinriktning och lagändringar för start 2027-07-01; detaljerad kontrollutformning är analysförslag";"Föreslagen kontroll; genomförande och effekt inte verifierade";"Käll- och strukturkontrollerad; inbyggd adversarial review ej tillgänglig";https://www.riksdagen.se/sv/dokument-och-lagar/dokument/kommittedirektiv/inrattande-av-en-ny-myndighet-for-miljoprovning_heb113/ | https://www.riksdagen.se/sv/dokument-och-lagar/dokument/svensk-forfattningssamling/miljobalk-1998808_sfs-1998-808/ | https://www.riksdagen.se/sv/dokument-och-lagar/dokument/svensk-forfattningssamling/forvaltningslag-2017900_sfs-2017-900/;2.2.0;https://nic-esp.github.io/miljotillstandsrisker/data/riskregister-items.csv;2026-09-30;R-B60-G210-01:mitigation;Planera för ett möjligt överklagande, dokumentera vilka aktörer som kan ha talerätt och håll bygg- och finansieringsplaner anpassningsbara under överprövningen.;Utanför myndighetens kontrollansvar;Självständigt kontrollförslag efter jämförelse med befintlig åtgärd;Originalförslaget har granskats men är inte grund för denna kontrollkoppling.;Originalets föreslagna åtgärd kvarstår hos angiven aktör.;
MPM-11__R-B50-N060-01:trigger:03;MPM-11;Juridisk och teknisk kvalitetssäkring av egna beslut;S1_beslutat_uppdrag;R-B50-N060-01;Överklagande i Natura-spåret kan förskjuta byggstarten;B50;B50 – Tvärgående och sektorsspecifika spår;B50-N060;Natura-beslut, överklagande och laga kraft;R-B50-N060-01:trigger:03;utlösande faktor;3;Bevisvärderingen om skada eller skyddsåtgärd lämnar en fråga som kan ändras i högre instans.;Indirekt via beslutskvalitet;Omsorgsfull egen bevisvärdering kan begränsa undvikbara fel, men olika legitima bedömningar kvarstår.;Kontrollera individuell bevisvärdering, att relevanta invändningar behandlats, korrekt rättsregel och att avgörandet följer av underlaget. Dokumentera avvikande bedömningar och uppdatera internt stöd efter praxis.;Gemensamt stöd ersätter inte individuell prövning. Myndigheten kan inte garantera utfall i överinstans eller undanröja materiella miljökrav.;"FL 5, 23 och 32 §§; MB 19 kap. 4–5 a §§; MB 6 kap. om miljöbedömning";Andel egna beslut undanröjda på grund av påverkbara handläggnings- eller motiveringsfel;Granskningsprotokoll, beslut och överinstansens angivna ändringsskäl;"Rättssäker prövning finns i S0. Mät förändrad felfrekvens; legitimt avslag räknas inte som kontrollmisslyckande.";Löpande inom egen behörighet;Miljöprövningsmyndigheten;Prövningsmyndighet, MMD och MÖD;analysis;;Bara myndighetens eget Natura-beslut.;Minskad sannolikhet för den påverkbara delen;"Ej skattad; kräver mätning mot S0";"Samma normaliserade typårsportfölj i S0 och S1; särredovisa den andel där myndigheten har befogenhet";Kopplingsrader är inte additiva effekter. Gemensamma kostnader och överlappande kontroller ska räknas en gång.;"Beslutad organisationsinriktning och lagändringar för start 2027-07-01; detaljerad kontrollutformning är analysförslag";"Föreslagen kontroll; genomförande och effekt inte verifierade";"Käll- och strukturkontrollerad; inbyggd adversarial review ej tillgänglig";https://www.riksdagen.se/sv/dokument-och-lagar/dokument/kommittedirektiv/inrattande-av-en-ny-myndighet-for-miljoprovning_heb113/ | https://www.riksdagen.se/sv/dokument-och-lagar/dokument/svensk-forfattningssamling/miljobalk-1998808_sfs-1998-808/ | https://www.riksdagen.se/sv/dokument-och-lagar/dokument/svensk-forfattningssamling/forvaltningslag-2017900_sfs-2017-900/;2.2.0;https://nic-esp.github.io/miljotillstandsrisker/data/riskregister-items.csv;2026-09-30;R-B50-N060-01:mitigation;Planera byggnationen i etapper så att arbete utanför den Natura-berörda delen kan fortsätta. Säkerställ att beslutets verkställbarhetsrekvisit uppfylls innan entreprenader tecknas, och för tidig dialog med tänkbara klagande för att minska överklagandeincitamentet.;Utanför myndighetens kontrollansvar;Självständigt kontrollförslag efter jämförelse med befintlig åtgärd;Originalförslaget har granskats men är inte grund för denna kontrollkoppling.;Originalets föreslagna åtgärd kvarstår hos angiven aktör.;
MPM-11__R-B50-X040-01:trigger:03;MPM-11;Juridisk och teknisk kvalitetssäkring av egna beslut;S1_beslutat_uppdrag;R-B50-X040-01;Dispens- och skyddsbeslut överklagas och gaten skjuts upp;B50;B50 – Tvärgående och sektorsspecifika spår;B50-X040;Pröva, besluta och överpröva skyddsärendet;R-B50-X040-01:trigger:03;utlösande faktor;3;Beslutets motivering eller alternativanalys lämnar en fråga öppen för överprövning.;Indirekt via beslutskvalitet;Kvalitetssäkrad egen dispensmotivering begränsar undvikbara beslutsbrister.;Kontrollera individuell bevisvärdering, att relevanta invändningar behandlats, korrekt rättsregel och att avgörandet följer av underlaget. Dokumentera avvikande bedömningar och uppdatera internt stöd efter praxis.;Gemensamt stöd ersätter inte individuell prövning. Myndigheten kan inte garantera utfall i överinstans eller undanröja materiella miljökrav.;"FL 5, 23 och 32 §§; MB 19 kap. 4–5 a §§; MB 6 kap. om miljöbedömning";Andel egna beslut undanröjda på grund av påverkbara handläggnings- eller motiveringsfel;Granskningsprotokoll, beslut och överinstansens angivna ändringsskäl;"Rättssäker prövning finns i S0. Mät förändrad felfrekvens; legitimt avslag räknas inte som kontrollmisslyckande.";Löpande inom egen behörighet;Miljöprövningsmyndigheten;Länsstyrelse/kommun och domstol;analysis;;Endast dispens som myndigheten själv lagligen prövar i samband med huvudärendet.;Minskad sannolikhet för den påverkbara delen;"Ej skattad; kräver mätning mot S0";"Samma normaliserade typårsportfölj i S0 och S1; särredovisa den andel där myndigheten har befogenhet";Kopplingsrader är inte additiva effekter. Gemensamma kostnader och överlappande kontroller ska räknas en gång.;"Beslutad organisationsinriktning och lagändringar för start 2027-07-01; detaljerad kontrollutformning är analysförslag";"Föreslagen kontroll; genomförande och effekt inte verifierade";"Käll- och strukturkontrollerad; inbyggd adversarial review ej tillgänglig";https://www.riksdagen.se/sv/dokument-och-lagar/dokument/kommittedirektiv/inrattande-av-en-ny-myndighet-for-miljoprovning_heb113/ | https://www.riksdagen.se/sv/dokument-och-lagar/dokument/svensk-forfattningssamling/miljobalk-1998808_sfs-1998-808/ | https://www.riksdagen.se/sv/dokument-och-lagar/dokument/svensk-forfattningssamling/forvaltningslag-2017900_sfs-2017-900/;2.2.0;https://nic-esp.github.io/miljotillstandsrisker/data/riskregister-items.csv;2026-09-30;R-B50-X040-01:mitigation;Dokumentera beslutstyp, beslutsmyndighet, underrättelser, överprövningsbeslut och överklagandetid. Passera inte B50-X050 förrän beslutets rättsliga status och eventuella villkor är verifierade.;Delvis inom mandat efter avgränsning;Självständigt kontrollförslag efter jämförelse med befintlig åtgärd;Originalförslaget har granskats men är inte grund för denna kontrollkoppling.;Sökandens byggstartsbeslut, begäran om verkställighet och andra instansers överprövning. Verkställighet får inte antas utan rättsligt stöd.;
MPM-11__R-B60-G130-01:trigger:03;MPM-11;Juridisk och teknisk kvalitetssäkring av egna beslut;S1_beslutat_uppdrag;R-B60-G130-01;Fel avgörandeform blir ett processfel i efterhand;B60;B60 – Ansökan, beslut och överprövning;B60-G130;Ska avgörandet föregås av förhandling/sammanträde?;R-B60-G130-01:trigger:03;utlösande faktor;3;Instansen underskattar behovet av muntlig handläggning och avgör målet skriftligt.;Direkt;Pröva och dokumentera behovet av muntlig handläggning för att undvika felaktigt eller onödigt förfarande.;Kontrollera individuell bevisvärdering, att relevanta invändningar behandlats, korrekt rättsregel och att avgörandet följer av underlaget. Dokumentera avvikande bedömningar och uppdatera internt stöd efter praxis.;Gemensamt stöd ersätter inte individuell prövning. Myndigheten kan inte garantera utfall i överinstans eller undanröja materiella miljökrav.;"FL 5, 23 och 32 §§; MB 19 kap. 4–5 a §§; MB 6 kap. om miljöbedömning";Andel egna beslut undanröjda på grund av påverkbara handläggnings- eller motiveringsfel;Granskningsprotokoll, beslut och överinstansens angivna ändringsskäl;"Rättssäker prövning finns i S0. Mät förändrad felfrekvens; legitimt avslag räknas inte som kontrollmisslyckande.";Löpande inom egen behörighet;Miljöprövningsmyndigheten;Första instans;analysis;;Bara myndighetens handläggning, inte domstolens val av förhandlingsform.;Minskad sannolikhet för den påverkbara delen;"Ej skattad; kräver mätning mot S0";"Samma normaliserade typårsportfölj i S0 och S1; särredovisa den andel där myndigheten har befogenhet";Kopplingsrader är inte additiva effekter. Gemensamma kostnader och överlappande kontroller ska räknas en gång.;"Beslutad organisationsinriktning och lagändringar för start 2027-07-01; detaljerad kontrollutformning är analysförslag";"Föreslagen kontroll; genomförande och effekt inte verifierade";"Käll- och strukturkontrollerad; inbyggd adversarial review ej tillgänglig";https://www.riksdagen.se/sv/dokument-och-lagar/dokument/kommittedirektiv/inrattande-av-en-ny-myndighet-for-miljoprovning_heb113/ | https://www.riksdagen.se/sv/dokument-och-lagar/dokument/svensk-forfattningssamling/miljobalk-1998808_sfs-1998-808/ | https://www.riksdagen.se/sv/dokument-och-lagar/dokument/svensk-forfattningssamling/forvaltningslag-2017900_sfs-2017-900/;2.2.0;https://nic-esp.github.io/miljotillstandsrisker/data/riskregister-items.csv;2026-09-30;R-B60-G130-01:mitigation;"Yrka uttryckligen på lämplig avgörandeform med motivering; begär sammanträdestid tidigt; säkerställ att alla bevisfrågor redovisats skriftligt så att skriftlig handläggning inte riskerar processfel.";Delvis inom mandat efter avgränsning;Anpassning av befintligt förslag, avgränsad till myndighetens del;Pröva lämplig och laglig avgörandeform i eget ärende.;Domstolens förhandlingsval och sökandens bevisning.;
MPM-11__R-B60-G130-01:trigger:04;MPM-11;Juridisk och teknisk kvalitetssäkring av egna beslut;S1_beslutat_uppdrag;R-B60-G130-01;Fel avgörandeform blir ett processfel i efterhand;B60;B60 – Ansökan, beslut och överprövning;B60-G130;Ska avgörandet föregås av förhandling/sammanträde?;R-B60-G130-01:trigger:04;utlösande faktor;4;Instansen bokar ett omfattande sammanträde trots att den kvarstående frågan kan avgöras skriftligt.;Direkt;Pröva och dokumentera behovet av muntlig handläggning för att undvika felaktigt eller onödigt förfarande.;Kontrollera individuell bevisvärdering, att relevanta invändningar behandlats, korrekt rättsregel och att avgörandet följer av underlaget. Dokumentera avvikande bedömningar och uppdatera internt stöd efter praxis.;Gemensamt stöd ersätter inte individuell prövning. Myndigheten kan inte garantera utfall i överinstans eller undanröja materiella miljökrav.;"FL 5, 23 och 32 §§; MB 19 kap. 4–5 a §§; MB 6 kap. om miljöbedömning";Andel egna beslut undanröjda på grund av påverkbara handläggnings- eller motiveringsfel;Granskningsprotokoll, beslut och överinstansens angivna ändringsskäl;"Rättssäker prövning finns i S0. Mät förändrad felfrekvens; legitimt avslag räknas inte som kontrollmisslyckande.";Löpande inom egen behörighet;Miljöprövningsmyndigheten;Första instans;analysis;;Bara myndighetens handläggning, inte domstolens val av förhandlingsform.;Minskad sannolikhet för den påverkbara delen;"Ej skattad; kräver mätning mot S0";"Samma normaliserade typårsportfölj i S0 och S1; särredovisa den andel där myndigheten har befogenhet";Kopplingsrader är inte additiva effekter. Gemensamma kostnader och överlappande kontroller ska räknas en gång.;"Beslutad organisationsinriktning och lagändringar för start 2027-07-01; detaljerad kontrollutformning är analysförslag";"Föreslagen kontroll; genomförande och effekt inte verifierade";"Käll- och strukturkontrollerad; inbyggd adversarial review ej tillgänglig";https://www.riksdagen.se/sv/dokument-och-lagar/dokument/kommittedirektiv/inrattande-av-en-ny-myndighet-for-miljoprovning_heb113/ | https://www.riksdagen.se/sv/dokument-och-lagar/dokument/svensk-forfattningssamling/miljobalk-1998808_sfs-1998-808/ | https://www.riksdagen.se/sv/dokument-och-lagar/dokument/svensk-forfattningssamling/forvaltningslag-2017900_sfs-2017-900/;2.2.0;https://nic-esp.github.io/miljotillstandsrisker/data/riskregister-items.csv;2026-09-30;R-B60-G130-01:mitigation;"Yrka uttryckligen på lämplig avgörandeform med motivering; begär sammanträdestid tidigt; säkerställ att alla bevisfrågor redovisats skriftligt så att skriftlig handläggning inte riskerar processfel.";Delvis inom mandat efter avgränsning;Anpassning av befintligt förslag, avgränsad till myndighetens del;Pröva lämplig och laglig avgörandeform i eget ärende.;Domstolens förhandlingsval och sökandens bevisning.;
MPM-12__R-B60-190-01:trigger:01;MPM-12;Entydiga och inbördes förenliga tillståndsvillkor;S1_beslutat_uppdrag;R-B60-190-01;Otydliga eller overkställbara villkor föder nya processer efter beslutet;B60;B60 – Ansökan, beslut och överprövning;B60-190;Meddela beslut eller dom;R-B60-190-01:trigger:01;utlösande faktor;1;Tillståndet innehåller ett bindande villkor vars ordalydelse anger ett allmänt mål men saknar en mätbar skyldighet.;Direkt;Kontrollerad villkorstext minskar oklar skyldighet och interna motsägelser i det egna beslutet.;Granska skyldighet, adressat, kontrollparameter, tidpunkt och relation till tidigare villkor. Pröva invändningar om teknisk genomförbarhet och kända konflikter med andra beslut innan eget avgörande.;Skriver inte sökandens tekniska lösning. Ändrar inte andra organs beslut och mildrar inte lagstadgade skyddskrav.;"MB 19 kap. 5 § och hänvisningen till 22 kap. 25 §; FL 32 §";"Tolkningsärenden och rättelser orsakade av otydliga egna villkor; identifierade villkorskollisioner";Villkorsgranskning, beslut och efterföljande klargörandeärenden;Villkorsprövning finns i S0. Mät minskade oklarheter, inte en antagen reduktion av nödvändiga skyddskostnader.;Löpande inom egen behörighet;Miljöprövningsmyndigheten;Första instans;source;MB;Endast egen behörig prövning av övertagna MPD-ärenden eller service knuten till denna. Övriga delar av riskpostens population kvarstår.;Minskad sannolikhet för den påverkbara delen;"Ej skattad; kräver mätning mot S0";"Samma normaliserade typårsportfölj i S0 och S1; särredovisa den andel där myndigheten har befogenhet";Kopplingsrader är inte additiva effekter. Gemensamma kostnader och överlappande kontroller ska räknas en gång.;"Beslutad organisationsinriktning och lagändringar för start 2027-07-01; detaljerad kontrollutformning är analysförslag";"Föreslagen kontroll; genomförande och effekt inte verifierade";"Käll- och strukturkontrollerad; inbyggd adversarial review ej tillgänglig";https://www.riksdagen.se/sv/dokument-och-lagar/dokument/kommittedirektiv/inrattande-av-en-ny-myndighet-for-miljoprovning_heb113/ | https://www.riksdagen.se/sv/dokument-och-lagar/dokument/svensk-forfattningssamling/miljobalk-1998808_sfs-1998-808/ | https://www.riksdagen.se/sv/dokument-och-lagar/dokument/svensk-forfattningssamling/forvaltningslag-2017900_sfs-2017-900/;2.2.0;https://nic-esp.github.io/miljotillstandsrisker/data/riskregister-items.csv;2026-09-30;R-B60-190-01:mitigation;"Förhandla fram konkreta, mätbara villkorsformuleringar under beredningen; testa varje villkor mot frågan 'hur kontrolleras detta?'; begär domstolens/instansens villkorsutkast i god tid före beslutet om möjligt.";Delvis inom mandat efter avgränsning;Anpassning av befintligt förslag, avgränsad till myndighetens del;Kvalitetssäkra att egna villkor är konkreta, rättsligt grundade och kontrollerbara.;"Villkor får inte bli en otillbörlig förhandling om bifall; ingen generell rätt till beslutsutkast före avgörande.";
MPM-12__R-B60-190-01:trigger:02;MPM-12;Entydiga och inbördes förenliga tillståndsvillkor;S1_beslutat_uppdrag;R-B60-190-01;Otydliga eller overkställbara villkor föder nya processer efter beslutet;B60;B60 – Ansökan, beslut och överprövning;B60-190;Meddela beslut eller dom;R-B60-190-01:trigger:02;utlösande faktor;2;Tekniska begrepp används utan definition eller hänvisning till en bestämd mätmetod.;Direkt;Kontrollerad villkorstext minskar oklar skyldighet och interna motsägelser i det egna beslutet.;Granska skyldighet, adressat, kontrollparameter, tidpunkt och relation till tidigare villkor. Pröva invändningar om teknisk genomförbarhet och kända konflikter med andra beslut innan eget avgörande.;Skriver inte sökandens tekniska lösning. Ändrar inte andra organs beslut och mildrar inte lagstadgade skyddskrav.;"MB 19 kap. 5 § och hänvisningen till 22 kap. 25 §; FL 32 §";"Tolkningsärenden och rättelser orsakade av otydliga egna villkor; identifierade villkorskollisioner";Villkorsgranskning, beslut och efterföljande klargörandeärenden;Villkorsprövning finns i S0. Mät minskade oklarheter, inte en antagen reduktion av nödvändiga skyddskostnader.;Löpande inom egen behörighet;Miljöprövningsmyndigheten;Första instans;analysis;;Endast egen behörig prövning av övertagna MPD-ärenden eller service knuten till denna. Övriga delar av riskpostens population kvarstår.;Minskad sannolikhet för den påverkbara delen;"Ej skattad; kräver mätning mot S0";"Samma normaliserade typårsportfölj i S0 och S1; särredovisa den andel där myndigheten har befogenhet";Kopplingsrader är inte additiva effekter. Gemensamma kostnader och överlappande kontroller ska räknas en gång.;"Beslutad organisationsinriktning och lagändringar för start 2027-07-01; detaljerad kontrollutformning är analysförslag";"Föreslagen kontroll; genomförande och effekt inte verifierade";"Käll- och strukturkontrollerad; inbyggd adversarial review ej tillgänglig";https://www.riksdagen.se/sv/dokument-och-lagar/dokument/kommittedirektiv/inrattande-av-en-ny-myndighet-for-miljoprovning_heb113/ | https://www.riksdagen.se/sv/dokument-och-lagar/dokument/svensk-forfattningssamling/miljobalk-1998808_sfs-1998-808/ | https://www.riksdagen.se/sv/dokument-och-lagar/dokument/svensk-forfattningssamling/forvaltningslag-2017900_sfs-2017-900/;2.2.0;https://nic-esp.github.io/miljotillstandsrisker/data/riskregister-items.csv;2026-09-30;R-B60-190-01:mitigation;"Förhandla fram konkreta, mätbara villkorsformuleringar under beredningen; testa varje villkor mot frågan 'hur kontrolleras detta?'; begär domstolens/instansens villkorsutkast i god tid före beslutet om möjligt.";Delvis inom mandat efter avgränsning;Anpassning av befintligt förslag, avgränsad till myndighetens del;Kvalitetssäkra att egna villkor är konkreta, rättsligt grundade och kontrollerbara.;"Villkor får inte bli en otillbörlig förhandling om bifall; ingen generell rätt till beslutsutkast före avgörande.";
MPM-12__R-B60-190-01:trigger:03;MPM-12;Entydiga och inbördes förenliga tillståndsvillkor;S1_beslutat_uppdrag;R-B60-190-01;Otydliga eller overkställbara villkor föder nya processer efter beslutet;B60;B60 – Ansökan, beslut och överprövning;B60-190;Meddela beslut eller dom;R-B60-190-01:trigger:03;utlösande faktor;3;Villkoret fördelar inte tydligt ansvar, kontrollpunkt eller tidpunkt för efterlevnad.;Direkt;Kontrollerad villkorstext minskar oklar skyldighet och interna motsägelser i det egna beslutet.;Granska skyldighet, adressat, kontrollparameter, tidpunkt och relation till tidigare villkor. Pröva invändningar om teknisk genomförbarhet och kända konflikter med andra beslut innan eget avgörande.;Skriver inte sökandens tekniska lösning. Ändrar inte andra organs beslut och mildrar inte lagstadgade skyddskrav.;"MB 19 kap. 5 § och hänvisningen till 22 kap. 25 §; FL 32 §";"Tolkningsärenden och rättelser orsakade av otydliga egna villkor; identifierade villkorskollisioner";Villkorsgranskning, beslut och efterföljande klargörandeärenden;Villkorsprövning finns i S0. Mät minskade oklarheter, inte en antagen reduktion av nödvändiga skyddskostnader.;Löpande inom egen behörighet;Miljöprövningsmyndigheten;Första instans;analysis;;Endast egen behörig prövning av övertagna MPD-ärenden eller service knuten till denna. Övriga delar av riskpostens population kvarstår.;Minskad sannolikhet för den påverkbara delen;"Ej skattad; kräver mätning mot S0";"Samma normaliserade typårsportfölj i S0 och S1; särredovisa den andel där myndigheten har befogenhet";Kopplingsrader är inte additiva effekter. Gemensamma kostnader och överlappande kontroller ska räknas en gång.;"Beslutad organisationsinriktning och lagändringar för start 2027-07-01; detaljerad kontrollutformning är analysförslag";"Föreslagen kontroll; genomförande och effekt inte verifierade";"Käll- och strukturkontrollerad; inbyggd adversarial review ej tillgänglig";https://www.riksdagen.se/sv/dokument-och-lagar/dokument/kommittedirektiv/inrattande-av-en-ny-myndighet-for-miljoprovning_heb113/ | https://www.riksdagen.se/sv/dokument-och-lagar/dokument/svensk-forfattningssamling/miljobalk-1998808_sfs-1998-808/ | https://www.riksdagen.se/sv/dokument-och-lagar/dokument/svensk-forfattningssamling/forvaltningslag-2017900_sfs-2017-900/;2.2.0;https://nic-esp.github.io/miljotillstandsrisker/data/riskregister-items.csv;2026-09-30;R-B60-190-01:mitigation;"Förhandla fram konkreta, mätbara villkorsformuleringar under beredningen; testa varje villkor mot frågan 'hur kontrolleras detta?'; begär domstolens/instansens villkorsutkast i god tid före beslutet om möjligt.";Delvis inom mandat efter avgränsning;Anpassning av befintligt förslag, avgränsad till myndighetens del;Kvalitetssäkra att egna villkor är konkreta, rättsligt grundade och kontrollerbara.;"Villkor får inte bli en otillbörlig förhandling om bifall; ingen generell rätt till beslutsutkast före avgörande.";
MPM-12__R-B60-190-01:trigger:04;MPM-12;Entydiga och inbördes förenliga tillståndsvillkor;S1_beslutat_uppdrag;R-B60-190-01;Otydliga eller overkställbara villkor föder nya processer efter beslutet;B60;B60 – Ansökan, beslut och överprövning;B60-190;Meddela beslut eller dom;R-B60-190-01:trigger:04;utlösande faktor;4;Olika delar av domen eller beslutet ger motstridiga besked om samma krav.;Direkt;Kontrollerad villkorstext minskar oklar skyldighet och interna motsägelser i det egna beslutet.;Granska skyldighet, adressat, kontrollparameter, tidpunkt och relation till tidigare villkor. Pröva invändningar om teknisk genomförbarhet och kända konflikter med andra beslut innan eget avgörande.;Skriver inte sökandens tekniska lösning. Ändrar inte andra organs beslut och mildrar inte lagstadgade skyddskrav.;"MB 19 kap. 5 § och hänvisningen till 22 kap. 25 §; FL 32 §";"Tolkningsärenden och rättelser orsakade av otydliga egna villkor; identifierade villkorskollisioner";Villkorsgranskning, beslut och efterföljande klargörandeärenden;Villkorsprövning finns i S0. Mät minskade oklarheter, inte en antagen reduktion av nödvändiga skyddskostnader.;Löpande inom egen behörighet;Miljöprövningsmyndigheten;Första instans;analysis;;Endast egen behörig prövning av övertagna MPD-ärenden eller service knuten till denna. Övriga delar av riskpostens population kvarstår.;Minskad sannolikhet för den påverkbara delen;"Ej skattad; kräver mätning mot S0";"Samma normaliserade typårsportfölj i S0 och S1; särredovisa den andel där myndigheten har befogenhet";Kopplingsrader är inte additiva effekter. Gemensamma kostnader och överlappande kontroller ska räknas en gång.;"Beslutad organisationsinriktning och lagändringar för start 2027-07-01; detaljerad kontrollutformning är analysförslag";"Föreslagen kontroll; genomförande och effekt inte verifierade";"Käll- och strukturkontrollerad; inbyggd adversarial review ej tillgänglig";https://www.riksdagen.se/sv/dokument-och-lagar/dokument/kommittedirektiv/inrattande-av-en-ny-myndighet-for-miljoprovning_heb113/ | https://www.riksdagen.se/sv/dokument-och-lagar/dokument/svensk-forfattningssamling/miljobalk-1998808_sfs-1998-808/ | https://www.riksdagen.se/sv/dokument-och-lagar/dokument/svensk-forfattningssamling/forvaltningslag-2017900_sfs-2017-900/;2.2.0;https://nic-esp.github.io/miljotillstandsrisker/data/riskregister-items.csv;2026-09-30;R-B60-190-01:mitigation;"Förhandla fram konkreta, mätbara villkorsformuleringar under beredningen; testa varje villkor mot frågan 'hur kontrolleras detta?'; begär domstolens/instansens villkorsutkast i god tid före beslutet om möjligt.";Delvis inom mandat efter avgränsning;Anpassning av befintligt förslag, avgränsad till myndighetens del;Kvalitetssäkra att egna villkor är konkreta, rättsligt grundade och kontrollerbara.;"Villkor får inte bli en otillbörlig förhandling om bifall; ingen generell rätt till beslutsutkast före avgörande.";
MPM-12__R-B50-N060-02:trigger:01;MPM-12;Entydiga och inbördes förenliga tillståndsvillkor;S1_beslutat_uppdrag;R-B50-N060-02;Natura-villkor kolliderar med huvudtillståndets villkor;B50;B50 – Tvärgående och sektorsspecifika spår;B50-N060;Natura-beslut, överklagande och laga kraft;R-B50-N060-02:trigger:01;utlösande faktor;1;Natura-beslutet och huvudtillståndet innehåller bindande villkor som inte är inbördes förenliga.;Direkt;Granska förenligheten mellan Natura-villkor och egna huvudvillkor före beslut.;Granska skyldighet, adressat, kontrollparameter, tidpunkt och relation till tidigare villkor. Pröva invändningar om teknisk genomförbarhet och kända konflikter med andra beslut innan eget avgörande.;Skriver inte sökandens tekniska lösning. Ändrar inte andra organs beslut och mildrar inte lagstadgade skyddskrav.;"MB 19 kap. 5 § och hänvisningen till 22 kap. 25 §; FL 32 §";"Tolkningsärenden och rättelser orsakade av otydliga egna villkor; identifierade villkorskollisioner";Villkorsgranskning, beslut och efterföljande klargörandeärenden;Villkorsprövning finns i S0. Mät minskade oklarheter, inte en antagen reduktion av nödvändiga skyddskostnader.;Löpande inom egen behörighet;Miljöprövningsmyndigheten;Prövningsmyndighet, MMD och MÖD;source;MB;"Myndighetens egna beslut eller känd gränssnittskonflikt; annat organs beslut kan inte ändras.";Minskad sannolikhet för den påverkbara delen;"Ej skattad; kräver mätning mot S0";"Samma normaliserade typårsportfölj i S0 och S1; särredovisa den andel där myndigheten har befogenhet";Kopplingsrader är inte additiva effekter. Gemensamma kostnader och överlappande kontroller ska räknas en gång.;"Beslutad organisationsinriktning och lagändringar för start 2027-07-01; detaljerad kontrollutformning är analysförslag";"Föreslagen kontroll; genomförande och effekt inte verifierade";"Käll- och strukturkontrollerad; inbyggd adversarial review ej tillgänglig";https://www.riksdagen.se/sv/dokument-och-lagar/dokument/kommittedirektiv/inrattande-av-en-ny-myndighet-for-miljoprovning_heb113/ | https://www.riksdagen.se/sv/dokument-och-lagar/dokument/svensk-forfattningssamling/miljobalk-1998808_sfs-1998-808/ | https://www.riksdagen.se/sv/dokument-och-lagar/dokument/svensk-forfattningssamling/forvaltningslag-2017900_sfs-2017-900/;2.2.0;https://nic-esp.github.io/miljotillstandsrisker/data/riskregister-items.csv;2026-09-30;R-B50-N060-02:mitigation;Gör en villkorsmatris över alla meddelade beslut före byggstart och lös motsägelser genom begäran om förtydligande eller ändring. Arbeta för att samordnad prövning väljs i B50-N030 så att villkoren meddelas i samma ärende.;Delvis inom mandat efter avgränsning;Anpassning av befintligt förslag, avgränsad till myndighetens del;Granska kompatibilitet i egna villkor och pröva om ärenden lagligen kan samlas.;Sökandens heltäckande villkorsmatris och befogenhet att ändra annat organs beslut.;
MPM-12__R-B50-N060-02:trigger:03;MPM-12;Entydiga och inbördes förenliga tillståndsvillkor;S1_beslutat_uppdrag;R-B50-N060-02;Natura-villkor kolliderar med huvudtillståndets villkor;B50;B50 – Tvärgående och sektorsspecifika spår;B50-N060;Natura-beslut, överklagande och laga kraft;R-B50-N060-02:trigger:03;utlösande faktor;3;Skyddstider, uppföljning eller tekniska åtgärder har inte jämförts före finalitet.;Direkt;Granska förenligheten mellan Natura-villkor och egna huvudvillkor före beslut.;Granska skyldighet, adressat, kontrollparameter, tidpunkt och relation till tidigare villkor. Pröva invändningar om teknisk genomförbarhet och kända konflikter med andra beslut innan eget avgörande.;Skriver inte sökandens tekniska lösning. Ändrar inte andra organs beslut och mildrar inte lagstadgade skyddskrav.;"MB 19 kap. 5 § och hänvisningen till 22 kap. 25 §; FL 32 §";"Tolkningsärenden och rättelser orsakade av otydliga egna villkor; identifierade villkorskollisioner";Villkorsgranskning, beslut och efterföljande klargörandeärenden;Villkorsprövning finns i S0. Mät minskade oklarheter, inte en antagen reduktion av nödvändiga skyddskostnader.;Löpande inom egen behörighet;Miljöprövningsmyndigheten;Prövningsmyndighet, MMD och MÖD;analysis;;"Myndighetens egna beslut eller känd gränssnittskonflikt; annat organs beslut kan inte ändras.";Minskad sannolikhet för den påverkbara delen;"Ej skattad; kräver mätning mot S0";"Samma normaliserade typårsportfölj i S0 och S1; särredovisa den andel där myndigheten har befogenhet";Kopplingsrader är inte additiva effekter. Gemensamma kostnader och överlappande kontroller ska räknas en gång.;"Beslutad organisationsinriktning och lagändringar för start 2027-07-01; detaljerad kontrollutformning är analysförslag";"Föreslagen kontroll; genomförande och effekt inte verifierade";"Käll- och strukturkontrollerad; inbyggd adversarial review ej tillgänglig";https://www.riksdagen.se/sv/dokument-och-lagar/dokument/kommittedirektiv/inrattande-av-en-ny-myndighet-for-miljoprovning_heb113/ | https://www.riksdagen.se/sv/dokument-och-lagar/dokument/svensk-forfattningssamling/miljobalk-1998808_sfs-1998-808/ | https://www.riksdagen.se/sv/dokument-och-lagar/dokument/svensk-forfattningssamling/forvaltningslag-2017900_sfs-2017-900/;2.2.0;https://nic-esp.github.io/miljotillstandsrisker/data/riskregister-items.csv;2026-09-30;R-B50-N060-02:mitigation;Gör en villkorsmatris över alla meddelade beslut före byggstart och lös motsägelser genom begäran om förtydligande eller ändring. Arbeta för att samordnad prövning väljs i B50-N030 så att villkoren meddelas i samma ärende.;Delvis inom mandat efter avgränsning;Anpassning av befintligt förslag, avgränsad till myndighetens del;Granska kompatibilitet i egna villkor och pröva om ärenden lagligen kan samlas.;Sökandens heltäckande villkorsmatris och befogenhet att ändra annat organs beslut.;
MPM-12__R-B70-040-01:trigger:02;MPM-12;Entydiga och inbördes förenliga tillståndsvillkor;S1_beslutat_uppdrag;R-B70-040-01;Förstartsvillkor förbises i den samlade villkorsmassan;B70;B70 – Laga kraft och byggberedskap;B70-040;Extrahera förstartsvillkor, tidsfrister och kontrollkrav;R-B70-040-01:trigger:02;utlösande faktor;2;Förstartskravet finns i en bilaga, äldre deldom eller hänvisad handling och markeras inte i huvuddomslutet.;Indirekt via beslutets tydlighet;Synliga och entydiga förstartskrav i egna beslut minskar risken att krav döljs i hänvisningar.;Granska skyldighet, adressat, kontrollparameter, tidpunkt och relation till tidigare villkor. Pröva invändningar om teknisk genomförbarhet och kända konflikter med andra beslut innan eget avgörande.;Skriver inte sökandens tekniska lösning. Ändrar inte andra organs beslut och mildrar inte lagstadgade skyddskrav.;"MB 19 kap. 5 § och hänvisningen till 22 kap. 25 §; FL 32 §";"Tolkningsärenden och rättelser orsakade av otydliga egna villkor; identifierade villkorskollisioner";Villkorsgranskning, beslut och efterföljande klargörandeärenden;Villkorsprövning finns i S0. Mät minskade oklarheter, inte en antagen reduktion av nödvändiga skyddskostnader.;Löpande inom egen behörighet;Miljöprövningsmyndigheten;Projektägare och sakkunniga;analysis;;Endast egen behörig prövning av övertagna MPD-ärenden eller service knuten till denna. Övriga delar av riskpostens population kvarstår.;Minskad sannolikhet för den påverkbara delen;"Ej skattad; kräver mätning mot S0";"Samma normaliserade typårsportfölj i S0 och S1; särredovisa den andel där myndigheten har befogenhet";Kopplingsrader är inte additiva effekter. Gemensamma kostnader och överlappande kontroller ska räknas en gång.;"Beslutad organisationsinriktning och lagändringar för start 2027-07-01; detaljerad kontrollutformning är analysförslag";"Föreslagen kontroll; genomförande och effekt inte verifierade";"Käll- och strukturkontrollerad; inbyggd adversarial review ej tillgänglig";https://www.riksdagen.se/sv/dokument-och-lagar/dokument/kommittedirektiv/inrattande-av-en-ny-myndighet-for-miljoprovning_heb113/ | https://www.riksdagen.se/sv/dokument-och-lagar/dokument/svensk-forfattningssamling/miljobalk-1998808_sfs-1998-808/ | https://www.riksdagen.se/sv/dokument-och-lagar/dokument/svensk-forfattningssamling/forvaltningslag-2017900_sfs-2017-900/;2.2.0;https://nic-esp.github.io/miljotillstandsrisker/data/riskregister-items.csv;2026-09-30;R-B70-040-01:mitigation;Låt två personer oberoende extrahera förstartsvillkoren ur varje beslut och synka resultaten. Strukturera extraktionen efter moment (markarbete, grundläggning, igångsättning) snarare än efter beslut. Verifiera listan mot tillsynsmyndighetens och prövningsmyndighetens förväntningar i ett avstämningsmöte.;Delvis inom mandat efter avgränsning;Anpassning av befintligt förslag, avgränsad till myndighetens del;Utforma tydliga egna förstartsvillkor och ge information om deras lydelse och förfarande för ändring.;"Sökandens extraktion av alla villkor och tillsynens ansvar; informella tolkningsbesked får inte ändra ett bindande villkor.";
MPM-12__R-B70-040-02:trigger:01;MPM-12;Entydiga och inbördes förenliga tillståndsvillkor;S1_beslutat_uppdrag;R-B70-040-02;Otydliga villkorsformuleringar ger tolkningstvist om vad som krävs före start;B70;B70 – Laga kraft och byggberedskap;B70-040;Extrahera förstartsvillkor, tidsfrister och kontrollkrav;R-B70-040-02:trigger:01;utlösande faktor;1;Ett bindande villkor saknar en entydig tidpunkt, adressat eller kontrollparameter.;Direkt;Precisering av tidpunkt, adressat och godkännandeprocess före beslut minskar senare tolkningstvist.;Granska skyldighet, adressat, kontrollparameter, tidpunkt och relation till tidigare villkor. Pröva invändningar om teknisk genomförbarhet och kända konflikter med andra beslut innan eget avgörande.;Skriver inte sökandens tekniska lösning. Ändrar inte andra organs beslut och mildrar inte lagstadgade skyddskrav.;"MB 19 kap. 5 § och hänvisningen till 22 kap. 25 §; FL 32 §";"Tolkningsärenden och rättelser orsakade av otydliga egna villkor; identifierade villkorskollisioner";Villkorsgranskning, beslut och efterföljande klargörandeärenden;Villkorsprövning finns i S0. Mät minskade oklarheter, inte en antagen reduktion av nödvändiga skyddskostnader.;Löpande inom egen behörighet;Miljöprövningsmyndigheten;Projektägare och sakkunniga;source;MB;Endast egen behörig prövning av övertagna MPD-ärenden eller service knuten till denna. Övriga delar av riskpostens population kvarstår.;Minskad sannolikhet för den påverkbara delen;"Ej skattad; kräver mätning mot S0";"Samma normaliserade typårsportfölj i S0 och S1; särredovisa den andel där myndigheten har befogenhet";Kopplingsrader är inte additiva effekter. Gemensamma kostnader och överlappande kontroller ska räknas en gång.;"Beslutad organisationsinriktning och lagändringar för start 2027-07-01; detaljerad kontrollutformning är analysförslag";"Föreslagen kontroll; genomförande och effekt inte verifierade";"Käll- och strukturkontrollerad; inbyggd adversarial review ej tillgänglig";https://www.riksdagen.se/sv/dokument-och-lagar/dokument/kommittedirektiv/inrattande-av-en-ny-myndighet-for-miljoprovning_heb113/ | https://www.riksdagen.se/sv/dokument-och-lagar/dokument/svensk-forfattningssamling/miljobalk-1998808_sfs-1998-808/ | https://www.riksdagen.se/sv/dokument-och-lagar/dokument/svensk-forfattningssamling/forvaltningslag-2017900_sfs-2017-900/;2.2.0;https://nic-esp.github.io/miljotillstandsrisker/data/riskregister-items.csv;2026-09-30;R-B70-040-02:mitigation;Flagga alla otydliga villkor i förstartsvillkorslistan och inhämta prövnings- eller tillsynsmyndighetens skriftliga tolkningsbesked innan arbeten planeras. Dokumentera tolkningsbesluten i beslutsmatrisen. Vid väsentlig osäkerhet, överväg proaktiv ansökan om villkorsförtydligande.;Delvis inom mandat efter avgränsning;Anpassning av befintligt förslag, avgränsad till myndighetens del;Utforma tydliga egna förstartsvillkor och ge information om deras lydelse och förfarande för ändring.;"Sökandens extraktion av alla villkor och tillsynens ansvar; informella tolkningsbesked får inte ändra ett bindande villkor.";Skriftlig upplysning är inte automatiskt bindande tolkning eller villkorsändring.
MPM-12__R-B70-040-02:trigger:02;MPM-12;Entydiga och inbördes förenliga tillståndsvillkor;S1_beslutat_uppdrag;R-B70-040-02;Otydliga villkorsformuleringar ger tolkningstvist om vad som krävs före start;B70;B70 – Laga kraft och byggberedskap;B70-040;Extrahera förstartsvillkor, tidsfrister och kontrollkrav;R-B70-040-02:trigger:02;utlösande faktor;2;Domskäl, domslut och tekniska bilagor använder olika uttryck för samma förstartskrav.;Direkt;Precisering av tidpunkt, adressat och godkännandeprocess före beslut minskar senare tolkningstvist.;Granska skyldighet, adressat, kontrollparameter, tidpunkt och relation till tidigare villkor. Pröva invändningar om teknisk genomförbarhet och kända konflikter med andra beslut innan eget avgörande.;Skriver inte sökandens tekniska lösning. Ändrar inte andra organs beslut och mildrar inte lagstadgade skyddskrav.;"MB 19 kap. 5 § och hänvisningen till 22 kap. 25 §; FL 32 §";"Tolkningsärenden och rättelser orsakade av otydliga egna villkor; identifierade villkorskollisioner";Villkorsgranskning, beslut och efterföljande klargörandeärenden;Villkorsprövning finns i S0. Mät minskade oklarheter, inte en antagen reduktion av nödvändiga skyddskostnader.;Löpande inom egen behörighet;Miljöprövningsmyndigheten;Projektägare och sakkunniga;analysis;;Endast egen behörig prövning av övertagna MPD-ärenden eller service knuten till denna. Övriga delar av riskpostens population kvarstår.;Minskad sannolikhet för den påverkbara delen;"Ej skattad; kräver mätning mot S0";"Samma normaliserade typårsportfölj i S0 och S1; särredovisa den andel där myndigheten har befogenhet";Kopplingsrader är inte additiva effekter. Gemensamma kostnader och överlappande kontroller ska räknas en gång.;"Beslutad organisationsinriktning och lagändringar för start 2027-07-01; detaljerad kontrollutformning är analysförslag";"Föreslagen kontroll; genomförande och effekt inte verifierade";"Käll- och strukturkontrollerad; inbyggd adversarial review ej tillgänglig";https://www.riksdagen.se/sv/dokument-och-lagar/dokument/kommittedirektiv/inrattande-av-en-ny-myndighet-for-miljoprovning_heb113/ | https://www.riksdagen.se/sv/dokument-och-lagar/dokument/svensk-forfattningssamling/miljobalk-1998808_sfs-1998-808/ | https://www.riksdagen.se/sv/dokument-och-lagar/dokument/svensk-forfattningssamling/forvaltningslag-2017900_sfs-2017-900/;2.2.0;https://nic-esp.github.io/miljotillstandsrisker/data/riskregister-items.csv;2026-09-30;R-B70-040-02:mitigation;Flagga alla otydliga villkor i förstartsvillkorslistan och inhämta prövnings- eller tillsynsmyndighetens skriftliga tolkningsbesked innan arbeten planeras. Dokumentera tolkningsbesluten i beslutsmatrisen. Vid väsentlig osäkerhet, överväg proaktiv ansökan om villkorsförtydligande.;Delvis inom mandat efter avgränsning;Anpassning av befintligt förslag, avgränsad till myndighetens del;Utforma tydliga egna förstartsvillkor och ge information om deras lydelse och förfarande för ändring.;"Sökandens extraktion av alla villkor och tillsynens ansvar; informella tolkningsbesked får inte ändra ett bindande villkor.";Skriftlig upplysning är inte automatiskt bindande tolkning eller villkorsändring.
MPM-12__R-B70-040-02:trigger:04;MPM-12;Entydiga och inbördes förenliga tillståndsvillkor;S1_beslutat_uppdrag;R-B70-040-02;Otydliga villkorsformuleringar ger tolkningstvist om vad som krävs före start;B70;B70 – Laga kraft och byggberedskap;B70-040;Extrahera förstartsvillkor, tidsfrister och kontrollkrav;R-B70-040-02:trigger:04;utlösande faktor;4;Villkoret hänvisar till en framtida godkännandeprocess utan att ange beslutsform eller kriterier.;Direkt;Precisering av tidpunkt, adressat och godkännandeprocess före beslut minskar senare tolkningstvist.;Granska skyldighet, adressat, kontrollparameter, tidpunkt och relation till tidigare villkor. Pröva invändningar om teknisk genomförbarhet och kända konflikter med andra beslut innan eget avgörande.;Skriver inte sökandens tekniska lösning. Ändrar inte andra organs beslut och mildrar inte lagstadgade skyddskrav.;"MB 19 kap. 5 § och hänvisningen till 22 kap. 25 §; FL 32 §";"Tolkningsärenden och rättelser orsakade av otydliga egna villkor; identifierade villkorskollisioner";Villkorsgranskning, beslut och efterföljande klargörandeärenden;Villkorsprövning finns i S0. Mät minskade oklarheter, inte en antagen reduktion av nödvändiga skyddskostnader.;Löpande inom egen behörighet;Miljöprövningsmyndigheten;Projektägare och sakkunniga;analysis;;Endast egen behörig prövning av övertagna MPD-ärenden eller service knuten till denna. Övriga delar av riskpostens population kvarstår.;Minskad sannolikhet för den påverkbara delen;"Ej skattad; kräver mätning mot S0";"Samma normaliserade typårsportfölj i S0 och S1; särredovisa den andel där myndigheten har befogenhet";Kopplingsrader är inte additiva effekter. Gemensamma kostnader och överlappande kontroller ska räknas en gång.;"Beslutad organisationsinriktning och lagändringar för start 2027-07-01; detaljerad kontrollutformning är analysförslag";"Föreslagen kontroll; genomförande och effekt inte verifierade";"Käll- och strukturkontrollerad; inbyggd adversarial review ej tillgänglig";https://www.riksdagen.se/sv/dokument-och-lagar/dokument/kommittedirektiv/inrattande-av-en-ny-myndighet-for-miljoprovning_heb113/ | https://www.riksdagen.se/sv/dokument-och-lagar/dokument/svensk-forfattningssamling/miljobalk-1998808_sfs-1998-808/ | https://www.riksdagen.se/sv/dokument-och-lagar/dokument/svensk-forfattningssamling/forvaltningslag-2017900_sfs-2017-900/;2.2.0;https://nic-esp.github.io/miljotillstandsrisker/data/riskregister-items.csv;2026-09-30;R-B70-040-02:mitigation;Flagga alla otydliga villkor i förstartsvillkorslistan och inhämta prövnings- eller tillsynsmyndighetens skriftliga tolkningsbesked innan arbeten planeras. Dokumentera tolkningsbesluten i beslutsmatrisen. Vid väsentlig osäkerhet, överväg proaktiv ansökan om villkorsförtydligande.;Delvis inom mandat efter avgränsning;Anpassning av befintligt förslag, avgränsad till myndighetens del;Utforma tydliga egna förstartsvillkor och ge information om deras lydelse och förfarande för ändring.;"Sökandens extraktion av alla villkor och tillsynens ansvar; informella tolkningsbesked får inte ändra ett bindande villkor.";Skriftlig upplysning är inte automatiskt bindande tolkning eller villkorsändring.
MPM-12__R-B70-G110-01:trigger:02;MPM-12;Entydiga och inbördes förenliga tillståndsvillkor;S1_beslutat_uppdrag;R-B70-G110-01;Geografisk eller kapacitetsmässig konflikt mellan tillstånd, plan och koncession;B70;B70 – Laga kraft och byggberedskap;B70-G110;Är samtliga beslut och villkor inbördes förenliga?;R-B70-G110-01:trigger:02;utlösande faktor;2;Besluten bygger på kartor eller projektversioner som inte överensstämmer.;Direkt;Kontroll av det egna beslutets projektversion och enheter kan minska undvikbara kollisioner.;Granska skyldighet, adressat, kontrollparameter, tidpunkt och relation till tidigare villkor. Pröva invändningar om teknisk genomförbarhet och kända konflikter med andra beslut innan eget avgörande.;Skriver inte sökandens tekniska lösning. Ändrar inte andra organs beslut och mildrar inte lagstadgade skyddskrav.;"MB 19 kap. 5 § och hänvisningen till 22 kap. 25 §; FL 32 §";"Tolkningsärenden och rättelser orsakade av otydliga egna villkor; identifierade villkorskollisioner";Villkorsgranskning, beslut och efterföljande klargörandeärenden;Villkorsprövning finns i S0. Mät minskade oklarheter, inte en antagen reduktion av nödvändiga skyddskostnader.;Löpande inom egen behörighet;Miljöprövningsmyndigheten;Projektägare och multidisciplinär sakkunnig;analysis;;"Avser eget miljöbeslut; PBL och koncession ändras bara av behörigt organ.";Minskad sannolikhet för den påverkbara delen;"Ej skattad; kräver mätning mot S0";"Samma normaliserade typårsportfölj i S0 och S1; särredovisa den andel där myndigheten har befogenhet";Kopplingsrader är inte additiva effekter. Gemensamma kostnader och överlappande kontroller ska räknas en gång.;"Beslutad organisationsinriktning och lagändringar för start 2027-07-01; detaljerad kontrollutformning är analysförslag";"Föreslagen kontroll; genomförande och effekt inte verifierade";"Käll- och strukturkontrollerad; inbyggd adversarial review ej tillgänglig";https://www.riksdagen.se/sv/dokument-och-lagar/dokument/kommittedirektiv/inrattande-av-en-ny-myndighet-for-miljoprovning_heb113/ | https://www.riksdagen.se/sv/dokument-och-lagar/dokument/svensk-forfattningssamling/miljobalk-1998808_sfs-1998-808/ | https://www.riksdagen.se/sv/dokument-och-lagar/dokument/svensk-forfattningssamling/forvaltningslag-2017900_sfs-2017-900/;2.2.0;https://nic-esp.github.io/miljotillstandsrisker/data/riskregister-items.csv;2026-09-30;R-B70-G110-01:mitigation;Genomför den geografiska förenlighetskontrollen koordinatsatt (GIS) mot samtliga besluts kartbilagor, inte mot textbeskrivningar. Jämför kapacitetstal i en strukturerad tabell per beslut. Eskalera varje avvikelse, även små, till juridisk bedömning innan B70-130.;Delvis inom mandat efter avgränsning;Anpassning av befintligt förslag, avgränsad till myndighetens del;Kontrollera egna villkors och kartbilagors förenlighet med kända prövade parametrar.;"Sökandens GIS, konstruktionsplan och samlade byggbarhetskontroll; ingen makt att ändra koncession eller PBL-beslut.";
MPM-12__R-B70-G110-01:trigger:04;MPM-12;Entydiga och inbördes förenliga tillståndsvillkor;S1_beslutat_uppdrag;R-B70-G110-01;Geografisk eller kapacitetsmässig konflikt mellan tillstånd, plan och koncession;B70;B70 – Laga kraft och byggberedskap;B70-G110;Är samtliga beslut och villkor inbördes förenliga?;R-B70-G110-01:trigger:04;utlösande faktor;4;Kapacitet, antal enheter eller driftläge har uttryckts på olika sätt i parallella prövningar.;Direkt;Kontroll av det egna beslutets projektversion och enheter kan minska undvikbara kollisioner.;Granska skyldighet, adressat, kontrollparameter, tidpunkt och relation till tidigare villkor. Pröva invändningar om teknisk genomförbarhet och kända konflikter med andra beslut innan eget avgörande.;Skriver inte sökandens tekniska lösning. Ändrar inte andra organs beslut och mildrar inte lagstadgade skyddskrav.;"MB 19 kap. 5 § och hänvisningen till 22 kap. 25 §; FL 32 §";"Tolkningsärenden och rättelser orsakade av otydliga egna villkor; identifierade villkorskollisioner";Villkorsgranskning, beslut och efterföljande klargörandeärenden;Villkorsprövning finns i S0. Mät minskade oklarheter, inte en antagen reduktion av nödvändiga skyddskostnader.;Löpande inom egen behörighet;Miljöprövningsmyndigheten;Projektägare och multidisciplinär sakkunnig;analysis;;"Avser eget miljöbeslut; PBL och koncession ändras bara av behörigt organ.";Minskad sannolikhet för den påverkbara delen;"Ej skattad; kräver mätning mot S0";"Samma normaliserade typårsportfölj i S0 och S1; särredovisa den andel där myndigheten har befogenhet";Kopplingsrader är inte additiva effekter. Gemensamma kostnader och överlappande kontroller ska räknas en gång.;"Beslutad organisationsinriktning och lagändringar för start 2027-07-01; detaljerad kontrollutformning är analysförslag";"Föreslagen kontroll; genomförande och effekt inte verifierade";"Käll- och strukturkontrollerad; inbyggd adversarial review ej tillgänglig";https://www.riksdagen.se/sv/dokument-och-lagar/dokument/kommittedirektiv/inrattande-av-en-ny-myndighet-for-miljoprovning_heb113/ | https://www.riksdagen.se/sv/dokument-och-lagar/dokument/svensk-forfattningssamling/miljobalk-1998808_sfs-1998-808/ | https://www.riksdagen.se/sv/dokument-och-lagar/dokument/svensk-forfattningssamling/forvaltningslag-2017900_sfs-2017-900/;2.2.0;https://nic-esp.github.io/miljotillstandsrisker/data/riskregister-items.csv;2026-09-30;R-B70-G110-01:mitigation;Genomför den geografiska förenlighetskontrollen koordinatsatt (GIS) mot samtliga besluts kartbilagor, inte mot textbeskrivningar. Jämför kapacitetstal i en strukturerad tabell per beslut. Eskalera varje avvikelse, även små, till juridisk bedömning innan B70-130.;Delvis inom mandat efter avgränsning;Anpassning av befintligt förslag, avgränsad till myndighetens del;Kontrollera egna villkors och kartbilagors förenlighet med kända prövade parametrar.;"Sökandens GIS, konstruktionsplan och samlade byggbarhetskontroll; ingen makt att ändra koncession eller PBL-beslut.";
MPM-12__R-B70-G110-03:trigger:03;MPM-12;Entydiga och inbördes förenliga tillståndsvillkor;S1_beslutat_uppdrag;R-B70-G110-03;Skyddsåtgärd i ett beslut blockerar fysiskt genomförande i ett annat;B70;B70 – Laga kraft och byggberedskap;B70-G110;Är samtliga beslut och villkor inbördes förenliga?;R-B70-G110-03:trigger:03;utlösande faktor;3;Besluten har tagits fram med olika kartunderlag och konflikten upptäcks först vid detaljprojektering.;Direkt;Jämförelse med kända kartunderlag före eget beslut kan fånga konflikt utan att myndigheten projekterar lösningen.;Granska skyldighet, adressat, kontrollparameter, tidpunkt och relation till tidigare villkor. Pröva invändningar om teknisk genomförbarhet och kända konflikter med andra beslut innan eget avgörande.;Skriver inte sökandens tekniska lösning. Ändrar inte andra organs beslut och mildrar inte lagstadgade skyddskrav.;"MB 19 kap. 5 § och hänvisningen till 22 kap. 25 §; FL 32 §";"Tolkningsärenden och rättelser orsakade av otydliga egna villkor; identifierade villkorskollisioner";Villkorsgranskning, beslut och efterföljande klargörandeärenden;Villkorsprövning finns i S0. Mät minskade oklarheter, inte en antagen reduktion av nödvändiga skyddskostnader.;Löpande inom egen behörighet;Miljöprövningsmyndigheten;Projektägare och multidisciplinär sakkunnig;analysis;;Endast när konfliktunderlaget finns tillgängligt för egen prövning.;Minskad sannolikhet för den påverkbara delen;"Ej skattad; kräver mätning mot S0";"Samma normaliserade typårsportfölj i S0 och S1; särredovisa den andel där myndigheten har befogenhet";Kopplingsrader är inte additiva effekter. Gemensamma kostnader och överlappande kontroller ska räknas en gång.;"Beslutad organisationsinriktning och lagändringar för start 2027-07-01; detaljerad kontrollutformning är analysförslag";"Föreslagen kontroll; genomförande och effekt inte verifierade";"Käll- och strukturkontrollerad; inbyggd adversarial review ej tillgänglig";https://www.riksdagen.se/sv/dokument-och-lagar/dokument/kommittedirektiv/inrattande-av-en-ny-myndighet-for-miljoprovning_heb113/ | https://www.riksdagen.se/sv/dokument-och-lagar/dokument/svensk-forfattningssamling/miljobalk-1998808_sfs-1998-808/ | https://www.riksdagen.se/sv/dokument-och-lagar/dokument/svensk-forfattningssamling/forvaltningslag-2017900_sfs-2017-900/;2.2.0;https://nic-esp.github.io/miljotillstandsrisker/data/riskregister-items.csv;2026-09-30;R-B70-G110-03:mitigation;Verkställbarhetsgranska alla skydds- och kompensationsvillkor mot genomförandegeometrin redan när besluten fattas. Kräv att villkorsförslagen i ansökningsfasen åtföljs av en genomförandeplan. Involvera både ekologisk och konstruktionssakkunskap i förenlighetskontrollen.;Delvis inom mandat efter avgränsning;Anpassning av befintligt förslag, avgränsad till myndighetens del;Kontrollera egna villkors och kartbilagors förenlighet med kända prövade parametrar.;"Sökandens GIS, konstruktionsplan och samlade byggbarhetskontroll; ingen makt att ändra koncession eller PBL-beslut.";
MPM-13__R-B60-080-01:trigger:01;MPM-13;Kontrollerad kungörelse, delgivning och överklagandeinformation;S1_beslutat_uppdrag;R-B60-080-01;Kungörelse- eller delgivningsfel gör prövningen sårbar för ogiltighet;B60;B60 – Ansökan, beslut och överprövning;B60-080;Kungör och remittera ansökan;R-B60-080-01:trigger:01;utlösande faktor;1;Sakägarförteckningen saknar en person eller fastighet som berörs av ansökan.;Direkt;"Verifierad kungörelse och mottagarkrets minskar processfel inom myndighetens ansvar; sökanden bidrar med korrekta uppgifter.";Verifiera mottagarkrets och kontaktuppgifter, publiceringssätt, delgivningsbevis och rätt instans och frist. Skilj tydligt mellan laga kraft, verkställbarhet och inhibition.;"Avser egna avgöranden. Tar inte bort talerätt eller överklaganden; godkänner inte projektets samlade byggberedskap.";"MB 19 kap. 4–5 §§; FL 33 och 44–46 §§; tillämpliga delgivnings- och fristregler";"Delgivnings- och hänvisningsfel per 100 beslut; rättelser av felaktig statusinformation";Publiceringsbevis, delgivningslogg, expedieringskontroll och överklagandehänvisning;Skyldigheterna finns i S0. Mät enbart minskning av påverkbara fel och följdomtag.;Löpande inom egen behörighet;Miljöprövningsmyndigheten;Första instans;analysis;;Endast egen behörig prövning av övertagna MPD-ärenden eller service knuten till denna. Övriga delar av riskpostens population kvarstår.;Minskad sannolikhet för den påverkbara delen;"Ej skattad; kräver mätning mot S0";"Samma normaliserade typårsportfölj i S0 och S1; särredovisa den andel där myndigheten har befogenhet";Kopplingsrader är inte additiva effekter. Gemensamma kostnader och överlappande kontroller ska räknas en gång.;"Beslutad organisationsinriktning och lagändringar för start 2027-07-01; detaljerad kontrollutformning är analysförslag";"Föreslagen kontroll; genomförande och effekt inte verifierade";"Käll- och strukturkontrollerad; inbyggd adversarial review ej tillgänglig";https://www.riksdagen.se/sv/dokument-och-lagar/dokument/kommittedirektiv/inrattande-av-en-ny-myndighet-for-miljoprovning_heb113/ | https://www.riksdagen.se/sv/dokument-och-lagar/dokument/svensk-forfattningssamling/miljobalk-1998808_sfs-1998-808/ | https://www.riksdagen.se/sv/dokument-och-lagar/dokument/svensk-forfattningssamling/forvaltningslag-2017900_sfs-2017-900/;2.2.0;https://nic-esp.github.io/miljotillstandsrisker/data/riskregister-items.csv;2026-09-30;R-B60-080-01:mitigation;"Kvalitetssäkra sakägarförteckningen mot fastighetsregister och lantmäteriet före kungörande; dokumentera varje delgivningsmoment; använd kompletterande personlig delgivning för kritiska sakägare.";Delvis inom mandat efter avgränsning;Anpassning av befintligt förslag, avgränsad till myndighetens del;Verifiera den egna kungörelsen och delgivningen samt dokumentera momenten.;Sökandens korrekta grunduppgifter. Personlig delgivning används där tillämpliga regler motiverar den, inte efter kommersiell prioritet.;
MPM-13__R-B60-080-01:trigger:02;MPM-13;Kontrollerad kungörelse, delgivning och överklagandeinformation;S1_beslutat_uppdrag;R-B60-080-01;Kungörelse- eller delgivningsfel gör prövningen sårbar för ogiltighet;B60;B60 – Ansökan, beslut och överprövning;B60-080;Kungör och remittera ansökan;R-B60-080-01:trigger:02;utlösande faktor;2;Kungörelsen innehåller inte den information eller publicering som processen kräver.;Direkt;"Verifierad kungörelse och mottagarkrets minskar processfel inom myndighetens ansvar; sökanden bidrar med korrekta uppgifter.";Verifiera mottagarkrets och kontaktuppgifter, publiceringssätt, delgivningsbevis och rätt instans och frist. Skilj tydligt mellan laga kraft, verkställbarhet och inhibition.;"Avser egna avgöranden. Tar inte bort talerätt eller överklaganden; godkänner inte projektets samlade byggberedskap.";"MB 19 kap. 4–5 §§; FL 33 och 44–46 §§; tillämpliga delgivnings- och fristregler";"Delgivnings- och hänvisningsfel per 100 beslut; rättelser av felaktig statusinformation";Publiceringsbevis, delgivningslogg, expedieringskontroll och överklagandehänvisning;Skyldigheterna finns i S0. Mät enbart minskning av påverkbara fel och följdomtag.;Löpande inom egen behörighet;Miljöprövningsmyndigheten;Första instans;source;MB;Endast egen behörig prövning av övertagna MPD-ärenden eller service knuten till denna. Övriga delar av riskpostens population kvarstår.;Minskad sannolikhet för den påverkbara delen;"Ej skattad; kräver mätning mot S0";"Samma normaliserade typårsportfölj i S0 och S1; särredovisa den andel där myndigheten har befogenhet";Kopplingsrader är inte additiva effekter. Gemensamma kostnader och överlappande kontroller ska räknas en gång.;"Beslutad organisationsinriktning och lagändringar för start 2027-07-01; detaljerad kontrollutformning är analysförslag";"Föreslagen kontroll; genomförande och effekt inte verifierade";"Käll- och strukturkontrollerad; inbyggd adversarial review ej tillgänglig";https://www.riksdagen.se/sv/dokument-och-lagar/dokument/kommittedirektiv/inrattande-av-en-ny-myndighet-for-miljoprovning_heb113/ | https://www.riksdagen.se/sv/dokument-och-lagar/dokument/svensk-forfattningssamling/miljobalk-1998808_sfs-1998-808/ | https://www.riksdagen.se/sv/dokument-och-lagar/dokument/svensk-forfattningssamling/forvaltningslag-2017900_sfs-2017-900/;2.2.0;https://nic-esp.github.io/miljotillstandsrisker/data/riskregister-items.csv;2026-09-30;R-B60-080-01:mitigation;"Kvalitetssäkra sakägarförteckningen mot fastighetsregister och lantmäteriet före kungörande; dokumentera varje delgivningsmoment; använd kompletterande personlig delgivning för kritiska sakägare.";Delvis inom mandat efter avgränsning;Anpassning av befintligt förslag, avgränsad till myndighetens del;Verifiera den egna kungörelsen och delgivningen samt dokumentera momenten.;Sökandens korrekta grunduppgifter. Personlig delgivning används där tillämpliga regler motiverar den, inte efter kommersiell prioritet.;
MPM-13__R-B60-080-01:trigger:03;MPM-13;Kontrollerad kungörelse, delgivning och överklagandeinformation;S1_beslutat_uppdrag;R-B60-080-01;Kungörelse- eller delgivningsfel gör prövningen sårbar för ogiltighet;B60;B60 – Ansökan, beslut och överprövning;B60-080;Kungör och remittera ansökan;R-B60-080-01:trigger:03;utlösande faktor;3;En delgivningsadress eller mottagaruppgift är felaktig.;Direkt;"Verifierad kungörelse och mottagarkrets minskar processfel inom myndighetens ansvar; sökanden bidrar med korrekta uppgifter.";Verifiera mottagarkrets och kontaktuppgifter, publiceringssätt, delgivningsbevis och rätt instans och frist. Skilj tydligt mellan laga kraft, verkställbarhet och inhibition.;"Avser egna avgöranden. Tar inte bort talerätt eller överklaganden; godkänner inte projektets samlade byggberedskap.";"MB 19 kap. 4–5 §§; FL 33 och 44–46 §§; tillämpliga delgivnings- och fristregler";"Delgivnings- och hänvisningsfel per 100 beslut; rättelser av felaktig statusinformation";Publiceringsbevis, delgivningslogg, expedieringskontroll och överklagandehänvisning;Skyldigheterna finns i S0. Mät enbart minskning av påverkbara fel och följdomtag.;Löpande inom egen behörighet;Miljöprövningsmyndigheten;Första instans;analysis;;Endast egen behörig prövning av övertagna MPD-ärenden eller service knuten till denna. Övriga delar av riskpostens population kvarstår.;Minskad sannolikhet för den påverkbara delen;"Ej skattad; kräver mätning mot S0";"Samma normaliserade typårsportfölj i S0 och S1; särredovisa den andel där myndigheten har befogenhet";Kopplingsrader är inte additiva effekter. Gemensamma kostnader och överlappande kontroller ska räknas en gång.;"Beslutad organisationsinriktning och lagändringar för start 2027-07-01; detaljerad kontrollutformning är analysförslag";"Föreslagen kontroll; genomförande och effekt inte verifierade";"Käll- och strukturkontrollerad; inbyggd adversarial review ej tillgänglig";https://www.riksdagen.se/sv/dokument-och-lagar/dokument/kommittedirektiv/inrattande-av-en-ny-myndighet-for-miljoprovning_heb113/ | https://www.riksdagen.se/sv/dokument-och-lagar/dokument/svensk-forfattningssamling/miljobalk-1998808_sfs-1998-808/ | https://www.riksdagen.se/sv/dokument-och-lagar/dokument/svensk-forfattningssamling/forvaltningslag-2017900_sfs-2017-900/;2.2.0;https://nic-esp.github.io/miljotillstandsrisker/data/riskregister-items.csv;2026-09-30;R-B60-080-01:mitigation;"Kvalitetssäkra sakägarförteckningen mot fastighetsregister och lantmäteriet före kungörande; dokumentera varje delgivningsmoment; använd kompletterande personlig delgivning för kritiska sakägare.";Delvis inom mandat efter avgränsning;Anpassning av befintligt förslag, avgränsad till myndighetens del;Verifiera den egna kungörelsen och delgivningen samt dokumentera momenten.;Sökandens korrekta grunduppgifter. Personlig delgivning används där tillämpliga regler motiverar den, inte efter kommersiell prioritet.;
MPM-13__R-B60-080-01:trigger:04;MPM-13;Kontrollerad kungörelse, delgivning och överklagandeinformation;S1_beslutat_uppdrag;R-B60-080-01;Kungörelse- eller delgivningsfel gör prövningen sårbar för ogiltighet;B60;B60 – Ansökan, beslut och överprövning;B60-080;Kungör och remittera ansökan;R-B60-080-01:trigger:04;utlösande faktor;4;En väsentligt ändrad ansökan kommuniceras inte till den berörda kretsen.;Direkt;"Verifierad kungörelse och mottagarkrets minskar processfel inom myndighetens ansvar; sökanden bidrar med korrekta uppgifter.";Verifiera mottagarkrets och kontaktuppgifter, publiceringssätt, delgivningsbevis och rätt instans och frist. Skilj tydligt mellan laga kraft, verkställbarhet och inhibition.;"Avser egna avgöranden. Tar inte bort talerätt eller överklaganden; godkänner inte projektets samlade byggberedskap.";"MB 19 kap. 4–5 §§; FL 33 och 44–46 §§; tillämpliga delgivnings- och fristregler";"Delgivnings- och hänvisningsfel per 100 beslut; rättelser av felaktig statusinformation";Publiceringsbevis, delgivningslogg, expedieringskontroll och överklagandehänvisning;Skyldigheterna finns i S0. Mät enbart minskning av påverkbara fel och följdomtag.;Löpande inom egen behörighet;Miljöprövningsmyndigheten;Första instans;analysis;;Endast egen behörig prövning av övertagna MPD-ärenden eller service knuten till denna. Övriga delar av riskpostens population kvarstår.;Minskad sannolikhet för den påverkbara delen;"Ej skattad; kräver mätning mot S0";"Samma normaliserade typårsportfölj i S0 och S1; särredovisa den andel där myndigheten har befogenhet";Kopplingsrader är inte additiva effekter. Gemensamma kostnader och överlappande kontroller ska räknas en gång.;"Beslutad organisationsinriktning och lagändringar för start 2027-07-01; detaljerad kontrollutformning är analysförslag";"Föreslagen kontroll; genomförande och effekt inte verifierade";"Käll- och strukturkontrollerad; inbyggd adversarial review ej tillgänglig";https://www.riksdagen.se/sv/dokument-och-lagar/dokument/kommittedirektiv/inrattande-av-en-ny-myndighet-for-miljoprovning_heb113/ | https://www.riksdagen.se/sv/dokument-och-lagar/dokument/svensk-forfattningssamling/miljobalk-1998808_sfs-1998-808/ | https://www.riksdagen.se/sv/dokument-och-lagar/dokument/svensk-forfattningssamling/forvaltningslag-2017900_sfs-2017-900/;2.2.0;https://nic-esp.github.io/miljotillstandsrisker/data/riskregister-items.csv;2026-09-30;R-B60-080-01:mitigation;"Kvalitetssäkra sakägarförteckningen mot fastighetsregister och lantmäteriet före kungörande; dokumentera varje delgivningsmoment; använd kompletterande personlig delgivning för kritiska sakägare.";Delvis inom mandat efter avgränsning;Anpassning av befintligt förslag, avgränsad till myndighetens del;Verifiera den egna kungörelsen och delgivningen samt dokumentera momenten.;Sökandens korrekta grunduppgifter. Personlig delgivning används där tillämpliga regler motiverar den, inte efter kommersiell prioritet.;
MPM-13__R-B60-190-02:trigger:01;MPM-13;Kontrollerad kungörelse, delgivning och överklagandeinformation;S1_beslutat_uppdrag;R-B60-190-02;Fel i överklagandehänvisning eller verkställighetsbesked skapar fristkaos;B60;B60 – Ansökan, beslut och överprövning;B60-190;Meddela beslut eller dom;R-B60-190-02:trigger:01;utlösande faktor;1;Överklagandehänvisningen anger fel instans eller fel sätt att ge in överklagandet.;Direkt;Expedieringskontroll skiljer rätt frist, forum och verkställighetsstatus åt.;Verifiera mottagarkrets och kontaktuppgifter, publiceringssätt, delgivningsbevis och rätt instans och frist. Skilj tydligt mellan laga kraft, verkställbarhet och inhibition.;"Avser egna avgöranden. Tar inte bort talerätt eller överklaganden; godkänner inte projektets samlade byggberedskap.";"MB 19 kap. 4–5 §§; FL 33 och 44–46 §§; tillämpliga delgivnings- och fristregler";"Delgivnings- och hänvisningsfel per 100 beslut; rättelser av felaktig statusinformation";Publiceringsbevis, delgivningslogg, expedieringskontroll och överklagandehänvisning;Skyldigheterna finns i S0. Mät enbart minskning av påverkbara fel och följdomtag.;Löpande inom egen behörighet;Miljöprövningsmyndigheten;Första instans;source;FL;Endast egen behörig prövning av övertagna MPD-ärenden eller service knuten till denna. Övriga delar av riskpostens population kvarstår.;Minskad sannolikhet för den påverkbara delen;"Ej skattad; kräver mätning mot S0";"Samma normaliserade typårsportfölj i S0 och S1; särredovisa den andel där myndigheten har befogenhet";Kopplingsrader är inte additiva effekter. Gemensamma kostnader och överlappande kontroller ska räknas en gång.;"Beslutad organisationsinriktning och lagändringar för start 2027-07-01; detaljerad kontrollutformning är analysförslag";"Föreslagen kontroll; genomförande och effekt inte verifierade";"Käll- och strukturkontrollerad; inbyggd adversarial review ej tillgänglig";https://www.riksdagen.se/sv/dokument-och-lagar/dokument/kommittedirektiv/inrattande-av-en-ny-myndighet-for-miljoprovning_heb113/ | https://www.riksdagen.se/sv/dokument-och-lagar/dokument/svensk-forfattningssamling/miljobalk-1998808_sfs-1998-808/ | https://www.riksdagen.se/sv/dokument-och-lagar/dokument/svensk-forfattningssamling/forvaltningslag-2017900_sfs-2017-900/;2.2.0;https://nic-esp.github.io/miljotillstandsrisker/data/riskregister-items.csv;2026-09-30;R-B60-190-02:mitigation;"Granska hänvisningen mot aktuell instanskedja direkt vid beslutet; begär rättelse av uppenbara fel enligt rättelsebestämmelserna; dokumentera beslutets exakta delgivnings- och kungörelsedatum.";Delvis inom mandat efter avgränsning;Anpassning av befintligt förslag, avgränsad till myndighetens del;Kontrollera egen hänvisning, delgivning, datum och uppgift om helt eller delvis slutligt utfall.;Sökandens fullständiga finalitetsbevakning, finansiering och byggstartsbeslut. Upplysningar skapar inte rättskraft.;
MPM-13__R-B60-190-02:trigger:02;MPM-13;Kontrollerad kungörelse, delgivning och överklagandeinformation;S1_beslutat_uppdrag;R-B60-190-02;Fel i överklagandehänvisning eller verkställighetsbesked skapar fristkaos;B60;B60 – Ansökan, beslut och överprövning;B60-190;Meddela beslut eller dom;R-B60-190-02:trigger:02;utlösande faktor;2;Överklagandehänvisningen anger en felaktig sista dag.;Direkt;Expedieringskontroll skiljer rätt frist, forum och verkställighetsstatus åt.;Verifiera mottagarkrets och kontaktuppgifter, publiceringssätt, delgivningsbevis och rätt instans och frist. Skilj tydligt mellan laga kraft, verkställbarhet och inhibition.;"Avser egna avgöranden. Tar inte bort talerätt eller överklaganden; godkänner inte projektets samlade byggberedskap.";"MB 19 kap. 4–5 §§; FL 33 och 44–46 §§; tillämpliga delgivnings- och fristregler";"Delgivnings- och hänvisningsfel per 100 beslut; rättelser av felaktig statusinformation";Publiceringsbevis, delgivningslogg, expedieringskontroll och överklagandehänvisning;Skyldigheterna finns i S0. Mät enbart minskning av påverkbara fel och följdomtag.;Löpande inom egen behörighet;Miljöprövningsmyndigheten;Första instans;source;FL;Endast egen behörig prövning av övertagna MPD-ärenden eller service knuten till denna. Övriga delar av riskpostens population kvarstår.;Minskad sannolikhet för den påverkbara delen;"Ej skattad; kräver mätning mot S0";"Samma normaliserade typårsportfölj i S0 och S1; särredovisa den andel där myndigheten har befogenhet";Kopplingsrader är inte additiva effekter. Gemensamma kostnader och överlappande kontroller ska räknas en gång.;"Beslutad organisationsinriktning och lagändringar för start 2027-07-01; detaljerad kontrollutformning är analysförslag";"Föreslagen kontroll; genomförande och effekt inte verifierade";"Käll- och strukturkontrollerad; inbyggd adversarial review ej tillgänglig";https://www.riksdagen.se/sv/dokument-och-lagar/dokument/kommittedirektiv/inrattande-av-en-ny-myndighet-for-miljoprovning_heb113/ | https://www.riksdagen.se/sv/dokument-och-lagar/dokument/svensk-forfattningssamling/miljobalk-1998808_sfs-1998-808/ | https://www.riksdagen.se/sv/dokument-och-lagar/dokument/svensk-forfattningssamling/forvaltningslag-2017900_sfs-2017-900/;2.2.0;https://nic-esp.github.io/miljotillstandsrisker/data/riskregister-items.csv;2026-09-30;R-B60-190-02:mitigation;"Granska hänvisningen mot aktuell instanskedja direkt vid beslutet; begär rättelse av uppenbara fel enligt rättelsebestämmelserna; dokumentera beslutets exakta delgivnings- och kungörelsedatum.";Delvis inom mandat efter avgränsning;Anpassning av befintligt förslag, avgränsad till myndighetens del;Kontrollera egen hänvisning, delgivning, datum och uppgift om helt eller delvis slutligt utfall.;Sökandens fullständiga finalitetsbevakning, finansiering och byggstartsbeslut. Upplysningar skapar inte rättskraft.;
MPM-13__R-B60-190-02:trigger:03;MPM-13;Kontrollerad kungörelse, delgivning och överklagandeinformation;S1_beslutat_uppdrag;R-B60-190-02;Fel i överklagandehänvisning eller verkställighetsbesked skapar fristkaos;B60;B60 – Ansökan, beslut och överprövning;B60-190;Meddela beslut eller dom;R-B60-190-02:trigger:03;utlösande faktor;3;Avgörandet skiljer inte tydligt mellan laga kraft och möjligheten att verkställa beslutet tidigare.;Direkt;Expedieringskontroll skiljer rätt frist, forum och verkställighetsstatus åt.;Verifiera mottagarkrets och kontaktuppgifter, publiceringssätt, delgivningsbevis och rätt instans och frist. Skilj tydligt mellan laga kraft, verkställbarhet och inhibition.;"Avser egna avgöranden. Tar inte bort talerätt eller överklaganden; godkänner inte projektets samlade byggberedskap.";"MB 19 kap. 4–5 §§; FL 33 och 44–46 §§; tillämpliga delgivnings- och fristregler";"Delgivnings- och hänvisningsfel per 100 beslut; rättelser av felaktig statusinformation";Publiceringsbevis, delgivningslogg, expedieringskontroll och överklagandehänvisning;Skyldigheterna finns i S0. Mät enbart minskning av påverkbara fel och följdomtag.;Löpande inom egen behörighet;Miljöprövningsmyndigheten;Första instans;analysis;;Endast egen behörig prövning av övertagna MPD-ärenden eller service knuten till denna. Övriga delar av riskpostens population kvarstår.;Minskad sannolikhet för den påverkbara delen;"Ej skattad; kräver mätning mot S0";"Samma normaliserade typårsportfölj i S0 och S1; särredovisa den andel där myndigheten har befogenhet";Kopplingsrader är inte additiva effekter. Gemensamma kostnader och överlappande kontroller ska räknas en gång.;"Beslutad organisationsinriktning och lagändringar för start 2027-07-01; detaljerad kontrollutformning är analysförslag";"Föreslagen kontroll; genomförande och effekt inte verifierade";"Käll- och strukturkontrollerad; inbyggd adversarial review ej tillgänglig";https://www.riksdagen.se/sv/dokument-och-lagar/dokument/kommittedirektiv/inrattande-av-en-ny-myndighet-for-miljoprovning_heb113/ | https://www.riksdagen.se/sv/dokument-och-lagar/dokument/svensk-forfattningssamling/miljobalk-1998808_sfs-1998-808/ | https://www.riksdagen.se/sv/dokument-och-lagar/dokument/svensk-forfattningssamling/forvaltningslag-2017900_sfs-2017-900/;2.2.0;https://nic-esp.github.io/miljotillstandsrisker/data/riskregister-items.csv;2026-09-30;R-B60-190-02:mitigation;"Granska hänvisningen mot aktuell instanskedja direkt vid beslutet; begär rättelse av uppenbara fel enligt rättelsebestämmelserna; dokumentera beslutets exakta delgivnings- och kungörelsedatum.";Delvis inom mandat efter avgränsning;Anpassning av befintligt förslag, avgränsad till myndighetens del;Kontrollera egen hänvisning, delgivning, datum och uppgift om helt eller delvis slutligt utfall.;Sökandens fullständiga finalitetsbevakning, finansiering och byggstartsbeslut. Upplysningar skapar inte rättskraft.;
MPM-13__R-B60-190-02:trigger:04;MPM-13;Kontrollerad kungörelse, delgivning och överklagandeinformation;S1_beslutat_uppdrag;R-B60-190-02;Fel i överklagandehänvisning eller verkställighetsbesked skapar fristkaos;B60;B60 – Ansökan, beslut och överprövning;B60-190;Meddela beslut eller dom;R-B60-190-02:trigger:04;utlösande faktor;4;Ett särskilt verkställighetsförordnande eller en begränsning återges inte konsekvent i domslut och bilagor.;Direkt;Expedieringskontroll skiljer rätt frist, forum och verkställighetsstatus åt.;Verifiera mottagarkrets och kontaktuppgifter, publiceringssätt, delgivningsbevis och rätt instans och frist. Skilj tydligt mellan laga kraft, verkställbarhet och inhibition.;"Avser egna avgöranden. Tar inte bort talerätt eller överklaganden; godkänner inte projektets samlade byggberedskap.";"MB 19 kap. 4–5 §§; FL 33 och 44–46 §§; tillämpliga delgivnings- och fristregler";"Delgivnings- och hänvisningsfel per 100 beslut; rättelser av felaktig statusinformation";Publiceringsbevis, delgivningslogg, expedieringskontroll och överklagandehänvisning;Skyldigheterna finns i S0. Mät enbart minskning av påverkbara fel och följdomtag.;Löpande inom egen behörighet;Miljöprövningsmyndigheten;Första instans;analysis;;Endast egen behörig prövning av övertagna MPD-ärenden eller service knuten till denna. Övriga delar av riskpostens population kvarstår.;Minskad sannolikhet för den påverkbara delen;"Ej skattad; kräver mätning mot S0";"Samma normaliserade typårsportfölj i S0 och S1; särredovisa den andel där myndigheten har befogenhet";Kopplingsrader är inte additiva effekter. Gemensamma kostnader och överlappande kontroller ska räknas en gång.;"Beslutad organisationsinriktning och lagändringar för start 2027-07-01; detaljerad kontrollutformning är analysförslag";"Föreslagen kontroll; genomförande och effekt inte verifierade";"Käll- och strukturkontrollerad; inbyggd adversarial review ej tillgänglig";https://www.riksdagen.se/sv/dokument-och-lagar/dokument/kommittedirektiv/inrattande-av-en-ny-myndighet-for-miljoprovning_heb113/ | https://www.riksdagen.se/sv/dokument-och-lagar/dokument/svensk-forfattningssamling/miljobalk-1998808_sfs-1998-808/ | https://www.riksdagen.se/sv/dokument-och-lagar/dokument/svensk-forfattningssamling/forvaltningslag-2017900_sfs-2017-900/;2.2.0;https://nic-esp.github.io/miljotillstandsrisker/data/riskregister-items.csv;2026-09-30;R-B60-190-02:mitigation;"Granska hänvisningen mot aktuell instanskedja direkt vid beslutet; begär rättelse av uppenbara fel enligt rättelsebestämmelserna; dokumentera beslutets exakta delgivnings- och kungörelsedatum.";Delvis inom mandat efter avgränsning;Anpassning av befintligt förslag, avgränsad till myndighetens del;Kontrollera egen hänvisning, delgivning, datum och uppgift om helt eller delvis slutligt utfall.;Sökandens fullständiga finalitetsbevakning, finansiering och byggstartsbeslut. Upplysningar skapar inte rättskraft.;
MPM-13__R-B60-200-01:trigger:01;MPM-13;Kontrollerad kungörelse, delgivning och överklagandeinformation;S1_beslutat_uppdrag;R-B60-200-01;Fel i delgivning eller kungörelse försvårar beräkningen av överklagandetiden;B60;B60 – Ansökan, beslut och överprövning;B60-200;Delge/kungör avgörandet och beräkna överklagandetid;R-B60-200-01:trigger:01;utlösande faktor;1;En part eller känd sakägare som ska nås av avgörandet saknas i delgivningslistan.;Direkt;Dokumenterad kontroll minskar fel i delgivning och bevisning om när den skett.;Verifiera mottagarkrets och kontaktuppgifter, publiceringssätt, delgivningsbevis och rätt instans och frist. Skilj tydligt mellan laga kraft, verkställbarhet och inhibition.;"Avser egna avgöranden. Tar inte bort talerätt eller överklaganden; godkänner inte projektets samlade byggberedskap.";"MB 19 kap. 4–5 §§; FL 33 och 44–46 §§; tillämpliga delgivnings- och fristregler";"Delgivnings- och hänvisningsfel per 100 beslut; rättelser av felaktig statusinformation";Publiceringsbevis, delgivningslogg, expedieringskontroll och överklagandehänvisning;Skyldigheterna finns i S0. Mät enbart minskning av påverkbara fel och följdomtag.;Löpande inom egen behörighet;Miljöprövningsmyndigheten;Första instans;source;MB | FL;Endast egen behörig prövning av övertagna MPD-ärenden eller service knuten till denna. Övriga delar av riskpostens population kvarstår.;Minskad sannolikhet för den påverkbara delen;"Ej skattad; kräver mätning mot S0";"Samma normaliserade typårsportfölj i S0 och S1; särredovisa den andel där myndigheten har befogenhet";Kopplingsrader är inte additiva effekter. Gemensamma kostnader och överlappande kontroller ska räknas en gång.;"Beslutad organisationsinriktning och lagändringar för start 2027-07-01; detaljerad kontrollutformning är analysförslag";"Föreslagen kontroll; genomförande och effekt inte verifierade";"Käll- och strukturkontrollerad; inbyggd adversarial review ej tillgänglig";https://www.riksdagen.se/sv/dokument-och-lagar/dokument/kommittedirektiv/inrattande-av-en-ny-myndighet-for-miljoprovning_heb113/ | https://www.riksdagen.se/sv/dokument-och-lagar/dokument/svensk-forfattningssamling/miljobalk-1998808_sfs-1998-808/ | https://www.riksdagen.se/sv/dokument-och-lagar/dokument/svensk-forfattningssamling/forvaltningslag-2017900_sfs-2017-900/;2.2.0;https://nic-esp.github.io/miljotillstandsrisker/data/riskregister-items.csv;2026-09-30;R-B60-200-01:mitigation;Registrera för varje avgörande beslutsinstans, tillämplig processlag, delgivnings- eller kungörelsedatum, klagandekategori, frist och sista överklagandedag. Begär finalitetsbevis först när samtliga relevanta frister har kontrollerats enligt rätt regelverk.;Delvis inom mandat efter avgränsning;Anpassning av befintligt förslag, avgränsad till myndighetens del;Kontrollera egen hänvisning, delgivning, datum och uppgift om helt eller delvis slutligt utfall.;Sökandens fullständiga finalitetsbevakning, finansiering och byggstartsbeslut. Upplysningar skapar inte rättskraft.;
MPM-13__R-B60-200-01:trigger:02;MPM-13;Kontrollerad kungörelse, delgivning och överklagandeinformation;S1_beslutat_uppdrag;R-B60-200-01;Fel i delgivning eller kungörelse försvårar beräkningen av överklagandetiden;B60;B60 – Ansökan, beslut och överprövning;B60-200;Delge/kungör avgörandet och beräkna överklagandetid;R-B60-200-01:trigger:02;utlösande faktor;2;Delgivningen skickas till en inaktuell eller felaktig adress.;Direkt;Dokumenterad kontroll minskar fel i delgivning och bevisning om när den skett.;Verifiera mottagarkrets och kontaktuppgifter, publiceringssätt, delgivningsbevis och rätt instans och frist. Skilj tydligt mellan laga kraft, verkställbarhet och inhibition.;"Avser egna avgöranden. Tar inte bort talerätt eller överklaganden; godkänner inte projektets samlade byggberedskap.";"MB 19 kap. 4–5 §§; FL 33 och 44–46 §§; tillämpliga delgivnings- och fristregler";"Delgivnings- och hänvisningsfel per 100 beslut; rättelser av felaktig statusinformation";Publiceringsbevis, delgivningslogg, expedieringskontroll och överklagandehänvisning;Skyldigheterna finns i S0. Mät enbart minskning av påverkbara fel och följdomtag.;Löpande inom egen behörighet;Miljöprövningsmyndigheten;Första instans;analysis;;Endast egen behörig prövning av övertagna MPD-ärenden eller service knuten till denna. Övriga delar av riskpostens population kvarstår.;Minskad sannolikhet för den påverkbara delen;"Ej skattad; kräver mätning mot S0";"Samma normaliserade typårsportfölj i S0 och S1; särredovisa den andel där myndigheten har befogenhet";Kopplingsrader är inte additiva effekter. Gemensamma kostnader och överlappande kontroller ska räknas en gång.;"Beslutad organisationsinriktning och lagändringar för start 2027-07-01; detaljerad kontrollutformning är analysförslag";"Föreslagen kontroll; genomförande och effekt inte verifierade";"Käll- och strukturkontrollerad; inbyggd adversarial review ej tillgänglig";https://www.riksdagen.se/sv/dokument-och-lagar/dokument/kommittedirektiv/inrattande-av-en-ny-myndighet-for-miljoprovning_heb113/ | https://www.riksdagen.se/sv/dokument-och-lagar/dokument/svensk-forfattningssamling/miljobalk-1998808_sfs-1998-808/ | https://www.riksdagen.se/sv/dokument-och-lagar/dokument/svensk-forfattningssamling/forvaltningslag-2017900_sfs-2017-900/;2.2.0;https://nic-esp.github.io/miljotillstandsrisker/data/riskregister-items.csv;2026-09-30;R-B60-200-01:mitigation;Registrera för varje avgörande beslutsinstans, tillämplig processlag, delgivnings- eller kungörelsedatum, klagandekategori, frist och sista överklagandedag. Begär finalitetsbevis först när samtliga relevanta frister har kontrollerats enligt rätt regelverk.;Delvis inom mandat efter avgränsning;Anpassning av befintligt förslag, avgränsad till myndighetens del;Kontrollera egen hänvisning, delgivning, datum och uppgift om helt eller delvis slutligt utfall.;Sökandens fullständiga finalitetsbevakning, finansiering och byggstartsbeslut. Upplysningar skapar inte rättskraft.;
MPM-13__R-B60-200-01:trigger:03;MPM-13;Kontrollerad kungörelse, delgivning och överklagandeinformation;S1_beslutat_uppdrag;R-B60-200-01;Fel i delgivning eller kungörelse försvårar beräkningen av överklagandetiden;B60;B60 – Ansökan, beslut och överprövning;B60-200;Delge/kungör avgörandet och beräkna överklagandetid;R-B60-200-01:trigger:03;utlösande faktor;3;Kungörelsen genomförs inte på det sätt som gäller för avgörandet.;Direkt;Dokumenterad kontroll minskar fel i delgivning och bevisning om när den skett.;Verifiera mottagarkrets och kontaktuppgifter, publiceringssätt, delgivningsbevis och rätt instans och frist. Skilj tydligt mellan laga kraft, verkställbarhet och inhibition.;"Avser egna avgöranden. Tar inte bort talerätt eller överklaganden; godkänner inte projektets samlade byggberedskap.";"MB 19 kap. 4–5 §§; FL 33 och 44–46 §§; tillämpliga delgivnings- och fristregler";"Delgivnings- och hänvisningsfel per 100 beslut; rättelser av felaktig statusinformation";Publiceringsbevis, delgivningslogg, expedieringskontroll och överklagandehänvisning;Skyldigheterna finns i S0. Mät enbart minskning av påverkbara fel och följdomtag.;Löpande inom egen behörighet;Miljöprövningsmyndigheten;Första instans;source;MB;Endast egen behörig prövning av övertagna MPD-ärenden eller service knuten till denna. Övriga delar av riskpostens population kvarstår.;Minskad sannolikhet för den påverkbara delen;"Ej skattad; kräver mätning mot S0";"Samma normaliserade typårsportfölj i S0 och S1; särredovisa den andel där myndigheten har befogenhet";Kopplingsrader är inte additiva effekter. Gemensamma kostnader och överlappande kontroller ska räknas en gång.;"Beslutad organisationsinriktning och lagändringar för start 2027-07-01; detaljerad kontrollutformning är analysförslag";"Föreslagen kontroll; genomförande och effekt inte verifierade";"Käll- och strukturkontrollerad; inbyggd adversarial review ej tillgänglig";https://www.riksdagen.se/sv/dokument-och-lagar/dokument/kommittedirektiv/inrattande-av-en-ny-myndighet-for-miljoprovning_heb113/ | https://www.riksdagen.se/sv/dokument-och-lagar/dokument/svensk-forfattningssamling/miljobalk-1998808_sfs-1998-808/ | https://www.riksdagen.se/sv/dokument-och-lagar/dokument/svensk-forfattningssamling/forvaltningslag-2017900_sfs-2017-900/;2.2.0;https://nic-esp.github.io/miljotillstandsrisker/data/riskregister-items.csv;2026-09-30;R-B60-200-01:mitigation;Registrera för varje avgörande beslutsinstans, tillämplig processlag, delgivnings- eller kungörelsedatum, klagandekategori, frist och sista överklagandedag. Begär finalitetsbevis först när samtliga relevanta frister har kontrollerats enligt rätt regelverk.;Delvis inom mandat efter avgränsning;Anpassning av befintligt förslag, avgränsad till myndighetens del;Kontrollera egen hänvisning, delgivning, datum och uppgift om helt eller delvis slutligt utfall.;Sökandens fullständiga finalitetsbevakning, finansiering och byggstartsbeslut. Upplysningar skapar inte rättskraft.;
MPM-13__R-B60-200-01:trigger:04;MPM-13;Kontrollerad kungörelse, delgivning och överklagandeinformation;S1_beslutat_uppdrag;R-B60-200-01;Fel i delgivning eller kungörelse försvårar beräkningen av överklagandetiden;B60;B60 – Ansökan, beslut och överprövning;B60-200;Delge/kungör avgörandet och beräkna överklagandetid;R-B60-200-01:trigger:04;utlösande faktor;4;Akten saknar tillförlitlig dokumentation om när mottagaren fick del av avgörandet.;Direkt;Dokumenterad kontroll minskar fel i delgivning och bevisning om när den skett.;Verifiera mottagarkrets och kontaktuppgifter, publiceringssätt, delgivningsbevis och rätt instans och frist. Skilj tydligt mellan laga kraft, verkställbarhet och inhibition.;"Avser egna avgöranden. Tar inte bort talerätt eller överklaganden; godkänner inte projektets samlade byggberedskap.";"MB 19 kap. 4–5 §§; FL 33 och 44–46 §§; tillämpliga delgivnings- och fristregler";"Delgivnings- och hänvisningsfel per 100 beslut; rättelser av felaktig statusinformation";Publiceringsbevis, delgivningslogg, expedieringskontroll och överklagandehänvisning;Skyldigheterna finns i S0. Mät enbart minskning av påverkbara fel och följdomtag.;Löpande inom egen behörighet;Miljöprövningsmyndigheten;Första instans;analysis;;Endast egen behörig prövning av övertagna MPD-ärenden eller service knuten till denna. Övriga delar av riskpostens population kvarstår.;Minskad sannolikhet för den påverkbara delen;"Ej skattad; kräver mätning mot S0";"Samma normaliserade typårsportfölj i S0 och S1; särredovisa den andel där myndigheten har befogenhet";Kopplingsrader är inte additiva effekter. Gemensamma kostnader och överlappande kontroller ska räknas en gång.;"Beslutad organisationsinriktning och lagändringar för start 2027-07-01; detaljerad kontrollutformning är analysförslag";"Föreslagen kontroll; genomförande och effekt inte verifierade";"Käll- och strukturkontrollerad; inbyggd adversarial review ej tillgänglig";https://www.riksdagen.se/sv/dokument-och-lagar/dokument/kommittedirektiv/inrattande-av-en-ny-myndighet-for-miljoprovning_heb113/ | https://www.riksdagen.se/sv/dokument-och-lagar/dokument/svensk-forfattningssamling/miljobalk-1998808_sfs-1998-808/ | https://www.riksdagen.se/sv/dokument-och-lagar/dokument/svensk-forfattningssamling/forvaltningslag-2017900_sfs-2017-900/;2.2.0;https://nic-esp.github.io/miljotillstandsrisker/data/riskregister-items.csv;2026-09-30;R-B60-200-01:mitigation;Registrera för varje avgörande beslutsinstans, tillämplig processlag, delgivnings- eller kungörelsedatum, klagandekategori, frist och sista överklagandedag. Begär finalitetsbevis först när samtliga relevanta frister har kontrollerats enligt rätt regelverk.;Delvis inom mandat efter avgränsning;Anpassning av befintligt förslag, avgränsad till myndighetens del;Kontrollera egen hänvisning, delgivning, datum och uppgift om helt eller delvis slutligt utfall.;Sökandens fullständiga finalitetsbevakning, finansiering och byggstartsbeslut. Upplysningar skapar inte rättskraft.;
MPM-13__R-B60-200-02:trigger:03;MPM-13;Kontrollerad kungörelse, delgivning och överklagandeinformation;S1_beslutat_uppdrag;R-B60-200-02;Helger, semester och postlogistik rubbar fristberäkningen;B60;B60 – Ansökan, beslut och överprövning;B60-200;Delge/kungör avgörandet och beräkna överklagandetid;R-B60-200-02:trigger:03;utlösande faktor;3;En e-tjänst registrerar eller aviserar delgivningen på ett sätt som skapar osäkerhet om mottagningsdagen.;Direkt;Tillförlitlig egen mottagnings- och aviseringslogg minskar osäkerhet om datum.;Verifiera mottagarkrets och kontaktuppgifter, publiceringssätt, delgivningsbevis och rätt instans och frist. Skilj tydligt mellan laga kraft, verkställbarhet och inhibition.;"Avser egna avgöranden. Tar inte bort talerätt eller överklaganden; godkänner inte projektets samlade byggberedskap.";"MB 19 kap. 4–5 §§; FL 33 och 44–46 §§; tillämpliga delgivnings- och fristregler";"Delgivnings- och hänvisningsfel per 100 beslut; rättelser av felaktig statusinformation";Publiceringsbevis, delgivningslogg, expedieringskontroll och överklagandehänvisning;Skyldigheterna finns i S0. Mät enbart minskning av påverkbara fel och följdomtag.;Löpande inom egen behörighet;Miljöprövningsmyndigheten;Första instans;analysis;;Endast egen behörig prövning av övertagna MPD-ärenden eller service knuten till denna. Övriga delar av riskpostens population kvarstår.;Minskad sannolikhet för den påverkbara delen;"Ej skattad; kräver mätning mot S0";"Samma normaliserade typårsportfölj i S0 och S1; särredovisa den andel där myndigheten har befogenhet";Kopplingsrader är inte additiva effekter. Gemensamma kostnader och överlappande kontroller ska räknas en gång.;"Beslutad organisationsinriktning och lagändringar för start 2027-07-01; detaljerad kontrollutformning är analysförslag";"Föreslagen kontroll; genomförande och effekt inte verifierade";"Käll- och strukturkontrollerad; inbyggd adversarial review ej tillgänglig";https://www.riksdagen.se/sv/dokument-och-lagar/dokument/kommittedirektiv/inrattande-av-en-ny-myndighet-for-miljoprovning_heb113/ | https://www.riksdagen.se/sv/dokument-och-lagar/dokument/svensk-forfattningssamling/miljobalk-1998808_sfs-1998-808/ | https://www.riksdagen.se/sv/dokument-och-lagar/dokument/svensk-forfattningssamling/forvaltningslag-2017900_sfs-2017-900/;2.2.0;https://nic-esp.github.io/miljotillstandsrisker/data/riskregister-items.csv;2026-09-30;R-B60-200-02:mitigation;"Planera för att beslut som kommer nära semesterperioder har fördröjd laga kraft; samla alla delgivnings- och kungörelsebevis i projektets beslutslogg; räkna konservativt på tidigast möjliga byggstart.";Delvis inom mandat efter avgränsning;Anpassning av befintligt förslag, avgränsad till myndighetens del;Kontrollera egen hänvisning, delgivning, datum och uppgift om helt eller delvis slutligt utfall.;Sökandens fullständiga finalitetsbevakning, finansiering och byggstartsbeslut. Upplysningar skapar inte rättskraft.;
MPM-13__R-B60-G230-01:trigger:03;MPM-13;Kontrollerad kungörelse, delgivning och överklagandeinformation;S1_beslutat_uppdrag;R-B60-G230-01;Klaganden väljer fel forum och får starta om;B60;B60 – Ansökan, beslut och överprövning;B60-G230;Vilken överprövningsväg gäller?;R-B60-G230-01:trigger:03;utlösande faktor;3;Överklagandehänvisningen är oklar eller läses inte mot den faktiska beslutstypen.;Indirekt via information;Tydlig hänvisning för egna beslut minskar risken för fel forum.;Verifiera mottagarkrets och kontaktuppgifter, publiceringssätt, delgivningsbevis och rätt instans och frist. Skilj tydligt mellan laga kraft, verkställbarhet och inhibition.;"Avser egna avgöranden. Tar inte bort talerätt eller överklaganden; godkänner inte projektets samlade byggberedskap.";"MB 19 kap. 4–5 §§; FL 33 och 44–46 §§; tillämpliga delgivnings- och fristregler";"Delgivnings- och hänvisningsfel per 100 beslut; rättelser av felaktig statusinformation";Publiceringsbevis, delgivningslogg, expedieringskontroll och överklagandehänvisning;Skyldigheterna finns i S0. Mät enbart minskning av påverkbara fel och följdomtag.;Löpande inom egen behörighet;Miljöprövningsmyndigheten;Överinstans;analysis;;Endast egen behörig prövning av övertagna MPD-ärenden eller service knuten till denna. Övriga delar av riskpostens population kvarstår.;Minskad sannolikhet för den påverkbara delen;"Ej skattad; kräver mätning mot S0";"Samma normaliserade typårsportfölj i S0 och S1; särredovisa den andel där myndigheten har befogenhet";Kopplingsrader är inte additiva effekter. Gemensamma kostnader och överlappande kontroller ska räknas en gång.;"Beslutad organisationsinriktning och lagändringar för start 2027-07-01; detaljerad kontrollutformning är analysförslag";"Föreslagen kontroll; genomförande och effekt inte verifierade";"Käll- och strukturkontrollerad; inbyggd adversarial review ej tillgänglig";https://www.riksdagen.se/sv/dokument-och-lagar/dokument/kommittedirektiv/inrattande-av-en-ny-myndighet-for-miljoprovning_heb113/ | https://www.riksdagen.se/sv/dokument-och-lagar/dokument/svensk-forfattningssamling/miljobalk-1998808_sfs-1998-808/ | https://www.riksdagen.se/sv/dokument-och-lagar/dokument/svensk-forfattningssamling/forvaltningslag-2017900_sfs-2017-900/;2.2.0;https://nic-esp.github.io/miljotillstandsrisker/data/riskregister-items.csv;2026-09-30;R-B60-G230-01:mitigation;"Ange korrekt beslutsmyndighet och behörig överinstans i varje överklagandemall. Om en handling hamnat fel, dokumentera ankomstdagen och kontrollera om skyddsregeln i 45 § FL är tillämplig; utgå inte från att varje felaktigt ingivande bevarar fristen.";Delvis inom mandat efter avgränsning;Anpassning av befintligt förslag, avgränsad till myndighetens del;Kontrollera egen hänvisning, delgivning, datum och uppgift om helt eller delvis slutligt utfall.;Sökandens fullständiga finalitetsbevakning, finansiering och byggstartsbeslut. Upplysningar skapar inte rättskraft.;
MPM-13__R-B70-G020-01:trigger:04;MPM-13;Kontrollerad kungörelse, delgivning och överklagandeinformation;S1_beslutat_uppdrag;R-B70-G020-01;Överklagande inkommer på sista fristdagen och ändrar finalitetsstatusen;B70;B70 – Laga kraft och byggberedskap;B70-G020;Är alla nödvändiga avgöranden slutliga eller verkställbara?;R-B70-G020-01:trigger:04;utlösande faktor;4;Beslutets finalitetsstatus har satts automatiskt utifrån kalenderdatum utan en slutlig kontroll hos beslutsmyndigheten.;Indirekt via information;Statusbesked grundas på kontrollerade inkomna handlingar, inte enbart automatisk datumräkning.;Verifiera mottagarkrets och kontaktuppgifter, publiceringssätt, delgivningsbevis och rätt instans och frist. Skilj tydligt mellan laga kraft, verkställbarhet och inhibition.;"Avser egna avgöranden. Tar inte bort talerätt eller överklaganden; godkänner inte projektets samlade byggberedskap.";"MB 19 kap. 4–5 §§; FL 33 och 44–46 §§; tillämpliga delgivnings- och fristregler";"Delgivnings- och hänvisningsfel per 100 beslut; rättelser av felaktig statusinformation";Publiceringsbevis, delgivningslogg, expedieringskontroll och överklagandehänvisning;Skyldigheterna finns i S0. Mät enbart minskning av påverkbara fel och följdomtag.;Löpande inom egen behörighet;Miljöprövningsmyndigheten;Projektägare och juridisk sakkunnig;analysis;;"Endast upplysning om egna beslut; projektet ansvarar för samlad byggberedskap.";Minskad sannolikhet för den påverkbara delen;"Ej skattad; kräver mätning mot S0";"Samma normaliserade typårsportfölj i S0 och S1; särredovisa den andel där myndigheten har befogenhet";Kopplingsrader är inte additiva effekter. Gemensamma kostnader och överlappande kontroller ska räknas en gång.;"Beslutad organisationsinriktning och lagändringar för start 2027-07-01; detaljerad kontrollutformning är analysförslag";"Föreslagen kontroll; genomförande och effekt inte verifierade";"Käll- och strukturkontrollerad; inbyggd adversarial review ej tillgänglig";https://www.riksdagen.se/sv/dokument-och-lagar/dokument/kommittedirektiv/inrattande-av-en-ny-myndighet-for-miljoprovning_heb113/ | https://www.riksdagen.se/sv/dokument-och-lagar/dokument/svensk-forfattningssamling/miljobalk-1998808_sfs-1998-808/ | https://www.riksdagen.se/sv/dokument-och-lagar/dokument/svensk-forfattningssamling/forvaltningslag-2017900_sfs-2017-900/;2.2.0;https://nic-esp.github.io/miljotillstandsrisker/data/riskregister-items.csv;2026-09-30;R-B70-G020-01:mitigation;"Bevaka diarier och delgivning aktivt under hela överklagandeperioden; planera inte byggstart förrän fristerna utlöpt. Kartlägg tidigt tänkbara klagande och deras bevakningsmönster. Förhandla flexibla startvillkor i entreprenad- och finansieringsavtal som tål fristdagsöverklaganden.";Utanför myndighetens kontrollansvar;Självständigt kontrollförslag efter jämförelse med befintlig åtgärd;Originalförslaget har granskats men är inte grund för denna kontrollkoppling.;Originalets föreslagna åtgärd kvarstår hos angiven aktör.;
MPM-13__R-B50-N060-03:trigger:02;MPM-13;Kontrollerad kungörelse, delgivning och överklagandeinformation;S1_beslutat_uppdrag;R-B50-N060-03;Beslutet är inte verkställbart – laga kraft missförstås och arbete stoppas;B50;B50 – Tvärgående och sektorsspecifika spår;B50-N060;Natura-beslut, överklagande och laga kraft;R-B50-N060-03:trigger:02;utlösande faktor;2;Byggledningen likställer ett meddelat beslut med laga kraft.;Indirekt via information;Tydlig information om det egna beslutets rättsliga status kan motverka sammanblandning av meddelat beslut och laga kraft.;Verifiera mottagarkrets och kontaktuppgifter, publiceringssätt, delgivningsbevis och rätt instans och frist. Skilj tydligt mellan laga kraft, verkställbarhet och inhibition.;"Avser egna avgöranden. Tar inte bort talerätt eller överklaganden; godkänner inte projektets samlade byggberedskap.";"MB 19 kap. 4–5 §§; FL 33 och 44–46 §§; tillämpliga delgivnings- och fristregler";"Delgivnings- och hänvisningsfel per 100 beslut; rättelser av felaktig statusinformation";Publiceringsbevis, delgivningslogg, expedieringskontroll och överklagandehänvisning;Skyldigheterna finns i S0. Mät enbart minskning av påverkbara fel och följdomtag.;Löpande inom egen behörighet;Miljöprövningsmyndigheten;Prövningsmyndighet, MMD och MÖD;analysis;;Endast eget Natura-beslut.;Minskad sannolikhet för den påverkbara delen;"Ej skattad; kräver mätning mot S0";"Samma normaliserade typårsportfölj i S0 och S1; särredovisa den andel där myndigheten har befogenhet";Kopplingsrader är inte additiva effekter. Gemensamma kostnader och överlappande kontroller ska räknas en gång.;"Beslutad organisationsinriktning och lagändringar för start 2027-07-01; detaljerad kontrollutformning är analysförslag";"Föreslagen kontroll; genomförande och effekt inte verifierade";"Käll- och strukturkontrollerad; inbyggd adversarial review ej tillgänglig";https://www.riksdagen.se/sv/dokument-och-lagar/dokument/kommittedirektiv/inrattande-av-en-ny-myndighet-for-miljoprovning_heb113/ | https://www.riksdagen.se/sv/dokument-och-lagar/dokument/svensk-forfattningssamling/miljobalk-1998808_sfs-1998-808/ | https://www.riksdagen.se/sv/dokument-och-lagar/dokument/svensk-forfattningssamling/forvaltningslag-2017900_sfs-2017-900/;2.2.0;https://nic-esp.github.io/miljotillstandsrisker/data/riskregister-items.csv;2026-09-30;R-B50-N060-03:mitigation;Inför en lagakraft-checklista i projektets byggstartsbeslut som kvitterar status för varje berört beslut. Begär verkställighetsförordnande när tidplanen kräver det, och inhämta dispens för förberedande arbeten där det är möjligt.;Delvis inom mandat efter avgränsning;Anpassning av befintligt förslag, avgränsad till myndighetens del;Redovisa det egna beslutets rättsliga status och tillämpliga krav.;Sökandens byggstartsbeslut, begäran om verkställighet och andra instansers överprövning. Verkställighet får inte antas utan rättsligt stöd.;
MPM-14__R-B60-220-01:trigger:03;MPM-14;Komplett överlämnande och kompetent myndighetsmotpart;S1_beslutat_uppdrag;R-B60-220-01;Rättidighetsprövningen blir en juridisk sidoprocess;B60;B60 – Ansökan, beslut och överprövning;B60-220;Kontrollera rättidighet och överlämna akten;R-B60-220-01:trigger:03;utlösande faktor;3;Delgivningsunderlaget ger motstridiga uppgifter om när klaganden fick del av beslutet.;Direkt;Separera rättidighetsfrågan från talerätt och använd verifierade delgivningsuppgifter.;Kontrollera överklagandets ankomst och överlämna fullständig akt skyndsamt. Utse ansvarig processförare och tekniskt stöd för myndighetens egen partsroll med spårbara ställningstaganden.;"Partsrollen kontrolleras i varje mål; undantag gäller bland annat vid vissa miljöorganisationers överklaganden. Företräder myndighetens sakliga bedömning, inte sökanden. Bestämmer inte domstolens bevisvärdering, prövningstillstånd eller handläggningstid.";"FL 45–46 §§; lag (2010:921) om mark- och miljödomstolar 5 kap. 2 § i ändrad lydelse; Prop. 2025/26:238";"Dagar till komplett överlämnande; kompletteringar på grund av myndighetens aktbrister";Aktchecklista, mottagningsbevis och processförarens ärendelogg;"Akthantering finns i S0; partsrollen ändras. Räkna inte effektiv egen processföring som styrning av domstolen.";Löpande inom egen behörighet;Miljöprövningsmyndigheten;Beslutsinstans;analysis;;Endast egen behörig prövning av övertagna MPD-ärenden eller service knuten till denna. Övriga delar av riskpostens population kvarstår.;Minskad sannolikhet för den påverkbara delen;"Ej skattad; kräver mätning mot S0";"Samma normaliserade typårsportfölj i S0 och S1; särredovisa den andel där myndigheten har befogenhet";Kopplingsrader är inte additiva effekter. Gemensamma kostnader och överlappande kontroller ska räknas en gång.;"Beslutad organisationsinriktning och lagändringar för start 2027-07-01; detaljerad kontrollutformning är analysförslag";"Föreslagen kontroll; genomförande och effekt inte verifierade";"Käll- och strukturkontrollerad; inbyggd adversarial review ej tillgänglig";https://www.riksdagen.se/sv/dokument-och-lagar/dokument/kommittedirektiv/inrattande-av-en-ny-myndighet-for-miljoprovning_heb113/ | https://www.riksdagen.se/sv/dokument-och-lagar/dokument/svensk-forfattningssamling/miljobalk-1998808_sfs-1998-808/ | https://www.riksdagen.se/sv/dokument-och-lagar/dokument/svensk-forfattningssamling/forvaltningslag-2017900_sfs-2017-900/ | https://regeringen.se/rattsliga-dokument/proposition/2026/04/prop.-202526238 | https://www.riksdagen.se/sv/dokument-och-lagar/dokument/svensk-forfattningssamling/lag-2010921-om-mark-och-miljodomstolar_sfs-2010-921/;2.2.0;https://nic-esp.github.io/miljotillstandsrisker/data/riskregister-items.csv;2026-09-30;R-B60-220-01:mitigation;"Dokumentera ingivningsdatum och kanal för varje överklagande; begär att instansen hanterar rättidighetsprövningen samlat och skyndsamt; bevaka om avvisade överklaganden överklagas separat.";Delvis inom mandat efter avgränsning;Anpassning av befintligt förslag, avgränsad till myndighetens del;Hantera egen rättidighetskontroll och överlämna komplett akt till korrekt överinstans.;"Domstolens fortsatta handläggning och talerättsbedömning; överföringskvitto ersätter inte rättslig prövning.";
MPM-14__R-B60-220-01:trigger:04;MPM-14;Komplett överlämnande och kompetent myndighetsmotpart;S1_beslutat_uppdrag;R-B60-220-01;Rättidighetsprövningen blir en juridisk sidoprocess;B60;B60 – Ansökan, beslut och överprövning;B60-220;Kontrollera rättidighet och överlämna akten;R-B60-220-01:trigger:04;utlösande faktor;4;Frågan om klagandens rätt att överklaga blandas samman med kontrollen av om skrivelsen kom in i tid.;Direkt;Separera rättidighetsfrågan från talerätt och använd verifierade delgivningsuppgifter.;Kontrollera överklagandets ankomst och överlämna fullständig akt skyndsamt. Utse ansvarig processförare och tekniskt stöd för myndighetens egen partsroll med spårbara ställningstaganden.;"Partsrollen kontrolleras i varje mål; undantag gäller bland annat vid vissa miljöorganisationers överklaganden. Företräder myndighetens sakliga bedömning, inte sökanden. Bestämmer inte domstolens bevisvärdering, prövningstillstånd eller handläggningstid.";"FL 45–46 §§; lag (2010:921) om mark- och miljödomstolar 5 kap. 2 § i ändrad lydelse; Prop. 2025/26:238";"Dagar till komplett överlämnande; kompletteringar på grund av myndighetens aktbrister";Aktchecklista, mottagningsbevis och processförarens ärendelogg;"Akthantering finns i S0; partsrollen ändras. Räkna inte effektiv egen processföring som styrning av domstolen.";Löpande inom egen behörighet;Miljöprövningsmyndigheten;Beslutsinstans;analysis;;Endast egen behörig prövning av övertagna MPD-ärenden eller service knuten till denna. Övriga delar av riskpostens population kvarstår.;Minskad sannolikhet för den påverkbara delen;"Ej skattad; kräver mätning mot S0";"Samma normaliserade typårsportfölj i S0 och S1; särredovisa den andel där myndigheten har befogenhet";Kopplingsrader är inte additiva effekter. Gemensamma kostnader och överlappande kontroller ska räknas en gång.;"Beslutad organisationsinriktning och lagändringar för start 2027-07-01; detaljerad kontrollutformning är analysförslag";"Föreslagen kontroll; genomförande och effekt inte verifierade";"Käll- och strukturkontrollerad; inbyggd adversarial review ej tillgänglig";https://www.riksdagen.se/sv/dokument-och-lagar/dokument/kommittedirektiv/inrattande-av-en-ny-myndighet-for-miljoprovning_heb113/ | https://www.riksdagen.se/sv/dokument-och-lagar/dokument/svensk-forfattningssamling/miljobalk-1998808_sfs-1998-808/ | https://www.riksdagen.se/sv/dokument-och-lagar/dokument/svensk-forfattningssamling/forvaltningslag-2017900_sfs-2017-900/ | https://regeringen.se/rattsliga-dokument/proposition/2026/04/prop.-202526238 | https://www.riksdagen.se/sv/dokument-och-lagar/dokument/svensk-forfattningssamling/lag-2010921-om-mark-och-miljodomstolar_sfs-2010-921/;2.2.0;https://nic-esp.github.io/miljotillstandsrisker/data/riskregister-items.csv;2026-09-30;R-B60-220-01:mitigation;"Dokumentera ingivningsdatum och kanal för varje överklagande; begär att instansen hanterar rättidighetsprövningen samlat och skyndsamt; bevaka om avvisade överklaganden överklagas separat.";Delvis inom mandat efter avgränsning;Anpassning av befintligt förslag, avgränsad till myndighetens del;Hantera egen rättidighetskontroll och överlämna komplett akt till korrekt överinstans.;"Domstolens fortsatta handläggning och talerättsbedömning; överföringskvitto ersätter inte rättslig prövning.";
MPM-14__R-B60-220-02:trigger:01;MPM-14;Komplett överlämnande och kompetent myndighetsmotpart;S1_beslutat_uppdrag;R-B60-220-02;Akten överlämnas ofullständig eller till fel instans;B60;B60 – Ansökan, beslut och överprövning;B60-220;Kontrollera rättidighet och överlämna akten;R-B60-220-02:trigger:01;utlösande faktor;1;Överlämnandet till överinstansen saknar en bilaga, ett yttrande eller ett delgivningsbevis som ingår i akten.;Direkt;Fullständighets- och mottagarkontroll minskar kompletteringar i överinstansen.;Kontrollera överklagandets ankomst och överlämna fullständig akt skyndsamt. Utse ansvarig processförare och tekniskt stöd för myndighetens egen partsroll med spårbara ställningstaganden.;"Partsrollen kontrolleras i varje mål; undantag gäller bland annat vid vissa miljöorganisationers överklaganden. Företräder myndighetens sakliga bedömning, inte sökanden. Bestämmer inte domstolens bevisvärdering, prövningstillstånd eller handläggningstid.";"FL 45–46 §§; lag (2010:921) om mark- och miljödomstolar 5 kap. 2 § i ändrad lydelse; Prop. 2025/26:238";"Dagar till komplett överlämnande; kompletteringar på grund av myndighetens aktbrister";Aktchecklista, mottagningsbevis och processförarens ärendelogg;"Akthantering finns i S0; partsrollen ändras. Räkna inte effektiv egen processföring som styrning av domstolen.";Löpande inom egen behörighet;Miljöprövningsmyndigheten;Beslutsinstans;source;MMDL;Endast egen behörig prövning av övertagna MPD-ärenden eller service knuten till denna. Övriga delar av riskpostens population kvarstår.;Minskad sannolikhet för den påverkbara delen;"Ej skattad; kräver mätning mot S0";"Samma normaliserade typårsportfölj i S0 och S1; särredovisa den andel där myndigheten har befogenhet";Kopplingsrader är inte additiva effekter. Gemensamma kostnader och överlappande kontroller ska räknas en gång.;"Beslutad organisationsinriktning och lagändringar för start 2027-07-01; detaljerad kontrollutformning är analysförslag";"Föreslagen kontroll; genomförande och effekt inte verifierade";"Käll- och strukturkontrollerad; inbyggd adversarial review ej tillgänglig";https://www.riksdagen.se/sv/dokument-och-lagar/dokument/kommittedirektiv/inrattande-av-en-ny-myndighet-for-miljoprovning_heb113/ | https://www.riksdagen.se/sv/dokument-och-lagar/dokument/svensk-forfattningssamling/miljobalk-1998808_sfs-1998-808/ | https://www.riksdagen.se/sv/dokument-och-lagar/dokument/svensk-forfattningssamling/forvaltningslag-2017900_sfs-2017-900/ | https://regeringen.se/rattsliga-dokument/proposition/2026/04/prop.-202526238 | https://www.riksdagen.se/sv/dokument-och-lagar/dokument/svensk-forfattningssamling/lag-2010921-om-mark-och-miljodomstolar_sfs-2010-921/;2.2.0;https://nic-esp.github.io/miljotillstandsrisker/data/riskregister-items.csv;2026-09-30;R-B60-220-02:mitigation;"Begär skriftlig bekräftelse från överinstansen att akten mottagits komplett; säkerställ att beslutsinstansen känner till rätt överprövningsväg för varje del av målet; följ upp status aktivt efter överlämnandet.";Delvis inom mandat efter avgränsning;Anpassning av befintligt förslag, avgränsad till myndighetens del;Hantera egen rättidighetskontroll och överlämna komplett akt till korrekt överinstans.;"Domstolens fortsatta handläggning och talerättsbedömning; överföringskvitto ersätter inte rättslig prövning.";
MPM-14__R-B60-220-02:trigger:02;MPM-14;Komplett överlämnande och kompetent myndighetsmotpart;S1_beslutat_uppdrag;R-B60-220-02;Akten överlämnas ofullständig eller till fel instans;B60;B60 – Ansökan, beslut och överprövning;B60-220;Kontrollera rättidighet och överlämna akten;R-B60-220-02:trigger:02;utlösande faktor;2;Handlingar har registrerats under olika diarienummer utan fullständig korsreferens.;Direkt;Fullständighets- och mottagarkontroll minskar kompletteringar i överinstansen.;Kontrollera överklagandets ankomst och överlämna fullständig akt skyndsamt. Utse ansvarig processförare och tekniskt stöd för myndighetens egen partsroll med spårbara ställningstaganden.;"Partsrollen kontrolleras i varje mål; undantag gäller bland annat vid vissa miljöorganisationers överklaganden. Företräder myndighetens sakliga bedömning, inte sökanden. Bestämmer inte domstolens bevisvärdering, prövningstillstånd eller handläggningstid.";"FL 45–46 §§; lag (2010:921) om mark- och miljödomstolar 5 kap. 2 § i ändrad lydelse; Prop. 2025/26:238";"Dagar till komplett överlämnande; kompletteringar på grund av myndighetens aktbrister";Aktchecklista, mottagningsbevis och processförarens ärendelogg;"Akthantering finns i S0; partsrollen ändras. Räkna inte effektiv egen processföring som styrning av domstolen.";Löpande inom egen behörighet;Miljöprövningsmyndigheten;Beslutsinstans;analysis;;Endast egen behörig prövning av övertagna MPD-ärenden eller service knuten till denna. Övriga delar av riskpostens population kvarstår.;Minskad sannolikhet för den påverkbara delen;"Ej skattad; kräver mätning mot S0";"Samma normaliserade typårsportfölj i S0 och S1; särredovisa den andel där myndigheten har befogenhet";Kopplingsrader är inte additiva effekter. Gemensamma kostnader och överlappande kontroller ska räknas en gång.;"Beslutad organisationsinriktning och lagändringar för start 2027-07-01; detaljerad kontrollutformning är analysförslag";"Föreslagen kontroll; genomförande och effekt inte verifierade";"Käll- och strukturkontrollerad; inbyggd adversarial review ej tillgänglig";https://www.riksdagen.se/sv/dokument-och-lagar/dokument/kommittedirektiv/inrattande-av-en-ny-myndighet-for-miljoprovning_heb113/ | https://www.riksdagen.se/sv/dokument-och-lagar/dokument/svensk-forfattningssamling/miljobalk-1998808_sfs-1998-808/ | https://www.riksdagen.se/sv/dokument-och-lagar/dokument/svensk-forfattningssamling/forvaltningslag-2017900_sfs-2017-900/ | https://regeringen.se/rattsliga-dokument/proposition/2026/04/prop.-202526238 | https://www.riksdagen.se/sv/dokument-och-lagar/dokument/svensk-forfattningssamling/lag-2010921-om-mark-och-miljodomstolar_sfs-2010-921/;2.2.0;https://nic-esp.github.io/miljotillstandsrisker/data/riskregister-items.csv;2026-09-30;R-B60-220-02:mitigation;"Begär skriftlig bekräftelse från överinstansen att akten mottagits komplett; säkerställ att beslutsinstansen känner till rätt överprövningsväg för varje del av målet; följ upp status aktivt efter överlämnandet.";Delvis inom mandat efter avgränsning;Anpassning av befintligt förslag, avgränsad till myndighetens del;Hantera egen rättidighetskontroll och överlämna komplett akt till korrekt överinstans.;"Domstolens fortsatta handläggning och talerättsbedömning; överföringskvitto ersätter inte rättslig prövning.";
MPM-14__R-B60-220-02:trigger:03;MPM-14;Komplett överlämnande och kompetent myndighetsmotpart;S1_beslutat_uppdrag;R-B60-220-02;Akten överlämnas ofullständig eller till fel instans;B60;B60 – Ansökan, beslut och överprövning;B60-220;Kontrollera rättidighet och överlämna akten;R-B60-220-02:trigger:03;utlösande faktor;3;Akten skickas till fel överinstans på grund av en felbedömd instanskedja.;Direkt;Fullständighets- och mottagarkontroll minskar kompletteringar i överinstansen.;Kontrollera överklagandets ankomst och överlämna fullständig akt skyndsamt. Utse ansvarig processförare och tekniskt stöd för myndighetens egen partsroll med spårbara ställningstaganden.;"Partsrollen kontrolleras i varje mål; undantag gäller bland annat vid vissa miljöorganisationers överklaganden. Företräder myndighetens sakliga bedömning, inte sökanden. Bestämmer inte domstolens bevisvärdering, prövningstillstånd eller handläggningstid.";"FL 45–46 §§; lag (2010:921) om mark- och miljödomstolar 5 kap. 2 § i ändrad lydelse; Prop. 2025/26:238";"Dagar till komplett överlämnande; kompletteringar på grund av myndighetens aktbrister";Aktchecklista, mottagningsbevis och processförarens ärendelogg;"Akthantering finns i S0; partsrollen ändras. Räkna inte effektiv egen processföring som styrning av domstolen.";Löpande inom egen behörighet;Miljöprövningsmyndigheten;Beslutsinstans;analysis;;Endast egen behörig prövning av övertagna MPD-ärenden eller service knuten till denna. Övriga delar av riskpostens population kvarstår.;Minskad sannolikhet för den påverkbara delen;"Ej skattad; kräver mätning mot S0";"Samma normaliserade typårsportfölj i S0 och S1; särredovisa den andel där myndigheten har befogenhet";Kopplingsrader är inte additiva effekter. Gemensamma kostnader och överlappande kontroller ska räknas en gång.;"Beslutad organisationsinriktning och lagändringar för start 2027-07-01; detaljerad kontrollutformning är analysförslag";"Föreslagen kontroll; genomförande och effekt inte verifierade";"Käll- och strukturkontrollerad; inbyggd adversarial review ej tillgänglig";https://www.riksdagen.se/sv/dokument-och-lagar/dokument/kommittedirektiv/inrattande-av-en-ny-myndighet-for-miljoprovning_heb113/ | https://www.riksdagen.se/sv/dokument-och-lagar/dokument/svensk-forfattningssamling/miljobalk-1998808_sfs-1998-808/ | https://www.riksdagen.se/sv/dokument-och-lagar/dokument/svensk-forfattningssamling/forvaltningslag-2017900_sfs-2017-900/ | https://regeringen.se/rattsliga-dokument/proposition/2026/04/prop.-202526238 | https://www.riksdagen.se/sv/dokument-och-lagar/dokument/svensk-forfattningssamling/lag-2010921-om-mark-och-miljodomstolar_sfs-2010-921/;2.2.0;https://nic-esp.github.io/miljotillstandsrisker/data/riskregister-items.csv;2026-09-30;R-B60-220-02:mitigation;"Begär skriftlig bekräftelse från överinstansen att akten mottagits komplett; säkerställ att beslutsinstansen känner till rätt överprövningsväg för varje del av målet; följ upp status aktivt efter överlämnandet.";Delvis inom mandat efter avgränsning;Anpassning av befintligt förslag, avgränsad till myndighetens del;Hantera egen rättidighetskontroll och överlämna komplett akt till korrekt överinstans.;"Domstolens fortsatta handläggning och talerättsbedömning; överföringskvitto ersätter inte rättslig prövning.";
MPM-15__R-B70-G050-01:trigger:03;MPM-15;Samlad prövning av säkerhet och andra egna förstartsgodkännanden;S1_beslutat_uppdrag;R-B70-G050-01;Säkerhet som krävs för giltighet eller start är inte ställd eller godkänd;B70;B70 – Laga kraft och byggberedskap;B70-G050;Är säkerheter och förhandsbesked godkända?;R-B70-G050-01:trigger:03;utlösande faktor;3;Säkerheten har fel belopp, löptid, valuta eller villkor i förhållande till beslutet.;Indirekt via krav och återkoppling;"Tydliga krav och samlad återkoppling kan minska fel i säkerhetshandlingen; banken och sökanden ansvarar för att den utfärdas.";Klargör vad det egna beslutets godkännandekrav omfattar. Samla identifierade brister, fördela specialistgranskning och följ ärendets tidplan till beslut.;Bara godkännanden som myndigheten själv är behörig att pröva. Ställer inte garantin, finansierar inte bolaget och övertar inte tillsynsmyndighetens eller kommunens uppgifter.;"MB 16 kap. 3 § och behörighetsregler för aktuellt godkännande; FL 9, 20 och 23 §§";Egen liggtid och kompletteringsomgångar i jämförbara godkännanden;Godkännandebeslut, bristlista, ärendelogg och säkerhetshandling;Mät administrativ förbättring jämfört med motsvarande S0-prövning, inte minskat materiellt säkerhetskrav.;Löpande inom egen behörighet;Miljöprövningsmyndigheten;Projektägare och tillsyns-/prövningsmyndighet;analysis;;Endast säkerhet som myndigheten själv är behörig att pröva.;Minskad sannolikhet för den påverkbara delen;"Ej skattad; kräver mätning mot S0";"Samma normaliserade typårsportfölj i S0 och S1; särredovisa den andel där myndigheten har befogenhet";Kopplingsrader är inte additiva effekter. Gemensamma kostnader och överlappande kontroller ska räknas en gång.;"Beslutad organisationsinriktning och lagändringar för start 2027-07-01; detaljerad kontrollutformning är analysförslag";"Föreslagen kontroll; genomförande och effekt inte verifierade";"Käll- och strukturkontrollerad; inbyggd adversarial review ej tillgänglig";https://www.riksdagen.se/sv/dokument-och-lagar/dokument/kommittedirektiv/inrattande-av-en-ny-myndighet-for-miljoprovning_heb113/ | https://www.riksdagen.se/sv/dokument-och-lagar/dokument/svensk-forfattningssamling/miljobalk-1998808_sfs-1998-808/ | https://www.riksdagen.se/sv/dokument-och-lagar/dokument/svensk-forfattningssamling/forvaltningslag-2017900_sfs-2017-900/;2.2.0;https://nic-esp.github.io/miljotillstandsrisker/data/riskregister-items.csv;2026-09-30;R-B70-G050-01:mitigation;Identifiera den konkreta säkerhetsregeln och läs domslutet ordagrant. Dokumentera belopp, säkerhetsform, mottagande myndighet, godkännande och om giltighet eller start uttryckligen gjorts beroende av säkerheten.;Delvis inom mandat efter avgränsning;Anpassning av befintligt förslag, avgränsad till myndighetens del;Klargöra krav och följa plan för egna säkerhetsprövningar och förstartsgodkännanden.;"Sökandens garantier, pengar och handlingar; inga garantier om bankens åtagande eller andra myndigheters beslut.";
MPM-15__R-B70-G050-02:trigger:03;MPM-15;Samlad prövning av säkerhet och andra egna förstartsgodkännanden;S1_beslutat_uppdrag;R-B70-G050-02;Godkännande av förstartshandlingar tar längre tid än planerat;B70;B70 – Laga kraft och byggberedskap;B70-G050;Är säkerheter och förhandsbesked godkända?;R-B70-G050-02:trigger:03;utlösande faktor;3;Myndigheten behöver komplettering, remiss eller intern specialistgranskning innan den kan besluta.;Direkt;Planerad och samlad egen granskning kan minska undvikbar väntan på komplettering och specialistbedömning.;Klargör vad det egna beslutets godkännandekrav omfattar. Samla identifierade brister, fördela specialistgranskning och följ ärendets tidplan till beslut.;Bara godkännanden som myndigheten själv är behörig att pröva. Ställer inte garantin, finansierar inte bolaget och övertar inte tillsynsmyndighetens eller kommunens uppgifter.;"MB 16 kap. 3 § och behörighetsregler för aktuellt godkännande; FL 9, 20 och 23 §§";Egen liggtid och kompletteringsomgångar i jämförbara godkännanden;Godkännandebeslut, bristlista, ärendelogg och säkerhetshandling;Mät administrativ förbättring jämfört med motsvarande S0-prövning, inte minskat materiellt säkerhetskrav.;Löpande inom egen behörighet;Miljöprövningsmyndigheten;Projektägare och tillsyns-/prövningsmyndighet;analysis;;"Endast eget förstartsgodkännande; inte generellt kontrollprogram hos tillsynsmyndighet.";Minskad sannolikhet för den påverkbara delen;"Ej skattad; kräver mätning mot S0";"Samma normaliserade typårsportfölj i S0 och S1; särredovisa den andel där myndigheten har befogenhet";Kopplingsrader är inte additiva effekter. Gemensamma kostnader och överlappande kontroller ska räknas en gång.;"Beslutad organisationsinriktning och lagändringar för start 2027-07-01; detaljerad kontrollutformning är analysförslag";"Föreslagen kontroll; genomförande och effekt inte verifierade";"Käll- och strukturkontrollerad; inbyggd adversarial review ej tillgänglig";https://www.riksdagen.se/sv/dokument-och-lagar/dokument/kommittedirektiv/inrattande-av-en-ny-myndighet-for-miljoprovning_heb113/ | https://www.riksdagen.se/sv/dokument-och-lagar/dokument/svensk-forfattningssamling/miljobalk-1998808_sfs-1998-808/ | https://www.riksdagen.se/sv/dokument-och-lagar/dokument/svensk-forfattningssamling/forvaltningslag-2017900_sfs-2017-900/;2.2.0;https://nic-esp.github.io/miljotillstandsrisker/data/riskregister-items.csv;2026-09-30;R-B70-G050-02:mitigation;Lämna in förstartshandlingar med den framförhållning som den aktuella myndighetsprognosen motiverar. Stäm av underlagets innehåll före inlämning och följ upp ärendet mot den plan som myndigheten lämnar.;Delvis inom mandat efter avgränsning;Anpassning av befintligt förslag, avgränsad till myndighetens del;Klargöra krav och följa plan för egna säkerhetsprövningar och förstartsgodkännanden.;"Sökandens garantier, pengar och handlingar; inga garantier om bankens åtagande eller andra myndigheters beslut.";
MPM-15__R-B70-060-01:trigger:04;MPM-15;Samlad prövning av säkerhet och andra egna förstartsgodkännanden;S1_beslutat_uppdrag;R-B70-060-01;Kompletteringsloopen mellan inlämning och avslag drar ut förstarten;B70;B70 – Laga kraft och byggberedskap;B70-060;Komplettera säkerhet eller förstartsdokumentation;R-B70-060-01:trigger:04;utlösande faktor;4;Myndighetens kompletteringsbesked kommer stegvis i stället för samlat.;Direkt;Samlat kompletteringsbesked minskar stegvisa nya krav i egen godkännandeprövning.;Klargör vad det egna beslutets godkännandekrav omfattar. Samla identifierade brister, fördela specialistgranskning och följ ärendets tidplan till beslut.;Bara godkännanden som myndigheten själv är behörig att pröva. Ställer inte garantin, finansierar inte bolaget och övertar inte tillsynsmyndighetens eller kommunens uppgifter.;"MB 16 kap. 3 § och behörighetsregler för aktuellt godkännande; FL 9, 20 och 23 §§";Egen liggtid och kompletteringsomgångar i jämförbara godkännanden;Godkännandebeslut, bristlista, ärendelogg och säkerhetshandling;Mät administrativ förbättring jämfört med motsvarande S0-prövning, inte minskat materiellt säkerhetskrav.;Löpande inom egen behörighet;Miljöprövningsmyndigheten;Projektägare;analysis;;Endast eget förstartsgodkännande.;Minskad sannolikhet för den påverkbara delen;"Ej skattad; kräver mätning mot S0";"Samma normaliserade typårsportfölj i S0 och S1; särredovisa den andel där myndigheten har befogenhet";Kopplingsrader är inte additiva effekter. Gemensamma kostnader och överlappande kontroller ska räknas en gång.;"Beslutad organisationsinriktning och lagändringar för start 2027-07-01; detaljerad kontrollutformning är analysförslag";"Föreslagen kontroll; genomförande och effekt inte verifierade";"Käll- och strukturkontrollerad; inbyggd adversarial review ej tillgänglig";https://www.riksdagen.se/sv/dokument-och-lagar/dokument/kommittedirektiv/inrattande-av-en-ny-myndighet-for-miljoprovning_heb113/ | https://www.riksdagen.se/sv/dokument-och-lagar/dokument/svensk-forfattningssamling/miljobalk-1998808_sfs-1998-808/ | https://www.riksdagen.se/sv/dokument-och-lagar/dokument/svensk-forfattningssamling/forvaltningslag-2017900_sfs-2017-900/;2.2.0;https://nic-esp.github.io/miljotillstandsrisker/data/riskregister-items.csv;2026-09-30;R-B70-060-01:mitigation;Begär skriftlig och uttömmande avslagsmotivering vid första underkännandet. Genomför intern kvalitetsgranskning mot myndighetens tidigare godkännandebeslut innan varje inlämning. Driv parallellt förberedande arbete för moment som inte berörs av det underkända godkännandet.;Delvis inom mandat efter avgränsning;Anpassning av befintligt förslag, avgränsad till myndighetens del;Motivera underkännande och precisera brister samlat vid eget behörigt förstartsgodkännande.;Sökandens interna kvalitetsgranskning, förberedande byggarbete och andra myndigheters godkännanden.;
MPM-16__R-B70-G020-03:consequence:02;MPM-16;Riktad hantering efter återförvisning;S1_beslutat_uppdrag;R-B70-G020-03;Återförvisning från överinstans river upp hela beslutspaketet;B70;B70 – Laga kraft och byggberedskap;B70-G020;Är alla nödvändiga avgöranden slutliga eller verkställbara?;R-B70-G020-03:consequence:02;konsekvens;2;Byggberedskapen för den centrala delen går förlorad tills ett nytt avgörande finns.;Begränsar följd;När återförvisning redan skett kan riktad rättelse begränsa varaktigheten i förlorad byggberedskap.;Läs återförvisningsbeslutet, identifiera vad som måste rättas och vad som står fast, planera nödvändig komplettering och kommunicering samt dokumentera ett nytt avgörande.;Endast när ärendet återförvisas till myndigheten. Kan inte upphäva överinstansens bedömning, hindra nytt överklagande eller bortse från ändrade förutsättningar.;"FL 9, 23 och 25 §§; MB 19 kap. 4–5 a §§; överinstansens avgörande";"Egen handläggningstid efter återförvisning; upprepning av samma konstaterade fel";Överinstansens beslut, åtgärdsplan och nytt beslut;Efterföljande handläggning finns i S0. Mät snabbare rättelse inom oförändrade rättssäkerhetskrav.;När överinstans återförvisar till myndigheten;Miljöprövningsmyndigheten;Projektägare och juridisk sakkunnig;analysis;;Endast återförvisning till Miljöprövningsmyndigheten.;Minskad villkorad konsekvens för den påverkbara delen;"Ej skattad; kräver mätning mot S0";"Samma normaliserade typårsportfölj i S0 och S1; särredovisa den andel där myndigheten har befogenhet";Kopplingsrader är inte additiva effekter. Gemensamma kostnader och överlappande kontroller ska räknas en gång.;"Beslutad organisationsinriktning och lagändringar för start 2027-07-01; detaljerad kontrollutformning är analysförslag";"Föreslagen kontroll; genomförande och effekt inte verifierade";"Käll- och strukturkontrollerad; inbyggd adversarial review ej tillgänglig";https://www.riksdagen.se/sv/dokument-och-lagar/dokument/kommittedirektiv/inrattande-av-en-ny-myndighet-for-miljoprovning_heb113/ | https://www.riksdagen.se/sv/dokument-och-lagar/dokument/svensk-forfattningssamling/miljobalk-1998808_sfs-1998-808/ | https://www.riksdagen.se/sv/dokument-och-lagar/dokument/svensk-forfattningssamling/forvaltningslag-2017900_sfs-2017-900/;2.2.0;https://nic-esp.github.io/miljotillstandsrisker/data/riskregister-items.csv;2026-09-30;R-B70-G020-03:mitigation;Gör en återförvisningsriskbedömning av ansökningsunderlagets svagaste punkter innan finalitetsplanering. Håll utredningsteamet delvis mobiliserat tills laga kraft inträtt. Säkerställ att kompletteringar kan produceras snabbt och att kontaktytor mot prövningsinstanserna är etablerade.;Utanför myndighetens kontrollansvar;Självständigt kontrollförslag efter jämförelse med befintlig åtgärd;Originalförslaget har granskats men är inte grund för denna kontrollkoppling.;Originalets föreslagna åtgärd kvarstår hos angiven aktör.;
MPM-16__R-B60-G290-01:consequence:02;MPM-16;Riktad hantering efter återförvisning;S1_beslutat_uppdrag;R-B60-G290-01;Ett nytt avgörande efter återförvisning kan överklagas på nytt;B60;B60 – Ansökan, beslut och överprövning;B60-G290;Återförvisas eller avslutas överprövningen?;R-B60-G290-01:consequence:02;konsekvens;2;Projektets slutliga rättsläge och byggberedskap förskjuts ytterligare.;Begränsar följd;"Riktad beredning efter återförvisning kan minska egen ytterligare tidsåtgång och ombudstid; nytt överklagande kvarstår.";Läs återförvisningsbeslutet, identifiera vad som måste rättas och vad som står fast, planera nödvändig komplettering och kommunicering samt dokumentera ett nytt avgörande.;Endast när ärendet återförvisas till myndigheten. Kan inte upphäva överinstansens bedömning, hindra nytt överklagande eller bortse från ändrade förutsättningar.;"FL 9, 23 och 25 §§; MB 19 kap. 4–5 a §§; överinstansens avgörande";"Egen handläggningstid efter återförvisning; upprepning av samma konstaterade fel";Överinstansens beslut, åtgärdsplan och nytt beslut;Efterföljande handläggning finns i S0. Mät snabbare rättelse inom oförändrade rättssäkerhetskrav.;När överinstans återförvisar till myndigheten;Miljöprövningsmyndigheten;Överinstans;analysis;;Endast myndighetens egen omprövade handläggning, inte överinstansens tid.;Minskad villkorad konsekvens för den påverkbara delen;"Ej skattad; kräver mätning mot S0";"Samma normaliserade typårsportfölj i S0 och S1; särredovisa den andel där myndigheten har befogenhet";Kopplingsrader är inte additiva effekter. Gemensamma kostnader och överlappande kontroller ska räknas en gång.;"Beslutad organisationsinriktning och lagändringar för start 2027-07-01; detaljerad kontrollutformning är analysförslag";"Föreslagen kontroll; genomförande och effekt inte verifierade";"Käll- och strukturkontrollerad; inbyggd adversarial review ej tillgänglig";https://www.riksdagen.se/sv/dokument-och-lagar/dokument/kommittedirektiv/inrattande-av-en-ny-myndighet-for-miljoprovning_heb113/ | https://www.riksdagen.se/sv/dokument-och-lagar/dokument/svensk-forfattningssamling/miljobalk-1998808_sfs-1998-808/ | https://www.riksdagen.se/sv/dokument-och-lagar/dokument/svensk-forfattningssamling/forvaltningslag-2017900_sfs-2017-900/;2.2.0;https://nic-esp.github.io/miljotillstandsrisker/data/riskregister-items.csv;2026-09-30;R-B60-G290-01:mitigation;"Eliminera processuella felkällor i första handläggningsvarvet (kungörelse, delgivning, motivering); vid återförvisning: genomför den nya handläggningen så fullständigt att nästa överprövning saknar återförvisningsgrund; uppdatera allt tidskänsligt underlag direkt.";Delvis inom mandat efter avgränsning;Anpassning av befintligt förslag, avgränsad till myndighetens del;Förebygga egna processfel och hantera återförvisning i enlighet med överinstansens avgörande.;"Ingen mekanisk spärr mot andra nödvändiga prövningsfrågor; relevanta nya omständigheter och gällande utredningskrav måste beaktas.";
MPM-16__R-B60-G290-01:consequence:03;MPM-16;Riktad hantering efter återförvisning;S1_beslutat_uppdrag;R-B60-G290-01;Ett nytt avgörande efter återförvisning kan överklagas på nytt;B60;B60 – Ansökan, beslut och överprövning;B60-G290;Återförvisas eller avslutas överprövningen?;R-B60-G290-01:consequence:03;konsekvens;3;Parterna får nya ombuds-, expert- och utredningskostnader.;Begränsar följd;"Riktad beredning efter återförvisning kan minska egen ytterligare tidsåtgång och ombudstid; nytt överklagande kvarstår.";Läs återförvisningsbeslutet, identifiera vad som måste rättas och vad som står fast, planera nödvändig komplettering och kommunicering samt dokumentera ett nytt avgörande.;Endast när ärendet återförvisas till myndigheten. Kan inte upphäva överinstansens bedömning, hindra nytt överklagande eller bortse från ändrade förutsättningar.;"FL 9, 23 och 25 §§; MB 19 kap. 4–5 a §§; överinstansens avgörande";"Egen handläggningstid efter återförvisning; upprepning av samma konstaterade fel";Överinstansens beslut, åtgärdsplan och nytt beslut;Efterföljande handläggning finns i S0. Mät snabbare rättelse inom oförändrade rättssäkerhetskrav.;När överinstans återförvisar till myndigheten;Miljöprövningsmyndigheten;Överinstans;analysis;;Endast myndighetens egen omprövade handläggning, inte överinstansens tid.;Minskad villkorad konsekvens för den påverkbara delen;"Ej skattad; kräver mätning mot S0";"Samma normaliserade typårsportfölj i S0 och S1; särredovisa den andel där myndigheten har befogenhet";Kopplingsrader är inte additiva effekter. Gemensamma kostnader och överlappande kontroller ska räknas en gång.;"Beslutad organisationsinriktning och lagändringar för start 2027-07-01; detaljerad kontrollutformning är analysförslag";"Föreslagen kontroll; genomförande och effekt inte verifierade";"Käll- och strukturkontrollerad; inbyggd adversarial review ej tillgänglig";https://www.riksdagen.se/sv/dokument-och-lagar/dokument/kommittedirektiv/inrattande-av-en-ny-myndighet-for-miljoprovning_heb113/ | https://www.riksdagen.se/sv/dokument-och-lagar/dokument/svensk-forfattningssamling/miljobalk-1998808_sfs-1998-808/ | https://www.riksdagen.se/sv/dokument-och-lagar/dokument/svensk-forfattningssamling/forvaltningslag-2017900_sfs-2017-900/;2.2.0;https://nic-esp.github.io/miljotillstandsrisker/data/riskregister-items.csv;2026-09-30;R-B60-G290-01:mitigation;"Eliminera processuella felkällor i första handläggningsvarvet (kungörelse, delgivning, motivering); vid återförvisning: genomför den nya handläggningen så fullständigt att nästa överprövning saknar återförvisningsgrund; uppdatera allt tidskänsligt underlag direkt.";Delvis inom mandat efter avgränsning;Anpassning av befintligt förslag, avgränsad till myndighetens del;Förebygga egna processfel och hantera återförvisning i enlighet med överinstansens avgörande.;"Ingen mekanisk spärr mot andra nödvändiga prövningsfrågor; relevanta nya omständigheter och gällande utredningskrav måste beaktas.";
MPM-17__R-B60-140-01:trigger:01;MPM-17;Tidig jävs- och behörighetskontroll för egen bemanning;S1_beslutat_uppdrag;R-B60-140-01;Sakkunniga ledamöters tillgång och jäv stoppar sammanträdet;B60;B60 – Ansökan, beslut och överprövning;B60-140;Håll huvudförhandling eller sammanträde;R-B60-140-01:trigger:01;utlösande faktor;1;En ledamot har en relation eller tidigare medverkan som aktualiserar jävsreglerna.;Direkt;Tidig jävsprövning begränsar sena byten vid myndighetens egna sammanträden.;Kontrollera jäv, beslutsdelegation och relevant kompetens före sakgranskning och sammanträde. Dokumentera ersättare och hantera nytillkomna jävsuppgifter omedelbart.;Avser egen personal och sakkunniga, inte domstolens ledamöter eller länsstyrelsens överprövning.;"FL 16–18 §§; Dir. 2026:13 Organisation och verksamhetsformer";Inställda egna sammanträden på grund av sent upptäckt jäv eller obehörig bemanning;Jävsdeklarationer, delegationsordning och bemanningskontroll;Jävsregler finns i S0. Endast förbättrad faktisk efterlevnad kan ge effekt.;Löpande inom egen behörighet;Miljöprövningsmyndigheten;Första instans och parter;source;FL;"Posten omfattar också domstolsledamöter; dessa ingår inte i denna kontrollkoppling.";Minskad sannolikhet för den påverkbara delen;"Ej skattad; kräver mätning mot S0";"Samma normaliserade typårsportfölj i S0 och S1; särredovisa den andel där myndigheten har befogenhet";Kopplingsrader är inte additiva effekter. Gemensamma kostnader och överlappande kontroller ska räknas en gång.;"Beslutad organisationsinriktning och lagändringar för start 2027-07-01; detaljerad kontrollutformning är analysförslag";"Föreslagen kontroll; genomförande och effekt inte verifierade";"Käll- och strukturkontrollerad; inbyggd adversarial review ej tillgänglig";https://www.riksdagen.se/sv/dokument-och-lagar/dokument/kommittedirektiv/inrattande-av-en-ny-myndighet-for-miljoprovning_heb113/ | https://www.riksdagen.se/sv/dokument-och-lagar/dokument/svensk-forfattningssamling/miljobalk-1998808_sfs-1998-808/ | https://www.riksdagen.se/sv/dokument-och-lagar/dokument/svensk-forfattningssamling/forvaltningslag-2017900_sfs-2017-900/;2.2.0;https://nic-esp.github.io/miljotillstandsrisker/data/riskregister-items.csv;2026-09-30;R-B60-140-01:mitigation;"Bevaka sammanträdesbokning aktivt och begär reservtid; granska ledamöternas tilldelning tidigt och anmäl jävsskäl omedelbart i stället för vid sammanträdet; håll förhandlingsmaterialet färdigt så att ny tid kan tas snabbt.";Delvis inom mandat efter avgränsning;Anpassning av befintligt förslag, avgränsad till myndighetens del;Pröva jäv och säkra deltagare tidigt inför egna sammanträden.;Domstolsledamöters jäv och sökandens förhandlingsberedskap.;
MPM-17__R-B60-140-01:trigger:03;MPM-17;Tidig jävs- och behörighetskontroll för egen bemanning;S1_beslutat_uppdrag;R-B60-140-01;Sakkunniga ledamöters tillgång och jäv stoppar sammanträdet;B60;B60 – Ansökan, beslut och överprövning;B60-140;Håll huvudförhandling eller sammanträde;R-B60-140-01:trigger:03;utlösande faktor;3;En sen jävsinvändning kräver att instansen utreder om sammansättningen är behörig.;Direkt;Tidig jävsprövning begränsar sena byten vid myndighetens egna sammanträden.;Kontrollera jäv, beslutsdelegation och relevant kompetens före sakgranskning och sammanträde. Dokumentera ersättare och hantera nytillkomna jävsuppgifter omedelbart.;Avser egen personal och sakkunniga, inte domstolens ledamöter eller länsstyrelsens överprövning.;"FL 16–18 §§; Dir. 2026:13 Organisation och verksamhetsformer";Inställda egna sammanträden på grund av sent upptäckt jäv eller obehörig bemanning;Jävsdeklarationer, delegationsordning och bemanningskontroll;Jävsregler finns i S0. Endast förbättrad faktisk efterlevnad kan ge effekt.;Löpande inom egen behörighet;Miljöprövningsmyndigheten;Första instans och parter;analysis;;"Posten omfattar också domstolsledamöter; dessa ingår inte i denna kontrollkoppling.";Minskad sannolikhet för den påverkbara delen;"Ej skattad; kräver mätning mot S0";"Samma normaliserade typårsportfölj i S0 och S1; särredovisa den andel där myndigheten har befogenhet";Kopplingsrader är inte additiva effekter. Gemensamma kostnader och överlappande kontroller ska räknas en gång.;"Beslutad organisationsinriktning och lagändringar för start 2027-07-01; detaljerad kontrollutformning är analysförslag";"Föreslagen kontroll; genomförande och effekt inte verifierade";"Käll- och strukturkontrollerad; inbyggd adversarial review ej tillgänglig";https://www.riksdagen.se/sv/dokument-och-lagar/dokument/kommittedirektiv/inrattande-av-en-ny-myndighet-for-miljoprovning_heb113/ | https://www.riksdagen.se/sv/dokument-och-lagar/dokument/svensk-forfattningssamling/miljobalk-1998808_sfs-1998-808/ | https://www.riksdagen.se/sv/dokument-och-lagar/dokument/svensk-forfattningssamling/forvaltningslag-2017900_sfs-2017-900/;2.2.0;https://nic-esp.github.io/miljotillstandsrisker/data/riskregister-items.csv;2026-09-30;R-B60-140-01:mitigation;"Bevaka sammanträdesbokning aktivt och begär reservtid; granska ledamöternas tilldelning tidigt och anmäl jävsskäl omedelbart i stället för vid sammanträdet; håll förhandlingsmaterialet färdigt så att ny tid kan tas snabbt.";Delvis inom mandat efter avgränsning;Anpassning av befintligt förslag, avgränsad till myndighetens del;Pröva jäv och säkra deltagare tidigt inför egna sammanträden.;Domstolsledamöters jäv och sökandens förhandlingsberedskap.;
MPM-05__R-B40-GN130-01:trigger:02;MPM-05;Samlad och preciserad fullständighetsgranskning;S1_beslutat_uppdrag;R-B40-GN130-01;Kompletteringskrav triggar ändlös loop mot upprättandet;B40;B40 – Vattenverksamhet;B40-GN130;Är anmälan tillräcklig?;R-B40-GN130-01:trigger:02;utlösande faktor;2;Tillsynsmyndigheten begär komplettering av art, omfattning, sakägare eller miljöeffekter, och varje komplettering leder till nya frågor.;Direkt;Samlad granskning kan minska serievisa krav i anknutet vattenärende.;Granska ansökan tvärdisciplinärt tidigt. Sammanställ identifierade brister med rättslig relevans, vilken uppgift som behövs, varför den behövs och rimlig svarstid. Motivera senare nytillkomna krav.;"Sökanden tar fram MKB, data, yrkanden och skyddsåtgärder. Nya relevanta krav får inte avvisas för att en första checklista är avklarad; fullständighetskontroll garanterar inte bifall.";"MB 19 kap. 5–5 a §§ och där angivna delar av 22 kap.; FL 20 och 23 §§";"Kompletteringsomgångar; andel senare krav som var möjliga att identifiera i första granskningen";Versionssatt bristlista, förelägganden och sakkunniggranskning;Fullständighetsgranskning finns i S0. Mät färre undvikbara omtag genom gemensam rutin och specialiststöd.;Vid mottagning, komplettering och väsentlig projektändring;Miljöprövningsmyndigheten;Tillsynsmyndighet;analysis;;Endast anknutet ärende som lagligen tas om hand enligt MB 19 kap. 2 a §/övertagen MPD-behörighet. Självständiga vattenmål och länsstyrelsens kvarvarande ärenden ingår inte. Handläggningsordningen följer det övertagna ärendet.;Minskad sannolikhet för den påverkbara delen;"Ej skattad; kräver mätning mot S0";"Samma normaliserade typårsportfölj i S0 och S1; särredovisa den andel där myndigheten har befogenhet";Kopplingsrader är inte additiva effekter. Gemensamma kostnader och överlappande kontroller ska räknas en gång.;"Beslutad organisationsinriktning och lagändringar för start 2027-07-01; detaljerad kontrollutformning är analysförslag";"Föreslagen kontroll; genomförande och effekt inte verifierade";"Käll- och strukturkontrollerad; inbyggd adversarial review ej tillgänglig";https://www.riksdagen.se/sv/dokument-och-lagar/dokument/kommittedirektiv/inrattande-av-en-ny-myndighet-for-miljoprovning_heb113/ | https://www.riksdagen.se/sv/dokument-och-lagar/dokument/svensk-forfattningssamling/miljobalk-1998808_sfs-1998-808/ | https://www.riksdagen.se/sv/dokument-och-lagar/dokument/svensk-forfattningssamling/forvaltningslag-2017900_sfs-2017-900/;2.2.0;https://nic-esp.github.io/miljotillstandsrisker/data/riskregister-items.csv;2026-09-30;R-B40-GN130-01:mitigation;Gör en intern 'myndighetsgranskning' av anmälan före inlämning med checklista mot FVV 20 § och MBD 8–9 §§. Besvara kompletteringskrav samlat och fullständigt, inte styckvis.;Utanför myndighetens kontrollansvar;Självständigt kontrollförslag efter jämförelse med befintlig åtgärd;Originalförslaget har granskats men är inte grund för denna kontrollkoppling.;Originalets föreslagna åtgärd kvarstår hos angiven aktör.;
MPM-08__R-B40-N120-02:trigger:03;MPM-08;Gemensam kapacitets- och specialistfördelning;S1_beslutat_uppdrag;R-B40-N120-02;Fördröjd initial handläggning äter upp åttaveckorsfristen;B40;B40 – Vattenverksamhet;B40-N120;Lämna anmälan till tillsynsmyndigheten;R-B40-N120-02:trigger:03;utlösande faktor;3;Den mottagande myndighetens kö fördröjer fördelningen till handläggare och den första sakgranskningen.;Direkt;Samlad kapacitet kan minska kö före första granskning när myndigheten faktiskt är behörig.;Följ belastning och ärendekomplexitet, fördela ärenden efter relevant kompetens och säkra ersättare. För över ärendekunskap vid personalbyte och följ köernas ålder.;Arbetsledning inom egen organisation och beslutade resurser. Ingen förtur utifrån politisk önskvärdhet eller övertagande av andra myndigheters personal.;"Dir. 2026:13 Organisation och verksamhetsformer samt Bemanning; FL 5 och 9 §§";"Egen kötid per jämförbar ärendetyp; specialistväntan; ärenden med dokumenterad ersättare";Bemannings- och kompetensplan, ködata och överlämningsloggar;Samlad organisation möjliggör annan resursfördelning, men även S0 har samverkansmöjligheter. Ingen antagen ökning av total resursmängd.;Löpande inom egen behörighet;Miljöprövningsmyndigheten;Projektägare → tillsynsmyndighet;analysis;;Endast anknutet ärende som lagligen tas om hand enligt MB 19 kap. 2 a §/övertagen MPD-behörighet. Självständiga vattenmål och länsstyrelsens kvarvarande ärenden ingår inte. Handläggningsordningen följer det övertagna ärendet.;Minskad sannolikhet för den påverkbara delen;"Ej skattad; kräver mätning mot S0";"Samma normaliserade typårsportfölj i S0 och S1; särredovisa den andel där myndigheten har befogenhet";Kopplingsrader är inte additiva effekter. Gemensamma kostnader och överlappande kontroller ska räknas en gång.;"Beslutad organisationsinriktning och lagändringar för start 2027-07-01; detaljerad kontrollutformning är analysförslag";"Föreslagen kontroll; genomförande och effekt inte verifierade";"Käll- och strukturkontrollerad; inbyggd adversarial review ej tillgänglig";https://www.riksdagen.se/sv/dokument-och-lagar/dokument/kommittedirektiv/inrattande-av-en-ny-myndighet-for-miljoprovning_heb113/ | https://www.riksdagen.se/sv/dokument-och-lagar/dokument/svensk-forfattningssamling/miljobalk-1998808_sfs-1998-808/ | https://www.riksdagen.se/sv/dokument-och-lagar/dokument/svensk-forfattningssamling/forvaltningslag-2017900_sfs-2017-900/;2.2.0;https://nic-esp.github.io/miljotillstandsrisker/data/riskregister-items.csv;2026-09-30;R-B40-N120-02:mitigation;Säkra mottagningsbevis med ankomstdatum, bevaka åttaveckorsfristen och begär skriftligt besked om skäl och slutdatum vid förlängning. Planera ett säsongsberoende arbete med marginal även inom fristen.;Delvis inom mandat efter avgränsning;Självständigt kontrollförslag efter jämförelse med befintlig åtgärd;Originalförslaget har granskats men är inte grund för denna kontrollkoppling.;Fristående vattenanmälningar och tillsyn. Åttaveckorsregler överförs inte automatiskt till samlad prövning.;
MPM-09__R-B40-N140-02:trigger:03;MPM-09;Strukturerad remiss och kommunicering;S1_beslutat_uppdrag;R-B40-N140-02;Remissinstanser svarar sent eller inte alls;B40;B40 – Vattenverksamhet;B40-N140;Remittera och inhämta yttranden;R-B40-N140-02:trigger:03;utlösande faktor;3;Remissbegäran är otydlig eller saknar det underlag som mottagaren behöver för sitt yttrande.;Direkt;Preciserad remiss med relevant underlag begränsar myndighetsorsakade remissomtag.;Skicka samordnade och preciserade remisser med gemensam underlagsversion och skälig svarstid. Följ upp uteblivna svar och dokumentera vilka frågor som är färdigberedda. Kommunicera nytt material av betydelse.;Kan inte tvinga fram positivt yttrande, enighet eller resurstillskott hos remissinstans. Nödvändig kommunicering får inte tas bort.;"FL 23, 25–27 §§; MB 19 kap. 4–5 a §§";"Remissomtag orsakade av otydlig fråga eller fel version; egen väntetid mellan svar och nästa åtgärd";Remissplan, sändlista, inkomna svar och kommuniceringslogg;Remiss och kommunicering finns i S0. Mät bara den undvikbara administration som bättre samordning minskar.;Löpande inom egen behörighet;Miljöprövningsmyndigheten;Tillsynsmyndighet;analysis;;Endast anknutet ärende som lagligen tas om hand enligt MB 19 kap. 2 a §/övertagen MPD-behörighet. Självständiga vattenmål och länsstyrelsens kvarvarande ärenden ingår inte. Handläggningsordningen följer det övertagna ärendet.;Minskad sannolikhet för den påverkbara delen;"Ej skattad; kräver mätning mot S0";"Samma normaliserade typårsportfölj i S0 och S1; särredovisa den andel där myndigheten har befogenhet";Kopplingsrader är inte additiva effekter. Gemensamma kostnader och överlappande kontroller ska räknas en gång.;"Beslutad organisationsinriktning och lagändringar för start 2027-07-01; detaljerad kontrollutformning är analysförslag";"Föreslagen kontroll; genomförande och effekt inte verifierade";"Käll- och strukturkontrollerad; inbyggd adversarial review ej tillgänglig";https://www.riksdagen.se/sv/dokument-och-lagar/dokument/kommittedirektiv/inrattande-av-en-ny-myndighet-for-miljoprovning_heb113/ | https://www.riksdagen.se/sv/dokument-och-lagar/dokument/svensk-forfattningssamling/miljobalk-1998808_sfs-1998-808/ | https://www.riksdagen.se/sv/dokument-och-lagar/dokument/svensk-forfattningssamling/forvaltningslag-2017900_sfs-2017-900/;2.2.0;https://nic-esp.github.io/miljotillstandsrisker/data/riskregister-items.csv;2026-09-30;R-B40-N140-02:mitigation;Förbered remissinstanser före den formella remissen, men utgå inte från en lagstadgad svarstid som inte finns. Bevaka i stället myndighetens beslutade remisstid och den övergripande åttaveckorsfristen.;Delvis inom mandat efter avgränsning;Anpassning av befintligt förslag, avgränsad till myndighetens del;Planera och följa upp egna remisser med skäliga, korrekta svarstider.;Sökandens biologiska underlag och andra remissinstansers resurser. Endast behörigt anknutet ärende.;
MPM-07__R-B40-M130-01:trigger:02;MPM-07;Aktiv tidsplanering och bevakning av egen handläggning;S1_beslutat_uppdrag;R-B40-M130-01;Handläggningstiden för markavvattning är osäker;B40;B40 – Vattenverksamhet;B40-M130;Ge in markavvattningsansökan;R-B40-M130-01:trigger:02;utlösande faktor;2;Markavvattningsärendet behöver samordnas med andra uppgifter hos länsstyrelsen och handläggningstiden avviker från projektets prognos.;Direkt;Gemensam ärendeplan kan begränsa administrativa glapp i övertaget anknutet markavvattningsärende.;Upprätta och följ upp ärendeplan med ansvar, beroenden och nästa steg. Följ avvikelser, omplanera och informera berörda. Gör bedömningen av vad som återstår före avgörande synlig.;Tidsplan är ingen bifallsgaranti. Rättssäker kommunicering och nödvändiga utredningar får inte hoppas över. Ingen kontroll över domstolens eller regeringens tidplan.;"MB 19 kap. 5 a § och 22 kap. 11 b §; FL 9 och 11 §§";"Median och P90 egen liggtid; andel milstolpar hållna; förseningar med underrättelse";Ärendeplaner, aktivitetsloggar, dokumenterad väntansvarig;Tidsplaner föreskrivs redan i S0. Isolera minskad egen liggtid från sökandens och remissinstansernas väntetider.;Vid planläggning och löpande avvikelseuppföljning;Miljöprövningsmyndigheten;Projektägare → länsstyrelse;analysis;;Endast anknutet ärende som lagligen tas om hand enligt MB 19 kap. 2 a §/övertagen MPD-behörighet. Självständiga vattenmål och länsstyrelsens kvarvarande ärenden ingår inte. Handläggningsordningen följer det övertagna ärendet.;Minskad sannolikhet för den påverkbara delen;"Ej skattad; kräver mätning mot S0";"Samma normaliserade typårsportfölj i S0 och S1; särredovisa den andel där myndigheten har befogenhet";Kopplingsrader är inte additiva effekter. Gemensamma kostnader och överlappande kontroller ska räknas en gång.;"Beslutad organisationsinriktning och lagändringar för start 2027-07-01; detaljerad kontrollutformning är analysförslag";"Föreslagen kontroll; genomförande och effekt inte verifierade";"Käll- och strukturkontrollerad; inbyggd adversarial review ej tillgänglig";https://www.riksdagen.se/sv/dokument-och-lagar/dokument/kommittedirektiv/inrattande-av-en-ny-myndighet-for-miljoprovning_heb113/ | https://www.riksdagen.se/sv/dokument-och-lagar/dokument/svensk-forfattningssamling/miljobalk-1998808_sfs-1998-808/ | https://www.riksdagen.se/sv/dokument-och-lagar/dokument/svensk-forfattningssamling/forvaltningslag-2017900_sfs-2017-900/;2.2.0;https://nic-esp.github.io/miljotillstandsrisker/data/riskregister-items.csv;2026-09-30;R-B40-M130-01:mitigation;Lämna ett komplett underlag för att minska behovet av komplettering, håll löpande kontakt med handläggaren och anpassa genomförandeplanen till myndighetens aktuella prognos.;Delvis inom mandat efter avgränsning;Anpassning av befintligt förslag, avgränsad till myndighetens del;Lämna realistisk prognos och följa egen ärendeplan för anknuten markavvattning.;Sökandens fältarbete och fristående länsstyrelseärenden.;
MPM-07__R-B40-M130-01:trigger:04;MPM-07;Aktiv tidsplanering och bevakning av egen handläggning;S1_beslutat_uppdrag;R-B40-M130-01;Handläggningstiden för markavvattning är osäker;B40;B40 – Vattenverksamhet;B40-M130;Ge in markavvattningsansökan;R-B40-M130-01:trigger:04;utlösande faktor;4;Ärendet behöver samordnas mellan flera enheter eller myndigheter innan beslut kan fattas.;Direkt;Gemensam ärendeplan kan begränsa administrativa glapp i övertaget anknutet markavvattningsärende.;Upprätta och följ upp ärendeplan med ansvar, beroenden och nästa steg. Följ avvikelser, omplanera och informera berörda. Gör bedömningen av vad som återstår före avgörande synlig.;Tidsplan är ingen bifallsgaranti. Rättssäker kommunicering och nödvändiga utredningar får inte hoppas över. Ingen kontroll över domstolens eller regeringens tidplan.;"MB 19 kap. 5 a § och 22 kap. 11 b §; FL 9 och 11 §§";"Median och P90 egen liggtid; andel milstolpar hållna; förseningar med underrättelse";Ärendeplaner, aktivitetsloggar, dokumenterad väntansvarig;Tidsplaner föreskrivs redan i S0. Isolera minskad egen liggtid från sökandens och remissinstansernas väntetider.;Vid planläggning och löpande avvikelseuppföljning;Miljöprövningsmyndigheten;Projektägare → länsstyrelse;analysis;;Endast anknutet ärende som lagligen tas om hand enligt MB 19 kap. 2 a §/övertagen MPD-behörighet. Självständiga vattenmål och länsstyrelsens kvarvarande ärenden ingår inte. Handläggningsordningen följer det övertagna ärendet.;Minskad sannolikhet för den påverkbara delen;"Ej skattad; kräver mätning mot S0";"Samma normaliserade typårsportfölj i S0 och S1; särredovisa den andel där myndigheten har befogenhet";Kopplingsrader är inte additiva effekter. Gemensamma kostnader och överlappande kontroller ska räknas en gång.;"Beslutad organisationsinriktning och lagändringar för start 2027-07-01; detaljerad kontrollutformning är analysförslag";"Föreslagen kontroll; genomförande och effekt inte verifierade";"Käll- och strukturkontrollerad; inbyggd adversarial review ej tillgänglig";https://www.riksdagen.se/sv/dokument-och-lagar/dokument/kommittedirektiv/inrattande-av-en-ny-myndighet-for-miljoprovning_heb113/ | https://www.riksdagen.se/sv/dokument-och-lagar/dokument/svensk-forfattningssamling/miljobalk-1998808_sfs-1998-808/ | https://www.riksdagen.se/sv/dokument-och-lagar/dokument/svensk-forfattningssamling/forvaltningslag-2017900_sfs-2017-900/;2.2.0;https://nic-esp.github.io/miljotillstandsrisker/data/riskregister-items.csv;2026-09-30;R-B40-M130-01:mitigation;Lämna ett komplett underlag för att minska behovet av komplettering, håll löpande kontakt med handläggaren och anpassa genomförandeplanen till myndighetens aktuella prognos.;Delvis inom mandat efter avgränsning;Anpassning av befintligt förslag, avgränsad till myndighetens del;Lämna realistisk prognos och följa egen ärendeplan för anknuten markavvattning.;Sökandens fältarbete och fristående länsstyrelseärenden.;
MPM-T01__R-B10-070-03:trigger:02;MPM-T01;Verifierad överföring vid myndighetsstart;Inforande_ej_S1;R-B10-070-03;Instanskartan föråldras av myndighetsreformen mitt i projektlöpet;B10;B10 – Förstudie och prövningsväg;B10-070;Upprätta samlad prövnings- och instanskarta;R-B10-070-03:trigger:02;utlösande faktor;2;Projektets interna planering för ansökningsinlämning är fastställd till en tidpunkt efter den 1 juli 2027 utan att ha justerats mot den nya myndighetsstrukturen.;Direkt;Verifierad överföring kan minska ett specifikt införandeglapp. Posten hålls utanför S1 steady state.;Stäm av ärendelista, ansvar, handlingar, tidigare kommunicerade krav och kontaktuppgifter med överlämnande myndighet. Kvittera mottagen akt och korrigera glapp.;Införandekontroll. Ska inte räknas som en varaktig riskreduktion i ett steady-state-scenario som uttryckligen exkluderar införandet.;"Dir. 2026:13 Ansvaret för befintliga uppgifter; övergångsbestämmelser till SFS 2026:1442";"Överförda ärenden med komplett akt och utsedd ansvarig; extra dagar orsakade av flytten";Avstämningsprotokoll, migreringskontroll och kontaktinformation;"Separat införandescenario; får inte adderas till myndighetens steady-state-värde.";Före och vid ärendeöverföringen 2027;Organisationsutredningen och överlämnande länsstyrelser;Projektägare;source;SFS2026_1442 | SFS2026_1443;"Införande 2027; inte löpande S1-effekt.";Minskad sannolikhet för den påverkbara delen;"Ej skattad; kräver mätning mot S0";"Samma normaliserade typårsportfölj i S0 och S1; särredovisa den andel där myndigheten har befogenhet";Kopplingsrader är inte additiva effekter. Gemensamma kostnader och överlappande kontroller ska räknas en gång.;Separat från huvudscenario: Inforande_ej_S1;"Föreslagen kontroll; genomförande och effekt inte verifierade";"Käll- och strukturkontrollerad; inbyggd adversarial review ej tillgänglig";https://www.riksdagen.se/sv/dokument-och-lagar/dokument/kommittedirektiv/inrattande-av-en-ny-myndighet-for-miljoprovning_heb113/ | https://www.riksdagen.se/sv/dokument-och-lagar/dokument/svensk-forfattningssamling/miljobalk-1998808_sfs-1998-808/ | https://www.riksdagen.se/sv/dokument-och-lagar/dokument/svensk-forfattningssamling/forvaltningslag-2017900_sfs-2017-900/;2.2.0;https://nic-esp.github.io/miljotillstandsrisker/data/riskregister-items.csv;2026-09-30;R-B10-070-03:mitigation;Versionshantera matrisen med datumstämpling mot reformbeslut, följ övergångsbestämmelserna i SFS 2026:1442–1444, och bygg ansökningsstrategin så att den tål att mottagaren byts utan att själva underlaget behöver göras om.;"Endast införande; utanför stabilt S1";Anpassning av befintligt förslag, avgränsad till myndighetens del;Verifiera egen övergångsinformation, ärendeöverföring och mottagare under införandet.;Ingen S1-effekt i stabil drift. Ingen garanti att tidigare kompletthetsbedömning binder ny instans eller rekommendation om taktisk ingivning.;
MPM-T01__R-B10-070-03:trigger:04;MPM-T01;Verifierad överföring vid myndighetsstart;Inforande_ej_S1;R-B10-070-03;Instanskartan föråldras av myndighetsreformen mitt i projektlöpet;B10;B10 – Förstudie och prövningsväg;B10-070;Upprätta samlad prövnings- och instanskarta;R-B10-070-03:trigger:04;utlösande faktor;4;Projektet har inte implementerat en versionshanteringsrutin för sin prövningsmatris som kopplar ihop projektets livscykelstadium med gällande instansfördelning.;Direkt;Verifierad överföring kan minska ett specifikt införandeglapp. Posten hålls utanför S1 steady state.;Stäm av ärendelista, ansvar, handlingar, tidigare kommunicerade krav och kontaktuppgifter med överlämnande myndighet. Kvittera mottagen akt och korrigera glapp.;Införandekontroll. Ska inte räknas som en varaktig riskreduktion i ett steady-state-scenario som uttryckligen exkluderar införandet.;"Dir. 2026:13 Ansvaret för befintliga uppgifter; övergångsbestämmelser till SFS 2026:1442";"Överförda ärenden med komplett akt och utsedd ansvarig; extra dagar orsakade av flytten";Avstämningsprotokoll, migreringskontroll och kontaktinformation;"Separat införandescenario; får inte adderas till myndighetens steady-state-värde.";Före och vid ärendeöverföringen 2027;Organisationsutredningen och överlämnande länsstyrelser;Projektägare;analysis;;"Införande 2027; inte löpande S1-effekt.";Minskad sannolikhet för den påverkbara delen;"Ej skattad; kräver mätning mot S0";"Samma normaliserade typårsportfölj i S0 och S1; särredovisa den andel där myndigheten har befogenhet";Kopplingsrader är inte additiva effekter. Gemensamma kostnader och överlappande kontroller ska räknas en gång.;Separat från huvudscenario: Inforande_ej_S1;"Föreslagen kontroll; genomförande och effekt inte verifierade";"Käll- och strukturkontrollerad; inbyggd adversarial review ej tillgänglig";https://www.riksdagen.se/sv/dokument-och-lagar/dokument/kommittedirektiv/inrattande-av-en-ny-myndighet-for-miljoprovning_heb113/ | https://www.riksdagen.se/sv/dokument-och-lagar/dokument/svensk-forfattningssamling/miljobalk-1998808_sfs-1998-808/ | https://www.riksdagen.se/sv/dokument-och-lagar/dokument/svensk-forfattningssamling/forvaltningslag-2017900_sfs-2017-900/;2.2.0;https://nic-esp.github.io/miljotillstandsrisker/data/riskregister-items.csv;2026-09-30;R-B10-070-03:mitigation;Versionshantera matrisen med datumstämpling mot reformbeslut, följ övergångsbestämmelserna i SFS 2026:1442–1444, och bygg ansökningsstrategin så att den tål att mottagaren byts utan att själva underlaget behöver göras om.;"Endast införande; utanför stabilt S1";Anpassning av befintligt förslag, avgränsad till myndighetens del;Verifiera egen övergångsinformation, ärendeöverföring och mottagare under införandet.;Ingen S1-effekt i stabil drift. Ingen garanti att tidigare kompletthetsbedömning binder ny instans eller rekommendation om taktisk ingivning.;
MPM-T01__R-B10-080-03:trigger:04;MPM-T01;Verifierad överföring vid myndighetsstart;Inforande_ej_S1;R-B10-080-03;Prövningsinstanserna kan inte enas om samordning och handoff;B10;B10 – Förstudie och prövningsväg;B10-080;Kan prövningarna samordnas eller sambandsprövas?;R-B10-080-03:trigger:04;utlösande faktor;4;Övergången till Miljöprövningsmyndigheten skapar behov av att klarlägga gränssnitt och ansvar under organisationsförändringen.;Direkt;Verifierad överföring kan minska ett specifikt införandeglapp. Posten hålls utanför S1 steady state.;Stäm av ärendelista, ansvar, handlingar, tidigare kommunicerade krav och kontaktuppgifter med överlämnande myndighet. Kvittera mottagen akt och korrigera glapp.;Införandekontroll. Ska inte räknas som en varaktig riskreduktion i ett steady-state-scenario som uttryckligen exkluderar införandet.;"Dir. 2026:13 Ansvaret för befintliga uppgifter; övergångsbestämmelser till SFS 2026:1442";"Överförda ärenden med komplett akt och utsedd ansvarig; extra dagar orsakade av flytten";Avstämningsprotokoll, migreringskontroll och kontaktinformation;"Separat införandescenario; får inte adderas till myndighetens steady-state-värde.";Före och vid ärendeöverföringen 2027;Organisationsutredningen och överlämnande länsstyrelser;Projektägare och berörda prövningsinstanser;source;NEW_AUTH;"Införande 2027; inte löpande S1-effekt.";Minskad sannolikhet för den påverkbara delen;"Ej skattad; kräver mätning mot S0";"Samma normaliserade typårsportfölj i S0 och S1; särredovisa den andel där myndigheten har befogenhet";Kopplingsrader är inte additiva effekter. Gemensamma kostnader och överlappande kontroller ska räknas en gång.;Separat från huvudscenario: Inforande_ej_S1;"Föreslagen kontroll; genomförande och effekt inte verifierade";"Käll- och strukturkontrollerad; inbyggd adversarial review ej tillgänglig";https://www.riksdagen.se/sv/dokument-och-lagar/dokument/kommittedirektiv/inrattande-av-en-ny-myndighet-for-miljoprovning_heb113/ | https://www.riksdagen.se/sv/dokument-och-lagar/dokument/svensk-forfattningssamling/miljobalk-1998808_sfs-1998-808/ | https://www.riksdagen.se/sv/dokument-och-lagar/dokument/svensk-forfattningssamling/forvaltningslag-2017900_sfs-2017-900/;2.2.0;https://nic-esp.github.io/miljotillstandsrisker/data/riskregister-items.csv;2026-09-30;R-B10-080-03:mitigation;"Upprätta en skriftlig samordningsöverenskommelse med namngivna kontaktpersoner, gemensam milstolpsplan och eskaleringsväg; bekräfta varje instans kapacitetsläge vid beslutet; och återbesök samordningsbeslutet vid varje reform- eller organisationsbesked som påverkar någon av instanserna.";Delvis inom mandat efter avgränsning;Självständigt kontrollförslag efter jämförelse med befintlig åtgärd;Originalförslaget har granskats men är inte grund för denna kontrollkoppling.;"Sökandens projektledning och kritiska linje; ingen överordnad koordinator eller rätt att kräva beslut från andra organ.";
MPM-T01__R-B30-G110-02:trigger:03;MPM-T01;Verifierad överföring vid myndighetsstart;Inforande_ej_S1;R-B30-G110-02;Övergången till Miljöprövningsmyndigheten kräver uppdaterad ärendeplanering;B30;B30 – Miljöfarlig verksamhet;B30-G110;Behörig första instans?;R-B30-G110-02:trigger:03;utlösande faktor;3;Myndigheternas genomförande av ärendeöverföringen skapar osäkerhet kring vilka aktuella handläggningsregler och avgifter som gäller för de överlåtna ärendena.;Direkt;Verifierad överföring kan minska ett specifikt införandeglapp. Posten hålls utanför S1 steady state.;Stäm av ärendelista, ansvar, handlingar, tidigare kommunicerade krav och kontaktuppgifter med överlämnande myndighet. Kvittera mottagen akt och korrigera glapp.;Införandekontroll. Ska inte räknas som en varaktig riskreduktion i ett steady-state-scenario som uttryckligen exkluderar införandet.;"Dir. 2026:13 Ansvaret för befintliga uppgifter; övergångsbestämmelser till SFS 2026:1442";"Överförda ärenden med komplett akt och utsedd ansvarig; extra dagar orsakade av flytten";Avstämningsprotokoll, migreringskontroll och kontaktinformation;"Separat införandescenario; får inte adderas till myndighetens steady-state-värde.";Före och vid ärendeöverföringen 2027;Organisationsutredningen och överlämnande länsstyrelser;Verksamhetsutövare;analysis;;"Införande 2027; inte löpande S1-effekt.";Minskad sannolikhet för den påverkbara delen;"Ej skattad; kräver mätning mot S0";"Samma normaliserade typårsportfölj i S0 och S1; särredovisa den andel där myndigheten har befogenhet";Kopplingsrader är inte additiva effekter. Gemensamma kostnader och överlappande kontroller ska räknas en gång.;Separat från huvudscenario: Inforande_ej_S1;"Föreslagen kontroll; genomförande och effekt inte verifierade";"Käll- och strukturkontrollerad; inbyggd adversarial review ej tillgänglig";https://www.riksdagen.se/sv/dokument-och-lagar/dokument/kommittedirektiv/inrattande-av-en-ny-myndighet-for-miljoprovning_heb113/ | https://www.riksdagen.se/sv/dokument-och-lagar/dokument/svensk-forfattningssamling/miljobalk-1998808_sfs-1998-808/ | https://www.riksdagen.se/sv/dokument-och-lagar/dokument/svensk-forfattningssamling/forvaltningslag-2017900_sfs-2017-900/;2.2.0;https://nic-esp.github.io/miljotillstandsrisker/data/riskregister-items.csv;2026-09-30;R-B30-G110-02:mitigation;Tidigarelägg inlämning före 2027-07-01 om möjligt, håll ansökningshandlingarna kompletta och portabla så att de kan tas över utan omarbete, och bevaka övergångsregler och myndighetens vägledning löpande.;"Endast införande; utanför stabilt S1";Anpassning av befintligt förslag, avgränsad till myndighetens del;Verifiera egen övergångsinformation, ärendeöverföring och mottagare under införandet.;Ingen S1-effekt i stabil drift. Ingen garanti att tidigare kompletthetsbedömning binder ny instans eller rekommendation om taktisk ingivning.;
MPM-T01__R-B30-G110-02:trigger:04;MPM-T01;Verifierad överföring vid myndighetsstart;Inforande_ej_S1;R-B30-G110-02;Övergången till Miljöprövningsmyndigheten kräver uppdaterad ärendeplanering;B30;B30 – Miljöfarlig verksamhet;B30-G110;Behörig första instans?;R-B30-G110-02:trigger:04;utlösande faktor;4;Projektägare kan behöva verifiera om tidigare kommunicerade tidplaner fortfarande är giltiga efter att mottagaren av ansökan har bytts från länsstyrelse till Miljöprövningsmyndigheten.;Direkt;Verifierad överföring kan minska ett specifikt införandeglapp. Posten hålls utanför S1 steady state.;Stäm av ärendelista, ansvar, handlingar, tidigare kommunicerade krav och kontaktuppgifter med överlämnande myndighet. Kvittera mottagen akt och korrigera glapp.;Införandekontroll. Ska inte räknas som en varaktig riskreduktion i ett steady-state-scenario som uttryckligen exkluderar införandet.;"Dir. 2026:13 Ansvaret för befintliga uppgifter; övergångsbestämmelser till SFS 2026:1442";"Överförda ärenden med komplett akt och utsedd ansvarig; extra dagar orsakade av flytten";Avstämningsprotokoll, migreringskontroll och kontaktinformation;"Separat införandescenario; får inte adderas till myndighetens steady-state-värde.";Före och vid ärendeöverföringen 2027;Organisationsutredningen och överlämnande länsstyrelser;Verksamhetsutövare;analysis;;"Införande 2027; inte löpande S1-effekt.";Minskad sannolikhet för den påverkbara delen;"Ej skattad; kräver mätning mot S0";"Samma normaliserade typårsportfölj i S0 och S1; särredovisa den andel där myndigheten har befogenhet";Kopplingsrader är inte additiva effekter. Gemensamma kostnader och överlappande kontroller ska räknas en gång.;Separat från huvudscenario: Inforande_ej_S1;"Föreslagen kontroll; genomförande och effekt inte verifierade";"Käll- och strukturkontrollerad; inbyggd adversarial review ej tillgänglig";https://www.riksdagen.se/sv/dokument-och-lagar/dokument/kommittedirektiv/inrattande-av-en-ny-myndighet-for-miljoprovning_heb113/ | https://www.riksdagen.se/sv/dokument-och-lagar/dokument/svensk-forfattningssamling/miljobalk-1998808_sfs-1998-808/ | https://www.riksdagen.se/sv/dokument-och-lagar/dokument/svensk-forfattningssamling/forvaltningslag-2017900_sfs-2017-900/;2.2.0;https://nic-esp.github.io/miljotillstandsrisker/data/riskregister-items.csv;2026-09-30;R-B30-G110-02:mitigation;Tidigarelägg inlämning före 2027-07-01 om möjligt, håll ansökningshandlingarna kompletta och portabla så att de kan tas över utan omarbete, och bevaka övergångsregler och myndighetens vägledning löpande.;"Endast införande; utanför stabilt S1";Anpassning av befintligt förslag, avgränsad till myndighetens del;Verifiera egen övergångsinformation, ärendeöverföring och mottagare under införandet.;Ingen S1-effekt i stabil drift. Ingen garanti att tidigare kompletthetsbedömning binder ny instans eller rekommendation om taktisk ingivning.;
MPM-T01__R-B30-GO130-02:trigger:04;MPM-T01;Verifierad överföring vid myndighetsstart;Inforande_ej_S1;R-B30-GO130-02;Omprövningar behöver hanteras enligt övergången till Miljöprövningsmyndigheten;B30;B30 – Miljöfarlig verksamhet;B30-GO130;Behörig omprövningsinstans?;R-B30-GO130-02:trigger:04;utlösande faktor;4;Projektets ärendeplanering har inte uppdaterats för den föreskrivna överföringen av pågående ärenden till Miljöprövningsmyndigheten.;Direkt;Verifierad överföring kan minska ett specifikt införandeglapp. Posten hålls utanför S1 steady state.;Stäm av ärendelista, ansvar, handlingar, tidigare kommunicerade krav och kontaktuppgifter med överlämnande myndighet. Kvittera mottagen akt och korrigera glapp.;Införandekontroll. Ska inte räknas som en varaktig riskreduktion i ett steady-state-scenario som uttryckligen exkluderar införandet.;"Dir. 2026:13 Ansvaret för befintliga uppgifter; övergångsbestämmelser till SFS 2026:1442";"Överförda ärenden med komplett akt och utsedd ansvarig; extra dagar orsakade av flytten";Avstämningsprotokoll, migreringskontroll och kontaktinformation;"Separat införandescenario; får inte adderas till myndighetens steady-state-värde.";Före och vid ärendeöverföringen 2027;Organisationsutredningen och överlämnande länsstyrelser;Sökande/behörig myndighet;analysis;;"Införande 2027; inte löpande S1-effekt.";Minskad sannolikhet för den påverkbara delen;"Ej skattad; kräver mätning mot S0";"Samma normaliserade typårsportfölj i S0 och S1; särredovisa den andel där myndigheten har befogenhet";Kopplingsrader är inte additiva effekter. Gemensamma kostnader och överlappande kontroller ska räknas en gång.;Separat från huvudscenario: Inforande_ej_S1;"Föreslagen kontroll; genomförande och effekt inte verifierade";"Käll- och strukturkontrollerad; inbyggd adversarial review ej tillgänglig";https://www.riksdagen.se/sv/dokument-och-lagar/dokument/kommittedirektiv/inrattande-av-en-ny-myndighet-for-miljoprovning_heb113/ | https://www.riksdagen.se/sv/dokument-och-lagar/dokument/svensk-forfattningssamling/miljobalk-1998808_sfs-1998-808/ | https://www.riksdagen.se/sv/dokument-och-lagar/dokument/svensk-forfattningssamling/forvaltningslag-2017900_sfs-2017-900/;2.2.0;https://nic-esp.github.io/miljotillstandsrisker/data/riskregister-items.csv;2026-09-30;R-B30-GO130-02:mitigation;Kartlägg om verksamhetens tillstånd omfattas av övertagandet, säkra att ärendets handlingar är kompletta och överförbara, och följ Miljöprövningsmyndighetens föreskrifter och vägledningar från start.;"Endast införande; utanför stabilt S1";Anpassning av befintligt förslag, avgränsad till myndighetens del;Verifiera egen övergångsinformation, ärendeöverföring och mottagare under införandet.;Ingen S1-effekt i stabil drift. Ingen garanti att tidigare kompletthetsbedömning binder ny instans eller rekommendation om taktisk ingivning.;
MPM-T01__R-B30-GO130-02:trigger:05;MPM-T01;Verifierad överföring vid myndighetsstart;Inforande_ej_S1;R-B30-GO130-02;Omprövningar behöver hanteras enligt övergången till Miljöprövningsmyndigheten;B30;B30 – Miljöfarlig verksamhet;B30-GO130;Behörig omprövningsinstans?;R-B30-GO130-02:trigger:05;utlösande faktor;5;Projektet behöver ta höjd för att den nya organisationens rutiner för inkomna omprövningsansökningar kan skilja sig från länsstyrelsernas tidigare rutiner.;Direkt;Verifierad överföring kan minska ett specifikt införandeglapp. Posten hålls utanför S1 steady state.;Stäm av ärendelista, ansvar, handlingar, tidigare kommunicerade krav och kontaktuppgifter med överlämnande myndighet. Kvittera mottagen akt och korrigera glapp.;Införandekontroll. Ska inte räknas som en varaktig riskreduktion i ett steady-state-scenario som uttryckligen exkluderar införandet.;"Dir. 2026:13 Ansvaret för befintliga uppgifter; övergångsbestämmelser till SFS 2026:1442";"Överförda ärenden med komplett akt och utsedd ansvarig; extra dagar orsakade av flytten";Avstämningsprotokoll, migreringskontroll och kontaktinformation;"Separat införandescenario; får inte adderas till myndighetens steady-state-värde.";Före och vid ärendeöverföringen 2027;Organisationsutredningen och överlämnande länsstyrelser;Sökande/behörig myndighet;analysis;;"Införande 2027; inte löpande S1-effekt.";Minskad sannolikhet för den påverkbara delen;"Ej skattad; kräver mätning mot S0";"Samma normaliserade typårsportfölj i S0 och S1; särredovisa den andel där myndigheten har befogenhet";Kopplingsrader är inte additiva effekter. Gemensamma kostnader och överlappande kontroller ska räknas en gång.;Separat från huvudscenario: Inforande_ej_S1;"Föreslagen kontroll; genomförande och effekt inte verifierade";"Käll- och strukturkontrollerad; inbyggd adversarial review ej tillgänglig";https://www.riksdagen.se/sv/dokument-och-lagar/dokument/kommittedirektiv/inrattande-av-en-ny-myndighet-for-miljoprovning_heb113/ | https://www.riksdagen.se/sv/dokument-och-lagar/dokument/svensk-forfattningssamling/miljobalk-1998808_sfs-1998-808/ | https://www.riksdagen.se/sv/dokument-och-lagar/dokument/svensk-forfattningssamling/forvaltningslag-2017900_sfs-2017-900/;2.2.0;https://nic-esp.github.io/miljotillstandsrisker/data/riskregister-items.csv;2026-09-30;R-B30-GO130-02:mitigation;Kartlägg om verksamhetens tillstånd omfattas av övertagandet, säkra att ärendets handlingar är kompletta och överförbara, och följ Miljöprövningsmyndighetens föreskrifter och vägledningar från start.;"Endast införande; utanför stabilt S1";Anpassning av befintligt förslag, avgränsad till myndighetens del;Verifiera egen övergångsinformation, ärendeöverföring och mottagare under införandet.;Ingen S1-effekt i stabil drift. Ingen garanti att tidigare kompletthetsbedömning binder ny instans eller rekommendation om taktisk ingivning.;
MPM-T01__R-B60-010-02:trigger:02;MPM-T01;Verifierad överföring vid myndighetsstart;Inforande_ej_S1;R-B60-010-02;Aktörsbytet till Miljöprövningsmyndigheten skapar diarie- och behörighetsglapp;B60;B60 – Ansökan, beslut och överprövning;B60-010;Ge in, registrera och avgiftslägg ansökan;R-B60-010-02:trigger:02;utlösande faktor;2;Gamla och nya diarier använder olika ärendeidentiteter eller metadata för samma ansökan.;Direkt;Verifierad överföring kan minska ett specifikt införandeglapp. Posten hålls utanför S1 steady state.;Stäm av ärendelista, ansvar, handlingar, tidigare kommunicerade krav och kontaktuppgifter med överlämnande myndighet. Kvittera mottagen akt och korrigera glapp.;Införandekontroll. Ska inte räknas som en varaktig riskreduktion i ett steady-state-scenario som uttryckligen exkluderar införandet.;"Dir. 2026:13 Ansvaret för befintliga uppgifter; övergångsbestämmelser till SFS 2026:1442";"Överförda ärenden med komplett akt och utsedd ansvarig; extra dagar orsakade av flytten";Avstämningsprotokoll, migreringskontroll och kontaktinformation;"Separat införandescenario; får inte adderas till myndighetens steady-state-värde.";Före och vid ärendeöverföringen 2027;Organisationsutredningen och överlämnande länsstyrelser;Sökande och första instans;analysis;;"Införande 2027; inte löpande S1-effekt.";Minskad sannolikhet för den påverkbara delen;"Ej skattad; kräver mätning mot S0";"Samma normaliserade typårsportfölj i S0 och S1; särredovisa den andel där myndigheten har befogenhet";Kopplingsrader är inte additiva effekter. Gemensamma kostnader och överlappande kontroller ska räknas en gång.;Separat från huvudscenario: Inforande_ej_S1;"Föreslagen kontroll; genomförande och effekt inte verifierade";"Käll- och strukturkontrollerad; inbyggd adversarial review ej tillgänglig";https://www.riksdagen.se/sv/dokument-och-lagar/dokument/kommittedirektiv/inrattande-av-en-ny-myndighet-for-miljoprovning_heb113/ | https://www.riksdagen.se/sv/dokument-och-lagar/dokument/svensk-forfattningssamling/miljobalk-1998808_sfs-1998-808/ | https://www.riksdagen.se/sv/dokument-och-lagar/dokument/svensk-forfattningssamling/forvaltningslag-2017900_sfs-2017-900/;2.2.0;https://nic-esp.github.io/miljotillstandsrisker/data/riskregister-items.csv;2026-09-30;R-B60-010-02:mitigation;"Följ Miljöprövningsmyndighetens ikraftträdande- och övergångsbesked noggrant; tidigarelägg ingivning före 2027-07-01 eller avvakta nya rutiner; begär skriftlig vägledning om rätt mottagare vid gränsfall.";"Endast införande; utanför stabilt S1";Anpassning av befintligt förslag, avgränsad till myndighetens del;Verifiera egen övergångsinformation, ärendeöverföring och mottagare under införandet.;Ingen S1-effekt i stabil drift. Ingen garanti att tidigare kompletthetsbedömning binder ny instans eller rekommendation om taktisk ingivning.;
MPM-T01__R-B60-010-02:trigger:03;MPM-T01;Verifierad överföring vid myndighetsstart;Inforande_ej_S1;R-B60-010-02;Aktörsbytet till Miljöprövningsmyndigheten skapar diarie- och behörighetsglapp;B60;B60 – Ansökan, beslut och överprövning;B60-010;Ge in, registrera och avgiftslägg ansökan;R-B60-010-02:trigger:03;utlösande faktor;3;Sökanden eller en remissinstans använder en inaktuell mottagar- eller behörighetsuppgift under övergången.;Direkt;Verifierad överföring kan minska ett specifikt införandeglapp. Posten hålls utanför S1 steady state.;Stäm av ärendelista, ansvar, handlingar, tidigare kommunicerade krav och kontaktuppgifter med överlämnande myndighet. Kvittera mottagen akt och korrigera glapp.;Införandekontroll. Ska inte räknas som en varaktig riskreduktion i ett steady-state-scenario som uttryckligen exkluderar införandet.;"Dir. 2026:13 Ansvaret för befintliga uppgifter; övergångsbestämmelser till SFS 2026:1442";"Överförda ärenden med komplett akt och utsedd ansvarig; extra dagar orsakade av flytten";Avstämningsprotokoll, migreringskontroll och kontaktinformation;"Separat införandescenario; får inte adderas till myndighetens steady-state-värde.";Före och vid ärendeöverföringen 2027;Organisationsutredningen och överlämnande länsstyrelser;Sökande och första instans;analysis;;"Införande 2027; inte löpande S1-effekt.";Minskad sannolikhet för den påverkbara delen;"Ej skattad; kräver mätning mot S0";"Samma normaliserade typårsportfölj i S0 och S1; särredovisa den andel där myndigheten har befogenhet";Kopplingsrader är inte additiva effekter. Gemensamma kostnader och överlappande kontroller ska räknas en gång.;Separat från huvudscenario: Inforande_ej_S1;"Föreslagen kontroll; genomförande och effekt inte verifierade";"Käll- och strukturkontrollerad; inbyggd adversarial review ej tillgänglig";https://www.riksdagen.se/sv/dokument-och-lagar/dokument/kommittedirektiv/inrattande-av-en-ny-myndighet-for-miljoprovning_heb113/ | https://www.riksdagen.se/sv/dokument-och-lagar/dokument/svensk-forfattningssamling/miljobalk-1998808_sfs-1998-808/ | https://www.riksdagen.se/sv/dokument-och-lagar/dokument/svensk-forfattningssamling/forvaltningslag-2017900_sfs-2017-900/;2.2.0;https://nic-esp.github.io/miljotillstandsrisker/data/riskregister-items.csv;2026-09-30;R-B60-010-02:mitigation;"Följ Miljöprövningsmyndighetens ikraftträdande- och övergångsbesked noggrant; tidigarelägg ingivning före 2027-07-01 eller avvakta nya rutiner; begär skriftlig vägledning om rätt mottagare vid gränsfall.";"Endast införande; utanför stabilt S1";Anpassning av befintligt förslag, avgränsad till myndighetens del;Verifiera egen övergångsinformation, ärendeöverföring och mottagare under införandet.;Ingen S1-effekt i stabil drift. Ingen garanti att tidigare kompletthetsbedömning binder ny instans eller rekommendation om taktisk ingivning.;
MPM-T01__R-B60-030-02:trigger:02;MPM-T01;Verifierad överföring vid myndighetsstart;Inforande_ej_S1;R-B60-030-02;Skiftande kravbild vid aktörsbyte skapar omprövning av underlaget;B60;B60 – Ansökan, beslut och överprövning;B60-030;Kontrollera materiell fullständighet;R-B60-030-02:trigger:02;utlösande faktor;2;Den mottagande myndigheten dokumenterar kompletthetskraven på ett annat sätt än den tidigare instansen.;Direkt;Verifierad överföring kan minska ett specifikt införandeglapp. Posten hålls utanför S1 steady state.;Stäm av ärendelista, ansvar, handlingar, tidigare kommunicerade krav och kontaktuppgifter med överlämnande myndighet. Kvittera mottagen akt och korrigera glapp.;Införandekontroll. Ska inte räknas som en varaktig riskreduktion i ett steady-state-scenario som uttryckligen exkluderar införandet.;"Dir. 2026:13 Ansvaret för befintliga uppgifter; övergångsbestämmelser till SFS 2026:1442";"Överförda ärenden med komplett akt och utsedd ansvarig; extra dagar orsakade av flytten";Avstämningsprotokoll, migreringskontroll och kontaktinformation;"Separat införandescenario; får inte adderas till myndighetens steady-state-värde.";Före och vid ärendeöverföringen 2027;Organisationsutredningen och överlämnande länsstyrelser;Första instans;analysis;;"Införande 2027; inte löpande S1-effekt.";Minskad sannolikhet för den påverkbara delen;"Ej skattad; kräver mätning mot S0";"Samma normaliserade typårsportfölj i S0 och S1; särredovisa den andel där myndigheten har befogenhet";Kopplingsrader är inte additiva effekter. Gemensamma kostnader och överlappande kontroller ska räknas en gång.;Separat från huvudscenario: Inforande_ej_S1;"Föreslagen kontroll; genomförande och effekt inte verifierade";"Käll- och strukturkontrollerad; inbyggd adversarial review ej tillgänglig";https://www.riksdagen.se/sv/dokument-och-lagar/dokument/kommittedirektiv/inrattande-av-en-ny-myndighet-for-miljoprovning_heb113/ | https://www.riksdagen.se/sv/dokument-och-lagar/dokument/svensk-forfattningssamling/miljobalk-1998808_sfs-1998-808/ | https://www.riksdagen.se/sv/dokument-och-lagar/dokument/svensk-forfattningssamling/forvaltningslag-2017900_sfs-2017-900/;2.2.0;https://nic-esp.github.io/miljotillstandsrisker/data/riskregister-items.csv;2026-09-30;R-B60-030-02:mitigation;"Dokumentera fullständighetsdialogen skriftligt med ursprungsinstansen; begär att övergångsbesked bekräftar att godkänt underlag består; följ den nya myndighetens publicerade praxis från dag ett.";"Endast införande; utanför stabilt S1";Anpassning av befintligt förslag, avgränsad till myndighetens del;Verifiera egen övergångsinformation, ärendeöverföring och mottagare under införandet.;Ingen S1-effekt i stabil drift. Ingen garanti att tidigare kompletthetsbedömning binder ny instans eller rekommendation om taktisk ingivning.;
MPM-T01__R-B60-030-02:trigger:03;MPM-T01;Verifierad överföring vid myndighetsstart;Inforande_ej_S1;R-B60-030-02;Skiftande kravbild vid aktörsbyte skapar omprövning av underlaget;B60;B60 – Ansökan, beslut och överprövning;B60-030;Kontrollera materiell fullständighet;R-B60-030-02:trigger:03;utlösande faktor;3;Tidigare muntliga besked om underlagets omfattning är inte spårbara i den överförda akten.;Direkt;Verifierad överföring kan minska ett specifikt införandeglapp. Posten hålls utanför S1 steady state.;Stäm av ärendelista, ansvar, handlingar, tidigare kommunicerade krav och kontaktuppgifter med överlämnande myndighet. Kvittera mottagen akt och korrigera glapp.;Införandekontroll. Ska inte räknas som en varaktig riskreduktion i ett steady-state-scenario som uttryckligen exkluderar införandet.;"Dir. 2026:13 Ansvaret för befintliga uppgifter; övergångsbestämmelser till SFS 2026:1442";"Överförda ärenden med komplett akt och utsedd ansvarig; extra dagar orsakade av flytten";Avstämningsprotokoll, migreringskontroll och kontaktinformation;"Separat införandescenario; får inte adderas till myndighetens steady-state-värde.";Före och vid ärendeöverföringen 2027;Organisationsutredningen och överlämnande länsstyrelser;Första instans;analysis;;"Införande 2027; inte löpande S1-effekt.";Minskad sannolikhet för den påverkbara delen;"Ej skattad; kräver mätning mot S0";"Samma normaliserade typårsportfölj i S0 och S1; särredovisa den andel där myndigheten har befogenhet";Kopplingsrader är inte additiva effekter. Gemensamma kostnader och överlappande kontroller ska räknas en gång.;Separat från huvudscenario: Inforande_ej_S1;"Föreslagen kontroll; genomförande och effekt inte verifierade";"Käll- och strukturkontrollerad; inbyggd adversarial review ej tillgänglig";https://www.riksdagen.se/sv/dokument-och-lagar/dokument/kommittedirektiv/inrattande-av-en-ny-myndighet-for-miljoprovning_heb113/ | https://www.riksdagen.se/sv/dokument-och-lagar/dokument/svensk-forfattningssamling/miljobalk-1998808_sfs-1998-808/ | https://www.riksdagen.se/sv/dokument-och-lagar/dokument/svensk-forfattningssamling/forvaltningslag-2017900_sfs-2017-900/;2.2.0;https://nic-esp.github.io/miljotillstandsrisker/data/riskregister-items.csv;2026-09-30;R-B60-030-02:mitigation;"Dokumentera fullständighetsdialogen skriftligt med ursprungsinstansen; begär att övergångsbesked bekräftar att godkänt underlag består; följ den nya myndighetens publicerade praxis från dag ett.";"Endast införande; utanför stabilt S1";Anpassning av befintligt förslag, avgränsad till myndighetens del;Verifiera egen övergångsinformation, ärendeöverföring och mottagare under införandet.;Ingen S1-effekt i stabil drift. Ingen garanti att tidigare kompletthetsbedömning binder ny instans eller rekommendation om taktisk ingivning.;
MPM-T01__R-B60-G230-02:trigger:02;MPM-T01;Verifierad överföring vid myndighetsstart;Inforande_ej_S1;R-B60-G230-02;S1-reformen ändrar instanskartan mitt i processen;B60;B60 – Ansökan, beslut och överprövning;B60-G230;Vilken överprövningsväg gäller?;R-B60-G230-02:trigger:02;utlösande faktor;2;Beslutsdatum, ärendets startdatum eller beslutstyp registreras fel vid valet av överklagandeväg.;Direkt;Verifierad överföring kan minska ett specifikt införandeglapp. Posten hålls utanför S1 steady state.;Stäm av ärendelista, ansvar, handlingar, tidigare kommunicerade krav och kontaktuppgifter med överlämnande myndighet. Kvittera mottagen akt och korrigera glapp.;Införandekontroll. Ska inte räknas som en varaktig riskreduktion i ett steady-state-scenario som uttryckligen exkluderar införandet.;"Dir. 2026:13 Ansvaret för befintliga uppgifter; övergångsbestämmelser till SFS 2026:1442";"Överförda ärenden med komplett akt och utsedd ansvarig; extra dagar orsakade av flytten";Avstämningsprotokoll, migreringskontroll och kontaktinformation;"Separat införandescenario; får inte adderas till myndighetens steady-state-värde.";Före och vid ärendeöverföringen 2027;Organisationsutredningen och överlämnande länsstyrelser;Överinstans;analysis;;"Införande 2027; inte löpande S1-effekt.";Minskad sannolikhet för den påverkbara delen;"Ej skattad; kräver mätning mot S0";"Samma normaliserade typårsportfölj i S0 och S1; särredovisa den andel där myndigheten har befogenhet";Kopplingsrader är inte additiva effekter. Gemensamma kostnader och överlappande kontroller ska räknas en gång.;Separat från huvudscenario: Inforande_ej_S1;"Föreslagen kontroll; genomförande och effekt inte verifierade";"Käll- och strukturkontrollerad; inbyggd adversarial review ej tillgänglig";https://www.riksdagen.se/sv/dokument-och-lagar/dokument/kommittedirektiv/inrattande-av-en-ny-myndighet-for-miljoprovning_heb113/ | https://www.riksdagen.se/sv/dokument-och-lagar/dokument/svensk-forfattningssamling/miljobalk-1998808_sfs-1998-808/ | https://www.riksdagen.se/sv/dokument-och-lagar/dokument/svensk-forfattningssamling/forvaltningslag-2017900_sfs-2017-900/;2.2.0;https://nic-esp.github.io/miljotillstandsrisker/data/riskregister-items.csv;2026-09-30;R-B60-G230-02:mitigation;"Följ lagtext och övergångsbestämmelser för SFS 2026:1442–1444 noggrant; begär vägledning från berörda instanser i gränsfall; dokumentera vald överprövningsväg juridiskt.";"Endast införande; utanför stabilt S1";Anpassning av befintligt förslag, avgränsad till myndighetens del;Verifiera egen övergångsinformation, ärendeöverföring och mottagare under införandet.;Ingen S1-effekt i stabil drift. Ingen garanti att tidigare kompletthetsbedömning binder ny instans eller rekommendation om taktisk ingivning.;
MPM-T01__R-B60-G230-02:trigger:03;MPM-T01;Verifierad överföring vid myndighetsstart;Inforande_ej_S1;R-B60-G230-02;S1-reformen ändrar instanskartan mitt i processen;B60;B60 – Ansökan, beslut och överprövning;B60-G230;Vilken överprövningsväg gäller?;R-B60-G230-02:trigger:03;utlösande faktor;3;Överklagandehänvisningen bygger på den tidigare myndighetsordningen.;Direkt;Verifierad överföring kan minska ett specifikt införandeglapp. Posten hålls utanför S1 steady state.;Stäm av ärendelista, ansvar, handlingar, tidigare kommunicerade krav och kontaktuppgifter med överlämnande myndighet. Kvittera mottagen akt och korrigera glapp.;Införandekontroll. Ska inte räknas som en varaktig riskreduktion i ett steady-state-scenario som uttryckligen exkluderar införandet.;"Dir. 2026:13 Ansvaret för befintliga uppgifter; övergångsbestämmelser till SFS 2026:1442";"Överförda ärenden med komplett akt och utsedd ansvarig; extra dagar orsakade av flytten";Avstämningsprotokoll, migreringskontroll och kontaktinformation;"Separat införandescenario; får inte adderas till myndighetens steady-state-värde.";Före och vid ärendeöverföringen 2027;Organisationsutredningen och överlämnande länsstyrelser;Överinstans;analysis;;"Införande 2027; inte löpande S1-effekt.";Minskad sannolikhet för den påverkbara delen;"Ej skattad; kräver mätning mot S0";"Samma normaliserade typårsportfölj i S0 och S1; särredovisa den andel där myndigheten har befogenhet";Kopplingsrader är inte additiva effekter. Gemensamma kostnader och överlappande kontroller ska räknas en gång.;Separat från huvudscenario: Inforande_ej_S1;"Föreslagen kontroll; genomförande och effekt inte verifierade";"Käll- och strukturkontrollerad; inbyggd adversarial review ej tillgänglig";https://www.riksdagen.se/sv/dokument-och-lagar/dokument/kommittedirektiv/inrattande-av-en-ny-myndighet-for-miljoprovning_heb113/ | https://www.riksdagen.se/sv/dokument-och-lagar/dokument/svensk-forfattningssamling/miljobalk-1998808_sfs-1998-808/ | https://www.riksdagen.se/sv/dokument-och-lagar/dokument/svensk-forfattningssamling/forvaltningslag-2017900_sfs-2017-900/;2.2.0;https://nic-esp.github.io/miljotillstandsrisker/data/riskregister-items.csv;2026-09-30;R-B60-G230-02:mitigation;"Följ lagtext och övergångsbestämmelser för SFS 2026:1442–1444 noggrant; begär vägledning från berörda instanser i gränsfall; dokumentera vald överprövningsväg juridiskt.";"Endast införande; utanför stabilt S1";Anpassning av befintligt förslag, avgränsad till myndighetens del;Verifiera egen övergångsinformation, ärendeöverföring och mottagare under införandet.;Ingen S1-effekt i stabil drift. Ingen garanti att tidigare kompletthetsbedömning binder ny instans eller rekommendation om taktisk ingivning.;
MPM-T01__R-B60-G230-02:trigger:04;MPM-T01;Verifierad överföring vid myndighetsstart;Inforande_ej_S1;R-B60-G230-02;S1-reformen ändrar instanskartan mitt i processen;B60;B60 – Ansökan, beslut och överprövning;B60-G230;Vilken överprövningsväg gäller?;R-B60-G230-02:trigger:04;utlösande faktor;4;Det är oklart vilken organisation som ska uppträda som motpart efter överlämnandet.;Direkt;Verifierad överföring kan minska ett specifikt införandeglapp. Posten hålls utanför S1 steady state.;Stäm av ärendelista, ansvar, handlingar, tidigare kommunicerade krav och kontaktuppgifter med överlämnande myndighet. Kvittera mottagen akt och korrigera glapp.;Införandekontroll. Ska inte räknas som en varaktig riskreduktion i ett steady-state-scenario som uttryckligen exkluderar införandet.;"Dir. 2026:13 Ansvaret för befintliga uppgifter; övergångsbestämmelser till SFS 2026:1442";"Överförda ärenden med komplett akt och utsedd ansvarig; extra dagar orsakade av flytten";Avstämningsprotokoll, migreringskontroll och kontaktinformation;"Separat införandescenario; får inte adderas till myndighetens steady-state-värde.";Före och vid ärendeöverföringen 2027;Organisationsutredningen och överlämnande länsstyrelser;Överinstans;analysis;;"Införande 2027; inte löpande S1-effekt.";Minskad sannolikhet för den påverkbara delen;"Ej skattad; kräver mätning mot S0";"Samma normaliserade typårsportfölj i S0 och S1; särredovisa den andel där myndigheten har befogenhet";Kopplingsrader är inte additiva effekter. Gemensamma kostnader och överlappande kontroller ska räknas en gång.;Separat från huvudscenario: Inforande_ej_S1;"Föreslagen kontroll; genomförande och effekt inte verifierade";"Käll- och strukturkontrollerad; inbyggd adversarial review ej tillgänglig";https://www.riksdagen.se/sv/dokument-och-lagar/dokument/kommittedirektiv/inrattande-av-en-ny-myndighet-for-miljoprovning_heb113/ | https://www.riksdagen.se/sv/dokument-och-lagar/dokument/svensk-forfattningssamling/miljobalk-1998808_sfs-1998-808/ | https://www.riksdagen.se/sv/dokument-och-lagar/dokument/svensk-forfattningssamling/forvaltningslag-2017900_sfs-2017-900/;2.2.0;https://nic-esp.github.io/miljotillstandsrisker/data/riskregister-items.csv;2026-09-30;R-B60-G230-02:mitigation;"Följ lagtext och övergångsbestämmelser för SFS 2026:1442–1444 noggrant; begär vägledning från berörda instanser i gränsfall; dokumentera vald överprövningsväg juridiskt.";"Endast införande; utanför stabilt S1";Anpassning av befintligt förslag, avgränsad till myndighetens del;Verifiera egen övergångsinformation, ärendeöverföring och mottagare under införandet.;Ingen S1-effekt i stabil drift. Ingen garanti att tidigare kompletthetsbedömning binder ny instans eller rekommendation om taktisk ingivning.;
MPM-T01__R-B60-220-02:trigger:04;MPM-T01;Verifierad överföring vid myndighetsstart;Inforande_ej_S1;R-B60-220-02;Akten överlämnas ofullständig eller till fel instans;B60;B60 – Ansökan, beslut och överprövning;B60-220;Kontrollera rättidighet och överlämna akten;R-B60-220-02:trigger:04;utlösande faktor;4;Övergången till en ny prövningsmyndighet skapar oklarhet om vem som ansvarar för att sammanställa akten.;Direkt;Verifierad överföring kan minska ett specifikt införandeglapp. Posten hålls utanför S1 steady state.;Stäm av ärendelista, ansvar, handlingar, tidigare kommunicerade krav och kontaktuppgifter med överlämnande myndighet. Kvittera mottagen akt och korrigera glapp.;Införandekontroll. Ska inte räknas som en varaktig riskreduktion i ett steady-state-scenario som uttryckligen exkluderar införandet.;"Dir. 2026:13 Ansvaret för befintliga uppgifter; övergångsbestämmelser till SFS 2026:1442";"Överförda ärenden med komplett akt och utsedd ansvarig; extra dagar orsakade av flytten";Avstämningsprotokoll, migreringskontroll och kontaktinformation;"Separat införandescenario; får inte adderas till myndighetens steady-state-värde.";Före och vid ärendeöverföringen 2027;Organisationsutredningen och överlämnande länsstyrelser;Beslutsinstans;analysis;;"Införande 2027; inte löpande S1-effekt.";Minskad sannolikhet för den påverkbara delen;"Ej skattad; kräver mätning mot S0";"Samma normaliserade typårsportfölj i S0 och S1; särredovisa den andel där myndigheten har befogenhet";Kopplingsrader är inte additiva effekter. Gemensamma kostnader och överlappande kontroller ska räknas en gång.;Separat från huvudscenario: Inforande_ej_S1;"Föreslagen kontroll; genomförande och effekt inte verifierade";"Käll- och strukturkontrollerad; inbyggd adversarial review ej tillgänglig";https://www.riksdagen.se/sv/dokument-och-lagar/dokument/kommittedirektiv/inrattande-av-en-ny-myndighet-for-miljoprovning_heb113/ | https://www.riksdagen.se/sv/dokument-och-lagar/dokument/svensk-forfattningssamling/miljobalk-1998808_sfs-1998-808/ | https://www.riksdagen.se/sv/dokument-och-lagar/dokument/svensk-forfattningssamling/forvaltningslag-2017900_sfs-2017-900/;2.2.0;https://nic-esp.github.io/miljotillstandsrisker/data/riskregister-items.csv;2026-09-30;R-B60-220-02:mitigation;"Begär skriftlig bekräftelse från överinstansen att akten mottagits komplett; säkerställ att beslutsinstansen känner till rätt överprövningsväg för varje del av målet; följ upp status aktivt efter överlämnandet.";Delvis inom mandat efter avgränsning;Självständigt kontrollförslag efter jämförelse med befintlig åtgärd;Originalförslaget har granskats men är inte grund för denna kontrollkoppling.;"Domstolens fortsatta handläggning och talerättsbedömning; överföringskvitto ersätter inte rättslig prövning.";
MPM-T01__R-B60-250-03:trigger:02;MPM-T01;Verifierad överföring vid myndighetsstart;Inforande_ej_S1;R-B60-250-03;Ny myndighetsmotpart saknar processvana i domstol;B60;B60 – Ansökan, beslut och överprövning;B60-250;MMD prövar överklagat myndighetsbeslut;R-B60-250-03:trigger:02;utlösande faktor;2;Den nya myndigheten saknar etablerade rutiner för att överlämna processpositioner från beslutsfasen till domstolsfasen.;Direkt;Verifierad överföring kan minska ett specifikt införandeglapp. Posten hålls utanför S1 steady state.;Stäm av ärendelista, ansvar, handlingar, tidigare kommunicerade krav och kontaktuppgifter med överlämnande myndighet. Kvittera mottagen akt och korrigera glapp.;Införandekontroll. Ska inte räknas som en varaktig riskreduktion i ett steady-state-scenario som uttryckligen exkluderar införandet.;"Dir. 2026:13 Ansvaret för befintliga uppgifter; övergångsbestämmelser till SFS 2026:1442";"Överförda ärenden med komplett akt och utsedd ansvarig; extra dagar orsakade av flytten";Avstämningsprotokoll, migreringskontroll och kontaktinformation;"Separat införandescenario; får inte adderas till myndighetens steady-state-värde.";Före och vid ärendeöverföringen 2027;Organisationsutredningen och överlämnande länsstyrelser;MMD;analysis;;"Införande 2027; inte löpande S1-effekt.";Minskad sannolikhet för den påverkbara delen;"Ej skattad; kräver mätning mot S0";"Samma normaliserade typårsportfölj i S0 och S1; särredovisa den andel där myndigheten har befogenhet";Kopplingsrader är inte additiva effekter. Gemensamma kostnader och överlappande kontroller ska räknas en gång.;Separat från huvudscenario: Inforande_ej_S1;"Föreslagen kontroll; genomförande och effekt inte verifierade";"Käll- och strukturkontrollerad; inbyggd adversarial review ej tillgänglig";https://www.riksdagen.se/sv/dokument-och-lagar/dokument/kommittedirektiv/inrattande-av-en-ny-myndighet-for-miljoprovning_heb113/ | https://www.riksdagen.se/sv/dokument-och-lagar/dokument/svensk-forfattningssamling/miljobalk-1998808_sfs-1998-808/ | https://www.riksdagen.se/sv/dokument-och-lagar/dokument/svensk-forfattningssamling/forvaltningslag-2017900_sfs-2017-900/;2.2.0;https://nic-esp.github.io/miljotillstandsrisker/data/riskregister-items.csv;2026-09-30;R-B60-250-03:mitigation;"Förbered egna processombud på att bära bevisbördan även om myndigheten är svag motpart; bevaka myndighetens publicerade processrutiner från start; dokumentera förstainstansbeslutets grunder så att de kan återanvändas oavsett motpartens insats.";Utanför myndighetens kontrollansvar;Självständigt kontrollförslag efter jämförelse med befintlig åtgärd;Originalförslaget har granskats men är inte grund för denna kontrollkoppling.;Originalets föreslagna åtgärd kvarstår hos angiven aktör.;
MPM-T01__R-B60-250-03:trigger:03;MPM-T01;Verifierad överföring vid myndighetsstart;Inforande_ej_S1;R-B60-250-03;Ny myndighetsmotpart saknar processvana i domstol;B60;B60 – Ansökan, beslut och överprövning;B60-250;MMD prövar överklagat myndighetsbeslut;R-B60-250-03:trigger:03;utlösande faktor;3;Ansvar mellan beslutsfattare, processförare och tekniska experter är oklart i ett tidigt övergångsskede.;Direkt;Verifierad överföring kan minska ett specifikt införandeglapp. Posten hålls utanför S1 steady state.;Stäm av ärendelista, ansvar, handlingar, tidigare kommunicerade krav och kontaktuppgifter med överlämnande myndighet. Kvittera mottagen akt och korrigera glapp.;Införandekontroll. Ska inte räknas som en varaktig riskreduktion i ett steady-state-scenario som uttryckligen exkluderar införandet.;"Dir. 2026:13 Ansvaret för befintliga uppgifter; övergångsbestämmelser till SFS 2026:1442";"Överförda ärenden med komplett akt och utsedd ansvarig; extra dagar orsakade av flytten";Avstämningsprotokoll, migreringskontroll och kontaktinformation;"Separat införandescenario; får inte adderas till myndighetens steady-state-värde.";Före och vid ärendeöverföringen 2027;Organisationsutredningen och överlämnande länsstyrelser;MMD;analysis;;"Införande 2027; inte löpande S1-effekt.";Minskad sannolikhet för den påverkbara delen;"Ej skattad; kräver mätning mot S0";"Samma normaliserade typårsportfölj i S0 och S1; särredovisa den andel där myndigheten har befogenhet";Kopplingsrader är inte additiva effekter. Gemensamma kostnader och överlappande kontroller ska räknas en gång.;Separat från huvudscenario: Inforande_ej_S1;"Föreslagen kontroll; genomförande och effekt inte verifierade";"Käll- och strukturkontrollerad; inbyggd adversarial review ej tillgänglig";https://www.riksdagen.se/sv/dokument-och-lagar/dokument/kommittedirektiv/inrattande-av-en-ny-myndighet-for-miljoprovning_heb113/ | https://www.riksdagen.se/sv/dokument-och-lagar/dokument/svensk-forfattningssamling/miljobalk-1998808_sfs-1998-808/ | https://www.riksdagen.se/sv/dokument-och-lagar/dokument/svensk-forfattningssamling/forvaltningslag-2017900_sfs-2017-900/;2.2.0;https://nic-esp.github.io/miljotillstandsrisker/data/riskregister-items.csv;2026-09-30;R-B60-250-03:mitigation;"Förbered egna processombud på att bära bevisbördan även om myndigheten är svag motpart; bevaka myndighetens publicerade processrutiner från start; dokumentera förstainstansbeslutets grunder så att de kan återanvändas oavsett motpartens insats.";Utanför myndighetens kontrollansvar;Självständigt kontrollförslag efter jämförelse med befintlig åtgärd;Originalförslaget har granskats men är inte grund för denna kontrollkoppling.;Originalets föreslagna åtgärd kvarstår hos angiven aktör.;
MPM-T01__R-B60-250-03:trigger:04;MPM-T01;Verifierad överföring vid myndighetsstart;Inforande_ej_S1;R-B60-250-03;Ny myndighetsmotpart saknar processvana i domstol;B60;B60 – Ansökan, beslut och överprövning;B60-250;MMD prövar överklagat myndighetsbeslut;R-B60-250-03:trigger:04;utlösande faktor;4;Äldre ärendeakter är inte strukturerade för den nya myndighetens roll som motpart.;Direkt;Verifierad överföring kan minska ett specifikt införandeglapp. Posten hålls utanför S1 steady state.;Stäm av ärendelista, ansvar, handlingar, tidigare kommunicerade krav och kontaktuppgifter med överlämnande myndighet. Kvittera mottagen akt och korrigera glapp.;Införandekontroll. Ska inte räknas som en varaktig riskreduktion i ett steady-state-scenario som uttryckligen exkluderar införandet.;"Dir. 2026:13 Ansvaret för befintliga uppgifter; övergångsbestämmelser till SFS 2026:1442";"Överförda ärenden med komplett akt och utsedd ansvarig; extra dagar orsakade av flytten";Avstämningsprotokoll, migreringskontroll och kontaktinformation;"Separat införandescenario; får inte adderas till myndighetens steady-state-värde.";Före och vid ärendeöverföringen 2027;Organisationsutredningen och överlämnande länsstyrelser;MMD;analysis;;"Införande 2027; inte löpande S1-effekt.";Minskad sannolikhet för den påverkbara delen;"Ej skattad; kräver mätning mot S0";"Samma normaliserade typårsportfölj i S0 och S1; särredovisa den andel där myndigheten har befogenhet";Kopplingsrader är inte additiva effekter. Gemensamma kostnader och överlappande kontroller ska räknas en gång.;Separat från huvudscenario: Inforande_ej_S1;"Föreslagen kontroll; genomförande och effekt inte verifierade";"Käll- och strukturkontrollerad; inbyggd adversarial review ej tillgänglig";https://www.riksdagen.se/sv/dokument-och-lagar/dokument/kommittedirektiv/inrattande-av-en-ny-myndighet-for-miljoprovning_heb113/ | https://www.riksdagen.se/sv/dokument-och-lagar/dokument/svensk-forfattningssamling/miljobalk-1998808_sfs-1998-808/ | https://www.riksdagen.se/sv/dokument-och-lagar/dokument/svensk-forfattningssamling/forvaltningslag-2017900_sfs-2017-900/;2.2.0;https://nic-esp.github.io/miljotillstandsrisker/data/riskregister-items.csv;2026-09-30;R-B60-250-03:mitigation;"Förbered egna processombud på att bära bevisbördan även om myndigheten är svag motpart; bevaka myndighetens publicerade processrutiner från start; dokumentera förstainstansbeslutets grunder så att de kan återanvändas oavsett motpartens insats.";Utanför myndighetens kontrollansvar;Självständigt kontrollförslag efter jämförelse med befintlig åtgärd;Originalförslaget har granskats men är inte grund för denna kontrollkoppling.;Originalets föreslagna åtgärd kvarstår hos angiven aktör.;
MPM-F01__R-B20-030-01:trigger:01;MPM-F01;Samlad myndighetsledning av BMP och MKB-avgränsning;Framtida_mandat_ej_beslutat;R-B20-030-01;Länsstyrelsens kapacitet försenar BMP-beslutet;B20;B20 – Samråd och miljöbedömning;B20-030;Länsstyrelsens beslut om betydande miljöpåverkan;R-B20-030-01:trigger:01;utlösande faktor;1;Länsstyrelsen saknar tillräckligt med handläggare eller samordningsresurser för att hantera ärendet effektivt.;Direkt;Ett framtida samlat ansvar kan minska resurs- eller bedömningsglapp mellan tidig miljöbedömning och tillståndsprövning.;Om ansvar senare överförs: koppla tidig individuell avgränsning, dokumentation och kapacitetsplan till den efterföljande tillståndsprövningen.;Kräver beslutad överföring av länsstyrelsens uppgifter och preciserade befogenheter. Inte en befogenhet som följer enbart av myndighetens inrättande. Sökanden behåller underlagsansvaret.;"SOU 2024:98; Dir. 2026:13 beskriver förslaget; Dir. 2026:19 (utredning, inte operativt mandat)";Avgränsningsledtid och sena ändringar som beror på undvikbara myndighetsglapp;Framtida författning, avgränsningsbesked och ärendedata;"Framtida scenario separat från beslutat S1; ingen effekt tillgodoräknas innan behörigheten är beslutad.";Efter uttryckligt framtida beslut;Miljöprövningsmyndigheten;Länsstyrelse;analysis;;Aktiveras bara om uppgiften överförs genom senare beslut.;Minskad sannolikhet för den påverkbara delen;"Ej skattad; kräver mätning mot S0";"Samma normaliserade typårsportfölj i S0 och S1; särredovisa den andel där myndigheten har befogenhet";Kopplingsrader är inte additiva effekter. Gemensamma kostnader och överlappande kontroller ska räknas en gång.;Separat från huvudscenario: Framtida_mandat_ej_beslutat;"Föreslagen kontroll; genomförande och effekt inte verifierade";"Käll- och strukturkontrollerad; inbyggd adversarial review ej tillgänglig";https://www.riksdagen.se/sv/dokument-och-lagar/dokument/kommittedirektiv/inrattande-av-en-ny-myndighet-for-miljoprovning_heb113/ | https://www.regeringen.se/contentassets/930bfc1e70304e4cbd07fc8200b711d9/tillaggsdirektiv-till-miljotillstandsutredningen-kn-202302-dir.-202619.pdf;2.2.0;https://nic-esp.github.io/miljotillstandsrisker/data/riskregister-items.csv;2026-09-30;R-B20-030-01:mitigation;Dokumentera när ett fullständigt underlag, genomfört undersökningssamråd och samrådsredogörelsen kom in. Bevaka 60-dagarsfristen och begär skriftlig information om skäl och nytt slutdatum om länsstyrelsen förlänger tiden.;"Utanför beslutat mandat; framtida scenario";Anpassning av befintligt förslag, avgränsad till myndighetens del;Egen mottagnings- och tidsuppföljning om tidig miljöbedömning senare överförs.;Ingen överföring till huvudscenario S1. Kräver senare uttryckligt uppdrag och lagstöd.;
MPM-F01__R-B20-030-01:trigger:03;MPM-F01;Samlad myndighetsledning av BMP och MKB-avgränsning;Framtida_mandat_ej_beslutat;R-B20-030-01;Länsstyrelsens kapacitet försenar BMP-beslutet;B20;B20 – Samråd och miljöbedömning;B20-030;Länsstyrelsens beslut om betydande miljöpåverkan;R-B20-030-01:trigger:03;utlösande faktor;3;En hög samtidig ärendemängd gör att länsstyrelsens tillgängliga handläggningsresurser inte räcker för planerad beslutstakt.;Direkt;Ett framtida samlat ansvar kan minska resurs- eller bedömningsglapp mellan tidig miljöbedömning och tillståndsprövning.;Om ansvar senare överförs: koppla tidig individuell avgränsning, dokumentation och kapacitetsplan till den efterföljande tillståndsprövningen.;Kräver beslutad överföring av länsstyrelsens uppgifter och preciserade befogenheter. Inte en befogenhet som följer enbart av myndighetens inrättande. Sökanden behåller underlagsansvaret.;"SOU 2024:98; Dir. 2026:13 beskriver förslaget; Dir. 2026:19 (utredning, inte operativt mandat)";Avgränsningsledtid och sena ändringar som beror på undvikbara myndighetsglapp;Framtida författning, avgränsningsbesked och ärendedata;"Framtida scenario separat från beslutat S1; ingen effekt tillgodoräknas innan behörigheten är beslutad.";Efter uttryckligt framtida beslut;Miljöprövningsmyndigheten;Länsstyrelse;analysis;;Aktiveras bara om uppgiften överförs genom senare beslut.;Minskad sannolikhet för den påverkbara delen;"Ej skattad; kräver mätning mot S0";"Samma normaliserade typårsportfölj i S0 och S1; särredovisa den andel där myndigheten har befogenhet";Kopplingsrader är inte additiva effekter. Gemensamma kostnader och överlappande kontroller ska räknas en gång.;Separat från huvudscenario: Framtida_mandat_ej_beslutat;"Föreslagen kontroll; genomförande och effekt inte verifierade";"Käll- och strukturkontrollerad; inbyggd adversarial review ej tillgänglig";https://www.riksdagen.se/sv/dokument-och-lagar/dokument/kommittedirektiv/inrattande-av-en-ny-myndighet-for-miljoprovning_heb113/ | https://www.regeringen.se/contentassets/930bfc1e70304e4cbd07fc8200b711d9/tillaggsdirektiv-till-miljotillstandsutredningen-kn-202302-dir.-202619.pdf;2.2.0;https://nic-esp.github.io/miljotillstandsrisker/data/riskregister-items.csv;2026-09-30;R-B20-030-01:mitigation;Dokumentera när ett fullständigt underlag, genomfört undersökningssamråd och samrådsredogörelsen kom in. Bevaka 60-dagarsfristen och begär skriftlig information om skäl och nytt slutdatum om länsstyrelsen förlänger tiden.;"Utanför beslutat mandat; framtida scenario";Anpassning av befintligt förslag, avgränsad till myndighetens del;Egen mottagnings- och tidsuppföljning om tidig miljöbedömning senare överförs.;Ingen överföring till huvudscenario S1. Kräver senare uttryckligt uppdrag och lagstöd.;
MPM-F01__R-B20-030-01:trigger:04;MPM-F01;Samlad myndighetsledning av BMP och MKB-avgränsning;Framtida_mandat_ej_beslutat;R-B20-030-01;Länsstyrelsens kapacitet försenar BMP-beslutet;B20;B20 – Samråd och miljöbedömning;B20-030;Länsstyrelsens beslut om betydande miljöpåverkan;R-B20-030-01:trigger:04;utlösande faktor;4;Personalbyte, frånvaro eller behov av intern specialistkompetens gör att ärendet inte kan beredas i den takt projektplanen förutsätter.;Direkt;Ett framtida samlat ansvar kan minska resurs- eller bedömningsglapp mellan tidig miljöbedömning och tillståndsprövning.;Om ansvar senare överförs: koppla tidig individuell avgränsning, dokumentation och kapacitetsplan till den efterföljande tillståndsprövningen.;Kräver beslutad överföring av länsstyrelsens uppgifter och preciserade befogenheter. Inte en befogenhet som följer enbart av myndighetens inrättande. Sökanden behåller underlagsansvaret.;"SOU 2024:98; Dir. 2026:13 beskriver förslaget; Dir. 2026:19 (utredning, inte operativt mandat)";Avgränsningsledtid och sena ändringar som beror på undvikbara myndighetsglapp;Framtida författning, avgränsningsbesked och ärendedata;"Framtida scenario separat från beslutat S1; ingen effekt tillgodoräknas innan behörigheten är beslutad.";Efter uttryckligt framtida beslut;Miljöprövningsmyndigheten;Länsstyrelse;analysis;;Aktiveras bara om uppgiften överförs genom senare beslut.;Minskad sannolikhet för den påverkbara delen;"Ej skattad; kräver mätning mot S0";"Samma normaliserade typårsportfölj i S0 och S1; särredovisa den andel där myndigheten har befogenhet";Kopplingsrader är inte additiva effekter. Gemensamma kostnader och överlappande kontroller ska räknas en gång.;Separat från huvudscenario: Framtida_mandat_ej_beslutat;"Föreslagen kontroll; genomförande och effekt inte verifierade";"Käll- och strukturkontrollerad; inbyggd adversarial review ej tillgänglig";https://www.riksdagen.se/sv/dokument-och-lagar/dokument/kommittedirektiv/inrattande-av-en-ny-myndighet-for-miljoprovning_heb113/ | https://www.regeringen.se/contentassets/930bfc1e70304e4cbd07fc8200b711d9/tillaggsdirektiv-till-miljotillstandsutredningen-kn-202302-dir.-202619.pdf;2.2.0;https://nic-esp.github.io/miljotillstandsrisker/data/riskregister-items.csv;2026-09-30;R-B20-030-01:mitigation;Dokumentera när ett fullständigt underlag, genomfört undersökningssamråd och samrådsredogörelsen kom in. Bevaka 60-dagarsfristen och begär skriftlig information om skäl och nytt slutdatum om länsstyrelsen förlänger tiden.;"Utanför beslutat mandat; framtida scenario";Anpassning av befintligt förslag, avgränsad till myndighetens del;Egen mottagnings- och tidsuppföljning om tidig miljöbedömning senare överförs.;Ingen överföring till huvudscenario S1. Kräver senare uttryckligt uppdrag och lagstöd.;
MPM-F01__R-B20-050-01:trigger:01;MPM-F01;Samlad myndighetsledning av BMP och MKB-avgränsning;Framtida_mandat_ej_beslutat;R-B20-050-01;Avgränsningsbedömningen uteblir eller dröjer;B20;B20 – Samråd och miljöbedömning;B20-050;Länsstyrelsens skriftliga avgränsningsbedömning;R-B20-050-01:trigger:01;utlösande faktor;1;Länsstyrelsens skriftliga bedömning av vad MKB:n ska innehålla lämnas inte under avgränsningssamrådet på det sätt som 6 kap. 32 a § miljöbalken föreskriver.;Direkt;Ett framtida samlat ansvar kan minska resurs- eller bedömningsglapp mellan tidig miljöbedömning och tillståndsprövning.;Om ansvar senare överförs: koppla tidig individuell avgränsning, dokumentation och kapacitetsplan till den efterföljande tillståndsprövningen.;Kräver beslutad överföring av länsstyrelsens uppgifter och preciserade befogenheter. Inte en befogenhet som följer enbart av myndighetens inrättande. Sökanden behåller underlagsansvaret.;"SOU 2024:98; Dir. 2026:13 beskriver förslaget; Dir. 2026:19 (utredning, inte operativt mandat)";Avgränsningsledtid och sena ändringar som beror på undvikbara myndighetsglapp;Framtida författning, avgränsningsbesked och ärendedata;"Framtida scenario separat från beslutat S1; ingen effekt tillgodoräknas innan behörigheten är beslutad.";Efter uttryckligt framtida beslut;Miljöprövningsmyndigheten;Länsstyrelse;source;SFS2026_400;Aktiveras bara om uppgiften överförs genom senare beslut.;Minskad sannolikhet för den påverkbara delen;"Ej skattad; kräver mätning mot S0";"Samma normaliserade typårsportfölj i S0 och S1; särredovisa den andel där myndigheten har befogenhet";Kopplingsrader är inte additiva effekter. Gemensamma kostnader och överlappande kontroller ska räknas en gång.;Separat från huvudscenario: Framtida_mandat_ej_beslutat;"Föreslagen kontroll; genomförande och effekt inte verifierade";"Käll- och strukturkontrollerad; inbyggd adversarial review ej tillgänglig";https://www.riksdagen.se/sv/dokument-och-lagar/dokument/kommittedirektiv/inrattande-av-en-ny-myndighet-for-miljoprovning_heb113/ | https://www.regeringen.se/contentassets/930bfc1e70304e4cbd07fc8200b711d9/tillaggsdirektiv-till-miljotillstandsutredningen-kn-202302-dir.-202619.pdf;2.2.0;https://nic-esp.github.io/miljotillstandsrisker/data/riskregister-items.csv;2026-09-30;R-B20-050-01:mitigation;Begär den skriftliga bedömningen aktivt och tidsatt redan vid samrådets inledande, dokumentera muntliga ställningstaganden skriftligt mot länsstyrelsen, och ha en fallback där utredningen fortsätter efter egen bedömning med spårbar motivering.;"Utanför beslutat mandat; framtida scenario";Anpassning av befintligt förslag, avgränsad till myndighetens del;Dokumenterat avgränsningsbesked om ansvaret senare överförs.;Ingen överföring till huvudscenario S1. Kräver senare uttryckligt uppdrag och lagstöd.;
MPM-F01__R-B20-050-01:trigger:02;MPM-F01;Samlad myndighetsledning av BMP och MKB-avgränsning;Framtida_mandat_ej_beslutat;R-B20-050-01;Avgränsningsbedömningen uteblir eller dröjer;B20;B20 – Samråd och miljöbedömning;B20-050;Länsstyrelsens skriftliga avgränsningsbedömning;R-B20-050-01:trigger:02;utlösande faktor;2;De interna rutiner för skriftlig redovisning av bedömningen under avgränsningssamrådet har inte etablerats i tid.;Direkt;Ett framtida samlat ansvar kan minska resurs- eller bedömningsglapp mellan tidig miljöbedömning och tillståndsprövning.;Om ansvar senare överförs: koppla tidig individuell avgränsning, dokumentation och kapacitetsplan till den efterföljande tillståndsprövningen.;Kräver beslutad överföring av länsstyrelsens uppgifter och preciserade befogenheter. Inte en befogenhet som följer enbart av myndighetens inrättande. Sökanden behåller underlagsansvaret.;"SOU 2024:98; Dir. 2026:13 beskriver förslaget; Dir. 2026:19 (utredning, inte operativt mandat)";Avgränsningsledtid och sena ändringar som beror på undvikbara myndighetsglapp;Framtida författning, avgränsningsbesked och ärendedata;"Framtida scenario separat från beslutat S1; ingen effekt tillgodoräknas innan behörigheten är beslutad.";Efter uttryckligt framtida beslut;Miljöprövningsmyndigheten;Länsstyrelse;analysis;;Aktiveras bara om uppgiften överförs genom senare beslut.;Minskad sannolikhet för den påverkbara delen;"Ej skattad; kräver mätning mot S0";"Samma normaliserade typårsportfölj i S0 och S1; särredovisa den andel där myndigheten har befogenhet";Kopplingsrader är inte additiva effekter. Gemensamma kostnader och överlappande kontroller ska räknas en gång.;Separat från huvudscenario: Framtida_mandat_ej_beslutat;"Föreslagen kontroll; genomförande och effekt inte verifierade";"Käll- och strukturkontrollerad; inbyggd adversarial review ej tillgänglig";https://www.riksdagen.se/sv/dokument-och-lagar/dokument/kommittedirektiv/inrattande-av-en-ny-myndighet-for-miljoprovning_heb113/ | https://www.regeringen.se/contentassets/930bfc1e70304e4cbd07fc8200b711d9/tillaggsdirektiv-till-miljotillstandsutredningen-kn-202302-dir.-202619.pdf;2.2.0;https://nic-esp.github.io/miljotillstandsrisker/data/riskregister-items.csv;2026-09-30;R-B20-050-01:mitigation;Begär den skriftliga bedömningen aktivt och tidsatt redan vid samrådets inledande, dokumentera muntliga ställningstaganden skriftligt mot länsstyrelsen, och ha en fallback där utredningen fortsätter efter egen bedömning med spårbar motivering.;"Utanför beslutat mandat; framtida scenario";Anpassning av befintligt förslag, avgränsad till myndighetens del;Dokumenterat avgränsningsbesked om ansvaret senare överförs.;Ingen överföring till huvudscenario S1. Kräver senare uttryckligt uppdrag och lagstöd.;
MPM-F01__R-B20-050-03:trigger:01;MPM-F01;Samlad myndighetsledning av BMP och MKB-avgränsning;Framtida_mandat_ej_beslutat;R-B20-050-03;Mallstyrda avgränsningsbesked spär ut MKB:n;B20;B20 – Samråd och miljöbedömning;B20-050;Länsstyrelsens skriftliga avgränsningsbedömning;R-B20-050-03:trigger:01;utlösande faktor;1;Länsstyrelsens skriftliga avgränsningsbedömning identifierar inte tillräckligt projektspecifikt vad MKB:n behöver innehålla för den fortsatta miljöbedömningen.;Direkt;Ett framtida samlat ansvar kan minska resurs- eller bedömningsglapp mellan tidig miljöbedömning och tillståndsprövning.;Om ansvar senare överförs: koppla tidig individuell avgränsning, dokumentation och kapacitetsplan till den efterföljande tillståndsprövningen.;Kräver beslutad överföring av länsstyrelsens uppgifter och preciserade befogenheter. Inte en befogenhet som följer enbart av myndighetens inrättande. Sökanden behåller underlagsansvaret.;"SOU 2024:98; Dir. 2026:13 beskriver förslaget; Dir. 2026:19 (utredning, inte operativt mandat)";Avgränsningsledtid och sena ändringar som beror på undvikbara myndighetsglapp;Framtida författning, avgränsningsbesked och ärendedata;"Framtida scenario separat från beslutat S1; ingen effekt tillgodoräknas innan behörigheten är beslutad.";Efter uttryckligt framtida beslut;Miljöprövningsmyndigheten;Länsstyrelse;source;MB;Aktiveras bara om uppgiften överförs genom senare beslut.;Minskad sannolikhet för den påverkbara delen;"Ej skattad; kräver mätning mot S0";"Samma normaliserade typårsportfölj i S0 och S1; särredovisa den andel där myndigheten har befogenhet";Kopplingsrader är inte additiva effekter. Gemensamma kostnader och överlappande kontroller ska räknas en gång.;Separat från huvudscenario: Framtida_mandat_ej_beslutat;"Föreslagen kontroll; genomförande och effekt inte verifierade";"Käll- och strukturkontrollerad; inbyggd adversarial review ej tillgänglig";https://www.riksdagen.se/sv/dokument-och-lagar/dokument/kommittedirektiv/inrattande-av-en-ny-myndighet-for-miljoprovning_heb113/ | https://www.regeringen.se/contentassets/930bfc1e70304e4cbd07fc8200b711d9/tillaggsdirektiv-till-miljotillstandsutredningen-kn-202302-dir.-202619.pdf;2.2.0;https://nic-esp.github.io/miljotillstandsrisker/data/riskregister-items.csv;2026-09-30;R-B20-050-03:mitigation;För en aktiv dialog med länsstyrelsen om vad som är verkligt beslutsrelevant. Åberopa proportionalitetsprincipen i 6 kap. MB och hänvisa till avgränsningsbeslutets styrande funktion. Eskalera mallkrav som saknar projektförankring via formell återkoppling.;"Utanför beslutat mandat; framtida scenario";Anpassning av befintligt förslag, avgränsad till myndighetens del;Individuellt motiverade utredningskrav om ansvaret senare överförs.;Ingen överföring till huvudscenario S1. Kräver senare uttryckligt uppdrag och lagstöd.;
MPM-F01__R-B20-050-03:trigger:02;MPM-F01;Samlad myndighetsledning av BMP och MKB-avgränsning;Framtida_mandat_ej_beslutat;R-B20-050-03;Mallstyrda avgränsningsbesked spär ut MKB:n;B20;B20 – Samråd och miljöbedömning;B20-050;Länsstyrelsens skriftliga avgränsningsbedömning;R-B20-050-03:trigger:02;utlösande faktor;2;Länsstyrelsen ställer generella krav på utredning av i princip alla tänkbara effektkategorier av försiktighetsskäl.;Direkt;Ett framtida samlat ansvar kan minska resurs- eller bedömningsglapp mellan tidig miljöbedömning och tillståndsprövning.;Om ansvar senare överförs: koppla tidig individuell avgränsning, dokumentation och kapacitetsplan till den efterföljande tillståndsprövningen.;Kräver beslutad överföring av länsstyrelsens uppgifter och preciserade befogenheter. Inte en befogenhet som följer enbart av myndighetens inrättande. Sökanden behåller underlagsansvaret.;"SOU 2024:98; Dir. 2026:13 beskriver förslaget; Dir. 2026:19 (utredning, inte operativt mandat)";Avgränsningsledtid och sena ändringar som beror på undvikbara myndighetsglapp;Framtida författning, avgränsningsbesked och ärendedata;"Framtida scenario separat från beslutat S1; ingen effekt tillgodoräknas innan behörigheten är beslutad.";Efter uttryckligt framtida beslut;Miljöprövningsmyndigheten;Länsstyrelse;analysis;;Aktiveras bara om uppgiften överförs genom senare beslut.;Minskad sannolikhet för den påverkbara delen;"Ej skattad; kräver mätning mot S0";"Samma normaliserade typårsportfölj i S0 och S1; särredovisa den andel där myndigheten har befogenhet";Kopplingsrader är inte additiva effekter. Gemensamma kostnader och överlappande kontroller ska räknas en gång.;Separat från huvudscenario: Framtida_mandat_ej_beslutat;"Föreslagen kontroll; genomförande och effekt inte verifierade";"Käll- och strukturkontrollerad; inbyggd adversarial review ej tillgänglig";https://www.riksdagen.se/sv/dokument-och-lagar/dokument/kommittedirektiv/inrattande-av-en-ny-myndighet-for-miljoprovning_heb113/ | https://www.regeringen.se/contentassets/930bfc1e70304e4cbd07fc8200b711d9/tillaggsdirektiv-till-miljotillstandsutredningen-kn-202302-dir.-202619.pdf;2.2.0;https://nic-esp.github.io/miljotillstandsrisker/data/riskregister-items.csv;2026-09-30;R-B20-050-03:mitigation;För en aktiv dialog med länsstyrelsen om vad som är verkligt beslutsrelevant. Åberopa proportionalitetsprincipen i 6 kap. MB och hänvisa till avgränsningsbeslutets styrande funktion. Eskalera mallkrav som saknar projektförankring via formell återkoppling.;"Utanför beslutat mandat; framtida scenario";Anpassning av befintligt förslag, avgränsad till myndighetens del;Individuellt motiverade utredningskrav om ansvaret senare överförs.;Ingen överföring till huvudscenario S1. Kräver senare uttryckligt uppdrag och lagstöd.;
MPM-F01__R-B20-050-03:trigger:03;MPM-F01;Samlad myndighetsledning av BMP och MKB-avgränsning;Framtida_mandat_ej_beslutat;R-B20-050-03;Mallstyrda avgränsningsbesked spär ut MKB:n;B20;B20 – Samråd och miljöbedömning;B20-050;Länsstyrelsens skriftliga avgränsningsbedömning;R-B20-050-03:trigger:03;utlösande faktor;3;Bedömningen drivs framåt utan koppling till de verkliga effekterna för det specifika fallet.;Direkt;Ett framtida samlat ansvar kan minska resurs- eller bedömningsglapp mellan tidig miljöbedömning och tillståndsprövning.;Om ansvar senare överförs: koppla tidig individuell avgränsning, dokumentation och kapacitetsplan till den efterföljande tillståndsprövningen.;Kräver beslutad överföring av länsstyrelsens uppgifter och preciserade befogenheter. Inte en befogenhet som följer enbart av myndighetens inrättande. Sökanden behåller underlagsansvaret.;"SOU 2024:98; Dir. 2026:13 beskriver förslaget; Dir. 2026:19 (utredning, inte operativt mandat)";Avgränsningsledtid och sena ändringar som beror på undvikbara myndighetsglapp;Framtida författning, avgränsningsbesked och ärendedata;"Framtida scenario separat från beslutat S1; ingen effekt tillgodoräknas innan behörigheten är beslutad.";Efter uttryckligt framtida beslut;Miljöprövningsmyndigheten;Länsstyrelse;analysis;;Aktiveras bara om uppgiften överförs genom senare beslut.;Minskad sannolikhet för den påverkbara delen;"Ej skattad; kräver mätning mot S0";"Samma normaliserade typårsportfölj i S0 och S1; särredovisa den andel där myndigheten har befogenhet";Kopplingsrader är inte additiva effekter. Gemensamma kostnader och överlappande kontroller ska räknas en gång.;Separat från huvudscenario: Framtida_mandat_ej_beslutat;"Föreslagen kontroll; genomförande och effekt inte verifierade";"Käll- och strukturkontrollerad; inbyggd adversarial review ej tillgänglig";https://www.riksdagen.se/sv/dokument-och-lagar/dokument/kommittedirektiv/inrattande-av-en-ny-myndighet-for-miljoprovning_heb113/ | https://www.regeringen.se/contentassets/930bfc1e70304e4cbd07fc8200b711d9/tillaggsdirektiv-till-miljotillstandsutredningen-kn-202302-dir.-202619.pdf;2.2.0;https://nic-esp.github.io/miljotillstandsrisker/data/riskregister-items.csv;2026-09-30;R-B20-050-03:mitigation;För en aktiv dialog med länsstyrelsen om vad som är verkligt beslutsrelevant. Åberopa proportionalitetsprincipen i 6 kap. MB och hänvisa till avgränsningsbeslutets styrande funktion. Eskalera mallkrav som saknar projektförankring via formell återkoppling.;"Utanför beslutat mandat; framtida scenario";Anpassning av befintligt förslag, avgränsad till myndighetens del;Individuellt motiverade utredningskrav om ansvaret senare överförs.;Ingen överföring till huvudscenario S1. Kräver senare uttryckligt uppdrag och lagstöd.;
MPM-F01__R-B20-G020-01:trigger:02;MPM-F01;Samlad myndighetsledning av BMP och MKB-avgränsning;Framtida_mandat_ej_beslutat;R-B20-G020-01;Gränsdragningen mellan full MKB och förenklat underlag missbedöms;B20;B20 – Samråd och miljöbedömning;B20-G020;Betydande miljöpåverkan?;R-B20-G020-01:trigger:02;utlösande faktor;2;Länsstyrelsens initiala bedömning eller beslut om vilken miljöbedömning som krävs avviker från prövningsmyndighetens senare ställningstagande.;Direkt;Ett framtida samlat ansvar kan minska resurs- eller bedömningsglapp mellan tidig miljöbedömning och tillståndsprövning.;Om ansvar senare överförs: koppla tidig individuell avgränsning, dokumentation och kapacitetsplan till den efterföljande tillståndsprövningen.;Kräver beslutad överföring av länsstyrelsens uppgifter och preciserade befogenheter. Inte en befogenhet som följer enbart av myndighetens inrättande. Sökanden behåller underlagsansvaret.;"SOU 2024:98; Dir. 2026:13 beskriver förslaget; Dir. 2026:19 (utredning, inte operativt mandat)";Avgränsningsledtid och sena ändringar som beror på undvikbara myndighetsglapp;Framtida författning, avgränsningsbesked och ärendedata;"Framtida scenario separat från beslutat S1; ingen effekt tillgodoräknas innan behörigheten är beslutad.";Efter uttryckligt framtida beslut;Miljöprövningsmyndigheten;Länsstyrelse/verksamhetsutövare;source;MB | NV_EIA;Aktiveras bara om uppgiften överförs genom senare beslut.;Minskad sannolikhet för den påverkbara delen;"Ej skattad; kräver mätning mot S0";"Samma normaliserade typårsportfölj i S0 och S1; särredovisa den andel där myndigheten har befogenhet";Kopplingsrader är inte additiva effekter. Gemensamma kostnader och överlappande kontroller ska räknas en gång.;Separat från huvudscenario: Framtida_mandat_ej_beslutat;"Föreslagen kontroll; genomförande och effekt inte verifierade";"Käll- och strukturkontrollerad; inbyggd adversarial review ej tillgänglig";https://www.riksdagen.se/sv/dokument-och-lagar/dokument/kommittedirektiv/inrattande-av-en-ny-myndighet-for-miljoprovning_heb113/ | https://www.regeringen.se/contentassets/930bfc1e70304e4cbd07fc8200b711d9/tillaggsdirektiv-till-miljotillstandsutredningen-kn-202302-dir.-202619.pdf;2.2.0;https://nic-esp.github.io/miljotillstandsrisker/data/riskregister-items.csv;2026-09-30;R-B20-G020-01:mitigation;I gränsfall: välj det säkrare spåret eller avstäm uttryckligen med länsstyrelsen och dokumentera ställningstagandet. Rådfråga extern miljörättslig expertis vid oklarhet och låt beslutet vara reviderbart vid ändrade förutsättningar.;Utanför myndighetens kontrollansvar;Självständigt kontrollförslag efter jämförelse med befintlig åtgärd;Originalförslaget har granskats men är inte grund för denna kontrollkoppling.;Originalets föreslagna åtgärd kvarstår hos angiven aktör.;
MPM-F02__R-B10-070-01:trigger:01;MPM-F02;Gemensam kontaktpunkt för flera tillståndsspår;Framtida_mandat_ej_beslutat;R-B10-070-01;Ett tillstånd saknas i matrisen och upptäcks först i byggskedet;B10;B10 – Förstudie och prövningsväg;B10-070;Upprätta samlad prövnings- och instanskarta;R-B10-070-01:trigger:01;utlösande faktor;1;Verksamheten innebär vattenverksamhet enligt miljöbalken som kräver tillstånd eller anmälan men detta krav saknas i matrisen.;Indirekt via information;"En framtida kontaktpunkt kan informera om fler spår; sökanden måste själv säkerställa en komplett tillståndsmatris.";Om uppdraget beslutas: ge samlad processinformation, följ upp gränssnitt och hänvisa till behöriga prövningsorgan inom den då beslutade kontaktpunktsrollen.;Dir. 2026:97 utreder om myndigheten bör få rollen. Ingen rätt att nu styra andra organs avgöranden eller ta över sökandens samordnings- och utredningsansvar.;"Dir. 2026:97, uppdrag om kontaktpunkter; redovisning av denna del senast 2027-12-15";"Felriktade förfrågningar; informationsglapp; tid till identifierad ansvarig";Framtida uppdragsbeslut och kontaktpunktsloggar;"Inte beslutat S1; måste även skiljas från befintliga kontaktpunkters arbete.";Efter uttryckligt framtida beslut;Miljöprövningsmyndigheten;Projektägare;source;MB;"Framtida kontaktpunktsuppdrag; ingen beslutanderätt för PBL eller KML följer automatiskt.";Minskad sannolikhet för den påverkbara delen;"Ej skattad; kräver mätning mot S0";"Samma normaliserade typårsportfölj i S0 och S1; särredovisa den andel där myndigheten har befogenhet";Kopplingsrader är inte additiva effekter. Gemensamma kostnader och överlappande kontroller ska räknas en gång.;Separat från huvudscenario: Framtida_mandat_ej_beslutat;"Föreslagen kontroll; genomförande och effekt inte verifierade";"Käll- och strukturkontrollerad; inbyggd adversarial review ej tillgänglig";https://www.regeringen.se/contentassets/75b71695f271461b8265bb5efc0a1f7e/tillaggsdirektiv-till-miljotillstandsutredningen-kn-202302-dir.-202697.pdf;2.2.0;https://nic-esp.github.io/miljotillstandsrisker/data/riskregister-items.csv;2026-09-30;R-B10-070-01:mitigation;Låt matrisen granskas av kompetenser utanför kärnteamet (fastighetsjurist, kulturmiljöexpert, vattenjurist), spåra varje fysisk åtgärd i projektet mot ett krav i matrisen, och versionshantera matrisen så att projektändringar automatiskt utlöser omprövning av kravlistan.;Utanför myndighetens kontrollansvar;Självständigt kontrollförslag efter jämförelse med befintlig åtgärd;Originalförslaget har granskats men är inte grund för denna kontrollkoppling.;Originalets föreslagna åtgärd kvarstår hos angiven aktör.;
MPM-F02__R-B10-070-01:trigger:02;MPM-F02;Gemensam kontaktpunkt för flera tillståndsspår;Framtida_mandat_ej_beslutat;R-B10-070-01;Ett tillstånd saknas i matrisen och upptäcks först i byggskedet;B10;B10 – Förstudie och prövningsväg;B10-070;Upprätta samlad prövnings- och instanskarta;R-B10-070-01:trigger:02;utlösande faktor;2;En planerad åtgärd inom strandskyddat område träffas av strandskyddsförbuden och kräver dispens, men detta har inte identifierats som ett separat krav.;Indirekt via information;"En framtida kontaktpunkt kan informera om fler spår; sökanden måste själv säkerställa en komplett tillståndsmatris.";Om uppdraget beslutas: ge samlad processinformation, följ upp gränssnitt och hänvisa till behöriga prövningsorgan inom den då beslutade kontaktpunktsrollen.;Dir. 2026:97 utreder om myndigheten bör få rollen. Ingen rätt att nu styra andra organs avgöranden eller ta över sökandens samordnings- och utredningsansvar.;"Dir. 2026:97, uppdrag om kontaktpunkter; redovisning av denna del senast 2027-12-15";"Felriktade förfrågningar; informationsglapp; tid till identifierad ansvarig";Framtida uppdragsbeslut och kontaktpunktsloggar;"Inte beslutat S1; måste även skiljas från befintliga kontaktpunkters arbete.";Efter uttryckligt framtida beslut;Miljöprövningsmyndigheten;Projektägare;source;STRAND;"Framtida kontaktpunktsuppdrag; ingen beslutanderätt för PBL eller KML följer automatiskt.";Minskad sannolikhet för den påverkbara delen;"Ej skattad; kräver mätning mot S0";"Samma normaliserade typårsportfölj i S0 och S1; särredovisa den andel där myndigheten har befogenhet";Kopplingsrader är inte additiva effekter. Gemensamma kostnader och överlappande kontroller ska räknas en gång.;Separat från huvudscenario: Framtida_mandat_ej_beslutat;"Föreslagen kontroll; genomförande och effekt inte verifierade";"Käll- och strukturkontrollerad; inbyggd adversarial review ej tillgänglig";https://www.regeringen.se/contentassets/75b71695f271461b8265bb5efc0a1f7e/tillaggsdirektiv-till-miljotillstandsutredningen-kn-202302-dir.-202697.pdf;2.2.0;https://nic-esp.github.io/miljotillstandsrisker/data/riskregister-items.csv;2026-09-30;R-B10-070-01:mitigation;Låt matrisen granskas av kompetenser utanför kärnteamet (fastighetsjurist, kulturmiljöexpert, vattenjurist), spåra varje fysisk åtgärd i projektet mot ett krav i matrisen, och versionshantera matrisen så att projektändringar automatiskt utlöser omprövning av kravlistan.;Utanför myndighetens kontrollansvar;Självständigt kontrollförslag efter jämförelse med befintlig åtgärd;Originalförslaget har granskats men är inte grund för denna kontrollkoppling.;Originalets föreslagna åtgärd kvarstår hos angiven aktör.;
MPM-F02__R-B10-070-01:trigger:03;MPM-F02;Gemensam kontaktpunkt för flera tillståndsspår;Framtida_mandat_ej_beslutat;R-B10-070-01;Ett tillstånd saknas i matrisen och upptäcks först i byggskedet;B10;B10 – Förstudie och prövningsväg;B10-070;Upprätta samlad prövnings- och instanskarta;R-B10-070-01:trigger:03;utlösande faktor;3;Byggåtgärder innebär ingrepp i en fornlämning eller berör ett annat objekt som omfattas av ett särskilt tillståndskrav enligt kulturmiljölagen.;Indirekt via information;"En framtida kontaktpunkt kan informera om fler spår; sökanden måste själv säkerställa en komplett tillståndsmatris.";Om uppdraget beslutas: ge samlad processinformation, följ upp gränssnitt och hänvisa till behöriga prövningsorgan inom den då beslutade kontaktpunktsrollen.;Dir. 2026:97 utreder om myndigheten bör få rollen. Ingen rätt att nu styra andra organs avgöranden eller ta över sökandens samordnings- och utredningsansvar.;"Dir. 2026:97, uppdrag om kontaktpunkter; redovisning av denna del senast 2027-12-15";"Felriktade förfrågningar; informationsglapp; tid till identifierad ansvarig";Framtida uppdragsbeslut och kontaktpunktsloggar;"Inte beslutat S1; måste även skiljas från befintliga kontaktpunkters arbete.";Efter uttryckligt framtida beslut;Miljöprövningsmyndigheten;Projektägare;source;KML;"Framtida kontaktpunktsuppdrag; ingen beslutanderätt för PBL eller KML följer automatiskt.";Minskad sannolikhet för den påverkbara delen;"Ej skattad; kräver mätning mot S0";"Samma normaliserade typårsportfölj i S0 och S1; särredovisa den andel där myndigheten har befogenhet";Kopplingsrader är inte additiva effekter. Gemensamma kostnader och överlappande kontroller ska räknas en gång.;Separat från huvudscenario: Framtida_mandat_ej_beslutat;"Föreslagen kontroll; genomförande och effekt inte verifierade";"Käll- och strukturkontrollerad; inbyggd adversarial review ej tillgänglig";https://www.regeringen.se/contentassets/75b71695f271461b8265bb5efc0a1f7e/tillaggsdirektiv-till-miljotillstandsutredningen-kn-202302-dir.-202697.pdf;2.2.0;https://nic-esp.github.io/miljotillstandsrisker/data/riskregister-items.csv;2026-09-30;R-B10-070-01:mitigation;Låt matrisen granskas av kompetenser utanför kärnteamet (fastighetsjurist, kulturmiljöexpert, vattenjurist), spåra varje fysisk åtgärd i projektet mot ett krav i matrisen, och versionshantera matrisen så att projektändringar automatiskt utlöser omprövning av kravlistan.;Utanför myndighetens kontrollansvar;Självständigt kontrollförslag efter jämförelse med befintlig åtgärd;Originalförslaget har granskats men är inte grund för denna kontrollkoppling.;Originalets föreslagna åtgärd kvarstår hos angiven aktör.;
MPM-F02__R-B10-070-01:trigger:04;MPM-F02;Gemensam kontaktpunkt för flera tillståndsspår;Framtida_mandat_ej_beslutat;R-B10-070-01;Ett tillstånd saknas i matrisen och upptäcks först i byggskedet;B10;B10 – Förstudie och prövningsväg;B10-070;Upprätta samlad prövnings- och instanskarta;R-B10-070-01:trigger:04;utlösande faktor;4;Krav på bygglov, marklov eller anmälan enligt plan- och bygglagen har inte kopplats korrekt till miljöprövningen i tillståndsmatrisen.;Indirekt via information;"En framtida kontaktpunkt kan informera om fler spår; sökanden måste själv säkerställa en komplett tillståndsmatris.";Om uppdraget beslutas: ge samlad processinformation, följ upp gränssnitt och hänvisa till behöriga prövningsorgan inom den då beslutade kontaktpunktsrollen.;Dir. 2026:97 utreder om myndigheten bör få rollen. Ingen rätt att nu styra andra organs avgöranden eller ta över sökandens samordnings- och utredningsansvar.;"Dir. 2026:97, uppdrag om kontaktpunkter; redovisning av denna del senast 2027-12-15";"Felriktade förfrågningar; informationsglapp; tid till identifierad ansvarig";Framtida uppdragsbeslut och kontaktpunktsloggar;"Inte beslutat S1; måste även skiljas från befintliga kontaktpunkters arbete.";Efter uttryckligt framtida beslut;Miljöprövningsmyndigheten;Projektägare;source;PBL;"Framtida kontaktpunktsuppdrag; ingen beslutanderätt för PBL eller KML följer automatiskt.";Minskad sannolikhet för den påverkbara delen;"Ej skattad; kräver mätning mot S0";"Samma normaliserade typårsportfölj i S0 och S1; särredovisa den andel där myndigheten har befogenhet";Kopplingsrader är inte additiva effekter. Gemensamma kostnader och överlappande kontroller ska räknas en gång.;Separat från huvudscenario: Framtida_mandat_ej_beslutat;"Föreslagen kontroll; genomförande och effekt inte verifierade";"Käll- och strukturkontrollerad; inbyggd adversarial review ej tillgänglig";https://www.regeringen.se/contentassets/75b71695f271461b8265bb5efc0a1f7e/tillaggsdirektiv-till-miljotillstandsutredningen-kn-202302-dir.-202697.pdf;2.2.0;https://nic-esp.github.io/miljotillstandsrisker/data/riskregister-items.csv;2026-09-30;R-B10-070-01:mitigation;Låt matrisen granskas av kompetenser utanför kärnteamet (fastighetsjurist, kulturmiljöexpert, vattenjurist), spåra varje fysisk åtgärd i projektet mot ett krav i matrisen, och versionshantera matrisen så att projektändringar automatiskt utlöser omprövning av kravlistan.;Utanför myndighetens kontrollansvar;Självständigt kontrollförslag efter jämförelse med befintlig åtgärd;Originalförslaget har granskats men är inte grund för denna kontrollkoppling.;Originalets föreslagna åtgärd kvarstår hos angiven aktör.;
MPM-F02__R-B10-080-03:trigger:03;MPM-F02;Gemensam kontaktpunkt för flera tillståndsspår;Framtida_mandat_ej_beslutat;R-B10-080-03;Prövningsinstanserna kan inte enas om samordning och handoff;B10;B10 – Förstudie och prövningsväg;B10-080;Kan prövningarna samordnas eller sambandsprövas?;R-B10-080-03:trigger:03;utlösande faktor;3;Ansvar för kungörelse, yttranden och beslut inte förankras operativt mellan de berörda organisationerna.;Direkt;En framtida definierad kontaktpunktsroll kan minska kontakt- och ansvarsglapp men ger inte automatiskt ledningsmandat över andra organ.;Om uppdraget beslutas: ge samlad processinformation, följ upp gränssnitt och hänvisa till behöriga prövningsorgan inom den då beslutade kontaktpunktsrollen.;Dir. 2026:97 utreder om myndigheten bör få rollen. Ingen rätt att nu styra andra organs avgöranden eller ta över sökandens samordnings- och utredningsansvar.;"Dir. 2026:97, uppdrag om kontaktpunkter; redovisning av denna del senast 2027-12-15";"Felriktade förfrågningar; informationsglapp; tid till identifierad ansvarig";Framtida uppdragsbeslut och kontaktpunktsloggar;"Inte beslutat S1; måste även skiljas från befintliga kontaktpunkters arbete.";Efter uttryckligt framtida beslut;Miljöprövningsmyndigheten;Projektägare och berörda prövningsinstanser;analysis;;Rollens exakta omfattning måste beslutas först.;Minskad sannolikhet för den påverkbara delen;"Ej skattad; kräver mätning mot S0";"Samma normaliserade typårsportfölj i S0 och S1; särredovisa den andel där myndigheten har befogenhet";Kopplingsrader är inte additiva effekter. Gemensamma kostnader och överlappande kontroller ska räknas en gång.;Separat från huvudscenario: Framtida_mandat_ej_beslutat;"Föreslagen kontroll; genomförande och effekt inte verifierade";"Käll- och strukturkontrollerad; inbyggd adversarial review ej tillgänglig";https://www.regeringen.se/contentassets/75b71695f271461b8265bb5efc0a1f7e/tillaggsdirektiv-till-miljotillstandsutredningen-kn-202302-dir.-202697.pdf;2.2.0;https://nic-esp.github.io/miljotillstandsrisker/data/riskregister-items.csv;2026-09-30;R-B10-080-03:mitigation;"Upprätta en skriftlig samordningsöverenskommelse med namngivna kontaktpersoner, gemensam milstolpsplan och eskaleringsväg; bekräfta varje instans kapacitetsläge vid beslutet; och återbesök samordningsbeslutet vid varje reform- eller organisationsbesked som påverkar någon av instanserna.";Delvis inom mandat efter avgränsning;Självständigt kontrollförslag efter jämförelse med befintlig åtgärd;Originalförslaget har granskats men är inte grund för denna kontrollkoppling.;"Sökandens projektledning och kritiska linje; ingen överordnad koordinator eller rätt att kräva beslut från andra organ.";
MPM-10__R-B10-030-01:trigger:01;MPM-10;Spårbar ärendeakt och versionskontroll;S1_beslutat_uppdrag;R-B10-030-01;Äldre domar och tillstånd med föråldrade villkor förbises i baslinjen;B10;B10 – Förstudie och prövningsväg;B10-030;Inventera befintliga beslut och rättigheter;R-B10-030-01:trigger:01;utlösande faktor;1;Inventeringen missar äldre vattendomar eller tillstånd som ligger i kommunala eller länsvisa arkiv och inte är digitalt sökbart på samma sätt som moderna beslut.;Indirekt via information;Sökbara hänvisningar i egna eller övertagna arkiv gör äldre beslut åtkomliga för baslinjeinventeringen.;Håll ihop handlingar, bilagor, projektversioner, beslut och delgivningsuppgifter med beständiga referenser. Kontrollera mottagning och fullständighet vid överlämnande. Tillgängliggör rätt version enligt offentlighets- och sekretessregler.;"Myndigheten förvaltar sin akt; sökanden ansvarar för sin projektdokumentation och fullständiga tillståndsmatris. Skapar inga rättsverkningar genom registerstatus.";"Dir. 2026:13 Informationsutbyte samt Riskanalyser och skyddsåtgärder; FL 27 och 31 §§";"Saknade bilagor vid överlämnande; felversionsincidenter; tid att återfinna beslut";Aktförteckning, versionshistorik, mottagningskontroll och stickprov;Diarier finns i S0. Mät faktiskt minskade informationsfel med gemensamma och interoperabla rutiner.;Löpande inom egen behörighet;Miljöprövningsmyndigheten;Projektägare;analysis;;"Endast myndighetens förvaltade arkiv. Sökanden inventerar helheten; kommunala arkiv och domstolsarkiv tas inte över genom kontrollen.";Minskad sannolikhet för den påverkbara delen;"Ej skattad; kräver mätning mot S0";"Samma normaliserade typårsportfölj i S0 och S1; särredovisa den andel där myndigheten har befogenhet";Kopplingsrader är inte additiva effekter. Gemensamma kostnader och överlappande kontroller ska räknas en gång.;"Beslutad organisationsinriktning och lagändringar för start 2027-07-01; detaljerad kontrollutformning är analysförslag";"Föreslagen kontroll; genomförande och effekt inte verifierade";"Käll- och strukturkontrollerad; inbyggd adversarial review ej tillgänglig";https://www.riksdagen.se/sv/dokument-och-lagar/dokument/kommittedirektiv/inrattande-av-en-ny-myndighet-for-miljoprovning_heb113/ | https://www.riksdagen.se/sv/dokument-och-lagar/dokument/svensk-forfattningssamling/miljobalk-1998808_sfs-1998-808/ | https://www.riksdagen.se/sv/dokument-och-lagar/dokument/svensk-forfattningssamling/forvaltningslag-2017900_sfs-2017-900/;2.2.0;https://nic-esp.github.io/miljotillstandsrisker/data/riskregister-items.csv;2026-09-30;R-B10-030-01:mitigation;"Gör en djuparkivering hos länsstyrelse, kommun, domstol och fastighetsregister; använd fastighetsrättslig kartläggning parallellt med den miljörättsliga; och dokumentera spårbarheten mellan varje äldre beslut och de villkor som ska gälla efter ny prövning.";Delvis inom mandat efter avgränsning;Anpassning av befintligt förslag, avgränsad till myndighetens del;Tillgängliggöra och korsreferera egna eller övertagna historiska beslut.;Sökandens fullständiga arkiv- och tillståndsinventering samt andra organs arkiv.;
MPM-02__R-B30-C110-01:trigger:01;MPM-02;Tidig kontroll av behörighet och prövningsram;S1_beslutat_uppdrag;R-B30-C110-01;Anmälan registreras hos fel tillsynsmyndighet;B30;B30 – Miljöfarlig verksamhet;B30-C110;Lämna anmälan till tillsynsmyndigheten;R-B30-C110-01:trigger:01;utlösande faktor;1;Anmälan lämnas till ett annat organ än den tillsynsmyndighet som enligt den aktuella ansvarsfördelningen ska handlägga verksamheten.;Direkt;Kontrollera om anmälan hör till eget sambandsärende och ge korrekt mottagarinformation.;Kontrollera verksamhetsslag, ärendetyp, datum, tidigare tillstånd och tillämplig instansordning vid mottagning. Dokumentera bedömningen och hantera fel mottagare skyndsamt enligt tillämpliga regler.;Ingen rätt att behålla domstolsmål eller överta annan myndighets beslut utan lagstöd. Sökanden ansvarar för korrekta verksamhetsuppgifter.;"MB 19 kap. 1–2 a §§; MPD-förordningen 3 §; FL 5–6 och 20 §§";"Dagar från mottagning till upptäckt behörighetsfel; antal sena instansbyten";Mottagningskontroll, ärendehistorik och överlämnandebeslut;"Behörighetskontroll finns i S0. Nationellt samlad rutin kan minska administrativa skillnader; rättsosäkerhet kvarstår.";Löpande inom egen behörighet;Miljöprövningsmyndigheten;Verksamhetsutövare → tillsynsmyndighet;source;FMH;"Endast vid konkret samband enligt MB 19 kap. 2 a § eller service om egen behörighet; kommunens allmänna tillsynsansvar övertas inte.";Minskad sannolikhet för den påverkbara delen;"Ej skattad; kräver mätning mot S0";"Samma normaliserade typårsportfölj i S0 och S1; särredovisa den andel där myndigheten har befogenhet";Kopplingsrader är inte additiva effekter. Gemensamma kostnader och överlappande kontroller ska räknas en gång.;"Beslutad organisationsinriktning och lagändringar för start 2027-07-01; detaljerad kontrollutformning är analysförslag";"Föreslagen kontroll; genomförande och effekt inte verifierade";"Käll- och strukturkontrollerad; inbyggd adversarial review ej tillgänglig";https://www.riksdagen.se/sv/dokument-och-lagar/dokument/kommittedirektiv/inrattande-av-en-ny-myndighet-for-miljoprovning_heb113/ | https://www.riksdagen.se/sv/dokument-och-lagar/dokument/svensk-forfattningssamling/miljobalk-1998808_sfs-1998-808/ | https://www.riksdagen.se/sv/dokument-och-lagar/dokument/svensk-forfattningssamling/forvaltningslag-2017900_sfs-2017-900/ | https://www.riksdagen.se/sv/dokument-och-lagar/dokument/svensk-forfattningssamling/forordning-20111237-om_sfs-2011-1237/;2.2.0;https://nic-esp.github.io/miljotillstandsrisker/data/riskregister-items.csv;2026-09-30;R-B30-C110-01:mitigation;Verifiera tillsynsmyndigheten mot FMH:s fördelningsregler och kommunens delegationsordning före inlämning, begär skriftlig bekräftelse på registrering hos behörig instans, och dokumentera vem som mottagit vad.;Delvis inom mandat efter avgränsning;Anpassning av befintligt förslag, avgränsad till myndighetens del;Kontrollera egen behörighet och dokumentera mottagning av en anknuten anmälan.;Fristående C-anmälningar hos kommun eller annan tillsynsmyndighet överförs inte generellt.;
MPM-02__R-B30-C110-01:trigger:03;MPM-02;Tidig kontroll av behörighet och prövningsram;S1_beslutat_uppdrag;R-B30-C110-01;Anmälan registreras hos fel tillsynsmyndighet;B30;B30 – Miljöfarlig verksamhet;B30-C110;Lämna anmälan till tillsynsmyndigheten;R-B30-C110-01:trigger:03;utlösande faktor;3;Anmälan registreras hos fel myndighet på grund av oklarhet kring vilken instans som har handläggningsansvaret för den aktuella verksamhetstypen.;Direkt;Kontrollera om anmälan hör till eget sambandsärende och ge korrekt mottagarinformation.;Kontrollera verksamhetsslag, ärendetyp, datum, tidigare tillstånd och tillämplig instansordning vid mottagning. Dokumentera bedömningen och hantera fel mottagare skyndsamt enligt tillämpliga regler.;Ingen rätt att behålla domstolsmål eller överta annan myndighets beslut utan lagstöd. Sökanden ansvarar för korrekta verksamhetsuppgifter.;"MB 19 kap. 1–2 a §§; MPD-förordningen 3 §; FL 5–6 och 20 §§";"Dagar från mottagning till upptäckt behörighetsfel; antal sena instansbyten";Mottagningskontroll, ärendehistorik och överlämnandebeslut;"Behörighetskontroll finns i S0. Nationellt samlad rutin kan minska administrativa skillnader; rättsosäkerhet kvarstår.";Löpande inom egen behörighet;Miljöprövningsmyndigheten;Verksamhetsutövare → tillsynsmyndighet;analysis;;"Endast vid konkret samband enligt MB 19 kap. 2 a § eller service om egen behörighet; kommunens allmänna tillsynsansvar övertas inte.";Minskad sannolikhet för den påverkbara delen;"Ej skattad; kräver mätning mot S0";"Samma normaliserade typårsportfölj i S0 och S1; särredovisa den andel där myndigheten har befogenhet";Kopplingsrader är inte additiva effekter. Gemensamma kostnader och överlappande kontroller ska räknas en gång.;"Beslutad organisationsinriktning och lagändringar för start 2027-07-01; detaljerad kontrollutformning är analysförslag";"Föreslagen kontroll; genomförande och effekt inte verifierade";"Käll- och strukturkontrollerad; inbyggd adversarial review ej tillgänglig";https://www.riksdagen.se/sv/dokument-och-lagar/dokument/kommittedirektiv/inrattande-av-en-ny-myndighet-for-miljoprovning_heb113/ | https://www.riksdagen.se/sv/dokument-och-lagar/dokument/svensk-forfattningssamling/miljobalk-1998808_sfs-1998-808/ | https://www.riksdagen.se/sv/dokument-och-lagar/dokument/svensk-forfattningssamling/forvaltningslag-2017900_sfs-2017-900/ | https://www.riksdagen.se/sv/dokument-och-lagar/dokument/svensk-forfattningssamling/forordning-20111237-om_sfs-2011-1237/;2.2.0;https://nic-esp.github.io/miljotillstandsrisker/data/riskregister-items.csv;2026-09-30;R-B30-C110-01:mitigation;Verifiera tillsynsmyndigheten mot FMH:s fördelningsregler och kommunens delegationsordning före inlämning, begär skriftlig bekräftelse på registrering hos behörig instans, och dokumentera vem som mottagit vad.;Delvis inom mandat efter avgränsning;Anpassning av befintligt förslag, avgränsad till myndighetens del;Kontrollera egen behörighet och dokumentera mottagning av en anknuten anmälan.;Fristående C-anmälningar hos kommun eller annan tillsynsmyndighet överförs inte generellt.;
MPM-01__R-B30-G020-02:trigger:04;MPM-01;Dokumenterad och avgränsad processvägledning;S1_beslutat_uppdrag;R-B30-G020-02;Kombinationsverksamhet höjer prövningsnivån oväntat;B30;B30 – Miljöfarlig verksamhet;B30-G020;Klassificera A-, B-, C- eller U-verksamhet;R-B30-G020-02:trigger:04;utlösande faktor;4;Projektet har budgeterat för en B-prövning, men den behöriga prövningsmyndigheten gör en annan bedömning av den faktiska verksamhetens omfattning.;Indirekt via information;Dokumenterad tidig information om relevanta beräkningsgrunder kan begränsa överraskningen vid behörighetskontroll.;Ge skriftlig service om mottagare, underlagskrav och förfarandet. Ange datum, faktiska förutsättningar och om svaret är information eller ett formellt beslut. Hänvisa frågor utanför behörigheten till rätt instans.;Utformar inte sökandens ansökan, lokaliseringsval eller tillståndsstrategi. Lämnar inte bindande förhandsbesked utan särskilt lagstöd.;"FL 5–8 och 27 §§; MB 2 kap. 1 §";"Andel relevanta servicekontakter dokumenterade; felaktiga inlämningar per 100 kontakter";Serviceärenden, dokumenterade svar och uppföljda felinlämningar;Service finns i S0. Mät endast mer enhetliga och spårbara besked inom samma ärendetyper.;Vid servicekontakt före eller under ärende;Miljöprövningsmyndigheten;Verksamhetsutövare med juridisk sakkunskap;analysis;;Ingen garanti om B-klassning. Faktiska trösklar och behörig domstols prövning ändras inte.;Minskad sannolikhet för den påverkbara delen;"Ej skattad; kräver mätning mot S0";"Samma normaliserade typårsportfölj i S0 och S1; särredovisa den andel där myndigheten har befogenhet";Kopplingsrader är inte additiva effekter. Gemensamma kostnader och överlappande kontroller ska räknas en gång.;"Beslutad organisationsinriktning och lagändringar för start 2027-07-01; detaljerad kontrollutformning är analysförslag";"Föreslagen kontroll; genomförande och effekt inte verifierade";"Käll- och strukturkontrollerad; inbyggd adversarial review ej tillgänglig";https://www.riksdagen.se/sv/dokument-och-lagar/dokument/kommittedirektiv/inrattande-av-en-ny-myndighet-for-miljoprovning_heb113/ | https://www.riksdagen.se/sv/dokument-och-lagar/dokument/svensk-forfattningssamling/miljobalk-1998808_sfs-1998-808/ | https://www.riksdagen.se/sv/dokument-och-lagar/dokument/svensk-forfattningssamling/forvaltningslag-2017900_sfs-2017-900/;2.2.0;https://nic-esp.github.io/miljotillstandsrisker/data/riskregister-items.csv;2026-09-30;R-B30-G020-02:mitigation;Analysera det funktionella sambandet med intilliggande anläggningar redan vid klassificeringen, simulera alternativa kodtillämpningar, och begär in myndighetens preliminära syn på prövningsnivå vid osäkerhet.;Delvis inom mandat efter avgränsning;Anpassning av befintligt förslag, avgränsad till myndighetens del;Dokumentera egen processvägledning och de förutsättningar den bygger på.;"Sökandens klassificering och underlag; bindande förhandsbesked utan lagstöd; styrning av tillsynsmyndighet.";
MPM-01__R-B30-G040-03:trigger:02;MPM-01;Dokumenterad och avgränsad processvägledning;S1_beslutat_uppdrag;R-B30-G040-03;Saknat förhandsbesked gör avgränsningen oenig;B30;B30 – Miljöfarlig verksamhet;B30-G040;Ändring: tillstånd, anmälan eller ingen ny plikt?;R-B30-G040-03:trigger:02;utlösande faktor;2;Olika handläggare inom kommunala miljöförvaltningar eller länsstyrelser ger motstridiga muntliga signaler om prövningsbehovet.;Direkt;Dokumenterad enhetlig vägledning begränsar motstridiga muntliga signaler från den egna myndigheten.;Ge skriftlig service om mottagare, underlagskrav och förfarandet. Ange datum, faktiska förutsättningar och om svaret är information eller ett formellt beslut. Hänvisa frågor utanför behörigheten till rätt instans.;Utformar inte sökandens ansökan, lokaliseringsval eller tillståndsstrategi. Lämnar inte bindande förhandsbesked utan särskilt lagstöd.;"FL 5–8 och 27 §§; MB 2 kap. 1 §";"Andel relevanta servicekontakter dokumenterade; felaktiga inlämningar per 100 kontakter";Serviceärenden, dokumenterade svar och uppföljda felinlämningar;Service finns i S0. Mät endast mer enhetliga och spårbara besked inom samma ärendetyper.;Vid servicekontakt före eller under ärende;Miljöprövningsmyndigheten;Verksamhetsutövare och tillsynsmyndighet;analysis;;Endast egna servicekontakter. Skapar inte den bindande förhandsprövningsinstans som andra faktorer i risken efterfrågar.;Minskad sannolikhet för den påverkbara delen;"Ej skattad; kräver mätning mot S0";"Samma normaliserade typårsportfölj i S0 och S1; särredovisa den andel där myndigheten har befogenhet";Kopplingsrader är inte additiva effekter. Gemensamma kostnader och överlappande kontroller ska räknas en gång.;"Beslutad organisationsinriktning och lagändringar för start 2027-07-01; detaljerad kontrollutformning är analysförslag";"Föreslagen kontroll; genomförande och effekt inte verifierade";"Käll- och strukturkontrollerad; inbyggd adversarial review ej tillgänglig";https://www.riksdagen.se/sv/dokument-och-lagar/dokument/kommittedirektiv/inrattande-av-en-ny-myndighet-for-miljoprovning_heb113/ | https://www.riksdagen.se/sv/dokument-och-lagar/dokument/svensk-forfattningssamling/miljobalk-1998808_sfs-1998-808/ | https://www.riksdagen.se/sv/dokument-och-lagar/dokument/svensk-forfattningssamling/forvaltningslag-2017900_sfs-2017-900/;2.2.0;https://nic-esp.github.io/miljotillstandsrisker/data/riskregister-items.csv;2026-09-30;R-B30-G040-03:mitigation;Begär skriftliga besked, boka förhandling eller möte med protokoll, eskalera till länsstyrelsen när kommunens besked är oklart, och bygg in marginal i tidplanen för en eventuell uppgradering till tillståndsansökan.;Delvis inom mandat efter avgränsning;Anpassning av befintligt förslag, avgränsad till myndighetens del;Dokumentera egen processvägledning och de förutsättningar den bygger på.;"Sökandens klassificering och underlag; bindande förhandsbesked utan lagstöd; styrning av tillsynsmyndighet.";
MPM-02__R-B30-O120-01:trigger:02;MPM-02;Tidig kontroll av behörighet och prövningsram;S1_beslutat_uppdrag;R-B30-O120-01;Sambandskravet begränsar vilka villkor som får röras;B30;B30 – Miljöfarlig verksamhet;B30-O120;Fastställ omprövningsram och underlag;R-B30-O120-01:trigger:02;utlösande faktor;2;Parterna tvistar om vilka av tillståndets villkor som omfattas av ramen för sambandskravet.;Indirekt via tydlig prövningsram;Dokumenterad rättslig prövningsram klargör vilka villkor som behandlas i eget omprövningsärende.;Kontrollera verksamhetsslag, ärendetyp, datum, tidigare tillstånd och tillämplig instansordning vid mottagning. Dokumentera bedömningen och hantera fel mottagare skyndsamt enligt tillämpliga regler.;Ingen rätt att behålla domstolsmål eller överta annan myndighets beslut utan lagstöd. Sökanden ansvarar för korrekta verksamhetsuppgifter.;"MB 19 kap. 1–2 a §§; MPD-förordningen 3 §; FL 5–6 och 20 §§";"Dagar från mottagning till upptäckt behörighetsfel; antal sena instansbyten";Mottagningskontroll, ärendehistorik och överlämnandebeslut;"Behörighetskontroll finns i S0. Nationellt samlad rutin kan minska administrativa skillnader; rättsosäkerhet kvarstår.";Löpande inom egen behörighet;Miljöprövningsmyndigheten;Prövningsinstans och tillståndshavare;analysis;;"Endast egen behörig omprövning. Sambandskravets materiella begränsning och parternas rätt att invända kvarstår; äldre SOU-text i riskregistret är inte självständigt lagstöd.";Minskad sannolikhet för den påverkbara delen;"Ej skattad; kräver mätning mot S0";"Samma normaliserade typårsportfölj i S0 och S1; särredovisa den andel där myndigheten har befogenhet";Kopplingsrader är inte additiva effekter. Gemensamma kostnader och överlappande kontroller ska räknas en gång.;"Beslutad organisationsinriktning och lagändringar för start 2027-07-01; detaljerad kontrollutformning är analysförslag";"Föreslagen kontroll; genomförande och effekt inte verifierade";"Käll- och strukturkontrollerad; inbyggd adversarial review ej tillgänglig";https://www.riksdagen.se/sv/dokument-och-lagar/dokument/kommittedirektiv/inrattande-av-en-ny-myndighet-for-miljoprovning_heb113/ | https://www.riksdagen.se/sv/dokument-och-lagar/dokument/svensk-forfattningssamling/miljobalk-1998808_sfs-1998-808/ | https://www.riksdagen.se/sv/dokument-och-lagar/dokument/svensk-forfattningssamling/forvaltningslag-2017900_sfs-2017-900/ | https://www.riksdagen.se/sv/dokument-och-lagar/dokument/svensk-forfattningssamling/forordning-20111237-om_sfs-2011-1237/;2.2.0;https://nic-esp.github.io/miljotillstandsrisker/data/riskregister-items.csv;2026-09-30;R-B30-O120-01:mitigation;Kartlägg villkor för villkor vilket samband varje föreslagen ändring har med omprövningsgrunden, och formulera ramavgränsningen explicit i ansökan eller beslutet så att den håller vid överklagande.;Delvis inom mandat efter avgränsning;Anpassning av befintligt förslag, avgränsad till myndighetens del;Dokumentera egen behörighet, gällande rätt och rättsligt avgränsad prövningsram.;"Sökandens processstrategi och rekonstruktion av tillstånd; materiella begränsningar får inte undanröjas för att effektivisera.";
MPM-01__R-B50-G010-02:trigger:02;MPM-01;Dokumenterad och avgränsad processvägledning;S1_beslutat_uppdrag;R-B50-G010-02;Reformläget ändrar spårens regler och instanser mitt i processen;B50;B50 – Tvärgående och sektorsspecifika spår;B50-G010;Vilka tvärgående spår är tillämpliga?;R-B50-G010-02:trigger:02;utlösande faktor;2;Projektets klassificering bygger på rättsläget före reformens ikraftträdande.;Indirekt via information;Daterad information om egna instans- och övergångsregler kan minska användning av inaktuella processuppgifter.;Ge skriftlig service om mottagare, underlagskrav och förfarandet. Ange datum, faktiska förutsättningar och om svaret är information eller ett formellt beslut. Hänvisa frågor utanför behörigheten till rätt instans.;Utformar inte sökandens ansökan, lokaliseringsval eller tillståndsstrategi. Lämnar inte bindande förhandsbesked utan särskilt lagstöd.;"FL 5–8 och 27 §§; MB 2 kap. 1 §";"Andel relevanta servicekontakter dokumenterade; felaktiga inlämningar per 100 kontakter";Serviceärenden, dokumenterade svar och uppföljda felinlämningar;Service finns i S0. Mät endast mer enhetliga och spårbara besked inom samma ärendetyper.;Vid servicekontakt före eller under ärende;Miljöprövningsmyndigheten;Projektägare med juridisk och teknisk sakkunskap;analysis;;"Endast myndighetens eget område; ingen bevakning eller garanti för alla sektorsregler.";Minskad sannolikhet för den påverkbara delen;"Ej skattad; kräver mätning mot S0";"Samma normaliserade typårsportfölj i S0 och S1; särredovisa den andel där myndigheten har befogenhet";Kopplingsrader är inte additiva effekter. Gemensamma kostnader och överlappande kontroller ska räknas en gång.;"Beslutad organisationsinriktning och lagändringar för start 2027-07-01; detaljerad kontrollutformning är analysförslag";"Föreslagen kontroll; genomförande och effekt inte verifierade";"Käll- och strukturkontrollerad; inbyggd adversarial review ej tillgänglig";https://www.riksdagen.se/sv/dokument-och-lagar/dokument/kommittedirektiv/inrattande-av-en-ny-myndighet-for-miljoprovning_heb113/ | https://www.riksdagen.se/sv/dokument-och-lagar/dokument/svensk-forfattningssamling/miljobalk-1998808_sfs-1998-808/ | https://www.riksdagen.se/sv/dokument-och-lagar/dokument/svensk-forfattningssamling/forvaltningslag-2017900_sfs-2017-900/;2.2.0;https://nic-esp.github.io/miljotillstandsrisker/data/riskregister-items.csv;2026-09-30;R-B50-G010-02:mitigation;Håll en levande rättslägesbevakning per spår med tydliga träd- och övergångsdatum. Dokumentera vilket rättsläge varje ansökan grundas på och begär skriftlig bekräftelse från berörd myndighet vid gränsfall om övergångsregler.;Delvis inom mandat efter avgränsning;Anpassning av befintligt förslag, avgränsad till myndighetens del;Publicera daterad information om egna regler, mottagare och övergångsbestämmelser.;"Sökandens bevakning av hela tillståndspaketet; andra sektorers rättsläge.";
MPM-01__R-B50-G010-02:trigger:03;MPM-01;Dokumenterad och avgränsad processvägledning;S1_beslutat_uppdrag;R-B50-G010-02;Reformläget ändrar spårens regler och instanser mitt i processen;B50;B50 – Tvärgående och sektorsspecifika spår;B50-G010;Vilka tvärgående spår är tillämpliga?;R-B50-G010-02:trigger:03;utlösande faktor;3;Övergångsreglernas anknytning till start- eller beslutsdatum registreras fel.;Indirekt via information;Daterad information om egna instans- och övergångsregler kan minska användning av inaktuella processuppgifter.;Ge skriftlig service om mottagare, underlagskrav och förfarandet. Ange datum, faktiska förutsättningar och om svaret är information eller ett formellt beslut. Hänvisa frågor utanför behörigheten till rätt instans.;Utformar inte sökandens ansökan, lokaliseringsval eller tillståndsstrategi. Lämnar inte bindande förhandsbesked utan särskilt lagstöd.;"FL 5–8 och 27 §§; MB 2 kap. 1 §";"Andel relevanta servicekontakter dokumenterade; felaktiga inlämningar per 100 kontakter";Serviceärenden, dokumenterade svar och uppföljda felinlämningar;Service finns i S0. Mät endast mer enhetliga och spårbara besked inom samma ärendetyper.;Vid servicekontakt före eller under ärende;Miljöprövningsmyndigheten;Projektägare med juridisk och teknisk sakkunskap;analysis;;"Endast myndighetens eget område; ingen bevakning eller garanti för alla sektorsregler.";Minskad sannolikhet för den påverkbara delen;"Ej skattad; kräver mätning mot S0";"Samma normaliserade typårsportfölj i S0 och S1; särredovisa den andel där myndigheten har befogenhet";Kopplingsrader är inte additiva effekter. Gemensamma kostnader och överlappande kontroller ska räknas en gång.;"Beslutad organisationsinriktning och lagändringar för start 2027-07-01; detaljerad kontrollutformning är analysförslag";"Föreslagen kontroll; genomförande och effekt inte verifierade";"Käll- och strukturkontrollerad; inbyggd adversarial review ej tillgänglig";https://www.riksdagen.se/sv/dokument-och-lagar/dokument/kommittedirektiv/inrattande-av-en-ny-myndighet-for-miljoprovning_heb113/ | https://www.riksdagen.se/sv/dokument-och-lagar/dokument/svensk-forfattningssamling/miljobalk-1998808_sfs-1998-808/ | https://www.riksdagen.se/sv/dokument-och-lagar/dokument/svensk-forfattningssamling/forvaltningslag-2017900_sfs-2017-900/;2.2.0;https://nic-esp.github.io/miljotillstandsrisker/data/riskregister-items.csv;2026-09-30;R-B50-G010-02:mitigation;Håll en levande rättslägesbevakning per spår med tydliga träd- och övergångsdatum. Dokumentera vilket rättsläge varje ansökan grundas på och begär skriftlig bekräftelse från berörd myndighet vid gränsfall om övergångsregler.;Delvis inom mandat efter avgränsning;Anpassning av befintligt förslag, avgränsad till myndighetens del;Publicera daterad information om egna regler, mottagare och övergångsbestämmelser.;"Sökandens bevakning av hela tillståndspaketet; andra sektorers rättsläge.";
MPM-02__R-B50-GX020-01:trigger:01;MPM-02;Tidig kontroll av behörighet och prövningsram;S1_beslutat_uppdrag;R-B50-GX020-01;Fel behörig instans väljs för dispens eller tillstånd;B50;B50 – Tvärgående och sektorsspecifika spår;B50-GX020;Kvarstår förbud eller krävs dispens/tillstånd?;R-B50-GX020-01:trigger:01;utlösande faktor;1;Dispens- eller tillståndsansökan ges in till en myndighet som inte är behörig enligt den tillämpliga skyddsbestämmelsen.;Direkt;Pröva behörigheten för varje skyddsfråga innan ett anknutet ärende handläggs.;Kontrollera verksamhetsslag, ärendetyp, datum, tidigare tillstånd och tillämplig instansordning vid mottagning. Dokumentera bedömningen och hantera fel mottagare skyndsamt enligt tillämpliga regler.;Ingen rätt att behålla domstolsmål eller överta annan myndighets beslut utan lagstöd. Sökanden ansvarar för korrekta verksamhetsuppgifter.;"MB 19 kap. 1–2 a §§; MPD-förordningen 3 §; FL 5–6 och 20 §§";"Dagar från mottagning till upptäckt behörighetsfel; antal sena instansbyten";Mottagningskontroll, ärendehistorik och överlämnandebeslut;"Behörighetskontroll finns i S0. Nationellt samlad rutin kan minska administrativa skillnader; rättsosäkerhet kvarstår.";Löpande inom egen behörighet;Miljöprövningsmyndigheten;Projektägare/länsstyrelse/kommun;source;MB | ARTSKYDD | STRAND;Endast dispenser eller tillstånd som lagligen kan prövas i eget ärende. Ingen generell dispensbehörighet eller bindande förhandsbesked.;Minskad sannolikhet för den påverkbara delen;"Ej skattad; kräver mätning mot S0";"Samma normaliserade typårsportfölj i S0 och S1; särredovisa den andel där myndigheten har befogenhet";Kopplingsrader är inte additiva effekter. Gemensamma kostnader och överlappande kontroller ska räknas en gång.;"Beslutad organisationsinriktning och lagändringar för start 2027-07-01; detaljerad kontrollutformning är analysförslag";"Föreslagen kontroll; genomförande och effekt inte verifierade";"Käll- och strukturkontrollerad; inbyggd adversarial review ej tillgänglig";https://www.riksdagen.se/sv/dokument-och-lagar/dokument/kommittedirektiv/inrattande-av-en-ny-myndighet-for-miljoprovning_heb113/ | https://www.riksdagen.se/sv/dokument-och-lagar/dokument/svensk-forfattningssamling/miljobalk-1998808_sfs-1998-808/ | https://www.riksdagen.se/sv/dokument-och-lagar/dokument/svensk-forfattningssamling/forvaltningslag-2017900_sfs-2017-900/ | https://www.riksdagen.se/sv/dokument-och-lagar/dokument/svensk-forfattningssamling/forordning-20111237-om_sfs-2011-1237/;2.2.0;https://nic-esp.github.io/miljotillstandsrisker/data/riskregister-items.csv;2026-09-30;R-B50-GX020-01:mitigation;Kartlägg behörighet per skyddsform och åtgärd innan ansökan, och verifiera med respektive myndighet. Analysera dispensgrunden mot rätt katalogrekvisit och begär förhandsbesked i gränsfall.;Delvis inom mandat efter avgränsning;Anpassning av befintligt förslag, avgränsad till myndighetens del;Pröva egen Natura-/dispensbehörighet och tydliggöra ärendenas gränser.;"Val av projektets instansstrategi och garantier om förhandsutfall; andra skyddsformers kvarvarande beslutande organ.";Originalets begäran om förhandsbesked skapar ingen befogenhet att lämna ett bindande sådant.
MPM-02__R-B50-GX020-01:trigger:03;MPM-02;Tidig kontroll av behörighet och prövningsram;S1_beslutat_uppdrag;R-B50-GX020-01;Fel behörig instans väljs för dispens eller tillstånd;B50;B50 – Tvärgående och sektorsspecifika spår;B50-GX020;Kvarstår förbud eller krävs dispens/tillstånd?;R-B50-GX020-01:trigger:03;utlösande faktor;3;Ett kombinerat skyddsärende delas inte upp efter de olika beslutsmyndigheternas behörighet.;Direkt;Pröva behörigheten för varje skyddsfråga innan ett anknutet ärende handläggs.;Kontrollera verksamhetsslag, ärendetyp, datum, tidigare tillstånd och tillämplig instansordning vid mottagning. Dokumentera bedömningen och hantera fel mottagare skyndsamt enligt tillämpliga regler.;Ingen rätt att behålla domstolsmål eller överta annan myndighets beslut utan lagstöd. Sökanden ansvarar för korrekta verksamhetsuppgifter.;"MB 19 kap. 1–2 a §§; MPD-förordningen 3 §; FL 5–6 och 20 §§";"Dagar från mottagning till upptäckt behörighetsfel; antal sena instansbyten";Mottagningskontroll, ärendehistorik och överlämnandebeslut;"Behörighetskontroll finns i S0. Nationellt samlad rutin kan minska administrativa skillnader; rättsosäkerhet kvarstår.";Löpande inom egen behörighet;Miljöprövningsmyndigheten;Projektägare/länsstyrelse/kommun;analysis;;Endast dispenser eller tillstånd som lagligen kan prövas i eget ärende. Ingen generell dispensbehörighet eller bindande förhandsbesked.;Minskad sannolikhet för den påverkbara delen;"Ej skattad; kräver mätning mot S0";"Samma normaliserade typårsportfölj i S0 och S1; särredovisa den andel där myndigheten har befogenhet";Kopplingsrader är inte additiva effekter. Gemensamma kostnader och överlappande kontroller ska räknas en gång.;"Beslutad organisationsinriktning och lagändringar för start 2027-07-01; detaljerad kontrollutformning är analysförslag";"Föreslagen kontroll; genomförande och effekt inte verifierade";"Käll- och strukturkontrollerad; inbyggd adversarial review ej tillgänglig";https://www.riksdagen.se/sv/dokument-och-lagar/dokument/kommittedirektiv/inrattande-av-en-ny-myndighet-for-miljoprovning_heb113/ | https://www.riksdagen.se/sv/dokument-och-lagar/dokument/svensk-forfattningssamling/miljobalk-1998808_sfs-1998-808/ | https://www.riksdagen.se/sv/dokument-och-lagar/dokument/svensk-forfattningssamling/forvaltningslag-2017900_sfs-2017-900/ | https://www.riksdagen.se/sv/dokument-och-lagar/dokument/svensk-forfattningssamling/forordning-20111237-om_sfs-2011-1237/;2.2.0;https://nic-esp.github.io/miljotillstandsrisker/data/riskregister-items.csv;2026-09-30;R-B50-GX020-01:mitigation;Kartlägg behörighet per skyddsform och åtgärd innan ansökan, och verifiera med respektive myndighet. Analysera dispensgrunden mot rätt katalogrekvisit och begär förhandsbesked i gränsfall.;Delvis inom mandat efter avgränsning;Anpassning av befintligt förslag, avgränsad till myndighetens del;Pröva egen Natura-/dispensbehörighet och tydliggöra ärendenas gränser.;"Val av projektets instansstrategi och garantier om förhandsutfall; andra skyddsformers kvarvarande beslutande organ.";Originalets begäran om förhandsbesked skapar ingen befogenhet att lämna ett bindande sådant.
MPM-02__R-B60-G150-02:trigger:02;MPM-02;Tidig kontroll av behörighet och prövningsram;S1_beslutat_uppdrag;R-B60-G150-02;Obligatorisk tillåtlighetsprövning och regeringens förbehåll blandas ihop;B60;B60 – Ansökan, beslut och överprövning;B60-G150;Krävs regeringens tillåtlighetsprövning?;R-B60-G150-02:trigger:02;utlösande faktor;2;Projektet blandar samman obligatorisk tillåtlighetsprövning med regeringens möjlighet att förbehålla sig ett enskilt ärende.;Indirekt via korrekt rättslig avgränsning;Kontroll av rätt prövningsväg skiljer obligatorisk tillåtlighetsprövning från regeringens förbehåll och identifierar egen underrättelseskyldighet.;Kontrollera verksamhetsslag, ärendetyp, datum, tidigare tillstånd och tillämplig instansordning vid mottagning. Dokumentera bedömningen och hantera fel mottagare skyndsamt enligt tillämpliga regler.;Ingen rätt att behålla domstolsmål eller överta annan myndighets beslut utan lagstöd. Sökanden ansvarar för korrekta verksamhetsuppgifter.;"MB 19 kap. 1–2 a §§; MPD-förordningen 3 §; FL 5–6 och 20 §§";"Dagar från mottagning till upptäckt behörighetsfel; antal sena instansbyten";Mottagningskontroll, ärendehistorik och överlämnandebeslut;"Behörighetskontroll finns i S0. Nationellt samlad rutin kan minska administrativa skillnader; rättsosäkerhet kvarstår.";Löpande inom egen behörighet;Miljöprövningsmyndigheten;Första instans/regering;analysis;;Endast egen prövningsram och eventuell egen underrättelse. Regeringens beslut och handläggningstid kan inte styras.;Minskad sannolikhet för den påverkbara delen;"Ej skattad; kräver mätning mot S0";"Samma normaliserade typårsportfölj i S0 och S1; särredovisa den andel där myndigheten har befogenhet";Kopplingsrader är inte additiva effekter. Gemensamma kostnader och överlappande kontroller ska räknas en gång.;"Beslutad organisationsinriktning och lagändringar för start 2027-07-01; detaljerad kontrollutformning är analysförslag";"Föreslagen kontroll; genomförande och effekt inte verifierade";"Käll- och strukturkontrollerad; inbyggd adversarial review ej tillgänglig";https://www.riksdagen.se/sv/dokument-och-lagar/dokument/kommittedirektiv/inrattande-av-en-ny-myndighet-for-miljoprovning_heb113/ | https://www.riksdagen.se/sv/dokument-och-lagar/dokument/svensk-forfattningssamling/miljobalk-1998808_sfs-1998-808/ | https://www.riksdagen.se/sv/dokument-och-lagar/dokument/svensk-forfattningssamling/forvaltningslag-2017900_sfs-2017-900/ | https://www.riksdagen.se/sv/dokument-och-lagar/dokument/svensk-forfattningssamling/forordning-20111237-om_sfs-2011-1237/;2.2.0;https://nic-esp.github.io/miljotillstandsrisker/data/riskregister-items.csv;2026-09-30;R-B60-G150-02:mitigation;Gör en separat analys av 17 kap. 1, 3 och 4 a §§ MB. Dokumentera vilken kategori som är aktuell och säkerställ att prövningsmyndigheten eller kommunen fullgör eventuell underrättelse enligt 17 kap. 5 § MB och 26 § MBD.;Delvis inom mandat efter avgränsning;Anpassning av befintligt förslag, avgränsad till myndighetens del;Identifiera egen prövningsram och eventuell underrättelseskyldighet vid regeringsprövning.;Regeringens förbehåll, tillåtlighetsutfall och beslutstid samt sökandens politiska kontakter.;
MPM-13__R-B60-G290-02:trigger:04;MPM-13;Kontrollerad kungörelse, delgivning och överklagandeinformation;S1_beslutat_uppdrag;R-B60-G290-02;Splittrat slutläge: delar slutgiltiga, delar återförvisade;B60;B60 – Ansökan, beslut och överprövning;B60-G290;Återförvisas eller avslutas överprövningen?;R-B60-G290-02:trigger:04;utlösande faktor;4;Beslutssystemet registrerar hela avgörandet som antingen slutligt eller öppet trots ett partiellt utfall.;Indirekt via information;Registrera och förklara delvis slutligt respektive återförvisat utfall i det egna ärendets statusbesked.;Verifiera mottagarkrets och kontaktuppgifter, publiceringssätt, delgivningsbevis och rätt instans och frist. Skilj tydligt mellan laga kraft, verkställbarhet och inhibition.;"Avser egna avgöranden. Tar inte bort talerätt eller överklaganden; godkänner inte projektets samlade byggberedskap.";"MB 19 kap. 4–5 §§; FL 33 och 44–46 §§; tillämpliga delgivnings- och fristregler";"Delgivnings- och hänvisningsfel per 100 beslut; rättelser av felaktig statusinformation";Publiceringsbevis, delgivningslogg, expedieringskontroll och överklagandehänvisning;Skyldigheterna finns i S0. Mät enbart minskning av påverkbara fel och följdomtag.;Löpande inom egen behörighet;Miljöprövningsmyndigheten;Överinstans;analysis;;Endast korrekt återgivning av överinstansens avgörande i egen akt. Beskedet skapar inte laga kraft och ersätter inte sökandens samlade startkontroll.;Minskad sannolikhet för den påverkbara delen;"Ej skattad; kräver mätning mot S0";"Samma normaliserade typårsportfölj i S0 och S1; särredovisa den andel där myndigheten har befogenhet";Kopplingsrader är inte additiva effekter. Gemensamma kostnader och överlappande kontroller ska räknas en gång.;"Beslutad organisationsinriktning och lagändringar för start 2027-07-01; detaljerad kontrollutformning är analysförslag";"Föreslagen kontroll; genomförande och effekt inte verifierade";"Käll- och strukturkontrollerad; inbyggd adversarial review ej tillgänglig";https://www.riksdagen.se/sv/dokument-och-lagar/dokument/kommittedirektiv/inrattande-av-en-ny-myndighet-for-miljoprovning_heb113/ | https://www.riksdagen.se/sv/dokument-och-lagar/dokument/svensk-forfattningssamling/miljobalk-1998808_sfs-1998-808/ | https://www.riksdagen.se/sv/dokument-och-lagar/dokument/svensk-forfattningssamling/forvaltningslag-2017900_sfs-2017-900/;2.2.0;https://nic-esp.github.io/miljotillstandsrisker/data/riskregister-items.csv;2026-09-30;R-B60-G290-02:mitigation;"Dokumentera finalitetsstatus per villkor och per delområde i beslutsloggen; verifiera mot B70 att varje byggdel faktiskt vilar på lagakraftvunnet beslut; begär förtydligande från instansen om avgörandets räckvidd är otydlig.";Delvis inom mandat efter avgränsning;Anpassning av befintligt förslag, avgränsad till myndighetens del;Kontrollera egen hänvisning, delgivning, datum och uppgift om helt eller delvis slutligt utfall.;Sökandens fullständiga finalitetsbevakning, finansiering och byggstartsbeslut. Upplysningar skapar inte rättskraft.;
MPM-01__R-B70-150-01:trigger:01;MPM-01;Dokumenterad och avgränsad processvägledning;S1_beslutat_uppdrag;R-B70-150-01;Restpunkten visar sig vara materiell och kräver ny prövning i stället för komplettering;B70;B70 – Laga kraft och byggberedskap;B70-150;Avhjälp praktisk tillståndsrelaterad restpunkt;R-B70-150-01:trigger:01;utlösande faktor;1;Ett saknat godkännande har felaktigt klassificerats som administrativt trots att myndigheten måste göra en ny materiell bedömning.;Indirekt via information;Tidig saklig information om hanteringsvägen kan fånga att ett eget godkännande kräver materiell prövning.;Ge skriftlig service om mottagare, underlagskrav och förfarandet. Ange datum, faktiska förutsättningar och om svaret är information eller ett formellt beslut. Hänvisa frågor utanför behörigheten till rätt instans.;Utformar inte sökandens ansökan, lokaliseringsval eller tillståndsstrategi. Lämnar inte bindande förhandsbesked utan särskilt lagstöd.;"FL 5–8 och 27 §§; MB 2 kap. 1 §";"Andel relevanta servicekontakter dokumenterade; felaktiga inlämningar per 100 kontakter";Serviceärenden, dokumenterade svar och uppföljda felinlämningar;Service finns i S0. Mät endast mer enhetliga och spårbara besked inom samma ärendetyper.;Vid servicekontakt före eller under ärende;Miljöprövningsmyndigheten;Projektägare;analysis;;Endast eget behörighetsområde. Ingen garanti att restpunkten kan avhjälpas administrativt och inget projektledaransvar.;Minskad sannolikhet för den påverkbara delen;"Ej skattad; kräver mätning mot S0";"Samma normaliserade typårsportfölj i S0 och S1; särredovisa den andel där myndigheten har befogenhet";Kopplingsrader är inte additiva effekter. Gemensamma kostnader och överlappande kontroller ska räknas en gång.;"Beslutad organisationsinriktning och lagändringar för start 2027-07-01; detaljerad kontrollutformning är analysförslag";"Föreslagen kontroll; genomförande och effekt inte verifierade";"Käll- och strukturkontrollerad; inbyggd adversarial review ej tillgänglig";https://www.riksdagen.se/sv/dokument-och-lagar/dokument/kommittedirektiv/inrattande-av-en-ny-myndighet-for-miljoprovning_heb113/ | https://www.riksdagen.se/sv/dokument-och-lagar/dokument/svensk-forfattningssamling/miljobalk-1998808_sfs-1998-808/ | https://www.riksdagen.se/sv/dokument-och-lagar/dokument/svensk-forfattningssamling/forvaltningslag-2017900_sfs-2017-900/;2.2.0;https://nic-esp.github.io/miljotillstandsrisker/data/riskregister-items.csv;2026-09-30;R-B70-150-01:mitigation;Triagea varje restpunkt med juridisk sakkunskap direkt vid upptäckt: avhjälps inom befintligt beslut eller kräver nytt beslut? Kontakta berörd myndighet tidigt för att klarlägga hanteringsvägen innan arbete läggs på en komplettering som visar vara otillräcklig.;Delvis inom mandat efter avgränsning;Anpassning av befintligt förslag, avgränsad till myndighetens del;Klargöra processvägen när en restfråga inom egen behörighet kräver materiell prövning.;Sökandens tekniska och juridiska omprojektering samt projektets samlade startbeslut.;
